TMU ID, Legacy TMU ID, Site Name
C6E971CACF64789BE0433CC411ACCCEA,30014331,TMU Site 9329/1 on A174 eastbound between A19 and A1044; GPS Ref: 447235;515054; Eastbound

Local Date, Local Time, Day Type ID, Total Carriageway Flow, Total Flow vehicles less than 5.2m, Total Flow vehicles 5.21m - 6.6m, Total Flow vehicles 6.61m - 11.6m, Total Flow vehicles above 11.6m, Speed Value, Quality Index, Network Link Id, NTIS Model Version
2026-03-01,00:14:00,6,70,68,1,0,1,99.37,15,118021802,23
2026-03-01,00:29:00,6,66,61,4,0,1,104.33,15,118021802,23
2026-03-01,00:44:00,6,57,52,3,2,0,104.69,15,118021802,23
2026-03-01,00:59:00,6,47,40,2,3,2,95.52,15,118021802,23
2026-03-01,01:14:00,6,44,43,1,0,0,101.09,15,118021802,23
2026-03-01,01:29:00,6,37,35,1,1,0,100.13,15,118021802,23
2026-03-01,01:44:00,6,39,38,0,0,1,102.69,15,118021802,23
2026-03-01,01:59:00,6,22,20,1,0,1,101.43,15,118021802,23
2026-03-01,02:14:00,6,18,17,0,1,0,98.25,15,118021802,23
2026-03-01,02:29:00,6,36,30,3,2,1,95.06,15,118021802,23
2026-03-01,02:44:00,6,25,23,0,0,2,97.79,15,118021802,23
2026-03-01,02:59:00,6,29,27,1,0,1,99.30,15,118021802,23
2026-03-01,03:14:00,6,27,26,1,0,0,102.64,15,118021802,23
2026-03-01,03:29:00,6,22,21,1,0,0,100.64,15,118021802,23
2026-03-01,03:44:00,6,18,17,0,0,1,96.40,15,118021802,23
2026-03-01,03:59:00,6,19,18,1,0,0,103.94,15,118021802,23
2026-03-01,04:14:00,6,23,21,1,0,1,94.54,15,118021802,23
2026-03-01,04:29:00,6,20,18,0,0,2,95.16,15,118021802,23
2026-03-01,04:44:00,6,19,17,1,1,0,94.92,15,118021802,23
2026-03-01,04:59:00,6,14,13,0,0,1,100.00,15,118021802,23
2026-03-01,05:14:00,6,33,31,0,1,1,101.87,15,118021802,23
2026-03-01,05:29:00,6,23,21,1,0,1,100.51,15,118021802,23
2026-03-01,05:44:00,6,65,60,2,1,2,100.77,15,118021802,23
2026-03-01,05:59:00,6,42,37,2,1,2,101.36,15,118021802,23
2026-03-01,06:14:00,6,55,53,0,1,1,100.63,15,118021802,23
2026-03-01,06:29:00,6,51,48,3,0,0,102.28,15,118021802,23
2026-03-01,06:44:00,6,92,84,3,3,2,102.13,15,118021802,23
2026-03-01,06:59:00,6,91,84,3,2,2,105.85,15,118021802,23
2026-03-01,07:14:00,6,77,69,3,0,5,100.70,15,118021802,23
2026-03-01,07:29:00,6,90,79,6,3,2,101.43,15,118021802,23
2026-03-01,07:44:00,6,128,116,6,4,2,101.63,15,118021802,23
2026-03-01,07:59:00,6,110,103,3,3,1,100.02,15,118021802,23
2026-03-01,08:14:00,6,139,130,7,2,0,102.81,15,118021802,23
2026-03-01,08:29:00,6,190,181,7,1,1,103.33,15,118021802,23
2026-03-01,08:44:00,6,230,216,7,2,5,99.94,15,118021802,23
2026-03-01,08:59:00,6,316,286,16,10,4,97.66,15,118021802,23
2026-03-01,09:14:00,6,345,313,11,9,12,101.52,15,118021802,23
2026-03-01,09:29:00,6,372,352,14,3,3,97.11,15,118021802,23
2026-03-01,09:44:00,6,429,414,8,5,2,98.88,15,118021802,23
2026-03-01,09:59:00,6,541,509,23,5,4,96.23,15,118021802,23
2026-03-01,10:14:00,6,503,483,11,4,5,95.60,15,118021802,23
2026-03-01,10:29:00,6,467,453,8,3,3,98.87,15,118021802,23
2026-03-01,10:44:00,6,506,493,11,2,0,96.67,15,118021802,23
2026-03-01,10:59:00,6,523,499,18,5,1,97.77,15,118021802,23
2026-03-01,11:14:00,6,581,553,21,6,1,99.21,15,118021802,23
2026-03-01,11:29:00,6,646,613,22,7,4,96.42,15,118021802,23
2026-03-01,11:44:00,6,626,594,23,5,4,96.64,15,118021802,23
2026-03-01,11:59:00,6,650,626,14,9,1,98.60,15,118021802,23
2026-03-01,12:14:00,6,719,693,19,5,2,96.54,15,118021802,23
2026-03-01,12:29:00,6,646,624,15,4,3,98.59,15,118021802,23
2026-03-01,12:44:00,6,606,587,15,3,1,100.17,15,118021802,23
2026-03-01,12:59:00,6,672,652,16,2,2,97.66,15,118021802,23
2026-03-01,13:14:00,6,668,651,12,2,3,99.45,15,118021802,23
2026-03-01,13:29:00,6,642,617,22,2,1,99.34,15,118021802,23
2026-03-01,13:44:00,6,625,601,20,1,3,97.85,15,118021802,23
2026-03-01,13:59:00,6,583,563,13,7,0,100.15,15,118021802,23
2026-03-01,14:14:00,6,551,530,12,7,2,98.24,15,118021802,23
2026-03-01,14:29:00,6,560,544,12,3,1,99.83,15,118021802,23
2026-03-01,14:44:00,6,543,516,19,4,4,98.77,15,118021802,23
2026-03-01,14:59:00,6,516,494,17,4,1,100.83,15,118021802,23
2026-03-01,15:14:00,6,546,525,13,2,6,101.73,15,118021802,23
2026-03-01,15:29:00,6,566,546,14,4,2,99.47,15,118021802,23
2026-03-01,15:44:00,6,485,467,15,3,0,106.17,15,118021802,23
2026-03-01,15:59:00,6,576,553,13,7,3,99.20,15,118021802,23
2026-03-01,16:14:00,6,566,549,12,3,2,100.93,15,118021802,23
2026-03-01,16:29:00,6,527,505,15,7,0,100.79,15,118021802,23
2026-03-01,16:44:00,6,496,470,21,3,2,101.53,15,118021802,23
2026-03-01,16:59:00,6,461,447,11,2,1,100.31,15,118021802,23
2026-03-01,17:14:00,6,432,419,11,1,1,100.85,15,118021802,23
2026-03-01,17:29:00,6,369,361,7,1,0,103.89,15,118021802,23
2026-03-01,17:44:00,6,393,380,7,4,2,101.32,15,118021802,23
2026-03-01,17:59:00,6,340,318,12,3,7,102.49,15,118021802,23
2026-03-01,18:14:00,6,332,321,8,1,2,99.46,15,118021802,23
2026-03-01,18:29:00,6,334,322,12,0,0,100.05,15,118021802,23
2026-03-01,18:44:00,6,322,310,10,1,1,102.26,15,118021802,23
2026-03-01,18:59:00,6,294,283,7,1,3,97.77,15,118021802,23
2026-03-01,19:14:00,6,268,258,5,1,4,100.89,15,118021802,23
2026-03-01,19:29:00,6,247,237,8,1,1,98.97,15,118021802,23
2026-03-01,19:44:00,6,228,221,2,3,2,100.58,15,118021802,23
2026-03-01,19:59:00,6,214,202,6,3,3,101.12,15,118021802,23
2026-03-01,20:14:00,6,226,217,7,2,0,102.06,15,118021802,23
2026-03-01,20:29:00,6,169,160,4,1,4,101.54,15,118021802,23
2026-03-01,20:44:00,6,180,174,3,1,2,103.53,15,118021802,23
2026-03-01,20:59:00,6,158,152,6,0,0,103.94,15,118021802,23
2026-03-01,21:14:00,6,140,136,3,1,0,100.55,15,118021802,23
2026-03-01,21:29:00,6,153,147,3,1,2,100.88,15,118021802,23
2026-03-01,21:44:00,6,110,105,4,0,1,98.27,15,118021802,23
2026-03-01,21:59:00,6,99,91,3,3,2,103.20,15,118021802,23
2026-03-01,22:14:00,6,118,115,3,0,0,101.13,15,118021802,23
2026-03-01,22:29:00,6,91,89,1,0,1,102.40,15,118021802,23
2026-03-01,22:44:00,6,103,100,3,0,0,102.27,15,118021802,23
2026-03-01,22:59:00,6,108,102,3,1,2,101.61,15,118021802,23
2026-03-01,23:14:00,6,57,56,1,0,0,101.87,15,118021802,23
2026-03-01,23:29:00,6,62,60,1,0,1,104.81,15,118021802,23
2026-03-01,23:44:00,6,45,42,1,0,2,103.55,15,118021802,23
2026-03-01,23:59:00,6,37,35,2,0,0,98.34,15,118021802,23
2026-03-02,00:14:00,0,27,25,1,0,1,103.11,15,118021802,23
2026-03-02,00:29:00,0,41,38,1,0,2,105.97,15,118021802,23
2026-03-02,00:44:00,0,16,12,1,0,3,103.15,15,118021802,23
2026-03-02,00:59:00,0,17,14,0,0,3,92.38,15,118021802,23
2026-03-02,01:14:00,0,23,17,1,1,4,100.54,15,118021802,23
2026-03-02,01:29:00,0,13,9,3,1,0,103.08,15,118021802,23
2026-03-02,01:44:00,0,14,13,1,0,0,103.25,15,118021802,23
2026-03-02,01:59:00,0,9,7,0,1,1,90.03,15,118021802,23
2026-03-02,02:14:00,0,12,9,0,1,2,98.07,15,118021802,23
2026-03-02,02:29:00,0,7,6,0,0,1,91.23,15,118021802,23
2026-03-02,02:44:00,0,9,8,0,0,1,93.14,15,118021802,23
2026-03-02,02:59:00,0,10,8,1,1,0,103.47,15,118021802,23
2026-03-02,03:14:00,0,7,5,1,0,1,98.13,15,118021802,23
2026-03-02,03:29:00,0,14,12,0,1,1,98.92,15,118021802,23
2026-03-02,03:44:00,0,12,10,2,0,0,106.47,15,118021802,23
2026-03-02,03:59:00,0,11,7,0,3,1,92.73,15,118021802,23
2026-03-02,04:14:00,0,15,12,1,2,0,95.87,15,118021802,23
2026-03-02,04:29:00,0,19,16,0,1,2,97.33,15,118021802,23
2026-03-02,04:44:00,0,30,25,2,0,3,98.30,15,118021802,23
2026-03-02,04:59:00,0,37,29,2,3,3,97.52,15,118021802,23
2026-03-02,05:14:00,0,38,29,1,7,1,93.02,15,118021802,23
2026-03-02,05:29:00,0,58,41,6,2,9,98.35,15,118021802,23
2026-03-02,05:44:00,0,76,62,5,3,6,100.27,15,118021802,23
2026-03-02,05:59:00,0,97,77,8,4,8,98.88,15,118021802,23
2026-03-02,06:14:00,0,153,129,5,10,9,99.44,15,118021802,23
2026-03-02,06:29:00,0,177,140,11,10,16,101.54,15,118021802,23
2026-03-02,06:44:00,0,281,229,26,13,13,102.33,15,118021802,23
2026-03-02,06:59:00,0,340,288,23,12,17,98.56,15,118021802,23
2026-03-02,07:14:00,0,444,387,37,7,13,96.29,15,118021802,23
2026-03-02,07:29:00,0,600,526,45,17,12,97.56,15,118021802,23
2026-03-02,07:44:00,0,716,635,48,22,11,94.48,15,118021802,23
2026-03-02,07:59:00,0,666,594,44,18,10,95.86,15,118021802,23
2026-03-02,08:14:00,0,686,574,69,24,19,91.64,15,118021802,23
2026-03-02,08:29:00,0,650,543,62,32,13,91.41,15,118021802,23
2026-03-02,08:44:00,0,734,615,72,31,16,94.42,15,118021802,23
2026-03-02,08:59:00,0,676,557,70,33,16,95.43,15,118021802,23
2026-03-02,09:14:00,0,568,473,52,25,18,95.20,15,118021802,23
2026-03-02,09:29:00,0,494,405,42,27,20,92.42,15,118021802,23
2026-03-02,09:44:00,0,441,375,31,25,10,94.43,15,118021802,23
2026-03-02,09:59:00,0,483,399,46,22,16,92.89,15,118021802,23
2026-03-02,10:14:00,0,456,387,37,23,9,98.48,15,118021802,23
2026-03-02,10:29:00,0,436,376,28,20,12,95.50,15,118021802,23
2026-03-02,10:44:00,0,458,393,36,20,9,95.72,15,118021802,23
2026-03-02,10:59:00,0,465,398,32,22,13,96.23,15,118021802,23
2026-03-02,11:14:00,0,416,361,38,9,8,94.77,15,118021802,23
2026-03-02,11:29:00,0,496,418,40,21,17,94.44,15,118021802,23
2026-03-02,11:44:00,0,485,414,34,19,18,94.94,15,118021802,23
2026-03-02,11:59:00,0,489,439,28,17,5,97.97,15,118021802,23
2026-03-02,12:14:00,0,513,458,27,16,12,97.03,15,118021802,23
2026-03-02,12:29:00,0,504,452,24,14,14,96.82,15,118021802,23
2026-03-02,12:44:00,0,465,411,26,15,13,95.68,15,118021802,23
2026-03-02,12:59:00,0,517,473,17,9,18,95.31,15,118021802,23
2026-03-02,13:14:00,0,482,423,37,8,14,96.69,15,118021802,23
2026-03-02,13:29:00,0,519,465,34,6,14,95.94,15,118021802,23
2026-03-02,13:44:00,0,523,457,37,15,14,95.71,15,118021802,23
2026-03-02,13:59:00,0,575,516,41,9,9,97.09,15,118021802,23
2026-03-02,14:14:00,0,501,447,32,8,14,97.96,15,118021802,23
2026-03-02,14:29:00,0,621,550,41,14,16,95.21,15,118021802,23
2026-03-02,14:44:00,0,631,569,32,10,20,92.33,15,118021802,23
2026-03-02,14:59:00,0,641,578,40,8,15,94.72,15,118021802,23
2026-03-02,15:14:00,0,648,588,34,17,9,95.02,15,118021802,23
2026-03-02,15:29:00,0,698,625,48,8,17,96.98,15,118021802,23
2026-03-02,15:44:00,0,701,622,52,12,15,96.29,15,118021802,23
2026-03-02,15:59:00,0,710,638,44,15,13,95.54,15,118021802,23
2026-03-02,16:14:00,0,884,806,56,6,16,93.63,15,118021802,23
2026-03-02,16:29:00,0,961,876,68,7,10,94.28,15,118021802,23
2026-03-02,16:44:00,0,1092,1007,68,6,11,91.12,15,118021802,23
2026-03-02,16:59:00,0,1004,938,52,4,10,94.32,15,118021802,23
2026-03-02,17:14:00,0,1045,994,35,9,7,92.27,15,118021802,23
2026-03-02,17:29:00,0,971,922,38,7,4,95.31,15,118021802,23
2026-03-02,17:44:00,0,843,806,29,4,4,94.31,15,118021802,23
2026-03-02,17:59:00,0,696,662,18,6,10,97.17,15,118021802,23
2026-03-02,18:14:00,0,646,611,25,5,5,94.87,15,118021802,23
2026-03-02,18:29:00,0,537,506,24,3,4,96.92,15,118021802,23
2026-03-02,18:44:00,0,513,487,19,3,4,98.28,15,118021802,23
2026-03-02,18:59:00,0,446,429,12,1,4,98.10,15,118021802,23
2026-03-02,19:14:00,0,420,402,12,2,4,98.47,15,118021802,23
2026-03-02,19:29:00,0,414,395,11,4,4,99.57,15,118021802,23
2026-03-02,19:44:00,0,344,327,11,2,4,101.07,15,118021802,23
2026-03-02,19:59:00,0,281,260,13,7,1,97.32,15,118021802,23
2026-03-02,20:14:00,0,294,277,10,3,4,100.23,15,118021802,23
2026-03-02,20:29:00,0,226,210,10,2,4,101.93,15,118021802,23
2026-03-02,20:44:00,0,220,212,3,3,2,100.14,15,118021802,23
2026-03-02,20:59:00,0,189,179,3,3,4,103.03,15,118021802,23
2026-03-02,21:14:00,0,194,188,2,3,1,100.80,15,118021802,23
2026-03-02,21:29:00,0,174,164,3,4,3,102.58,15,118021802,23
2026-03-02,21:44:00,0,148,136,6,3,3,101.80,15,118021802,23
2026-03-02,21:59:00,0,115,109,3,1,2,98.21,15,118021802,23
2026-03-02,22:14:00,0,157,146,5,2,4,101.45,15,118021802,23
2026-03-02,22:29:00,0,144,131,6,1,6,101.25,15,118021802,23
2026-03-02,22:44:00,0,98,92,3,0,3,102.08,15,118021802,23
2026-03-02,22:59:00,0,57,54,1,1,1,102.38,15,118021802,23
2026-03-02,23:14:00,0,77,69,3,4,1,103.61,15,118021802,23
2026-03-02,23:29:00,0,41,38,1,1,1,102.86,15,118021802,23
2026-03-02,23:44:00,0,43,39,2,2,0,103.19,15,118021802,23
2026-03-02,23:59:00,0,38,35,0,1,2,101.09,15,118021802,23
2026-03-03,00:14:00,1,35,27,2,0,6,100.50,15,118021802,23
2026-03-03,00:29:00,1,27,23,2,1,1,105.43,15,118021802,23
2026-03-03,00:44:00,1,27,23,1,0,3,101.47,15,118021802,23
2026-03-03,00:59:00,1,24,17,2,1,4,99.62,15,118021802,23
2026-03-03,01:14:00,1,16,14,1,0,1,102.76,15,118021802,23
2026-03-03,01:29:00,1,19,15,1,0,3,96.58,15,118021802,23
2026-03-03,01:44:00,1,37,33,2,1,1,108.11,15,118021802,23
2026-03-03,01:59:00,1,26,19,1,1,5,99.26,15,118021802,23
2026-03-03,02:14:00,1,18,16,0,0,2,105.77,15,118021802,23
2026-03-03,02:29:00,1,14,11,0,0,3,89.39,15,118021802,23
2026-03-03,02:44:00,1,14,8,0,1,5,102.88,15,118021802,23
2026-03-03,02:59:00,1,16,13,1,0,2,99.44,15,118021802,23
2026-03-03,03:14:00,1,11,8,1,0,2,98.17,15,118021802,23
2026-03-03,03:29:00,1,11,7,1,1,2,95.40,15,118021802,23
2026-03-03,03:44:00,1,15,13,0,0,2,95.03,15,118021802,23
2026-03-03,03:59:00,1,11,5,2,1,3,85.55,15,118021802,23
2026-03-03,04:14:00,1,12,9,1,2,0,93.38,15,118021802,23
2026-03-03,04:29:00,1,18,10,2,3,3,92.61,15,118021802,23
2026-03-03,04:44:00,1,24,17,2,1,4,99.68,15,118021802,23
2026-03-03,04:59:00,1,25,18,2,3,2,98.90,15,118021802,23
2026-03-03,05:14:00,1,46,38,2,2,4,101.60,15,118021802,23
2026-03-03,05:29:00,1,72,56,2,11,3,93.78,15,118021802,23
2026-03-03,05:44:00,1,84,64,6,4,10,98.65,15,118021802,23
2026-03-03,05:59:00,1,122,90,8,11,13,96.60,15,118021802,23
2026-03-03,06:14:00,1,130,105,7,10,8,98.52,15,118021802,23
2026-03-03,06:29:00,1,203,172,11,4,16,101.80,15,118021802,23
2026-03-03,06:44:00,1,311,254,28,15,14,100.05,15,118021802,23
2026-03-03,06:59:00,1,401,335,24,24,18,98.79,15,118021802,23
2026-03-03,07:14:00,1,514,445,32,22,15,100.54,15,118021802,23
2026-03-03,07:29:00,1,610,527,47,19,17,96.92,15,118021802,23
2026-03-03,07:44:00,1,709,628,50,19,12,93.52,15,118021802,23
2026-03-03,07:59:00,1,670,600,38,19,13,93.02,15,118021802,23
2026-03-03,08:14:00,1,628,542,51,24,11,94.04,15,118021802,23
2026-03-03,08:29:00,1,646,565,49,17,15,94.90,15,118021802,23
2026-03-03,08:44:00,1,656,557,65,25,9,93.57,15,118021802,23
2026-03-03,08:59:00,1,608,491,63,42,12,92.70,15,118021802,23
2026-03-03,09:14:00,1,548,452,55,24,17,92.70,15,118021802,23
2026-03-03,09:29:00,1,498,430,38,22,8,95.51,15,118021802,23
2026-03-03,09:44:00,1,503,431,34,24,14,93.75,15,118021802,23
2026-03-03,09:59:00,1,483,422,34,13,14,94.75,15,118021802,23
2026-03-03,10:14:00,1,463,400,32,16,15,95.84,15,118021802,23
2026-03-03,10:29:00,1,438,374,31,20,13,95.54,15,118021802,23
2026-03-03,10:44:00,1,474,410,31,19,14,95.07,15,118021802,23
2026-03-03,10:59:00,1,500,431,37,23,9,95.74,15,118021802,23
2026-03-03,11:14:00,1,488,425,37,18,8,100.44,15,118021802,23
2026-03-03,11:29:00,1,466,403,34,15,14,97.39,15,118021802,23
2026-03-03,11:44:00,1,484,423,29,20,12,95.25,15,118021802,23
2026-03-03,11:59:00,1,485,404,50,13,18,93.49,15,118021802,23
2026-03-03,12:14:00,1,537,470,41,12,14,95.22,15,118021802,23
2026-03-03,12:29:00,1,532,472,28,17,15,94.90,15,118021802,23
2026-03-03,12:44:00,1,542,481,30,18,13,94.07,15,118021802,23
2026-03-03,12:59:00,1,503,456,18,14,15,96.74,15,118021802,23
2026-03-03,13:14:00,1,514,440,40,21,13,97.02,15,118021802,23
2026-03-03,13:29:00,1,551,496,29,13,13,96.22,15,118021802,23
2026-03-03,13:44:00,1,510,453,29,16,12,96.19,15,118021802,23
2026-03-03,13:59:00,1,496,437,38,5,16,96.85,15,118021802,23
2026-03-03,14:14:00,1,518,459,30,8,21,96.50,15,118021802,23
2026-03-03,14:29:00,1,624,554,44,10,16,99.93,15,118021802,23
2026-03-03,14:44:00,1,629,553,47,14,15,94.86,15,118021802,23
2026-03-03,14:59:00,1,626,557,39,13,17,95.43,15,118021802,23
2026-03-03,15:14:00,1,646,579,44,8,15,96.72,15,118021802,23
2026-03-03,15:29:00,1,685,627,36,9,13,97.01,15,118021802,23
2026-03-03,15:44:00,1,762,677,59,12,14,96.16,15,118021802,23
2026-03-03,15:59:00,1,806,731,57,7,11,95.15,15,118021802,23
2026-03-03,16:14:00,1,906,818,64,6,18,93.73,15,118021802,23
2026-03-03,16:29:00,1,956,896,51,5,4,94.97,15,118021802,23
2026-03-03,16:44:00,1,1043,959,64,15,5,91.71,15,118021802,23
2026-03-03,16:59:00,1,1030,955,53,9,13,90.73,15,118021802,23
2026-03-03,17:14:00,1,1006,957,35,5,9,95.01,15,118021802,23
2026-03-03,17:29:00,1,1003,949,40,4,10,91.68,15,118021802,23
2026-03-03,17:44:00,1,1014,952,49,8,5,93.30,15,118021802,23
2026-03-03,17:59:00,1,855,806,29,11,9,93.98,15,118021802,23
2026-03-03,18:14:00,1,735,700,22,5,8,95.03,15,118021802,23
2026-03-03,18:29:00,1,632,588,28,5,11,94.91,15,118021802,23
2026-03-03,18:44:00,1,543,513,25,1,4,97.10,15,118021802,23
2026-03-03,18:59:00,1,495,475,16,1,3,97.13,15,118021802,23
2026-03-03,19:14:00,1,468,450,14,1,3,97.29,15,118021802,23
2026-03-03,19:29:00,1,393,371,11,7,4,97.43,15,118021802,23
2026-03-03,19:44:00,1,360,344,12,3,1,96.43,15,118021802,23
2026-03-03,19:59:00,1,313,298,9,1,5,98.51,15,118021802,23
2026-03-03,20:14:00,1,350,331,8,4,7,100.55,15,118021802,23
2026-03-03,20:29:00,1,282,275,7,0,0,100.30,15,118021802,23
2026-03-03,20:44:00,1,241,229,5,4,3,98.39,15,118021802,23
2026-03-03,20:59:00,1,220,207,5,2,5,100.20,14,118021802,23
2026-03-03,21:14:00,1,227,218,5,2,2,101.39,15,118021802,23
2026-03-03,21:29:00,1,192,178,9,3,2,99.28,15,118021802,23
2026-03-03,21:44:00,1,155,149,4,1,1,102.58,15,118021802,23
2026-03-03,21:59:00,1,148,143,1,3,1,99.08,15,118021802,23
2026-03-03,22:14:00,1,174,167,6,1,0,104.54,15,118021802,23
2026-03-03,22:29:00,1,135,129,3,0,3,103.37,15,118021802,23
2026-03-03,22:44:00,1,148,138,7,1,2,103.40,15,118021802,23
2026-03-03,22:59:00,1,90,87,1,0,2,102.09,15,118021802,23
2026-03-03,23:14:00,1,77,71,3,3,0,101.18,15,118021802,23
2026-03-03,23:29:00,1,100,96,1,1,2,100.87,15,118021802,23
2026-03-03,23:44:00,1,59,56,1,1,1,103.41,15,118021802,23
2026-03-03,23:59:00,1,54,50,0,2,2,103.32,15,118021802,23
2026-03-04,00:14:00,2,47,43,1,2,1,98.36,15,118021802,23
2026-03-04,00:29:00,2,37,32,1,2,2,103.97,15,118021802,23
2026-03-04,00:44:00,2,29,26,3,0,0,100.97,15,118021802,23
2026-03-04,00:59:00,2,33,22,1,2,8,91.91,15,118021802,23
2026-03-04,01:14:00,2,12,10,0,1,1,90.92,15,118021802,23
2026-03-04,01:29:00,2,16,11,0,1,4,95.84,15,118021802,23
2026-03-04,01:44:00,2,15,10,1,1,3,89.80,15,118021802,23
2026-03-04,01:59:00,2,15,12,0,0,3,96.13,15,118021802,23
2026-03-04,02:14:00,2,21,17,2,1,1,97.90,15,118021802,23
2026-03-04,02:29:00,2,22,21,1,0,0,100.14,15,118021802,23
2026-03-04,02:44:00,2,11,7,1,0,3,93.53,15,118021802,23
2026-03-04,02:59:00,2,13,8,0,1,4,86.38,15,118021802,23
2026-03-04,03:14:00,2,8,4,1,3,0,97.57,15,118021802,23
2026-03-04,03:29:00,2,15,10,0,2,3,93.52,15,118021802,23
2026-03-04,03:44:00,2,16,12,0,1,3,88.15,15,118021802,23
2026-03-04,03:59:00,2,10,7,1,1,1,100.09,15,118021802,23
2026-03-04,04:14:00,2,22,20,1,0,1,94.23,15,118021802,23
2026-03-04,04:29:00,2,23,13,0,2,8,83.38,15,118021802,23
2026-03-04,04:44:00,2,23,20,0,3,0,104.57,15,118021802,23
2026-03-04,04:59:00,2,24,17,2,1,4,96.17,15,118021802,23
2026-03-04,05:14:00,2,41,33,0,3,5,96.69,15,118021802,23
2026-03-04,05:29:00,2,60,49,1,4,6,97.18,15,118021802,23
2026-03-04,05:44:00,2,82,57,5,7,13,94.86,15,118021802,23
2026-03-04,05:59:00,2,118,88,4,8,18,100.58,15,118021802,23
2026-03-04,06:14:00,2,127,103,5,11,8,96.30,15,118021802,23
2026-03-04,06:29:00,2,220,188,10,7,15,102.59,15,118021802,23
2026-03-04,06:44:00,2,296,236,25,17,18,98.98,15,118021802,23
2026-03-04,06:59:00,2,369,308,23,20,18,98.87,15,118021802,23
2026-03-04,07:14:00,2,500,430,38,21,11,97.96,15,118021802,23
2026-03-04,07:29:00,2,612,542,31,21,18,94.37,15,118021802,23
2026-03-04,07:44:00,2,674,588,44,25,17,94.83,15,118021802,23
2026-03-04,07:59:00,2,652,576,42,18,16,97.05,15,118021802,23
2026-03-04,08:14:00,2,669,591,54,15,9,95.22,15,118021802,23
2026-03-04,08:29:00,2,672,557,70,30,15,99.05,15,118021802,23
2026-03-04,08:44:00,2,715,603,68,29,15,92.38,15,118021802,23
2026-03-04,08:59:00,2,617,531,41,30,15,93.04,15,118021802,23
2026-03-04,09:14:00,2,548,465,46,29,8,95.13,15,118021802,23
2026-03-04,09:29:00,2,529,442,47,22,18,93.48,15,118021802,23
2026-03-04,09:44:00,2,489,420,43,19,7,97.35,15,118021802,23
2026-03-04,09:59:00,2,480,405,43,14,18,95.98,15,118021802,23
2026-03-04,10:14:00,2,462,394,39,16,13,94.04,15,118021802,23
2026-03-04,10:29:00,2,442,384,26,21,11,95.69,15,118021802,23
2026-03-04,10:44:00,2,456,399,32,16,9,96.12,15,118021802,23
2026-03-04,10:59:00,2,477,410,32,24,11,95.25,15,118021802,23
2026-03-04,11:14:00,2,458,384,36,22,16,95.08,15,118021802,23
2026-03-04,11:29:00,2,481,433,23,14,11,95.66,15,118021802,23
2026-03-04,11:44:00,2,485,437,27,14,8,96.81,14,118021802,23
2026-03-04,11:59:00,2,508,430,42,26,10,94.75,15,118021802,23
2026-03-04,12:14:00,2,519,447,40,23,9,94.46,15,118021802,23
2026-03-04,12:29:00,2,540,476,30,18,16,94.20,15,118021802,23
2026-03-04,12:44:00,2,524,456,34,18,16,94.66,15,118021802,23
2026-03-04,12:59:00,2,506,464,21,7,14,94.92,15,118021802,23
2026-03-04,13:14:00,2,545,477,29,13,26,95.61,15,118021802,23
2026-03-04,13:29:00,2,527,480,25,11,11,98.33,15,118021802,23
2026-03-04,13:44:00,2,531,477,33,8,13,97.19,15,118021802,23
2026-03-04,13:59:00,2,498,442,29,11,16,96.23,15,118021802,23
2026-03-04,14:14:00,2,602,538,37,9,18,96.68,15,118021802,23
2026-03-04,14:29:00,2,605,541,30,13,21,95.95,15,118021802,23
2026-03-04,14:44:00,2,627,555,51,15,6,95.60,15,118021802,23
2026-03-04,14:59:00,2,677,604,37,18,18,96.17,15,118021802,23
2026-03-04,15:14:00,2,660,606,31,13,10,95.87,15,118021802,23
2026-03-04,15:29:00,2,718,648,43,6,21,94.65,15,118021802,23
2026-03-04,15:44:00,2,689,608,60,9,12,97.33,15,118021802,23
2026-03-04,15:59:00,2,780,710,56,8,6,96.21,15,118021802,23
2026-03-04,16:14:00,2,922,842,58,13,9,94.67,15,118021802,23
2026-03-04,16:29:00,2,960,892,51,10,7,92.97,15,118021802,23
2026-03-04,16:44:00,2,1037,964,57,9,7,91.73,15,118021802,23
2026-03-04,16:59:00,2,988,920,50,7,11,92.36,15,118021802,23
2026-03-04,17:14:00,2,1065,1008,45,5,7,91.39,15,118021802,23
2026-03-04,17:29:00,2,988,950,30,2,6,93.97,15,118021802,23
2026-03-04,17:44:00,2,1025,977,36,7,5,91.64,15,118021802,23
2026-03-04,17:59:00,2,805,764,34,4,3,95.25,15,118021802,23
2026-03-04,18:14:00,2,668,640,15,2,11,96.20,15,118021802,23
2026-03-04,18:29:00,2,674,644,22,4,4,94.45,15,118021802,23
2026-03-04,18:44:00,2,552,526,16,4,6,97.28,15,118021802,23
2026-03-04,18:59:00,2,492,473,15,2,2,97.56,15,118021802,23
2026-03-04,19:14:00,2,465,447,10,2,6,98.47,15,118021802,23
2026-03-04,19:29:00,2,398,383,8,3,4,97.72,15,118021802,23
2026-03-04,19:44:00,2,369,349,9,3,8,96.69,15,118021802,23
2026-03-04,19:59:00,2,355,344,10,1,0,97.00,15,118021802,23
2026-03-04,20:14:00,2,312,304,3,0,5,98.85,15,118021802,23
2026-03-04,20:29:00,2,271,261,9,0,1,100.92,15,118021802,23
2026-03-04,20:44:00,2,249,243,5,0,1,100.05,15,118021802,23
2026-03-04,20:59:00,2,202,189,8,2,3,100.95,15,118021802,23
2026-03-04,21:14:00,2,187,182,3,0,2,98.85,15,118021802,23
2026-03-04,21:29:00,2,174,166,5,1,2,102.18,15,118021802,23
2026-03-04,21:44:00,2,175,164,8,1,2,101.00,15,118021802,23
2026-03-04,21:59:00,2,180,170,4,1,5,99.39,15,118021802,23
2026-03-04,22:14:00,2,163,159,3,1,0,100.26,15,118021802,23
2026-03-04,22:29:00,2,147,142,2,1,2,102.68,15,118021802,23
2026-03-04,22:44:00,2,128,121,4,1,2,101.01,15,118021802,23
2026-03-04,22:59:00,2,91,89,0,0,2,102.92,15,118021802,23
2026-03-04,23:14:00,2,81,77,1,1,2,102.26,15,118021802,23
2026-03-04,23:29:00,2,69,63,4,0,2,100.02,15,118021802,23
2026-03-04,23:44:00,2,71,65,0,2,4,100.28,15,118021802,23
2026-03-04,23:59:00,2,58,55,2,0,1,102.68,15,118021802,23
2026-03-05,00:14:00,3,48,47,0,0,1,104.45,15,118021802,23
2026-03-05,00:29:00,3,58,54,3,0,1,103.60,15,118021802,23
2026-03-05,00:44:00,3,36,32,2,0,2,100.48,15,118021802,23
2026-03-05,00:59:00,3,16,12,0,0,4,95.08,14,118021802,23
2026-03-05,01:14:00,3,22,19,1,0,2,98.05,15,118021802,23
2026-03-05,01:29:00,3,13,10,1,1,1,101.34,15,118021802,23
2026-03-05,01:44:00,3,21,18,1,1,1,92.01,15,118021802,23
2026-03-05,01:59:00,3,22,17,1,2,2,95.13,15,118021802,23
2026-03-05,02:14:00,3,12,11,1,0,0,93.73,15,118021802,23
2026-03-05,02:29:00,3,14,12,1,0,1,102.90,15,118021802,23
2026-03-05,02:44:00,3,6,6,0,0,0,101.38,15,118021802,23
2026-03-05,02:59:00,3,14,11,0,0,3,96.31,15,118021802,23
2026-03-05,03:14:00,3,14,12,0,1,1,96.86,15,118021802,23
2026-03-05,03:29:00,3,12,10,0,1,1,93.96,15,118021802,23
2026-03-05,03:44:00,3,13,8,2,1,2,91.39,15,118021802,23
2026-03-05,03:59:00,3,12,7,0,1,4,87.32,15,118021802,23
2026-03-05,04:14:00,3,15,11,1,1,2,91.70,15,118021802,23
2026-03-05,04:29:00,3,19,12,4,2,1,96.45,15,118021802,23
2026-03-05,04:44:00,3,25,17,2,2,4,96.10,15,118021802,23
2026-03-05,04:59:00,3,27,16,3,3,5,91.27,15,118021802,23
2026-03-05,05:14:00,3,47,34,3,3,7,97.09,15,118021802,23
2026-03-05,05:29:00,3,63,47,2,6,8,98.90,15,118021802,23
2026-03-05,05:44:00,3,83,64,4,5,10,98.47,15,118021802,23
2026-03-05,05:59:00,3,93,76,2,7,8,97.94,15,118021802,23
2026-03-05,06:14:00,3,158,121,7,11,19,97.19,15,118021802,23
2026-03-05,06:29:00,3,218,178,11,12,17,99.96,15,118021802,23
2026-03-05,06:44:00,3,266,224,19,8,15,98.54,15,118021802,23
2026-03-05,06:59:00,3,348,286,25,17,20,97.80,15,118021802,23
2026-03-05,07:14:00,3,511,422,42,21,26,95.68,15,118021802,23
2026-03-05,07:29:00,3,640,575,33,17,15,97.15,15,118021802,23
2026-03-05,07:44:00,3,697,602,50,27,18,91.75,15,118021802,23
2026-03-05,07:59:00,3,671,586,51,20,14,93.79,15,118021802,23
2026-03-05,08:14:00,3,690,588,64,22,16,92.68,15,118021802,23
2026-03-05,08:29:00,3,664,570,51,24,19,93.92,15,118021802,23
2026-03-05,08:44:00,3,643,541,63,29,10,95.31,15,118021802,23
2026-03-05,08:59:00,3,616,527,51,24,14,93.98,15,118021802,23
2026-03-05,09:14:00,3,570,468,56,28,18,93.95,15,118021802,23
2026-03-05,09:29:00,3,499,417,49,23,10,93.99,15,118021802,23
2026-03-05,09:44:00,3,477,403,37,28,9,93.55,15,118021802,23
2026-03-05,09:59:00,3,481,405,43,22,11,96.96,15,118021802,23
2026-03-05,10:14:00,3,480,405,42,23,10,95.01,15,118021802,23
2026-03-05,10:29:00,3,477,409,38,16,14,96.91,15,118021802,23
2026-03-05,10:44:00,3,450,391,32,20,7,97.96,15,118021802,23
2026-03-05,10:59:00,3,515,443,34,24,14,94.39,15,118021802,23
2026-03-05,11:14:00,3,490,417,32,20,21,98.97,15,118021802,23
2026-03-05,11:29:00,3,521,471,29,13,8,96.65,15,118021802,23
2026-03-05,11:44:00,3,481,426,29,14,12,96.27,15,118021802,23
2026-03-05,11:59:00,3,484,418,33,16,17,95.93,15,118021802,23
2026-03-05,12:14:00,3,509,455,31,10,13,96.74,15,118021802,23
2026-03-05,12:29:00,3,553,485,36,11,21,98.30,15,118021802,23
2026-03-05,12:44:00,3,563,506,32,8,17,96.61,15,118021802,23
2026-03-05,12:59:00,3,506,445,36,11,14,97.32,15,118021802,23
2026-03-05,13:14:00,3,517,450,31,15,21,94.19,15,118021802,23
2026-03-05,13:29:00,3,563,492,39,21,11,95.38,15,118021802,23
2026-03-05,13:44:00,3,520,464,32,12,12,95.76,15,118021802,23
2026-03-05,13:59:00,3,528,458,39,11,20,99.21,15,118021802,23
2026-03-05,14:14:00,3,552,486,34,20,12,96.01,15,118021802,23
2026-03-05,14:29:00,3,584,523,31,20,10,95.40,15,118021802,23
2026-03-05,14:44:00,3,657,584,41,17,15,95.32,15,118021802,23
2026-03-05,14:59:00,3,657,595,41,11,10,96.66,15,118021802,23
2026-03-05,15:14:00,3,644,587,30,14,13,98.52,15,118021802,23
2026-03-05,15:29:00,3,721,645,46,17,13,95.54,15,118021802,23
2026-03-05,15:44:00,3,735,672,39,14,10,99.69,15,118021802,23
2026-03-05,15:59:00,3,849,766,60,14,9,94.27,15,118021802,23
2026-03-05,16:14:00,3,978,901,64,7,6,95.94,15,118021802,23
2026-03-05,16:29:00,3,945,873,53,5,14,96.05,15,118021802,23
2026-03-05,16:44:00,3,1062,974,67,13,8,95.84,15,118021802,23
2026-03-05,16:59:00,3,1014,945,59,6,4,92.91,15,118021802,23
2026-03-05,17:14:00,3,1030,979,38,6,7,93.95,15,118021802,23
2026-03-05,17:29:00,3,990,932,41,9,8,93.10,15,118021802,23
2026-03-05,17:44:00,3,969,931,29,4,5,94.92,15,118021802,23
2026-03-05,17:59:00,3,734,701,20,5,8,95.94,15,118021802,23
2026-03-05,18:14:00,3,660,621,27,4,8,94.41,15,118021802,23
2026-03-05,18:29:00,3,587,553,21,5,8,94.50,15,118021802,23
2026-03-05,18:44:00,3,548,513,23,5,7,95.72,15,118021802,23
2026-03-05,18:59:00,3,514,491,12,3,8,96.30,15,118021802,23
2026-03-05,19:14:00,3,415,399,9,3,4,99.05,15,118021802,23
2026-03-05,19:29:00,3,388,369,11,2,6,100.27,15,118021802,23
2026-03-05,19:44:00,3,358,341,12,2,3,100.88,15,118021802,23
2026-03-05,19:59:00,3,348,335,8,1,4,99.74,15,118021802,23
2026-03-05,20:14:00,3,338,330,7,0,1,100.13,15,118021802,23
2026-03-05,20:29:00,3,284,275,6,2,1,99.55,15,118021802,23
2026-03-05,20:44:00,3,224,211,8,1,4,98.69,15,118021802,23
2026-03-05,20:59:00,3,214,205,6,0,3,100.14,15,118021802,23
2026-03-05,21:14:00,3,266,251,9,4,2,99.32,15,118021802,23
2026-03-05,21:29:00,3,210,201,5,4,0,95.59,15,118021802,23
2026-03-05,21:44:00,3,175,161,9,2,3,99.32,15,118021802,23
2026-03-05,21:59:00,3,158,152,4,1,1,99.47,15,118021802,23
2026-03-05,22:14:00,3,173,166,4,1,2,99.85,15,118021802,23
2026-03-05,22:29:00,3,128,127,1,0,0,100.48,15,118021802,23
2026-03-05,22:44:00,3,113,109,1,2,1,100.55,15,118021802,23
2026-03-05,22:59:00,3,86,79,2,2,3,99.55,15,118021802,23
2026-03-05,23:14:00,3,103,95,3,0,5,100.12,15,118021802,23
2026-03-05,23:29:00,3,85,79,1,1,4,99.04,15,118021802,23
2026-03-05,23:44:00,3,69,62,4,1,2,100.52,15,118021802,23
2026-03-05,23:59:00,3,56,51,2,0,3,96.06,15,118021802,23
2026-03-06,00:14:00,4,42,38,2,0,2,97.39,15,118021802,23
2026-03-06,00:29:00,4,46,42,1,1,2,99.28,15,118021802,23
2026-03-06,00:44:00,4,43,37,1,1,4,92.23,15,118021802,23
2026-03-06,00:59:00,4,25,23,1,0,1,102.02,15,118021802,23
2026-03-06,01:14:00,4,23,20,1,0,2,97.55,15,118021802,23
2026-03-06,01:29:00,4,18,15,0,2,1,96.79,15,118021802,23
2026-03-06,01:44:00,4,19,14,0,0,5,86.78,15,118021802,23
2026-03-06,01:59:00,4,12,5,0,0,7,91.08,15,118021802,23
2026-03-06,02:14:00,4,7,6,0,1,0,87.22,15,118021802,23
2026-03-06,02:29:00,4,25,20,0,1,4,103.46,15,118021802,23
2026-03-06,02:44:00,4,10,10,0,0,0,101.99,15,118021802,23
2026-03-06,02:59:00,4,6,3,1,0,2,93.90,15,118021802,23
2026-03-06,03:14:00,4,12,9,1,1,1,89.24,15,118021802,23
2026-03-06,03:29:00,4,14,10,3,0,1,99.06,15,118021802,23
2026-03-06,03:44:00,4,9,6,2,0,1,92.43,15,118021802,23
2026-03-06,03:59:00,4,12,6,2,1,3,93.97,15,118021802,23
2026-03-06,04:14:00,4,17,12,1,2,2,93.20,15,118021802,23
2026-03-06,04:29:00,4,18,11,2,2,3,86.70,15,118021802,23
2026-03-06,04:44:00,4,23,17,1,2,3,93.47,15,118021802,23
2026-03-06,04:59:00,4,22,12,2,2,6,90.22,15,118021802,23
2026-03-06,05:14:00,4,61,47,4,3,7,95.64,15,118021802,23
2026-03-06,05:29:00,4,50,33,4,4,9,89.73,15,118021802,23
2026-03-06,05:44:00,4,92,71,5,2,14,94.86,14,118021802,23
2026-03-06,05:59:00,4,98,70,5,9,14,93.41,15,118021802,23
2026-03-06,06:14:00,4,151,118,11,9,13,97.66,15,118021802,23
2026-03-06,06:29:00,4,189,141,12,17,19,97.87,15,118021802,23
2026-03-06,06:44:00,4,268,221,17,10,20,95.70,15,118021802,23
2026-03-06,06:59:00,4,319,264,27,17,11,94.61,15,118021802,23
2026-03-06,07:14:00,4,443,381,30,19,13,92.93,15,118021802,23
2026-03-06,07:29:00,4,600,522,43,18,17,91.93,15,118021802,23
2026-03-06,07:44:00,4,664,569,55,26,14,90.27,15,118021802,23
2026-03-06,07:59:00,4,541,470,41,15,15,92.25,15,118021802,23
2026-03-06,08:14:00,4,692,591,54,33,14,87.82,15,118021802,23
2026-03-06,08:29:00,4,599,513,47,27,12,90.45,15,118021802,23
2026-03-06,08:44:00,4,563,470,53,30,10,90.98,15,118021802,23
2026-03-06,08:59:00,4,497,430,40,18,9,95.33,15,118021802,23
2026-03-06,09:14:00,4,469,392,40,24,13,92.80,15,118021802,23
2026-03-06,09:29:00,4,472,407,37,18,10,93.28,15,118021802,23
2026-03-06,09:44:00,4,412,355,35,14,8,93.79,15,118021802,23
2026-03-06,09:59:00,4,479,402,38,23,16,91.29,15,118021802,23
2026-03-06,10:14:00,4,454,395,33,14,12,94.44,15,118021802,23
2026-03-06,10:29:00,4,469,394,50,17,8,94.11,15,118021802,23
2026-03-06,10:44:00,4,456,392,32,18,14,96.19,15,118021802,23
2026-03-06,10:59:00,4,491,422,35,23,11,93.22,15,118021802,23
2026-03-06,11:14:00,4,526,462,34,12,18,93.13,15,118021802,23
2026-03-06,11:29:00,4,544,473,39,18,14,94.97,15,118021802,23
2026-03-06,11:44:00,4,572,499,43,15,15,92.72,15,118021802,23
2026-03-06,11:59:00,4,535,478,33,12,12,93.41,15,118021802,23
2026-03-06,12:14:00,4,569,506,39,13,11,99.60,15,118021802,23
2026-03-06,12:29:00,4,615,546,34,12,23,98.69,15,118021802,23
2026-03-06,12:44:00,4,691,621,35,18,17,93.97,15,118021802,23
2026-03-06,12:59:00,4,609,548,31,14,16,95.55,15,118021802,23
2026-03-06,13:14:00,4,655,579,52,14,10,94.97,15,118021802,23
2026-03-06,13:29:00,4,625,569,33,13,10,95.92,15,118021802,23
2026-03-06,13:44:00,4,680,608,35,23,14,96.78,15,118021802,23
2026-03-06,13:59:00,4,680,613,38,15,14,95.65,15,118021802,23
2026-03-06,14:14:00,4,681,613,33,24,11,97.78,15,118021802,23
2026-03-06,14:29:00,4,738,659,45,18,16,97.21,15,118021802,23
2026-03-06,14:44:00,4,770,705,43,11,11,95.65,15,118021802,23
2026-03-06,14:59:00,4,791,721,43,11,16,97.40,15,118021802,23
2026-03-06,15:14:00,4,799,722,55,16,6,97.79,15,118021802,23
2026-03-06,15:29:00,4,859,772,63,16,8,93.28,15,118021802,23
2026-03-06,15:44:00,4,860,802,44,8,6,95.72,15,118021802,23
2026-03-06,15:59:00,4,881,808,56,12,5,94.58,15,118021802,23
2026-03-06,16:14:00,4,893,841,39,6,7,95.53,15,118021802,23
2026-03-06,16:29:00,4,931,872,43,8,8,95.16,15,118021802,23
2026-03-06,16:44:00,4,928,864,49,11,4,93.73,15,118021802,23
2026-03-06,16:59:00,4,883,825,43,12,3,94.71,15,118021802,23
2026-03-06,17:14:00,4,943,894,36,10,3,94.41,15,118021802,23
2026-03-06,17:29:00,4,853,807,33,6,7,94.94,15,118021802,23
2026-03-06,17:44:00,4,793,755,28,3,7,96.19,15,118021802,23
2026-03-06,17:59:00,4,647,606,27,7,7,97.95,15,118021802,23
2026-03-06,18:14:00,4,608,577,27,0,4,96.79,15,118021802,23
2026-03-06,18:29:00,4,599,576,15,3,5,97.35,15,118021802,23
2026-03-06,18:44:00,4,509,501,8,0,0,97.74,15,118021802,23
2026-03-06,18:59:00,4,440,410,17,7,6,97.39,15,118021802,23
2026-03-06,19:14:00,4,411,395,9,1,6,98.91,15,118021802,23
2026-03-06,19:29:00,4,465,444,13,5,3,99.37,15,118021802,23
2026-03-06,19:44:00,4,360,345,10,2,3,100.47,15,118021802,23
2026-03-06,19:59:00,4,326,312,7,1,6,98.70,15,118021802,23
2026-03-06,20:14:00,4,320,305,11,1,3,101.59,15,118021802,23
2026-03-06,20:29:00,4,266,254,9,0,3,101.94,15,118021802,23
2026-03-06,20:44:00,4,257,244,8,2,3,99.87,15,118021802,23
2026-03-06,20:59:00,4,198,186,8,3,1,103.43,15,118021802,23
2026-03-06,21:14:00,4,200,194,4,0,2,101.75,15,118021802,23
2026-03-06,21:29:00,4,205,198,6,0,1,99.80,15,118021802,23
2026-03-06,21:44:00,4,202,197,2,1,2,100.62,15,118021802,23
2026-03-06,21:59:00,4,185,172,8,1,4,103.05,15,118021802,23
2026-03-06,22:14:00,4,220,215,3,0,2,101.95,15,118021802,23
2026-03-06,22:29:00,4,231,227,0,2,2,99.63,15,118021802,23
2026-03-06,22:44:00,4,177,174,2,1,0,101.19,15,118021802,23
2026-03-06,22:59:00,4,168,166,0,0,2,100.34,15,118021802,23
2026-03-06,23:14:00,4,147,138,3,3,3,101.18,15,118021802,23
2026-03-06,23:29:00,4,133,123,6,1,3,98.65,15,118021802,23
2026-03-06,23:44:00,4,83,81,0,2,0,101.57,15,118021802,23
2026-03-06,23:59:00,4,74,68,3,1,2,103.55,15,118021802,23
2026-03-07,00:14:00,5,59,54,1,2,2,93.58,15,118021802,23
2026-03-07,00:29:00,5,74,71,2,0,1,102.09,15,118021802,23
2026-03-07,00:44:00,5,43,41,2,0,0,102.97,15,118021802,23
2026-03-07,00:59:00,5,53,50,1,1,1,95.72,15,118021802,23
2026-03-07,01:14:00,5,43,38,3,0,2,95.66,15,118021802,23
2026-03-07,01:29:00,5,29,24,1,1,3,100.81,15,118021802,23
2026-03-07,01:44:00,5,32,28,2,0,2,103.69,15,118021802,23
2026-03-07,01:59:00,5,22,21,1,0,0,94.89,15,118021802,23
2026-03-07,02:14:00,5,21,21,0,0,0,96.62,15,118021802,23
2026-03-07,02:29:00,5,23,18,1,2,2,92.85,15,118021802,23
2026-03-07,02:44:00,5,19,17,1,0,1,102.61,15,118021802,23
2026-03-07,02:59:00,5,15,12,0,1,2,98.73,15,118021802,23
2026-03-07,03:14:00,5,16,13,0,0,3,97.50,15,118021802,23
2026-03-07,03:29:00,5,20,16,1,1,2,92.27,15,118021802,23
2026-03-07,03:44:00,5,16,14,1,1,0,99.76,15,118021802,23
2026-03-07,03:59:00,5,13,12,0,0,1,101.88,15,118021802,23
2026-03-07,04:14:00,5,18,16,1,0,1,94.09,15,118021802,23
2026-03-07,04:29:00,5,21,19,1,0,1,99.33,15,118021802,23
2026-03-07,04:44:00,5,16,13,0,1,2,87.95,15,118021802,23
2026-03-07,04:59:00,5,23,21,0,1,1,98.65,15,118021802,23
2026-03-07,05:14:00,5,23,19,1,1,2,99.87,15,118021802,23
2026-03-07,05:29:00,5,44,30,5,5,4,95.55,15,118021802,23
2026-03-07,05:44:00,5,66,52,4,3,7,100.37,15,118021802,23
2026-03-07,05:59:00,5,45,39,1,4,1,99.45,15,118021802,23
2026-03-07,06:14:00,5,59,48,4,2,5,98.61,15,118021802,23
2026-03-07,06:29:00,5,94,83,5,4,2,101.85,15,118021802,23
2026-03-07,06:44:00,5,124,107,8,1,8,102.08,15,118021802,23
2026-03-07,06:59:00,5,115,93,8,8,6,98.58,15,118021802,23
2026-03-07,07:14:00,5,119,99,6,9,5,99.94,15,118021802,23
2026-03-07,07:28:00,5,160,141,6,8,4,98.99,14,118021802,23
2026-03-07,07:44:00,5,193,165,11,11,6,97.51,15,118021802,23
2026-03-07,07:59:00,5,206,188,11,6,1,101.22,15,118021802,23
2026-03-07,08:14:00,5,239,221,9,7,2,99.04,15,118021802,23
2026-03-07,08:29:00,5,306,273,23,7,3,98.57,15,118021802,23
2026-03-07,08:44:00,5,375,343,17,11,4,99.72,15,118021802,23
2026-03-07,08:59:00,5,379,353,20,6,0,100.67,15,118021802,23
2026-03-07,09:14:00,5,340,318,13,6,3,100.83,15,118021802,23
2026-03-07,09:29:00,5,381,355,14,10,2,98.38,15,118021802,23
2026-03-07,09:44:00,5,479,452,19,8,0,99.95,15,118021802,23
2026-03-07,09:59:00,5,532,503,19,7,3,100.89,15,118021802,23
2026-03-07,10:14:00,5,553,529,18,4,2,97.73,15,118021802,23
2026-03-07,10:29:00,5,548,522,17,8,1,96.61,15,118021802,23
2026-03-07,10:44:00,5,606,577,17,10,2,95.90,15,118021802,23
2026-03-07,10:59:00,5,623,587,27,4,5,96.24,15,118021802,23
2026-03-07,11:14:00,5,686,649,25,7,5,99.94,15,118021802,23
2026-03-07,11:29:00,5,703,671,22,4,6,96.87,15,118021802,23
2026-03-07,11:44:00,5,662,635,22,2,3,98.41,15,118021802,23
2026-03-07,11:59:00,5,700,676,16,3,5,96.65,15,118021802,23
2026-03-07,12:14:00,5,709,687,16,4,2,96.18,15,118021802,23
2026-03-07,12:29:00,5,699,677,18,3,1,95.99,15,118021802,23
2026-03-07,12:44:00,5,677,650,19,5,3,98.14,15,118021802,23
2026-03-07,12:59:00,5,669,643,17,5,4,97.98,15,118021802,23
2026-03-07,13:14:00,5,660,635,20,5,0,97.20,15,118021802,23
2026-03-07,13:29:00,5,688,650,30,5,3,95.77,15,118021802,23
2026-03-07,13:44:00,5,658,619,30,8,1,95.14,15,118021802,23
2026-03-07,13:59:00,5,630,608,18,3,1,97.64,15,118021802,23
2026-03-07,14:14:00,5,643,602,29,6,6,99.47,15,118021802,23
2026-03-07,14:29:00,5,590,568,20,2,0,95.72,15,118021802,23
2026-03-07,14:44:00,5,685,658,18,8,1,92.73,15,118021802,23
2026-03-07,14:59:00,5,706,685,11,7,3,92.78,15,118021802,23
2026-03-07,15:14:00,5,640,616,18,5,1,95.64,15,118021802,23
2026-03-07,15:29:00,5,679,637,31,3,8,93.87,15,118021802,23
2026-03-07,15:44:00,5,540,515,13,7,5,98.33,15,118021802,23
2026-03-07,15:59:00,5,524,505,14,2,3,103.44,15,118021802,23
2026-03-07,16:14:00,5,571,549,19,2,1,98.19,15,118021802,23
2026-03-07,16:29:00,5,564,535,19,8,2,99.53,15,118021802,23
2026-03-07,16:44:00,5,546,523,15,5,3,97.01,15,118021802,23
2026-03-07,16:59:00,5,547,528,12,4,3,98.72,15,118021802,23
2026-03-07,17:14:00,5,560,537,18,1,4,99.09,15,118021802,23
2026-03-07,17:29:00,5,558,544,6,4,4,101.67,15,118021802,23
2026-03-07,17:44:00,5,523,503,12,4,4,99.29,15,118021802,23
2026-03-07,17:59:00,5,489,475,9,1,4,103.23,15,118021802,23
2026-03-07,18:14:00,5,447,431,9,3,4,98.53,15,118021802,23
2026-03-07,18:29:00,5,423,408,9,2,4,98.20,15,118021802,23
2026-03-07,18:44:00,5,432,415,12,2,3,99.47,15,118021802,23
2026-03-07,18:59:00,5,387,368,12,2,5,98.69,15,118021802,23
2026-03-07,19:14:00,5,352,337,11,3,1,99.38,15,118021802,23
2026-03-07,19:29:00,5,332,322,9,1,0,99.56,15,118021802,23
2026-03-07,19:44:00,5,310,298,8,2,2,98.96,15,118021802,23
2026-03-07,19:59:00,5,202,196,4,0,2,101.70,15,118021802,23
2026-03-07,20:14:00,5,226,219,4,2,1,100.58,15,118021802,23
2026-03-07,20:29:00,5,228,217,8,1,2,101.66,15,118021802,23
2026-03-07,20:44:00,5,191,181,4,1,5,99.46,15,118021802,23
2026-03-07,20:59:00,5,155,150,3,1,1,102.65,15,118021802,23
2026-03-07,21:14:00,5,148,144,3,0,1,101.26,15,118021802,23
2026-03-07,21:29:00,5,151,139,7,3,2,98.53,15,118021802,23
2026-03-07,21:44:00,5,171,167,3,0,1,102.18,15,118021802,23
2026-03-07,21:59:00,5,157,153,2,2,0,99.56,15,118021802,23
2026-03-07,22:14:00,5,163,159,4,0,0,102.60,15,118021802,23
2026-03-07,22:29:00,5,159,156,2,1,0,100.32,15,118021802,23
2026-03-07,22:44:00,5,142,135,5,1,1,101.47,15,118021802,23
2026-03-07,22:59:00,5,136,131,3,2,0,102.36,15,118021802,23
2026-03-07,23:14:00,5,128,120,4,3,1,98.24,15,118021802,23
2026-03-07,23:29:00,5,120,115,4,1,0,98.26,15,118021802,23
2026-03-07,23:44:00,5,98,98,0,0,0,102.78,15,118021802,23
2026-03-07,23:59:00,5,78,74,3,1,0,99.90,15,118021802,23
2026-03-08,00:14:00,6,62,60,1,1,0,102.82,15,118021802,23
2026-03-08,00:29:00,6,80,70,1,4,5,99.81,15,118021802,23
2026-03-08,00:44:00,6,60,56,3,1,0,97.74,15,118021802,23
2026-03-08,00:59:00,6,47,43,2,1,1,99.78,15,118021802,23
2026-03-08,01:14:00,6,52,47,4,0,1,101.88,15,118021802,23
2026-03-08,01:29:00,6,31,31,0,0,0,99.24,15,118021802,23
2026-03-08,01:44:00,6,25,24,0,0,1,99.71,15,118021802,23
2026-03-08,01:59:00,6,23,21,0,0,2,95.39,15,118021802,23
2026-03-08,02:14:00,6,34,33,0,0,1,99.08,15,118021802,23
2026-03-08,02:29:00,6,26,24,0,1,1,102.43,15,118021802,23
2026-03-08,02:44:00,6,26,25,1,0,0,98.91,15,118021802,23
2026-03-08,02:59:00,6,14,14,0,0,0,104.58,15,118021802,23
2026-03-08,03:14:00,6,29,27,1,1,0,98.74,15,118021802,23
2026-03-08,03:29:00,6,12,12,0,0,0,104.56,15,118021802,23
2026-03-08,03:44:00,6,14,14,0,0,0,100.58,15,118021802,23
2026-03-08,03:59:00,6,13,11,1,0,1,95.21,15,118021802,23
2026-03-08,04:14:00,6,18,15,2,0,1,101.09,15,118021802,23
2026-03-08,04:29:00,6,9,7,1,1,0,106.76,15,118021802,23
2026-03-08,04:44:00,6,15,14,0,0,1,95.61,15,118021802,23
2026-03-08,04:59:00,6,20,16,2,1,1,99.28,15,118021802,23
2026-03-08,05:14:00,6,27,25,0,1,1,100.71,15,118021802,23
2026-03-08,05:29:00,6,25,23,0,1,1,95.14,15,118021802,23
2026-03-08,05:44:00,6,46,41,1,1,3,98.28,15,118021802,23
2026-03-08,05:59:00,6,46,35,4,1,6,95.67,15,118021802,23
2026-03-08,06:14:00,6,42,40,0,2,0,102.31,15,118021802,23
2026-03-08,06:29:00,6,66,61,1,3,1,103.94,15,118021802,23
2026-03-08,06:44:00,6,98,94,1,0,3,107.20,15,118021802,23
2026-03-08,06:59:00,6,96,82,4,5,5,102.20,15,118021802,23
2026-03-08,07:14:00,6,90,81,5,0,4,104.30,15,118021802,23
2026-03-08,07:29:00,6,81,75,1,4,1,101.09,15,118021802,23
2026-03-08,07:44:00,6,131,120,5,0,6,103.32,15,118021802,23
2026-03-08,07:59:00,6,126,112,7,4,3,101.46,15,118021802,23
2026-03-08,08:14:00,6,142,130,8,2,2,100.64,15,118021802,23
2026-03-08,08:29:00,6,188,170,12,6,0,101.19,15,118021802,23
2026-03-08,08:44:00,6,239,225,11,3,0,101.62,15,118021802,23
2026-03-08,08:59:00,6,240,224,7,5,4,102.73,15,118021802,23
2026-03-08,09:14:00,6,248,234,8,4,2,101.50,15,118021802,23
2026-03-08,09:29:00,6,317,301,8,6,2,99.87,15,118021802,23
2026-03-08,09:44:00,6,372,356,10,3,3,101.61,15,118021802,23
2026-03-08,09:59:00,6,423,405,12,3,3,99.16,15,118021802,23
2026-03-08,10:14:00,6,456,429,17,8,2,98.19,15,118021802,23
2026-03-08,10:29:00,6,421,395,16,9,1,99.81,15,118021802,23
2026-03-08,10:44:00,6,502,472,22,2,6,97.57,15,118021802,23
2026-03-08,10:59:00,6,505,489,11,3,2,98.87,15,118021802,23
2026-03-08,11:14:00,6,509,489,10,7,3,97.04,15,118021802,23
2026-03-08,11:29:00,6,575,553,16,0,6,97.94,15,118021802,23
2026-03-08,11:44:00,6,627,601,23,3,0,96.70,15,118021802,23
2026-03-08,11:59:00,6,645,623,12,4,6,98.18,15,118021802,23
2026-03-08,12:14:00,6,610,587,15,5,3,96.89,15,118021802,23
2026-03-08,12:29:00,6,675,657,14,3,1,98.61,15,118021802,23
2026-03-08,12:44:00,6,700,681,10,7,2,95.76,15,118021802,23
2026-03-08,12:59:00,6,662,644,12,6,0,97.99,15,118021802,23
2026-03-08,13:14:00,6,632,609,19,2,2,97.80,15,118021802,23
2026-03-08,13:29:00,6,638,616,18,3,1,97.47,15,118021802,23
2026-03-08,13:44:00,6,576,558,14,4,0,98.39,15,118021802,23
2026-03-08,13:59:00,6,609,592,12,3,2,100.06,15,118021802,23
2026-03-08,14:14:00,6,575,562,9,1,3,99.91,15,118021802,23
2026-03-08,14:29:00,6,510,488,17,4,1,100.00,15,118021802,23
2026-03-08,14:44:00,6,530,516,10,4,0,101.44,15,118021802,23
2026-03-08,14:59:00,6,512,503,7,1,1,101.81,15,118021802,23
2026-03-08,15:14:00,6,531,509,15,4,3,99.18,15,118021802,23
2026-03-08,15:29:00,6,551,524,17,9,1,99.17,15,118021802,23
2026-03-08,15:44:00,6,546,515,23,3,5,100.06,15,118021802,23
2026-03-08,15:59:00,6,571,548,17,3,3,99.36,15,118021802,23
2026-03-08,16:14:00,6,573,549,18,4,2,98.89,15,118021802,23
2026-03-08,16:29:00,6,516,499,12,3,2,102.26,15,118021802,23
2026-03-08,16:44:00,6,458,441,12,4,1,99.64,15,118021802,23
2026-03-08,16:59:00,6,381,368,6,4,3,101.34,15,118021802,23
2026-03-08,17:14:00,6,411,391,14,4,2,103.62,15,118021802,23
2026-03-08,17:29:00,6,373,358,11,2,2,103.03,15,118021802,23
2026-03-08,17:44:00,6,338,320,13,4,1,102.96,15,118021802,23
2026-03-08,17:59:00,6,319,305,9,2,3,103.11,15,118021802,23
2026-03-08,18:14:00,6,300,285,9,5,1,101.01,15,118021802,23
2026-03-08,18:29:00,6,260,248,7,3,2,98.67,15,118021802,23
2026-03-08,18:44:00,6,312,293,9,3,7,99.00,15,118021802,23
2026-03-08,18:59:00,6,293,285,4,1,3,99.85,15,118021802,23
2026-03-08,19:14:00,6,284,270,11,2,1,101.63,15,118021802,23
2026-03-08,19:29:00,6,240,231,5,2,2,102.17,15,118021802,23
2026-03-08,19:44:00,6,219,203,11,3,2,101.95,15,118021802,23
2026-03-08,19:59:00,6,231,229,2,0,0,103.40,15,118021802,23
2026-03-08,20:14:00,6,233,224,6,1,2,100.15,15,118021802,23
2026-03-08,20:29:00,6,193,183,7,1,2,103.95,15,118021802,23
2026-03-08,20:44:00,6,150,147,2,1,0,101.26,15,118021802,23
2026-03-08,20:59:00,6,141,134,2,1,4,101.83,15,118021802,23
2026-03-08,21:14:00,6,142,137,2,1,2,100.91,15,118021802,23
2026-03-08,21:29:00,6,142,138,2,0,2,99.68,15,118021802,23
2026-03-08,21:44:00,6,100,95,2,3,0,100.72,15,118021802,23
2026-03-08,21:59:00,6,102,98,1,1,2,101.77,15,118021802,23
2026-03-08,22:14:00,6,103,95,7,1,0,101.70,15,118021802,23
2026-03-08,22:29:00,6,103,101,2,0,0,99.97,15,118021802,23
2026-03-08,22:44:00,6,80,75,4,0,1,102.45,15,118021802,23
2026-03-08,22:59:00,6,82,76,5,0,1,105.01,15,118021802,23
2026-03-08,23:14:00,6,68,63,4,1,0,104.65,15,118021802,23
2026-03-08,23:29:00,6,78,74,2,1,1,103.59,15,118021802,23
2026-03-08,23:44:00,6,74,70,2,1,1,105.59,15,118021802,23
2026-03-08,23:59:00,6,77,75,2,0,0,100.62,15,118021802,23
2026-03-09,00:14:00,0,46,41,2,1,2,100.79,15,118021802,23
2026-03-09,00:29:00,0,37,35,1,1,0,100.46,15,118021802,23
2026-03-09,00:44:00,0,25,22,3,0,0,101.45,15,118021802,23
2026-03-09,00:59:00,0,15,15,0,0,0,107.97,15,118021802,23
2026-03-09,01:14:00,0,28,28,0,0,0,109.25,15,118021802,23
2026-03-09,01:29:00,0,22,18,2,0,2,96.40,15,118021802,23
2026-03-09,01:44:00,0,28,27,0,0,1,103.18,15,118021802,23
2026-03-09,01:59:00,0,11,8,1,0,2,98.63,15,118021802,23
2026-03-09,02:14:00,0,11,7,1,0,3,85.90,15,118021802,23
2026-03-09,02:29:00,0,8,5,0,1,2,89.01,15,118021802,23
2026-03-09,02:44:00,0,9,8,0,0,1,105.91,15,118021802,23
2026-03-09,02:59:00,0,9,8,0,1,0,103.50,15,118021802,23
2026-03-09,03:14:00,0,13,12,1,0,0,97.07,15,118021802,23
2026-03-09,03:29:00,0,20,17,3,0,0,103.34,15,118021802,23
2026-03-09,03:44:00,0,8,5,1,0,2,86.78,15,118021802,23
2026-03-09,03:59:00,0,14,13,1,0,0,106.42,15,118021802,23
2026-03-09,04:14:00,0,20,17,1,0,2,95.93,15,118021802,23
2026-03-09,04:29:00,0,14,10,0,1,3,94.18,15,118021802,23
2026-03-09,04:44:00,0,20,16,1,1,2,96.08,15,118021802,23
2026-03-09,04:59:00,0,33,24,0,2,7,117.35,15,118021802,23
2026-03-09,05:14:00,0,38,27,3,4,4,95.43,15,118021802,23
2026-03-09,05:29:00,0,54,37,9,4,4,95.55,15,118021802,23
2026-03-09,05:44:00,0,90,66,9,7,8,100.28,15,118021802,23
2026-03-09,05:59:00,0,84,74,4,1,5,101.08,15,118021802,23
2026-03-09,06:14:00,0,159,125,13,9,12,99.93,15,118021802,23
2026-03-09,06:29:00,0,196,158,9,13,16,99.54,15,118021802,23
2026-03-09,06:44:00,0,291,237,24,18,12,99.41,15,118021802,23
2026-03-09,06:59:00,0,329,272,33,10,14,100.41,15,118021802,23
2026-03-09,07:14:00,0,472,402,36,16,18,100.46,15,118021802,23
2026-03-09,07:29:00,0,592,529,41,14,8,98.20,15,118021802,23
2026-03-09,07:44:00,0,726,626,51,24,25,92.43,15,118021802,23
2026-03-09,07:59:00,0,642,560,48,16,18,95.53,15,118021802,23
2026-03-09,08:14:00,0,661,575,51,25,10,92.70,15,118021802,23
2026-03-09,08:29:00,0,643,557,52,21,13,92.14,15,118021802,23
2026-03-09,08:44:00,0,605,511,51,27,16,95.06,15,118021802,23
2026-03-09,08:59:00,0,610,510,50,31,19,92.90,15,118021802,23
2026-03-09,09:14:00,0,553,476,42,23,12,93.72,15,118021802,23
2026-03-09,09:29:00,0,481,393,48,27,13,92.92,15,118021802,23
2026-03-09,09:44:00,0,474,389,40,26,19,93.49,15,118021802,23
2026-03-09,09:59:00,0,436,373,35,23,5,98.46,15,118021802,23
2026-03-09,10:14:00,0,467,400,32,21,14,92.33,15,118021802,23
2026-03-09,10:29:00,0,400,333,42,12,13,100.29,15,118021802,23
2026-03-09,10:44:00,0,477,405,34,17,21,97.85,15,118021802,23
2026-03-09,10:59:00,0,491,423,31,23,14,94.46,15,118021802,23
2026-03-09,11:14:00,0,471,411,34,17,9,94.25,15,118021802,23
2026-03-09,11:29:00,0,483,424,31,17,11,94.74,15,118021802,23
2026-03-09,11:44:00,0,499,433,42,9,15,90.00,15,118021802,23
2026-03-09,11:59:00,0,465,409,29,12,15,92.56,15,118021802,23
2026-03-09,12:14:00,0,488,439,17,12,20,92.71,15,118021802,23
2026-03-09,12:29:00,0,512,439,33,21,19,95.07,15,118021802,23
2026-03-09,12:44:00,0,573,507,31,19,16,94.06,15,118021802,23
2026-03-09,12:59:00,0,470,415,26,14,15,95.09,15,118021802,23
2026-03-09,13:14:00,0,506,448,30,20,8,95.94,15,118021802,23
2026-03-09,13:29:00,0,534,475,27,16,16,94.87,15,118021802,23
2026-03-09,13:44:00,0,578,522,32,14,10,95.57,15,118021802,23
2026-03-09,13:59:00,0,515,473,21,11,10,97.00,15,118021802,23
2026-03-09,14:14:00,0,515,456,30,17,12,96.19,15,118021802,23
2026-03-09,14:29:00,0,651,590,32,14,15,96.88,15,118021802,23
2026-03-09,14:44:00,0,585,527,29,17,12,96.91,15,118021802,23
2026-03-09,14:59:00,0,628,549,49,11,19,96.48,15,118021802,23
2026-03-09,15:14:00,0,670,592,51,19,8,96.87,15,118021802,23
2026-03-09,15:29:00,0,719,646,48,10,15,95.03,15,118021802,23
2026-03-09,15:44:00,0,710,629,50,15,16,95.51,15,118021802,23
2026-03-09,15:59:00,0,788,714,57,13,4,95.28,15,118021802,23
2026-03-09,16:14:00,0,927,860,49,9,9,94.99,15,118021802,23
2026-03-09,16:29:00,0,1015,923,72,15,5,93.09,15,118021802,23
2026-03-09,16:44:00,0,1078,988,76,7,7,93.64,15,118021802,23
2026-03-09,16:59:00,0,986,927,38,14,7,93.44,15,118021802,23
2026-03-09,17:14:00,0,1029,969,41,8,11,94.19,15,118021802,23
2026-03-09,17:29:00,0,994,945,37,9,3,93.75,15,118021802,23
2026-03-09,17:44:00,0,933,882,39,6,6,92.66,15,118021802,23
2026-03-09,17:59:00,0,737,703,27,3,4,97.24,15,118021802,23
2026-03-09,18:14:00,0,636,599,26,3,8,95.45,15,118021802,23
2026-03-09,18:29:00,0,557,527,17,3,10,96.17,15,118021802,23
2026-03-09,18:44:00,0,505,484,18,1,2,97.90,15,118021802,23
2026-03-09,18:59:00,0,462,432,22,3,5,98.30,15,118021802,23
2026-03-09,19:14:00,0,416,398,12,3,3,99.85,15,118021802,23
2026-03-09,19:29:00,0,381,367,10,2,2,98.61,15,118021802,23
2026-03-09,19:44:00,0,329,317,9,1,2,99.65,15,118021802,23
2026-03-09,19:59:00,0,282,273,5,3,1,99.88,15,118021802,23
2026-03-09,20:14:00,0,302,286,13,0,3,101.27,15,118021802,23
2026-03-09,20:29:00,0,242,232,7,1,2,101.91,15,118021802,23
2026-03-09,20:44:00,0,237,226,6,0,5,97.42,15,118021802,23
2026-03-09,20:59:00,0,202,192,4,2,4,101.04,15,118021802,23
2026-03-09,21:14:00,0,142,137,4,0,1,101.19,15,118021802,23
2026-03-09,21:29:00,0,175,170,1,1,3,102.39,15,118021802,23
2026-03-09,21:44:00,0,128,124,2,2,0,103.41,15,118021802,23
2026-03-09,21:59:00,0,123,115,4,0,4,102.58,15,118021802,23
2026-03-09,22:14:00,0,100,96,4,0,0,102.46,15,118021802,23
2026-03-09,22:29:00,0,119,115,2,1,1,104.22,15,118021802,23
2026-03-09,22:44:00,0,75,70,3,0,2,102.91,15,118021802,23
2026-03-09,22:59:00,0,64,59,2,0,3,103.65,15,118021802,23
2026-03-09,23:14:00,0,59,54,3,0,2,101.52,15,118021802,23
2026-03-09,23:29:00,0,50,43,3,1,3,94.03,15,118021802,23
2026-03-09,23:44:00,0,41,35,3,1,2,99.51,15,118021802,23
2026-03-09,23:59:00,0,56,50,1,1,4,99.64,15,118021802,23
2026-03-10,00:14:00,1,27,23,2,1,1,101.53,15,118021802,23
2026-03-10,00:29:00,1,30,27,0,0,3,102.49,15,118021802,23
2026-03-10,00:44:00,1,39,33,1,0,5,95.14,15,118021802,23
2026-03-10,00:59:00,1,14,12,0,0,2,100.07,15,118021802,23
2026-03-10,01:14:00,1,14,11,2,0,1,95.48,15,118021802,23
2026-03-10,01:29:00,1,12,8,1,1,2,105.00,15,118021802,23
2026-03-10,01:44:00,1,7,6,0,0,1,103.81,15,118021802,23
2026-03-10,01:59:00,1,20,15,0,3,2,100.05,15,118021802,23
2026-03-10,02:14:00,1,11,8,1,0,2,91.71,15,118021802,23
2026-03-10,02:29:00,1,17,13,1,0,3,95.03,15,118021802,23
2026-03-10,02:44:00,1,12,12,0,0,0,103.04,15,118021802,23
2026-03-10,02:59:00,1,13,12,1,0,0,101.19,15,118021802,23
2026-03-10,03:14:00,1,19,14,2,1,2,101.83,15,118021802,23
2026-03-10,03:29:00,1,12,10,1,1,0,101.92,15,118021802,23
2026-03-10,03:44:00,1,24,20,1,0,3,95.89,15,118021802,23
2026-03-10,03:59:00,1,13,7,2,1,3,84.36,15,118021802,23
2026-03-10,04:14:00,1,12,11,1,0,0,95.02,15,118021802,23
2026-03-10,04:29:00,1,18,15,2,0,1,97.93,15,118021802,23
2026-03-10,04:44:00,1,24,18,2,3,1,95.71,15,118021802,23
2026-03-10,04:59:00,1,27,20,2,1,4,97.31,15,118021802,23
2026-03-10,05:14:00,1,48,35,3,6,4,94.39,15,118021802,23
2026-03-10,05:29:00,1,62,46,3,4,9,94.14,15,118021802,23
2026-03-10,05:44:00,1,91,67,3,8,13,97.20,15,118021802,23
2026-03-10,05:59:00,1,86,65,2,7,12,94.84,15,118021802,23
2026-03-10,06:14:00,1,170,140,5,12,13,100.68,15,118021802,23
2026-03-10,06:29:00,1,188,147,15,10,16,100.00,15,118021802,23
2026-03-10,06:44:00,1,301,257,21,11,12,100.88,15,118021802,23
2026-03-10,06:59:00,1,352,299,33,8,12,95.70,15,118021802,23
2026-03-10,07:14:00,1,490,428,37,10,15,99.07,15,118021802,23
2026-03-10,07:29:00,1,630,557,45,15,13,95.69,15,118021802,23
2026-03-10,07:44:00,1,675,601,43,20,11,93.37,15,118021802,23
2026-03-10,07:59:00,1,629,550,46,23,10,99.67,15,118021802,23
2026-03-10,08:14:00,1,721,618,57,28,18,91.56,15,118021802,23
2026-03-10,08:29:00,1,621,533,49,29,10,93.92,15,118021802,23
2026-03-10,08:44:00,1,662,558,53,33,18,92.68,15,118021802,23
2026-03-10,08:59:00,1,541,454,44,30,13,93.24,15,118021802,23
2026-03-10,09:14:00,1,521,440,43,32,6,93.59,15,118021802,23
2026-03-10,09:29:00,1,488,408,47,26,7,94.69,15,118021802,23
2026-03-10,09:44:00,1,523,436,48,26,13,98.10,15,118021802,23
2026-03-10,09:59:00,1,467,390,34,29,14,93.48,15,118021802,23
2026-03-10,10:14:00,1,414,363,28,14,9,95.43,15,118021802,23
2026-03-10,10:29:00,1,482,401,36,20,25,93.90,15,118021802,23
2026-03-10,10:44:00,1,472,405,36,22,9,94.38,15,118021802,23
2026-03-10,10:59:00,1,450,396,23,15,16,95.59,15,118021802,23
2026-03-10,11:14:00,1,490,431,32,12,15,95.40,15,118021802,23
2026-03-10,11:29:00,1,454,391,33,19,11,95.90,15,118021802,23
2026-03-10,11:44:00,1,514,448,30,22,14,95.86,15,118021802,23
2026-03-10,11:59:00,1,479,412,26,17,24,94.07,15,118021802,23
2026-03-10,12:14:00,1,533,465,36,20,12,95.51,15,118021802,23
2026-03-10,12:29:00,1,528,473,23,16,16,94.36,15,118021802,23
2026-03-10,12:44:00,1,511,448,30,23,10,95.35,15,118021802,23
2026-03-10,12:59:00,1,516,457,40,10,9,98.02,15,118021802,23
2026-03-10,13:14:00,1,521,466,26,13,16,94.16,15,118021802,23
2026-03-10,13:29:00,1,482,410,36,18,18,93.86,15,118021802,23
2026-03-10,13:44:00,1,468,413,28,21,6,95.93,15,118021802,23
2026-03-10,13:59:00,1,545,481,29,20,15,96.81,15,118021802,23
2026-03-10,14:14:00,1,517,461,29,13,14,96.76,15,118021802,23
2026-03-10,14:29:00,1,580,526,28,13,13,95.76,15,118021802,23
2026-03-10,14:44:00,1,602,532,40,22,8,95.98,15,118021802,23
2026-03-10,14:59:00,1,634,572,41,10,11,95.81,15,118021802,23
2026-03-10,15:14:00,1,623,558,41,10,14,96.90,15,118021802,23
2026-03-10,15:29:00,1,693,614,48,14,17,96.31,15,118021802,23
2026-03-10,15:44:00,1,740,666,51,7,16,95.19,15,118021802,23
2026-03-10,15:59:00,1,804,721,58,13,12,94.28,15,118021802,23
2026-03-10,16:14:00,1,946,856,65,14,11,95.30,15,118021802,23
2026-03-10,16:29:00,1,988,908,57,17,6,83.45,15,118021802,23
2026-03-10,16:44:00,1,1010,922,66,10,12,75.97,15,118021802,23
2026-03-10,16:59:00,1,983,918,49,10,6,79.67,15,118021802,23
2026-03-10,17:14:00,1,1030,972,41,10,7,82.83,15,118021802,23
2026-03-10,17:29:00,1,947,905,35,1,6,92.37,15,118021802,23
2026-03-10,17:44:00,1,965,913,42,3,7,93.87,15,118021802,23
2026-03-10,17:59:00,1,798,758,29,5,6,96.29,15,118021802,23
2026-03-10,18:14:00,1,719,688,18,4,9,96.54,15,118021802,23
2026-03-10,18:29:00,1,601,562,27,4,8,96.04,15,118021802,23
2026-03-10,18:44:00,1,511,486,19,2,4,96.38,15,118021802,23
2026-03-10,18:59:00,1,475,454,11,5,5,98.14,15,118021802,23
2026-03-10,19:14:00,1,442,422,15,3,2,98.51,15,118021802,23
2026-03-10,19:29:00,1,399,383,10,3,3,103.24,15,118021802,23
2026-03-10,19:44:00,1,369,353,11,1,4,99.33,15,118021802,23
2026-03-10,19:59:00,1,297,286,6,2,3,98.01,15,118021802,23
2026-03-10,20:14:00,1,292,278,8,3,3,96.66,15,118021802,23
2026-03-10,20:29:00,1,250,239,5,4,2,100.38,15,118021802,23
2026-03-10,20:44:00,1,212,203,6,1,2,101.34,15,118021802,23
2026-03-10,20:59:00,1,181,173,4,1,3,102.54,15,118021802,23
2026-03-10,21:14:00,1,166,160,4,1,1,100.09,15,118021802,23
2026-03-10,21:29:00,1,176,169,4,1,2,101.28,15,118021802,23
2026-03-10,21:44:00,1,143,142,0,0,1,99.14,15,118021802,23
2026-03-10,21:59:00,1,118,113,1,0,4,99.51,15,118021802,23
2026-03-10,22:14:00,1,158,150,3,3,2,101.99,15,118021802,23
2026-03-10,22:29:00,1,122,117,3,1,1,102.05,15,118021802,23
2026-03-10,22:44:00,1,83,74,7,1,1,99.88,15,118021802,23
2026-03-10,22:59:00,1,63,61,2,0,0,102.49,15,118021802,23
2026-03-10,23:14:00,1,63,59,0,1,3,98.21,15,118021802,23
2026-03-10,23:29:00,1,61,57,3,0,1,103.53,15,118021802,23
2026-03-10,23:44:00,1,46,43,1,0,2,105.37,15,118021802,23
2026-03-10,23:59:00,1,31,29,1,0,1,101.30,15,118021802,23
2026-03-11,00:14:00,2,31,28,1,0,2,100.41,15,118021802,23
2026-03-11,00:29:00,2,17,15,0,0,2,96.57,15,118021802,23
2026-03-11,00:44:00,2,18,14,1,3,0,98.34,15,118021802,23
2026-03-11,00:59:00,2,16,13,0,0,3,96.87,15,118021802,23
2026-03-11,01:14:00,2,11,8,1,0,2,91.53,15,118021802,23
2026-03-11,01:29:00,2,11,9,0,0,2,93.38,15,118021802,23
2026-03-11,01:44:00,2,17,14,1,0,2,95.95,15,118021802,23
2026-03-11,01:59:00,2,17,15,1,1,0,97.24,15,118021802,23
2026-03-11,02:14:00,2,15,12,0,0,3,101.25,15,118021802,23
2026-03-11,02:29:00,2,25,19,3,0,3,100.34,15,118021802,23
2026-03-11,02:44:00,2,8,6,0,0,2,95.31,15,118021802,23
2026-03-11,02:59:00,2,11,7,2,0,2,85.92,15,118021802,23
2026-03-11,03:14:00,2,10,7,0,0,3,93.53,15,118021802,23
2026-03-11,03:29:00,2,11,8,1,0,2,95.33,15,118021802,23
2026-03-11,03:44:00,2,8,4,1,1,2,91.89,15,118021802,23
2026-03-11,03:59:00,2,14,12,0,1,1,96.91,15,118021802,23
2026-03-11,04:14:00,2,21,19,0,1,1,96.90,15,118021802,23
2026-03-11,04:29:00,2,17,11,1,1,4,87.61,15,118021802,23
2026-03-11,04:44:00,2,34,22,2,1,9,101.96,15,118021802,23
2026-03-11,04:59:00,2,44,34,2,3,5,96.12,15,118021802,23
2026-03-11,05:14:00,2,43,31,0,7,5,95.95,15,118021802,23
2026-03-11,05:29:00,2,61,45,2,7,7,96.05,15,118021802,23
2026-03-11,05:44:00,2,89,72,3,5,9,99.01,15,118021802,23
2026-03-11,05:59:00,2,84,62,3,6,13,95.05,15,118021802,23
2026-03-11,06:14:00,2,155,122,4,16,13,99.22,15,118021802,23
2026-03-11,06:29:00,2,189,160,13,5,11,101.52,15,118021802,23
2026-03-11,06:44:00,2,324,254,30,22,18,99.31,15,118021802,23
2026-03-11,06:59:00,2,356,304,21,16,15,98.02,15,118021802,23
2026-03-11,07:14:00,2,476,401,38,21,16,97.56,15,118021802,23
2026-03-11,07:29:00,2,680,599,45,25,11,94.28,15,118021802,23
2026-03-11,07:44:00,2,705,630,46,15,14,94.36,15,118021802,23
2026-03-11,07:59:00,2,659,562,45,35,17,92.95,15,118021802,23
2026-03-11,08:14:00,2,689,609,50,15,15,91.87,15,118021802,23
2026-03-11,08:29:00,2,663,562,49,33,19,93.46,15,118021802,23
2026-03-11,08:44:00,2,694,588,49,40,17,93.22,15,118021802,23
2026-03-11,08:59:00,2,578,476,53,36,13,96.48,15,118021802,23
2026-03-11,09:14:00,2,543,443,54,34,12,93.07,15,118021802,23
2026-03-11,09:29:00,2,500,430,34,18,18,94.03,15,118021802,23
2026-03-11,09:44:00,2,477,413,34,23,7,94.37,15,118021802,23
2026-03-11,09:59:00,2,442,386,31,17,8,95.04,15,118021802,23
2026-03-11,10:14:00,2,477,403,38,27,9,93.89,15,118021802,23
2026-03-11,10:29:00,2,460,395,40,15,10,97.59,15,118021802,23
2026-03-11,10:44:00,2,486,417,33,21,15,96.83,15,118021802,23
2026-03-11,10:59:00,2,477,400,39,25,13,94.50,15,118021802,23
2026-03-11,11:14:00,2,501,418,44,22,17,95.72,15,118021802,23
2026-03-11,11:29:00,2,501,426,36,26,13,95.48,15,118021802,23
2026-03-11,11:44:00,2,469,416,35,12,6,97.24,15,118021802,23
2026-03-11,11:59:00,2,473,398,38,21,16,98.34,14,118021802,23
2026-03-11,12:14:00,2,514,464,22,12,16,99.76,15,118021802,23
2026-03-11,12:29:00,2,517,462,33,15,7,96.46,15,118021802,23
2026-03-11,12:44:00,2,498,444,34,10,10,95.30,15,118021802,23
2026-03-11,12:59:00,2,523,478,25,8,12,96.42,15,118021802,23
2026-03-11,13:14:00,2,574,523,24,16,11,95.78,15,118021802,23
2026-03-11,13:29:00,2,511,460,24,13,14,95.33,15,118021802,23
2026-03-11,13:44:00,2,508,457,22,17,12,97.07,15,118021802,23
2026-03-11,13:59:00,2,556,496,31,16,13,96.67,15,118021802,23
2026-03-11,14:14:00,2,533,461,45,15,12,97.58,15,118021802,23
2026-03-11,14:29:00,2,606,521,42,21,22,95.55,15,118021802,23
2026-03-11,14:44:00,2,600,526,31,23,20,96.23,15,118021802,23
2026-03-11,14:59:00,2,659,582,39,17,21,95.36,15,118021802,23
2026-03-11,15:14:00,2,683,604,41,21,17,96.94,15,118021802,23
2026-03-11,15:29:00,2,715,636,46,11,22,95.82,15,118021802,23
2026-03-11,15:44:00,2,704,636,43,10,15,96.45,15,118021802,23
2026-03-11,15:59:00,2,866,778,52,13,23,91.60,15,118021802,23
2026-03-11,16:14:00,2,999,918,61,8,12,93.88,15,118021802,23
2026-03-11,16:29:00,2,973,905,47,7,14,93.95,15,118021802,23
2026-03-11,16:44:00,2,1032,950,63,9,10,93.49,15,118021802,23
2026-03-11,16:59:00,2,983,899,59,15,10,92.09,15,118021802,23
2026-03-11,17:14:00,2,1075,1019,41,7,8,91.42,15,118021802,23
2026-03-11,17:29:00,2,997,955,33,6,3,93.73,15,118021802,23
2026-03-11,17:44:00,2,928,882,31,7,8,93.95,15,118021802,23
2026-03-11,17:59:00,2,732,703,21,4,4,98.41,15,118021802,23
2026-03-11,18:14:00,2,700,666,24,6,4,97.54,15,118021802,23
2026-03-11,18:29:00,2,596,561,25,2,8,97.11,15,118021802,23
2026-03-11,18:44:00,2,564,531,20,5,8,95.38,15,118021802,23
2026-03-11,18:59:00,2,486,470,4,3,9,95.88,15,118021802,23
2026-03-11,19:14:00,2,424,408,10,3,3,97.51,15,118021802,23
2026-03-11,19:29:00,2,462,441,10,8,3,97.10,15,118021802,23
2026-03-11,19:44:00,2,371,354,11,4,2,95.88,15,118021802,23
2026-03-11,19:59:00,2,277,263,10,0,4,98.03,15,118021802,23
2026-03-11,20:14:00,2,277,270,4,3,0,99.25,15,118021802,23
2026-03-11,20:29:00,2,232,224,6,0,2,98.16,15,118021802,23
2026-03-11,20:44:00,2,182,174,5,1,2,102.14,15,118021802,23
2026-03-11,20:59:00,2,143,134,4,2,3,99.15,15,118021802,23
2026-03-11,21:14:00,2,123,119,3,0,1,102.69,15,118021802,23
2026-03-11,21:29:00,2,134,132,2,0,0,100.90,15,118021802,23
2026-03-11,21:44:00,2,169,166,1,0,2,101.26,15,118021802,23
2026-03-11,21:59:00,2,250,241,7,1,1,100.99,15,118021802,23
2026-03-11,22:14:00,2,252,248,3,0,1,102.37,15,118021802,23
2026-03-11,22:29:00,2,216,205,7,3,1,102.37,15,118021802,23
2026-03-11,22:44:00,2,173,164,5,1,3,98.40,15,118021802,23
2026-03-11,22:59:00,2,74,71,2,1,0,101.74,15,118021802,23
2026-03-11,23:14:00,2,80,76,3,0,1,99.24,15,118021802,23
2026-03-11,23:29:00,2,53,49,2,1,1,99.30,15,118021802,23
2026-03-11,23:44:00,2,42,34,0,2,6,96.08,15,118021802,23
2026-03-11,23:59:00,2,30,27,1,1,1,98.63,15,118021802,23
2026-03-12,00:14:00,3,29,24,1,0,4,92.63,15,118021802,23
2026-03-12,00:29:00,3,30,26,1,2,1,98.10,15,118021802,23
2026-03-12,00:44:00,3,18,17,0,1,0,99.63,15,118021802,23
2026-03-12,00:59:00,3,23,17,0,0,6,93.44,15,118021802,23
2026-03-12,01:14:00,3,12,11,0,0,1,94.34,15,118021802,23
2026-03-12,01:29:00,3,4,4,0,0,0,108.80,15,118021802,23
2026-03-12,01:44:00,3,11,9,1,0,1,100.27,15,118021802,23
2026-03-12,01:59:00,3,16,14,1,0,1,99.79,15,118021802,23
2026-03-12,02:14:00,3,9,7,1,0,1,93.14,15,118021802,23
2026-03-12,02:29:00,3,10,6,1,1,2,92.98,15,118021802,23
2026-03-12,02:44:00,3,15,9,3,0,3,97.74,15,118021802,23
2026-03-12,02:59:00,3,6,5,0,0,1,94.51,15,118021802,23
2026-03-12,03:14:00,3,11,6,1,1,3,94.14,15,118021802,23
2026-03-12,03:29:00,3,5,4,1,0,0,103.32,15,118021802,23
2026-03-12,03:44:00,3,14,8,0,3,3,91.70,15,118021802,23
2026-03-12,03:59:00,3,9,7,1,0,1,98.01,15,118021802,23
2026-03-12,04:14:00,3,14,9,3,1,1,84.59,15,118021802,23
2026-03-12,04:29:00,3,19,17,0,0,2,98.57,15,118021802,23
2026-03-12,04:44:00,3,25,17,2,0,6,90.22,15,118021802,23
2026-03-12,04:59:00,3,37,21,5,7,4,91.69,15,118021802,23
2026-03-12,05:14:00,3,31,24,1,1,5,99.68,15,118021802,23
2026-03-12,05:29:00,3,71,54,2,5,10,101.01,15,118021802,23
2026-03-12,05:44:00,3,80,57,4,8,11,97.98,15,118021802,23
2026-03-12,05:59:00,3,83,67,4,4,8,101.18,15,118021802,23
2026-03-12,06:14:00,3,150,122,8,10,10,100.97,15,118021802,23
2026-03-12,06:29:00,3,198,163,9,13,13,103.51,15,118021802,23
2026-03-12,06:44:00,3,286,236,28,6,16,99.47,15,118021802,23
2026-03-12,06:59:00,3,388,318,26,18,26,99.33,15,118021802,23
2026-03-12,07:14:00,3,449,387,29,18,15,102.01,15,118021802,23
2026-03-12,07:29:00,3,630,550,45,29,6,101.71,15,118021802,23
2026-03-12,07:44:00,3,713,622,50,25,16,92.90,15,118021802,23
2026-03-12,07:59:00,3,635,542,55,22,16,94.51,15,118021802,23
2026-03-12,08:14:00,3,660,570,49,27,14,94.69,15,118021802,23
2026-03-12,08:29:00,3,648,549,46,36,17,93.73,15,118021802,23
2026-03-12,08:44:00,3,693,578,63,34,18,92.22,15,118021802,23
2026-03-12,08:59:00,3,583,498,51,23,11,93.41,15,118021802,23
2026-03-12,09:14:00,3,442,357,41,28,16,100.24,15,118021802,23
2026-03-12,09:29:00,3,486,405,43,23,15,93.02,15,118021802,23
2026-03-12,09:44:00,3,426,349,35,30,12,99.22,15,118021802,23
2026-03-12,09:59:00,3,427,351,45,21,10,94.45,15,118021802,23
2026-03-12,10:14:00,3,439,374,24,23,18,93.87,15,118021802,23
2026-03-12,10:29:00,3,423,357,40,14,12,93.57,15,118021802,23
2026-03-12,10:44:00,3,391,330,27,23,11,95.44,15,118021802,23
2026-03-12,10:59:00,3,444,371,34,27,12,94.66,15,118021802,23
2026-03-12,11:14:00,3,487,412,42,19,14,93.30,15,118021802,23
2026-03-12,11:29:00,3,481,421,30,23,7,95.01,15,118021802,23
2026-03-12,11:44:00,3,474,414,29,18,13,94.80,15,118021802,23
2026-03-12,11:59:00,3,479,412,38,13,16,100.69,15,118021802,23
2026-03-12,12:14:00,3,480,435,22,14,9,94.48,15,118021802,23
2026-03-12,12:29:00,3,502,441,34,20,7,96.47,15,118021802,23
2026-03-12,12:44:00,3,492,440,29,10,13,94.40,15,118021802,23
2026-03-12,12:59:00,3,482,425,32,13,12,95.08,15,118021802,23
2026-03-12,13:14:00,3,471,417,26,16,12,95.92,15,118021802,23
2026-03-12,13:29:00,3,492,441,31,13,7,93.42,15,118021802,23
2026-03-12,13:44:00,3,519,453,31,20,15,92.76,15,118021802,23
2026-03-12,13:59:00,3,504,438,33,20,13,93.29,15,118021802,23
2026-03-12,14:14:00,3,494,439,38,10,7,94.65,15,118021802,23
2026-03-12,14:29:00,3,591,530,35,14,12,92.24,15,118021802,23
2026-03-12,14:44:00,3,605,542,33,18,12,94.24,15,118021802,23
2026-03-12,14:59:00,3,631,550,55,13,13,93.00,15,118021802,23
2026-03-12,15:14:00,3,667,602,32,13,20,93.82,15,118021802,23
2026-03-12,15:29:00,3,665,589,53,10,13,92.48,15,118021802,23
2026-03-12,15:44:00,3,760,674,55,17,14,91.66,15,118021802,23
2026-03-12,15:59:00,3,764,693,54,11,6,93.25,15,118021802,23
2026-03-12,16:14:00,3,766,711,46,4,5,94.44,15,118021802,23
2026-03-12,16:29:00,3,778,716,43,9,10,89.24,15,118021802,23
2026-03-12,16:44:00,3,764,712,41,9,2,82.64,15,118021802,23
2026-03-12,16:59:00,3,875,811,48,8,8,85.62,15,118021802,23
2026-03-12,17:14:00,3,874,831,31,6,6,86.47,15,118021802,23
2026-03-12,17:29:00,3,808,774,26,5,3,87.20,15,118021802,23
2026-03-12,17:44:00,3,780,738,30,6,6,87.66,15,118021802,23
2026-03-12,17:59:00,3,747,717,22,4,4,85.76,15,118021802,23
2026-03-12,18:14:00,3,630,602,21,1,6,87.73,15,118021802,23
2026-03-12,18:29:00,3,526,498,20,3,5,92.63,15,118021802,23
2026-03-12,18:44:00,3,493,473,12,3,5,91.07,15,118021802,23
2026-03-12,18:59:00,3,440,423,10,3,4,94.83,15,118021802,23
2026-03-12,19:14:00,3,467,452,8,6,1,93.67,15,118021802,23
2026-03-12,19:29:00,3,476,449,20,3,4,94.56,15,118021802,23
2026-03-12,19:44:00,3,365,347,10,5,3,93.03,15,118021802,23
2026-03-12,19:59:00,3,316,302,8,2,4,96.93,15,118021802,23
2026-03-12,20:14:00,3,277,266,7,1,3,97.00,15,118021802,23
2026-03-12,20:29:00,3,253,242,5,5,1,97.50,15,118021802,23
2026-03-12,20:44:00,3,207,195,7,4,1,96.55,15,118021802,23
2026-03-12,20:59:00,3,180,167,11,1,1,95.35,15,118021802,23
2026-03-12,21:14:00,3,191,179,7,3,2,95.79,15,118021802,23
2026-03-12,21:29:00,3,168,160,3,2,3,97.55,15,118021802,23
2026-03-12,21:44:00,3,144,139,3,1,1,102.44,15,118021802,23
2026-03-12,21:59:00,3,150,149,1,0,0,99.76,15,118021802,23
2026-03-12,22:14:00,3,163,158,1,1,3,100.03,15,118021802,23
2026-03-12,22:29:00,3,117,113,2,1,1,102.64,15,118021802,23
2026-03-12,22:44:00,3,88,83,2,1,2,103.84,15,118021802,23
2026-03-12,22:59:00,3,84,80,1,0,3,99.64,15,118021802,23
2026-03-12,23:14:00,3,62,58,2,0,2,102.18,15,118021802,23
2026-03-12,23:29:00,3,59,55,1,1,2,101.84,15,118021802,23
2026-03-12,23:44:00,3,58,54,1,1,2,97.48,15,118021802,23
2026-03-12,23:59:00,3,45,44,1,0,0,102.02,15,118021802,23
2026-03-13,00:14:00,4,40,36,1,1,2,98.25,15,118021802,23
2026-03-13,00:29:00,4,42,38,0,1,3,102.07,15,118021802,23
2026-03-13,00:44:00,4,29,28,0,0,1,97.21,15,118021802,23
2026-03-13,00:59:00,4,32,30,0,0,2,93.91,15,118021802,23
2026-03-13,01:14:00,4,23,20,0,1,2,96.63,15,118021802,23
2026-03-13,01:29:00,4,28,26,1,0,1,96.92,15,118021802,23
2026-03-13,01:44:00,4,13,8,0,0,5,85.78,15,118021802,23
2026-03-13,01:59:00,4,16,14,0,1,1,103.14,15,118021802,23
2026-03-13,02:14:00,4,16,16,0,0,0,95.77,15,118021802,23
2026-03-13,02:29:00,4,14,13,1,0,0,111.71,15,118021802,23
2026-03-13,02:44:00,4,13,5,1,1,6,89.19,15,118021802,23
2026-03-13,02:59:00,4,7,5,0,0,2,84.79,15,118021802,23
2026-03-13,03:14:00,4,12,6,1,1,4,95.53,15,118021802,23
2026-03-13,03:29:00,4,15,11,2,2,0,104.88,15,118021802,23
2026-03-13,03:44:00,4,13,9,0,1,3,85.36,15,118021802,23
2026-03-13,03:59:00,4,14,12,1,0,1,100.96,15,118021802,23
2026-03-13,04:14:00,4,18,14,1,3,0,93.27,15,118021802,23
2026-03-13,04:29:00,4,21,14,1,1,5,90.80,15,118021802,23
2026-03-13,04:44:00,4,26,19,0,3,4,96.20,15,118021802,23
2026-03-13,04:59:00,4,21,16,3,1,1,97.10,15,118021802,23
2026-03-13,05:14:00,4,51,32,5,5,9,94.09,15,118021802,23
2026-03-13,05:29:00,4,64,49,2,2,11,95.58,15,118021802,23
2026-03-13,05:44:00,4,74,60,2,2,10,99.43,15,118021802,23
2026-03-13,05:59:00,4,85,66,7,6,6,97.62,15,118021802,23
2026-03-13,06:14:00,4,131,103,6,11,11,97.55,15,118021802,23
2026-03-13,06:29:00,4,202,155,13,16,18,96.86,15,118021802,23
2026-03-13,06:44:00,4,274,231,18,10,15,99.43,15,118021802,23
2026-03-13,06:59:00,4,294,239,24,11,20,93.61,15,118021802,23
2026-03-13,07:14:00,4,462,399,25,21,17,94.90,15,118021802,23
2026-03-13,07:29:00,4,544,468,35,21,20,95.62,15,118021802,23
2026-03-13,07:44:00,4,670,597,31,29,13,91.06,15,118021802,23
2026-03-13,07:59:00,4,626,539,46,27,14,96.14,15,118021802,23
2026-03-13,08:14:00,4,663,569,46,31,17,92.68,15,118021802,23
2026-03-13,08:29:00,4,593,488,56,30,19,97.03,15,118021802,23
2026-03-13,08:44:00,4,552,453,57,28,14,98.41,15,118021802,23
2026-03-13,08:59:00,4,484,410,42,23,9,95.10,15,118021802,23
2026-03-13,09:14:00,4,501,450,34,12,5,95.45,15,118021802,23
2026-03-13,09:29:00,4,477,392,51,21,13,96.49,15,118021802,23
2026-03-13,09:44:00,4,491,408,45,27,11,98.49,15,118021802,23
2026-03-13,09:59:00,4,490,414,35,23,18,94.11,15,118021802,23
2026-03-13,10:14:00,4,493,417,49,17,10,95.11,15,118021802,23
2026-03-13,10:29:00,4,520,456,37,16,11,96.27,15,118021802,23
2026-03-13,10:44:00,4,483,421,28,25,9,98.65,15,118021802,23
2026-03-13,10:59:00,4,542,472,39,17,14,94.74,15,118021802,23
2026-03-13,11:14:00,4,529,458,33,22,16,101.30,15,118021802,23
2026-03-13,11:29:00,4,553,477,38,24,14,94.03,15,118021802,23
2026-03-13,11:44:00,4,595,526,35,21,13,95.70,15,118021802,23
2026-03-13,11:59:00,4,615,552,37,17,9,99.08,15,118021802,23
2026-03-13,12:14:00,4,601,537,37,12,15,96.89,15,118021802,23
2026-03-13,12:29:00,4,607,543,32,18,14,97.42,15,118021802,23
2026-03-13,12:44:00,4,637,565,44,14,14,97.45,15,118021802,23
2026-03-13,12:59:00,4,649,585,37,12,15,96.72,15,118021802,23
2026-03-13,13:14:00,4,648,589,33,14,12,95.75,15,118021802,23
2026-03-13,13:29:00,4,686,626,35,20,5,95.88,15,118021802,23
2026-03-13,13:44:00,4,689,616,41,19,13,94.88,15,118021802,23
2026-03-13,13:59:00,4,603,530,41,17,15,97.40,15,118021802,23
2026-03-13,14:14:00,4,683,615,39,15,14,96.06,15,118021802,23
2026-03-13,14:29:00,4,726,652,50,14,10,97.51,15,118021802,23
2026-03-13,14:44:00,4,797,726,50,11,10,95.29,15,118021802,23
2026-03-13,14:59:00,4,775,707,42,15,11,95.39,15,118021802,23
2026-03-13,15:14:00,4,819,734,53,12,20,96.21,15,118021802,23
2026-03-13,15:29:00,4,873,781,66,14,12,95.60,15,118021802,23
2026-03-13,15:44:00,4,848,782,45,6,15,94.23,15,118021802,23
2026-03-13,15:59:00,4,887,815,49,9,14,94.52,15,118021802,23
2026-03-13,16:14:00,4,895,836,42,8,9,95.34,15,118021802,23
2026-03-13,16:29:00,4,847,793,35,11,8,96.53,15,118021802,23
2026-03-13,16:44:00,4,858,804,43,7,4,95.88,15,118021802,23
2026-03-13,16:59:00,4,881,832,34,10,5,93.42,15,118021802,23
2026-03-13,17:14:00,4,864,824,30,7,3,92.13,15,118021802,23
2026-03-13,17:29:00,4,865,812,41,4,8,93.96,15,118021802,23
2026-03-13,17:44:00,4,736,706,24,3,3,97.53,15,118021802,23
2026-03-13,17:59:00,4,614,584,23,3,4,100.21,15,118021802,23
2026-03-13,18:14:00,4,647,621,20,4,2,98.90,15,118021802,23
2026-03-13,18:29:00,4,547,515,22,4,6,97.73,15,118021802,23
2026-03-13,18:44:00,4,533,514,14,0,5,98.49,15,118021802,23
2026-03-13,18:59:00,4,478,459,13,3,3,96.58,15,118021802,23
2026-03-13,19:14:00,4,450,425,21,1,3,98.15,15,118021802,23
2026-03-13,19:29:00,4,396,383,13,1,0,100.14,14,118021802,23
2026-03-13,19:44:00,4,405,391,10,2,2,100.70,15,118021802,23
2026-03-13,19:59:00,4,328,318,6,3,1,100.11,15,118021802,23
2026-03-13,20:14:00,4,278,264,8,4,2,99.20,15,118021802,23
2026-03-13,20:29:00,4,260,252,6,2,0,102.71,15,118021802,23
2026-03-13,20:44:00,4,272,264,7,0,1,100.64,15,118021802,23
2026-03-13,20:59:00,4,252,243,7,0,2,99.54,15,118021802,23
2026-03-13,21:14:00,4,203,192,5,3,3,101.65,15,118021802,23
2026-03-13,21:29:00,4,196,193,1,1,1,100.65,15,118021802,23
2026-03-13,21:44:00,4,207,203,3,0,1,100.38,15,118021802,23
2026-03-13,21:59:00,4,201,193,4,1,3,100.55,15,118021802,23
2026-03-13,22:14:00,4,184,181,2,1,0,101.70,15,118021802,23
2026-03-13,22:29:00,4,128,124,3,1,0,102.71,15,118021802,23
2026-03-13,22:44:00,4,142,138,3,0,1,99.55,15,118021802,23
2026-03-13,22:59:00,4,124,120,3,0,1,100.35,15,118021802,23
2026-03-13,23:14:00,4,100,97,3,0,0,105.31,15,118021802,23
2026-03-13,23:29:00,4,118,113,4,1,0,104.28,15,118021802,23
2026-03-13,23:44:00,4,89,83,3,0,3,103.80,15,118021802,23
2026-03-13,23:59:00,4,60,59,0,0,1,104.77,15,118021802,23
2026-03-14,00:14:00,5,82,78,2,2,0,101.67,15,118021802,23
2026-03-14,00:29:00,5,63,60,0,0,3,108.75,15,118021802,23
2026-03-14,00:44:00,5,40,38,2,0,0,97.80,15,118021802,23
2026-03-14,00:59:00,5,47,41,1,3,2,96.48,15,118021802,23
2026-03-14,01:14:00,5,29,25,2,2,0,97.10,15,118021802,23
2026-03-14,01:29:00,5,28,22,0,2,4,90.94,15,118021802,23
2026-03-14,01:44:00,5,24,23,0,1,0,93.07,15,118021802,23
2026-03-14,01:59:00,5,18,13,1,2,2,89.59,15,118021802,23
2026-03-14,02:14:00,5,21,16,1,3,1,96.00,15,118021802,23
2026-03-14,02:29:00,5,10,9,0,0,1,93.18,15,118021802,23
2026-03-14,02:44:00,5,12,11,1,0,0,108.14,15,118021802,23
2026-03-14,02:59:00,5,17,13,2,0,2,103.43,15,118021802,23
2026-03-14,03:14:00,5,20,18,2,0,0,96.54,15,118021802,23
2026-03-14,03:29:00,5,8,7,1,0,0,103.99,15,118021802,23
2026-03-14,03:44:00,5,20,19,1,0,0,101.95,15,118021802,23
2026-03-14,03:59:00,5,17,14,3,0,0,93.89,15,118021802,23
2026-03-14,04:14:00,5,21,15,0,1,5,103.88,14,118021802,23
2026-03-14,04:29:00,5,20,14,1,0,5,93.15,15,118021802,23
2026-03-14,04:44:00,5,18,16,0,2,0,98.30,15,118021802,23
2026-03-14,04:59:00,5,35,28,3,2,2,101.71,15,118021802,23
2026-03-14,05:14:00,5,33,25,2,1,5,97.92,15,118021802,23
2026-03-14,05:29:00,5,44,35,2,4,2,98.21,14,118021802,23
2026-03-14,05:44:00,5,64,53,4,3,4,99.72,15,118021802,23
2026-03-14,05:59:00,5,52,45,4,1,2,102.50,15,118021802,23
2026-03-14,06:14:00,5,67,57,1,6,3,103.76,15,118021802,23
2026-03-14,06:29:00,5,91,80,4,4,3,103.59,15,118021802,23
2026-03-14,06:44:00,5,127,104,15,5,3,100.75,15,118021802,23
2026-03-14,06:59:00,5,113,100,6,2,5,101.37,15,118021802,23
2026-03-14,07:14:00,5,128,107,10,5,6,100.94,15,118021802,23
2026-03-14,07:29:00,5,133,115,11,4,3,98.29,15,118021802,23
2026-03-14,07:44:00,5,186,165,11,6,4,100.06,15,118021802,23
2026-03-14,07:59:00,5,197,174,12,8,3,99.75,15,118021802,23
2026-03-14,08:14:00,5,236,215,5,9,7,98.09,15,118021802,23
2026-03-14,08:29:00,5,312,283,12,15,2,100.24,15,118021802,23
2026-03-14,08:44:00,5,415,385,17,7,6,98.97,15,118021802,23
2026-03-14,08:59:00,5,395,372,13,8,2,101.25,15,118021802,23
2026-03-14,09:14:00,5,377,351,19,6,1,100.67,15,118021802,23
2026-03-14,09:29:00,5,424,399,17,4,4,99.35,15,118021802,23
2026-03-14,09:44:00,5,488,464,16,6,2,100.41,15,118021802,23
2026-03-14,09:59:00,5,502,479,14,7,2,99.25,15,118021802,23
2026-03-14,10:14:00,5,571,541,21,6,3,98.87,15,118021802,23
2026-03-14,10:29:00,5,636,606,22,4,4,98.03,15,118021802,23
2026-03-14,10:44:00,5,660,637,19,3,1,96.52,15,118021802,23
2026-03-14,10:59:00,5,589,558,14,10,7,97.78,15,118021802,23
2026-03-14,11:14:00,5,739,710,26,2,1,96.83,15,118021802,23
2026-03-14,11:29:00,5,696,654,29,11,2,95.93,15,118021802,23
2026-03-14,11:44:00,5,682,651,22,6,3,95.36,15,118021802,23
2026-03-14,11:59:00,5,754,717,28,6,3,96.76,15,118021802,23
2026-03-14,12:14:00,5,815,788,21,4,2,96.53,15,118021802,23
2026-03-14,12:29:00,5,716,696,16,2,2,97.57,15,118021802,23
2026-03-14,12:44:00,5,689,656,30,0,3,98.51,15,118021802,23
2026-03-14,12:59:00,5,587,558,25,3,1,98.91,15,118021802,23
2026-03-14,13:14:00,5,624,604,14,4,2,99.89,15,118021802,23
2026-03-14,13:29:00,5,593,561,21,10,1,98.44,15,118021802,23
2026-03-14,13:44:00,5,587,567,16,2,2,97.65,15,118021802,23
2026-03-14,13:59:00,5,565,534,19,12,0,98.05,15,118021802,23
2026-03-14,14:14:00,5,682,656,18,7,1,96.95,15,118021802,23
2026-03-14,14:29:00,5,563,544,16,3,0,101.20,15,118021802,23
2026-03-14,14:44:00,5,634,614,18,2,0,98.64,15,118021802,23
2026-03-14,14:59:00,5,618,582,29,7,0,97.88,15,118021802,23
2026-03-14,15:14:00,5,691,662,21,5,3,98.69,15,118021802,23
2026-03-14,15:29:00,5,639,607,21,7,4,98.78,15,118021802,23
2026-03-14,15:44:00,5,614,597,11,3,3,100.10,15,118021802,23
2026-03-14,15:59:00,5,612,582,20,6,4,98.62,15,118021802,23
2026-03-14,16:14:00,5,600,573,25,1,1,98.94,15,118021802,23
2026-03-14,16:29:00,5,659,635,18,4,2,98.16,15,118021802,23
2026-03-14,16:44:00,5,583,566,12,2,3,98.24,15,118021802,23
2026-03-14,16:59:00,5,578,556,17,3,2,99.09,15,118021802,23
2026-03-14,17:14:00,5,565,543,17,4,1,100.07,15,118021802,23
2026-03-14,17:29:00,5,560,543,13,1,3,100.56,15,118021802,23
2026-03-14,17:44:00,5,539,524,10,4,1,98.98,15,118021802,23
2026-03-14,17:59:00,5,494,478,11,5,0,101.72,15,118021802,23
2026-03-14,18:14:00,5,502,484,13,2,3,99.87,15,118021802,23
2026-03-14,18:29:00,5,445,420,19,4,2,99.00,15,118021802,23
2026-03-14,18:44:00,5,394,379,13,0,2,99.71,15,118021802,23
2026-03-14,18:59:00,5,438,426,7,3,2,98.26,15,118021802,23
2026-03-14,19:14:00,5,360,347,13,0,0,97.79,15,118021802,23
2026-03-14,19:29:00,5,331,320,6,3,2,99.90,15,118021802,23
2026-03-14,19:44:00,5,331,320,4,4,3,98.77,15,118021802,23
2026-03-14,19:59:00,5,287,278,6,1,2,99.12,15,118021802,23
2026-03-14,20:14:00,5,265,254,6,3,2,100.87,15,118021802,23
2026-03-14,20:29:00,5,210,203,3,2,2,100.83,15,118021802,23
2026-03-14,20:44:00,5,201,198,2,0,1,100.84,15,118021802,23
2026-03-14,20:59:00,5,177,169,3,4,1,98.49,15,118021802,23
2026-03-14,21:14:00,5,158,155,1,1,1,101.29,15,118021802,23
2026-03-14,21:29:00,5,155,145,4,1,5,104.86,15,118021802,23
2026-03-14,21:44:00,5,142,134,5,0,3,100.77,15,118021802,23
2026-03-14,21:59:00,5,169,162,5,2,0,99.30,15,118021802,23
2026-03-14,22:14:00,5,141,141,0,0,0,98.91,15,118021802,23
2026-03-14,22:29:00,5,127,125,2,0,0,100.27,15,118021802,23
2026-03-14,22:44:00,5,146,139,4,2,1,101.35,15,118021802,23
2026-03-14,22:59:00,5,129,123,3,3,0,103.25,15,118021802,23
2026-03-14,23:14:00,5,107,103,2,0,2,101.35,15,118021802,23
2026-03-14,23:29:00,5,90,87,2,0,1,98.90,15,118021802,23
2026-03-14,23:44:00,5,83,76,6,0,1,97.79,15,118021802,23
2026-03-14,23:59:00,5,72,70,1,1,0,101.26,15,118021802,23
2026-03-15,00:14:00,6,76,69,6,0,1,99.78,15,118021802,23
2026-03-15,00:29:00,6,58,56,1,1,0,99.03,15,118021802,23
2026-03-15,00:44:00,6,34,31,3,0,0,100.44,15,118021802,23
2026-03-15,00:59:00,6,37,32,1,1,3,98.79,15,118021802,23
2026-03-15,01:14:00,6,37,32,4,0,1,98.93,15,118021802,23
2026-03-15,01:29:00,6,34,32,1,0,1,102.13,15,118021802,23
2026-03-15,01:44:00,6,18,18,0,0,0,98.90,15,118021802,23
2026-03-15,01:59:00,6,22,21,0,1,0,103.05,15,118021802,23
2026-03-15,02:14:00,6,17,16,0,0,1,104.09,15,118021802,23
2026-03-15,02:29:00,6,24,22,1,0,1,103.28,15,118021802,23
2026-03-15,02:44:00,6,19,18,0,0,1,99.33,15,118021802,23
2026-03-15,02:59:00,6,14,14,0,0,0,104.67,15,118021802,23
2026-03-15,03:14:00,6,29,28,0,1,0,100.49,15,118021802,23
2026-03-15,03:29:00,6,25,23,0,0,2,98.63,15,118021802,23
2026-03-15,03:44:00,6,17,16,0,0,1,106.93,15,118021802,23
2026-03-15,03:59:00,6,20,18,0,0,2,99.96,15,118021802,23
2026-03-15,04:14:00,6,14,13,0,0,1,102.26,15,118021802,23
2026-03-15,04:29:00,6,16,13,1,1,1,101.18,15,118021802,23
2026-03-15,04:44:00,6,20,18,1,0,1,99.03,15,118021802,23
2026-03-15,04:59:00,6,21,21,0,0,0,96.29,15,118021802,23
2026-03-15,05:14:00,6,21,17,2,0,2,103.90,15,118021802,23
2026-03-15,05:29:00,6,36,33,1,0,2,101.75,15,118021802,23
2026-03-15,05:44:00,6,56,53,0,1,2,102.55,15,118021802,23
2026-03-15,05:59:00,6,34,32,0,0,2,106.64,15,118021802,23
2026-03-15,06:14:00,6,54,53,0,0,1,103.61,15,118021802,23
2026-03-15,06:29:00,6,69,60,5,2,2,106.99,15,118021802,23
2026-03-15,06:44:00,6,105,101,2,0,2,108.86,15,118021802,23
2026-03-15,06:59:00,6,72,65,4,0,3,106.08,15,118021802,23
2026-03-15,07:14:00,6,87,77,4,3,3,102.64,15,118021802,23
2026-03-15,07:29:00,6,100,89,8,1,2,100.25,15,118021802,23
2026-03-15,07:44:00,6,115,113,1,1,0,103.72,15,118021802,23
2026-03-15,07:59:00,6,102,90,4,6,2,102.81,15,118021802,23
2026-03-15,08:14:00,6,115,105,6,3,1,99.71,15,118021802,23
2026-03-15,08:29:00,6,154,143,10,1,0,100.23,15,118021802,23
2026-03-15,08:44:00,6,211,198,11,0,2,102.00,15,118021802,23
2026-03-15,08:59:00,6,206,191,6,6,3,100.88,15,118021802,23
2026-03-15,09:14:00,6,293,274,11,7,1,101.09,15,118021802,23
2026-03-15,09:29:00,6,307,290,13,3,1,101.63,15,118021802,23
2026-03-15,09:44:00,6,383,362,11,8,2,100.12,15,118021802,23
2026-03-15,09:59:00,6,440,430,8,1,1,99.74,15,118021802,23
2026-03-15,10:14:00,6,413,391,18,2,2,98.34,15,118021802,23
2026-03-15,10:29:00,6,537,518,17,2,0,97.72,15,118021802,23
2026-03-15,10:44:00,6,567,547,11,5,4,97.16,15,118021802,23
2026-03-15,10:59:00,6,598,573,18,6,1,95.70,15,118021802,23
2026-03-15,11:14:00,6,638,613,18,6,1,97.77,15,118021802,23
2026-03-15,11:29:00,6,636,608,23,3,2,94.59,15,118021802,23
2026-03-15,11:44:00,6,671,652,15,4,0,96.15,15,118021802,23
2026-03-15,11:59:00,6,684,664,16,2,2,97.18,15,118021802,23
2026-03-15,12:14:00,6,682,665,13,2,2,97.59,15,118021802,23
2026-03-15,12:29:00,6,722,701,20,1,0,96.93,15,118021802,23
2026-03-15,12:44:00,6,668,652,11,4,1,95.74,15,118021802,23
2026-03-15,12:59:00,6,700,681,16,1,2,95.67,15,118021802,23
2026-03-15,13:14:00,6,689,672,15,2,0,94.92,15,118021802,23
2026-03-15,13:29:00,6,602,586,13,2,1,97.05,15,118021802,23
2026-03-15,13:44:00,6,572,554,15,2,1,96.96,15,118021802,23
2026-03-15,13:59:00,6,591,575,12,4,0,95.16,15,118021802,23
2026-03-15,14:14:00,6,522,508,11,2,1,97.55,15,118021802,23
2026-03-15,14:29:00,6,577,557,17,2,1,96.31,15,118021802,23
2026-03-15,14:44:00,6,510,499,8,2,1,96.52,15,118021802,23
2026-03-15,14:59:00,6,537,519,11,6,1,98.47,15,118021802,23
2026-03-15,15:14:00,6,504,488,12,4,0,99.61,15,118021802,23
2026-03-15,15:29:00,6,505,490,11,3,1,100.64,15,118021802,23
2026-03-15,15:44:00,6,483,462,17,4,0,104.54,15,118021802,23
2026-03-15,15:59:00,6,499,483,12,2,2,100.67,15,118021802,23
2026-03-15,16:14:00,6,559,534,24,1,0,99.28,15,118021802,23
2026-03-15,16:29:00,6,510,496,11,1,2,101.06,15,118021802,23
2026-03-15,16:44:00,6,501,487,12,1,1,99.71,15,118021802,23
2026-03-15,16:59:00,6,453,441,11,1,0,99.08,15,118021802,23
2026-03-15,17:14:00,6,434,423,8,1,2,99.44,15,118021802,23
2026-03-15,17:29:00,6,372,366,5,1,0,100.42,15,118021802,23
2026-03-15,17:44:00,6,397,380,9,3,5,100.43,15,118021802,23
2026-03-15,17:59:00,6,379,362,14,1,2,100.83,15,118021802,23
2026-03-15,18:14:00,6,390,373,14,3,0,100.38,15,118021802,23
2026-03-15,18:29:00,6,343,339,4,0,0,100.48,15,118021802,23
2026-03-15,18:44:00,6,368,353,11,1,3,100.54,15,118021802,23
2026-03-15,18:59:00,6,299,292,5,2,0,100.26,15,118021802,23
2026-03-15,19:14:00,6,250,243,5,0,2,101.31,15,118021802,23
2026-03-15,19:29:00,6,260,246,9,3,2,99.01,15,118021802,23
2026-03-15,19:44:00,6,239,231,7,0,1,97.94,15,118021802,23
2026-03-15,19:59:00,6,242,236,2,3,1,97.81,15,118021802,23
2026-03-15,20:14:00,6,194,189,3,1,1,100.14,15,118021802,23
2026-03-15,20:29:00,6,175,173,1,1,0,96.75,15,118021802,23
2026-03-15,20:44:00,6,167,159,4,0,4,102.38,15,118021802,23
2026-03-15,20:59:00,6,150,145,4,0,1,99.11,15,118021802,23
2026-03-15,21:14:00,6,115,114,1,0,0,101.67,15,118021802,23
2026-03-15,21:29:00,6,161,155,6,0,0,96.74,15,118021802,23
2026-03-15,21:44:00,6,138,131,7,0,0,96.96,15,118021802,23
2026-03-15,21:59:00,6,132,127,4,0,1,100.56,15,118021802,23
2026-03-15,22:14:00,6,99,94,4,0,1,99.52,15,118021802,23
2026-03-15,22:29:00,6,78,74,2,0,2,101.03,15,118021802,23
2026-03-15,22:44:00,6,73,61,6,2,4,101.72,15,118021802,23
2026-03-15,22:59:00,6,60,58,1,0,1,100.61,15,118021802,23
2026-03-15,23:14:00,6,55,51,2,1,1,101.57,15,118021802,23
2026-03-15,23:29:00,6,52,48,1,2,1,101.20,15,118021802,23
2026-03-15,23:44:00,6,37,34,1,1,1,100.78,15,118021802,23
2026-03-15,23:59:00,6,32,29,1,2,0,99.97,15,118021802,23
2026-03-16,00:14:00,0,43,41,1,1,0,103.21,15,118021802,23
2026-03-16,00:29:00,0,28,23,1,2,2,98.30,15,118021802,23
2026-03-16,00:44:00,0,16,15,0,1,0,97.44,15,118021802,23
2026-03-16,00:59:00,0,24,22,0,0,2,99.32,15,118021802,23
2026-03-16,01:14:00,0,19,15,2,0,2,99.70,15,118021802,23
2026-03-16,01:29:00,0,18,16,1,1,0,94.71,15,118021802,23
2026-03-16,01:44:00,0,12,10,0,0,2,92.92,15,118021802,23
2026-03-16,01:59:00,0,18,14,1,0,3,96.06,15,118021802,23
2026-03-16,02:14:00,0,12,10,0,0,2,98.33,15,118021802,23
2026-03-16,02:29:00,0,9,8,1,0,0,94.57,15,118021802,23
2026-03-16,02:44:00,0,8,7,0,0,1,105.53,15,118021802,23
2026-03-16,02:59:00,0,15,13,1,0,1,110.72,15,118021802,23
2026-03-16,03:14:00,0,14,10,2,0,2,95.26,15,118021802,23
2026-03-16,03:29:00,0,17,14,1,1,1,96.70,15,118021802,23
2026-03-16,03:44:00,0,11,9,1,0,1,103.07,15,118021802,23
2026-03-16,03:59:00,0,11,7,0,2,2,87.60,15,118021802,23
2026-03-16,04:14:00,0,17,10,3,1,3,91.22,15,118021802,23
2026-03-16,04:29:00,0,19,14,3,1,1,104.30,15,118021802,23
2026-03-16,04:44:00,0,27,16,1,4,6,97.34,15,118021802,23
2026-03-16,04:59:00,0,27,19,2,4,2,102.12,15,118021802,23
2026-03-16,05:14:00,0,39,29,3,2,5,97.95,15,118021802,23
2026-03-16,05:29:00,0,65,49,3,5,8,99.52,15,118021802,23
2026-03-16,05:44:00,0,107,80,6,5,16,101.05,15,118021802,23
2026-03-16,05:59:00,0,100,85,3,3,9,99.19,15,118021802,23
2026-03-16,06:14:00,0,143,111,9,3,20,96.99,15,118021802,23
2026-03-16,06:29:00,0,229,181,19,19,10,101.37,15,118021802,23
2026-03-16,06:44:00,0,312,257,25,17,13,98.61,15,118021802,23
2026-03-16,06:59:00,0,374,293,36,21,24,97.14,15,118021802,23
2026-03-16,07:14:00,0,410,348,34,12,16,97.16,15,118021802,23
2026-03-16,07:29:00,0,561,496,35,19,11,93.02,15,118021802,23
2026-03-16,07:44:00,0,636,580,38,13,5,93.49,15,118021802,23
2026-03-16,07:59:00,0,589,512,45,19,13,97.25,15,118021802,23
2026-03-16,08:14:00,0,601,522,49,21,9,99.40,15,118021802,23
2026-03-16,08:29:00,0,637,559,38,19,21,92.27,15,118021802,23
2026-03-16,08:44:00,0,674,560,64,34,16,91.26,15,118021802,23
2026-03-16,08:59:00,0,605,492,60,35,18,92.63,15,118021802,23
2026-03-16,09:14:00,0,539,453,48,25,13,93.06,15,118021802,23
2026-03-16,09:29:00,0,491,411,50,22,8,92.79,15,118021802,23
2026-03-16,09:44:00,0,424,364,34,11,15,95.49,15,118021802,23
2026-03-16,09:59:00,0,432,361,32,24,15,95.44,15,118021802,23
2026-03-16,10:14:00,0,425,352,41,15,17,93.15,15,118021802,23
2026-03-16,10:29:00,0,444,370,35,26,13,95.59,15,118021802,23
2026-03-16,10:44:00,0,456,382,41,22,11,94.15,15,118021802,23
2026-03-16,10:59:00,0,461,404,23,16,18,94.51,15,118021802,23
2026-03-16,11:14:00,0,444,384,30,12,18,95.07,15,118021802,23
2026-03-16,11:29:00,0,491,424,35,23,9,94.04,15,118021802,23
2026-03-16,11:44:00,0,463,408,26,17,12,94.80,15,118021802,23
2026-03-16,11:59:00,0,467,403,28,26,10,96.28,15,118021802,23
2026-03-16,12:14:00,0,499,437,29,20,13,95.25,15,118021802,23
2026-03-16,12:29:00,0,502,440,25,20,17,95.70,15,118021802,23
2026-03-16,12:44:00,0,541,487,41,6,7,95.64,15,118021802,23
2026-03-16,12:59:00,0,535,470,25,23,17,95.20,15,118021802,23
2026-03-16,13:14:00,0,505,452,24,13,16,101.22,15,118021802,23
2026-03-16,13:29:00,0,531,464,41,16,10,95.44,15,118021802,23
2026-03-16,13:44:00,0,520,460,42,10,8,94.66,15,118021802,23
2026-03-16,13:59:00,0,523,464,31,16,12,95.81,15,118021802,23
2026-03-16,14:14:00,0,479,422,30,15,12,96.80,15,118021802,23
2026-03-16,14:29:00,0,556,505,25,16,10,96.25,15,118021802,23
2026-03-16,14:44:00,0,525,482,20,14,9,97.52,15,118021802,23
2026-03-16,14:59:00,0,456,411,27,11,7,98.04,15,118021802,23
2026-03-16,15:14:00,0,655,590,40,12,13,97.30,15,118021802,23
2026-03-16,15:29:00,0,720,629,66,13,12,94.34,15,118021802,23
2026-03-16,15:44:00,0,759,682,46,15,16,95.57,15,118021802,23
2026-03-16,15:59:00,0,725,650,60,11,4,96.30,15,118021802,23
2026-03-16,16:14:00,0,837,758,59,12,8,96.41,15,118021802,23
2026-03-16,16:29:00,0,1020,931,71,11,7,92.97,15,118021802,23
2026-03-16,16:44:00,0,990,925,51,10,4,94.70,15,118021802,23
2026-03-16,16:59:00,0,936,872,48,8,8,95.84,15,118021802,23
2026-03-16,17:14:00,0,1043,986,41,4,12,92.74,15,118021802,23
2026-03-16,17:29:00,0,1034,989,31,2,12,93.73,15,118021802,23
2026-03-16,17:44:00,0,879,837,30,3,9,94.34,15,118021802,23
2026-03-16,17:59:00,0,695,662,26,4,3,93.12,15,118021802,23
2026-03-16,18:14:00,0,634,601,20,3,10,97.70,15,118021802,23
2026-03-16,18:29:00,0,550,520,18,4,8,97.29,15,118021802,23
2026-03-16,18:44:00,0,492,470,15,2,5,95.59,15,118021802,23
2026-03-16,18:59:00,0,430,404,18,1,7,93.15,15,118021802,23
2026-03-16,19:14:00,0,389,369,15,2,3,93.75,15,118021802,23
2026-03-16,19:29:00,0,388,364,13,5,6,98.46,15,118021802,23
2026-03-16,19:44:00,0,359,344,11,2,2,99.86,15,118021802,23
2026-03-16,19:59:00,0,277,266,7,2,2,101.19,15,118021802,23
2026-03-16,20:14:00,0,287,274,10,3,0,100.23,15,118021802,23
2026-03-16,20:29:00,0,254,237,10,1,6,98.90,15,118021802,23
2026-03-16,20:44:00,0,188,184,1,1,2,102.85,15,118021802,23
2026-03-16,20:59:00,0,213,204,6,1,2,101.88,15,118021802,23
2026-03-16,21:14:00,0,137,135,1,1,0,103.43,15,118021802,23
2026-03-16,21:29:00,0,174,170,1,2,1,100.99,15,118021802,23
2026-03-16,21:44:00,0,138,132,3,1,2,101.77,15,118021802,23
2026-03-16,21:59:00,0,133,128,3,0,2,101.99,15,118021802,23
2026-03-16,22:14:00,0,143,138,2,2,1,101.46,15,118021802,23
2026-03-16,22:29:00,0,101,96,3,1,1,102.39,15,118021802,23
2026-03-16,22:44:00,0,89,86,2,0,1,103.15,15,118021802,23
2026-03-16,22:59:00,0,66,57,3,2,4,97.21,15,118021802,23
2026-03-16,23:14:00,0,58,56,2,0,0,103.61,15,118021802,23
2026-03-16,23:29:00,0,64,62,1,1,0,102.42,15,118021802,23
2026-03-16,23:44:00,0,49,46,2,0,1,105.04,15,118021802,23
2026-03-16,23:59:00,0,28,26,0,0,2,97.81,15,118021802,23
2026-03-17,00:14:00,1,42,39,1,2,0,100.81,15,118021802,23
2026-03-17,00:29:00,1,35,28,3,2,2,98.13,15,118021802,23
2026-03-17,00:44:00,1,23,20,0,1,2,97.80,15,118021802,23
2026-03-17,00:59:00,1,25,25,0,0,0,105.50,15,118021802,23
2026-03-17,01:14:00,1,27,25,1,0,1,102.36,15,118021802,23
2026-03-17,01:29:00,1,20,17,0,1,2,97.73,15,118021802,23
2026-03-17,01:44:00,1,16,14,1,1,0,101.45,15,118021802,23
2026-03-17,01:59:00,1,17,13,0,1,3,94.31,15,118021802,23
2026-03-17,02:14:00,1,17,12,4,0,1,93.70,15,118021802,23
2026-03-17,02:29:00,1,8,8,0,0,0,95.63,15,118021802,23
2026-03-17,02:44:00,1,13,10,0,1,2,100.06,15,118021802,23
2026-03-17,02:59:00,1,10,9,1,0,0,94.39,15,118021802,23
2026-03-17,03:14:00,1,17,12,1,1,3,92.17,15,118021802,23
2026-03-17,03:29:00,1,15,13,0,1,1,92.60,15,118021802,23
2026-03-17,03:44:00,1,5,3,0,1,1,87.17,15,118021802,23
2026-03-17,03:59:00,1,17,10,3,0,4,105.27,15,118021802,23
2026-03-17,04:14:00,1,19,14,3,2,0,95.81,15,118021802,23
2026-03-17,04:29:00,1,15,8,3,2,2,89.79,15,118021802,23
2026-03-17,04:44:00,1,17,13,0,2,2,102.71,15,118021802,23
2026-03-17,04:59:00,1,41,26,2,5,8,94.43,15,118021802,23
2026-03-17,05:14:00,1,46,34,2,5,5,101.75,15,118021802,23
2026-03-17,05:29:00,1,67,52,4,6,5,95.57,15,118021802,23
2026-03-17,05:44:00,1,71,49,6,5,11,97.38,15,118021802,23
2026-03-17,05:59:00,1,104,81,4,9,10,99.57,15,118021802,23
2026-03-17,06:14:00,1,152,120,9,6,17,100.47,15,118021802,23
2026-03-17,06:29:00,1,227,181,17,11,18,98.58,15,118021802,23
2026-03-17,06:44:00,1,304,254,17,14,19,99.41,15,118021802,23
2026-03-17,06:59:00,1,382,309,27,21,25,98.57,15,118021802,23
2026-03-17,07:14:00,1,500,433,26,21,20,96.93,15,118021802,23
2026-03-17,07:29:00,1,607,535,40,22,10,99.87,15,118021802,23
2026-03-17,07:44:00,1,723,632,58,14,19,93.18,15,118021802,23
2026-03-17,07:59:00,1,704,627,46,24,7,93.66,15,118021802,23
2026-03-17,08:14:00,1,642,566,44,16,16,93.75,15,118021802,23
2026-03-17,08:29:00,1,670,563,55,37,15,93.07,15,118021802,23
2026-03-17,08:44:00,1,650,546,53,38,13,92.90,15,118021802,23
2026-03-17,08:59:00,1,560,485,42,20,13,95.10,15,118021802,23
2026-03-17,09:14:00,1,517,425,53,28,11,93.88,15,118021802,23
2026-03-17,09:29:00,1,425,351,40,21,13,95.22,15,118021802,23
2026-03-17,09:44:00,1,495,391,62,23,19,93.67,15,118021802,23
2026-03-17,09:59:00,1,436,349,46,24,17,97.58,15,118021802,23
2026-03-17,10:14:00,1,469,399,40,17,13,95.89,15,118021802,23
2026-03-17,10:29:00,1,471,402,32,24,13,95.46,15,118021802,23
2026-03-17,10:44:00,1,444,379,37,17,11,95.47,15,118021802,23
2026-03-17,10:59:00,1,463,394,37,18,14,94.31,15,118021802,23
2026-03-17,11:14:00,1,487,410,41,20,16,93.14,15,118021802,23
2026-03-17,11:29:00,1,480,408,44,17,11,96.02,15,118021802,23
2026-03-17,11:44:00,1,469,402,49,11,7,95.89,15,118021802,23
2026-03-17,11:59:00,1,521,460,28,22,11,94.18,15,118021802,23
2026-03-17,12:14:00,1,505,439,28,25,13,96.65,15,118021802,23
2026-03-17,12:29:00,1,524,466,30,13,15,93.43,15,118021802,23
2026-03-17,12:44:00,1,511,439,37,15,20,96.74,15,118021802,23
2026-03-17,12:59:00,1,519,456,31,15,17,95.71,15,118021802,23
2026-03-17,13:14:00,1,491,442,26,13,10,94.86,15,118021802,23
2026-03-17,13:29:00,1,516,444,42,14,16,98.89,15,118021802,23
2026-03-17,13:44:00,1,500,451,28,13,8,96.16,15,118021802,23
2026-03-17,13:59:00,1,506,456,26,15,9,95.33,15,118021802,23
2026-03-17,14:14:00,1,513,454,32,13,14,94.81,15,118021802,23
2026-03-17,14:29:00,1,570,514,31,18,7,95.36,15,118021802,23
2026-03-17,14:44:00,1,599,535,29,17,18,97.25,15,118021802,23
2026-03-17,14:59:00,1,629,579,30,13,7,96.71,15,118021802,23
2026-03-17,15:14:00,1,629,571,36,12,10,96.56,15,118021802,23
2026-03-17,15:29:00,1,698,618,52,12,16,96.17,15,118021802,23
2026-03-17,15:44:00,1,724,655,47,10,12,96.29,15,118021802,23
2026-03-17,15:59:00,1,748,675,56,11,6,96.97,15,118021802,23
2026-03-17,16:14:00,1,936,855,60,11,10,93.72,15,118021802,23
2026-03-17,16:29:00,1,824,761,45,6,12,95.94,15,118021802,23
2026-03-17,16:44:00,1,920,836,66,11,7,93.27,15,118021802,23
2026-03-17,16:59:00,1,907,852,39,8,8,93.77,15,118021802,23
2026-03-17,17:14:00,1,912,866,31,8,7,95.57,15,118021802,23
2026-03-17,17:29:00,1,925,866,44,8,7,93.80,15,118021802,23
2026-03-17,17:44:00,1,872,826,37,4,5,95.06,15,118021802,23
2026-03-17,17:59:00,1,769,728,24,5,12,97.97,15,118021802,23
2026-03-17,18:14:00,1,890,835,39,9,7,95.68,15,118021802,23
2026-03-17,18:29:00,1,798,756,32,3,7,94.85,15,118021802,23
2026-03-17,18:44:00,1,659,621,31,3,4,96.04,15,118021802,23
2026-03-17,18:59:00,1,451,429,15,4,3,98.30,15,118021802,23
2026-03-17,19:14:00,1,454,441,8,3,2,97.53,15,118021802,23
2026-03-17,19:29:00,1,434,416,16,0,2,98.64,15,118021802,23
2026-03-17,19:44:00,1,346,334,9,1,2,97.37,15,118021802,23
2026-03-17,19:59:00,1,314,302,9,3,0,99.45,15,118021802,23
2026-03-17,20:14:00,1,304,291,9,1,3,101.16,15,118021802,23
2026-03-17,20:29:00,1,253,244,4,0,5,99.13,15,118021802,23
2026-03-17,20:44:00,1,245,239,4,1,1,98.90,15,118021802,23
2026-03-17,20:59:00,1,198,190,1,3,4,100.58,15,118021802,23
2026-03-17,21:14:00,1,169,166,1,1,1,102.62,15,118021802,23
2026-03-17,21:29:00,1,194,191,0,0,3,99.82,15,118021802,23
2026-03-17,21:44:00,1,185,176,5,1,3,101.71,15,118021802,23
2026-03-17,21:59:00,1,149,139,5,2,3,103.22,15,118021802,23
2026-03-17,22:14:00,1,125,121,1,0,3,101.46,15,118021802,23
2026-03-17,22:29:00,1,131,125,2,3,1,102.27,15,118021802,23
2026-03-17,22:44:00,1,98,95,2,0,1,101.29,15,118021802,23
2026-03-17,22:59:00,1,82,76,1,2,3,100.33,15,118021802,23
2026-03-17,23:14:00,1,76,69,3,1,3,98.21,15,118021802,23
2026-03-17,23:29:00,1,52,46,0,3,3,98.78,15,118021802,23
2026-03-17,23:44:00,1,50,47,1,0,2,102.02,15,118021802,23
2026-03-17,23:59:00,1,42,40,0,0,2,102.00,15,118021802,23
2026-03-18,00:14:00,2,37,31,3,0,3,97.25,15,118021802,23
2026-03-18,00:29:00,2,34,31,1,0,2,101.11,15,118021802,23
2026-03-18,00:44:00,2,26,19,4,1,2,99.86,15,118021802,23
2026-03-18,00:59:00,2,27,25,1,0,1,99.01,15,118021802,23
2026-03-18,01:14:00,2,26,21,2,1,2,98.15,15,118021802,23
2026-03-18,01:29:00,2,28,26,1,0,1,100.04,15,118021802,23
2026-03-18,01:44:00,2,14,11,0,1,2,90.86,15,118021802,23
2026-03-18,01:59:00,2,17,16,0,0,1,98.11,15,118021802,23
2026-03-18,02:13:00,2,13,13,0,0,0,98.53,14,118021802,23
2026-03-18,02:29:00,2,18,15,1,0,2,99.49,15,118021802,23
2026-03-18,02:44:00,2,27,24,0,1,2,99.84,15,118021802,23
2026-03-18,02:59:00,2,14,11,0,1,2,93.93,15,118021802,23
2026-03-18,03:14:00,2,17,15,2,0,0,106.13,15,118021802,23
2026-03-18,03:29:00,2,13,9,1,0,3,91.92,15,118021802,23
2026-03-18,03:44:00,2,27,20,4,0,3,91.49,15,118021802,23
2026-03-18,03:59:00,2,10,8,0,2,0,92.22,14,118021802,23
2026-03-18,04:14:00,2,19,13,2,3,1,98.30,15,118021802,23
2026-03-18,04:29:00,2,14,9,1,1,3,97.19,15,118021802,23
2026-03-18,04:44:00,2,24,16,0,2,6,93.07,15,118021802,23
2026-03-18,04:59:00,2,27,17,3,2,4,96.60,14,118021802,23
2026-03-18,05:14:00,2,36,31,0,0,5,99.97,15,118021802,23
2026-03-18,05:29:00,2,57,41,2,6,8,97.40,15,118021802,23
2026-03-18,05:44:00,2,86,71,4,3,8,98.38,15,118021802,23
2026-03-18,05:59:00,2,99,73,6,9,11,98.55,15,118021802,23
2026-03-18,06:14:00,2,152,124,8,8,12,100.59,15,118021802,23
2026-03-18,06:29:00,2,217,172,17,8,20,102.22,15,118021802,23
2026-03-18,06:44:00,2,326,271,25,13,17,99.48,15,118021802,23
2026-03-18,06:59:00,2,375,304,26,22,23,97.38,15,118021802,23
2026-03-18,07:14:00,2,461,399,23,26,13,101.74,15,118021802,23
2026-03-18,07:29:00,2,612,538,35,24,15,94.16,15,118021802,23
2026-03-18,07:44:00,2,689,625,34,19,11,92.75,15,118021802,23
2026-03-18,07:59:00,2,615,533,39,21,22,97.95,15,118021802,23
2026-03-18,08:14:00,2,654,570,40,24,20,93.42,15,118021802,23
2026-03-18,08:29:00,2,629,533,55,25,16,96.84,15,118021802,23
2026-03-18,08:44:00,2,724,616,63,31,14,92.99,15,118021802,23
2026-03-18,08:59:00,2,629,534,57,33,5,94.07,15,118021802,23
2026-03-18,09:14:00,2,586,480,62,34,10,95.04,15,118021802,23
2026-03-18,09:29:00,2,553,458,50,31,14,97.27,15,118021802,23
2026-03-18,09:44:00,2,521,454,39,18,10,93.62,15,118021802,23
2026-03-18,09:59:00,2,512,454,30,19,9,95.26,15,118021802,23
2026-03-18,10:14:00,2,499,435,40,15,9,99.98,15,118021802,23
2026-03-18,10:29:00,2,502,436,31,22,13,94.22,15,118021802,23
2026-03-18,10:44:00,2,509,417,44,29,19,94.49,15,118021802,23
2026-03-18,10:59:00,2,497,432,34,13,18,93.43,15,118021802,23
2026-03-18,11:14:00,2,514,436,44,20,14,94.48,15,118021802,23
2026-03-18,11:29:00,2,518,449,41,22,6,94.98,15,118021802,23
2026-03-18,11:44:00,2,513,439,44,22,8,95.41,15,118021802,23
2026-03-18,11:59:00,2,510,436,27,24,23,95.00,15,118021802,23
2026-03-18,12:14:00,2,495,442,29,17,7,96.78,15,118021802,23
2026-03-18,12:29:00,2,536,478,31,12,15,94.99,15,118021802,23
2026-03-18,12:44:00,2,505,445,22,17,21,95.19,15,118021802,23
2026-03-18,12:59:00,2,517,457,34,13,13,94.10,15,118021802,23
2026-03-18,13:14:00,2,510,457,24,16,13,95.39,15,118021802,23
2026-03-18,13:29:00,2,540,496,26,9,9,94.47,15,118021802,23
2026-03-18,13:44:00,2,570,514,31,14,11,95.42,15,118021802,23
2026-03-18,13:59:00,2,526,461,32,18,15,95.08,15,118021802,23
2026-03-18,14:14:00,2,559,479,38,20,22,95.51,15,118021802,23
2026-03-18,14:29:00,2,543,485,32,9,17,96.26,15,118021802,23
2026-03-18,14:44:00,2,615,547,36,19,13,95.30,15,118021802,23
2026-03-18,14:59:00,2,673,601,50,15,7,96.42,15,118021802,23
2026-03-18,15:14:00,2,660,608,30,12,10,97.33,15,118021802,23
2026-03-18,15:29:00,2,707,646,39,14,8,97.36,15,118021802,23
2026-03-18,15:44:00,2,752,685,49,7,11,94.96,15,118021802,23
2026-03-18,15:59:00,2,793,714,54,12,13,94.89,15,118021802,23
2026-03-18,16:14:00,2,943,848,71,11,13,94.74,15,118021802,23
2026-03-18,16:29:00,2,893,833,46,6,8,89.59,15,118021802,23
2026-03-18,16:44:00,2,1037,966,52,10,9,93.70,15,118021802,23
2026-03-18,16:59:00,2,1048,973,54,10,11,93.25,15,118021802,23
2026-03-18,17:14:00,2,1102,1043,50,4,5,94.01,15,118021802,23
2026-03-18,17:29:00,2,1016,973,33,1,9,94.17,15,118021802,23
2026-03-18,17:44:00,2,979,939,29,4,7,92.75,15,118021802,23
2026-03-18,17:59:00,2,777,751,17,6,3,96.57,15,118021802,23
2026-03-18,18:14:00,2,695,654,32,4,5,98.01,15,118021802,23
2026-03-18,18:29:00,2,622,581,27,6,8,100.61,15,118021802,23
2026-03-18,18:44:00,2,557,537,12,3,5,97.78,15,118021802,23
2026-03-18,18:59:00,2,449,431,9,4,5,98.08,15,118021802,23
2026-03-18,19:14:00,2,380,364,13,0,3,97.68,15,118021802,23
2026-03-18,19:29:00,2,384,369,8,4,3,97.47,15,118021802,23
2026-03-18,19:44:00,2,335,323,10,0,2,97.60,15,118021802,23
2026-03-18,19:59:00,2,319,305,12,1,1,99.45,15,118021802,23
2026-03-18,20:14:00,2,235,228,3,2,2,98.57,15,118021802,23
2026-03-18,20:29:00,2,301,286,11,2,2,100.28,15,118021802,23
2026-03-18,20:44:00,2,254,241,8,2,3,102.08,15,118021802,23
2026-03-18,20:59:00,2,169,162,3,2,2,98.68,15,118021802,23
2026-03-18,21:14:00,2,178,173,5,0,0,100.59,15,118021802,23
2026-03-18,21:29:00,2,163,153,6,1,3,101.79,15,118021802,23
2026-03-18,21:44:00,2,176,169,2,0,5,99.90,15,118021802,23
2026-03-18,21:59:00,2,155,143,6,2,4,97.01,15,118021802,23
2026-03-18,22:14:00,2,158,154,2,0,2,98.44,15,118021802,23
2026-03-18,22:29:00,2,92,87,3,1,1,102.51,15,118021802,23
2026-03-18,22:44:00,2,110,109,0,0,1,100.79,15,118021802,23
2026-03-18,22:59:00,2,53,50,1,0,2,102.70,15,118021802,23
2026-03-18,23:14:00,2,48,48,0,0,0,101.01,15,118021802,23
2026-03-18,23:29:00,2,70,63,2,4,1,99.41,15,118021802,23
2026-03-18,23:44:00,2,45,41,0,2,2,95.27,15,118021802,23
2026-03-18,23:59:00,2,48,47,1,0,0,98.18,15,118021802,23
2026-03-19,00:14:00,3,40,33,4,2,1,99.03,15,118021802,23
2026-03-19,00:29:00,3,25,25,0,0,0,92.27,15,118021802,23
2026-03-19,00:44:00,3,17,16,0,0,1,102.63,15,118021802,23
2026-03-19,00:59:00,3,18,15,2,0,1,97.81,15,118021802,23
2026-03-19,01:14:00,3,18,16,0,0,2,104.69,15,118021802,23
2026-03-19,01:29:00,3,7,6,0,0,1,95.34,15,118021802,23
2026-03-19,01:44:00,3,18,16,0,0,2,103.00,15,118021802,23
2026-03-19,01:59:00,3,7,6,0,0,1,87.18,15,118021802,23
2026-03-19,02:14:00,3,12,9,0,1,2,92.38,15,118021802,23
2026-03-19,02:29:00,3,11,10,0,0,1,98.32,15,118021802,23
2026-03-19,02:44:00,3,8,5,0,0,3,82.78,15,118021802,23
2026-03-19,02:59:00,3,10,10,0,0,0,92.46,15,118021802,23
2026-03-19,03:14:00,3,8,6,0,0,2,97.80,15,118021802,23
2026-03-19,03:29:00,3,17,14,1,1,1,102.82,15,118021802,23
2026-03-19,03:44:00,3,24,18,1,0,5,93.37,15,118021802,23
2026-03-19,03:59:00,3,22,12,5,3,2,91.44,15,118021802,23
2026-03-19,04:14:00,3,15,11,1,0,3,88.70,15,118021802,23
2026-03-19,04:29:00,3,15,10,2,1,2,86.21,15,118021802,23
2026-03-19,04:44:00,3,18,11,2,1,4,94.26,15,118021802,23
2026-03-19,04:59:00,3,27,15,1,7,4,86.50,15,118021802,23
2026-03-19,05:14:00,3,42,31,3,4,4,94.21,15,118021802,23
2026-03-19,05:29:00,3,71,52,1,4,14,96.58,15,118021802,23
2026-03-19,05:44:00,3,72,56,5,3,8,96.78,15,118021802,23
2026-03-19,05:59:00,3,103,77,7,4,15,96.85,15,118021802,23
2026-03-19,06:14:00,3,150,121,7,13,9,99.00,15,118021802,23
2026-03-19,06:29:00,3,200,166,14,5,15,100.43,14,118021802,23
2026-03-19,06:44:00,3,301,255,22,11,13,100.92,15,118021802,23
2026-03-19,06:59:00,3,359,300,17,20,22,100.59,15,118021802,23
2026-03-19,07:14:00,3,491,410,50,20,11,101.26,15,118021802,23
2026-03-19,07:29:00,3,637,554,41,22,20,98.63,15,118021802,23
2026-03-19,07:44:00,3,643,557,50,19,17,97.04,15,118021802,23
2026-03-19,07:59:00,3,677,596,53,17,11,96.26,15,118021802,23
2026-03-19,08:14:00,3,726,622,54,29,21,98.35,15,118021802,23
2026-03-19,08:29:00,3,709,621,44,26,18,94.13,15,118021802,23
2026-03-19,08:44:00,3,593,498,59,29,7,96.20,15,118021802,23
2026-03-19,08:59:00,3,521,416,62,28,15,92.04,15,118021802,23
2026-03-19,09:14:00,3,504,423,47,25,9,95.27,15,118021802,23
2026-03-19,09:29:00,3,515,448,37,22,8,95.27,15,118021802,23
2026-03-19,09:44:00,3,497,424,37,21,15,93.56,15,118021802,23
2026-03-19,09:59:00,3,440,370,42,18,10,96.51,15,118021802,23
2026-03-19,10:14:00,3,482,414,38,20,10,94.52,15,118021802,23
2026-03-19,10:29:00,3,452,374,49,19,10,94.52,15,118021802,23
2026-03-19,10:44:00,3,441,380,29,15,17,95.09,15,118021802,23
2026-03-19,10:59:00,3,439,365,33,29,12,93.76,15,118021802,23
2026-03-19,11:14:00,3,451,402,23,17,9,93.93,15,118021802,23
2026-03-19,11:29:00,3,540,466,31,20,23,93.20,15,118021802,23
2026-03-19,11:44:00,3,508,445,31,18,14,93.55,15,118021802,23
2026-03-19,11:59:00,3,488,417,29,23,19,95.53,15,118021802,23
2026-03-19,12:14:00,3,509,467,23,9,10,103.05,15,118021802,23
2026-03-19,12:29:00,3,512,475,16,7,14,96.43,15,118021802,23
2026-03-19,12:44:00,3,535,485,21,14,15,95.89,15,118021802,23
2026-03-19,12:59:00,3,512,453,26,17,16,100.43,15,118021802,23
2026-03-19,13:14:00,3,466,407,29,19,11,95.19,15,118021802,23
2026-03-19,13:29:00,3,545,488,30,15,12,93.00,15,118021802,23
2026-03-19,13:44:00,3,524,455,31,15,23,95.83,15,118021802,23
2026-03-19,13:59:00,3,536,480,33,12,11,96.56,15,118021802,23
2026-03-19,14:14:00,3,533,462,39,22,10,98.29,15,118021802,23
2026-03-19,14:29:00,3,579,509,34,19,17,97.67,15,118021802,23
2026-03-19,14:44:00,3,622,545,44,13,20,95.07,15,118021802,23
2026-03-19,14:59:00,3,648,582,34,21,11,94.41,15,118021802,23
2026-03-19,15:14:00,3,670,606,44,7,13,97.25,15,118021802,23
2026-03-19,15:29:00,3,745,672,47,9,17,94.25,15,118021802,23
2026-03-19,15:44:00,3,689,625,43,11,10,98.10,15,118021802,23
2026-03-19,15:59:00,3,802,697,78,16,11,95.34,15,118021802,23
2026-03-19,16:14:00,3,954,892,51,10,1,95.59,15,118021802,23
2026-03-19,16:29:00,3,1014,936,56,15,7,93.53,15,118021802,23
2026-03-19,16:44:00,3,1059,981,62,8,8,91.83,15,118021802,23
2026-03-19,16:59:00,3,1016,953,47,8,8,94.10,15,118021802,23
2026-03-19,17:14:00,3,993,935,40,10,8,94.04,15,118021802,23
2026-03-19,17:29:00,3,1023,973,38,6,6,91.80,15,118021802,23
2026-03-19,17:44:00,3,953,901,39,5,8,92.64,15,118021802,23
2026-03-19,17:59:00,3,781,751,21,5,4,95.16,15,118021802,23
2026-03-19,18:14:00,3,651,617,24,5,5,97.65,15,118021802,23
2026-03-19,18:29:00,3,605,565,27,7,6,98.13,15,118021802,23
2026-03-19,18:44:00,3,536,498,28,2,8,95.43,15,118021802,23
2026-03-19,18:59:00,3,488,469,11,2,6,95.44,15,118021802,23
2026-03-19,19:14:00,3,447,428,13,2,4,99.54,15,118021802,23
2026-03-19,19:29:00,3,399,379,11,6,3,99.74,15,118021802,23
2026-03-19,19:44:00,3,412,391,13,6,2,98.48,15,118021802,23
2026-03-19,19:59:00,3,302,292,10,0,0,99.61,15,118021802,23
2026-03-19,20:14:00,3,286,274,9,1,2,100.61,15,118021802,23
2026-03-19,20:29:00,3,277,270,4,1,2,101.28,15,118021802,23
2026-03-19,20:44:00,3,241,231,5,0,5,100.88,15,118021802,23
2026-03-19,20:59:00,3,227,219,5,3,0,101.13,15,118021802,23
2026-03-19,21:14:00,3,172,165,1,3,3,101.20,15,118021802,23
2026-03-19,21:29:00,3,174,170,1,2,1,101.77,15,118021802,23
2026-03-19,21:44:00,3,137,134,1,0,2,99.52,15,118021802,23
2026-03-19,21:59:00,3,143,136,3,0,4,95.50,15,118021802,23
2026-03-19,22:14:00,3,127,120,4,0,3,97.67,15,118021802,23
2026-03-19,22:29:00,3,121,117,2,0,2,95.67,15,118021802,23
2026-03-19,22:44:00,3,89,86,2,1,0,94.17,15,118021802,23
2026-03-19,22:59:00,3,75,70,3,0,2,92.31,15,118021802,23
2026-03-19,23:14:00,3,70,68,1,0,1,93.62,15,118021802,23
2026-03-19,23:29:00,3,49,46,1,1,1,98.14,15,118021802,23
2026-03-19,23:44:00,3,54,51,1,0,2,93.25,15,118021802,23
2026-03-19,23:59:00,3,43,37,1,1,4,91.79,15,118021802,23
2026-03-20,00:14:00,4,42,38,3,0,1,94.47,15,118021802,23
2026-03-20,00:29:00,4,52,48,1,1,2,90.03,15,118021802,23
2026-03-20,00:44:00,4,28,21,1,1,5,89.82,15,118021802,23
2026-03-20,00:59:00,4,45,42,0,0,3,97.04,15,118021802,23
2026-03-20,01:14:00,4,21,17,3,1,0,92.86,15,118021802,23
2026-03-20,01:29:00,4,24,21,1,0,2,94.30,15,118021802,23
2026-03-20,01:44:00,4,13,11,2,0,0,90.93,15,118021802,23
2026-03-20,01:59:00,4,17,14,1,0,2,89.80,15,118021802,23
2026-03-20,02:14:00,4,19,15,3,0,1,93.31,15,118021802,23
2026-03-20,02:29:00,4,14,11,0,1,2,84.31,15,118021802,23
2026-03-20,02:44:00,4,16,11,1,0,4,92.06,15,118021802,23
2026-03-20,02:59:00,4,20,16,0,0,4,95.58,15,118021802,23
2026-03-20,03:14:00,4,11,8,2,0,1,97.97,15,118021802,23
2026-03-20,03:29:00,4,18,13,2,1,2,92.54,15,118021802,23
2026-03-20,03:44:00,4,14,12,0,1,1,92.38,15,118021802,23
2026-03-20,03:59:00,4,12,9,1,0,2,100.89,15,118021802,23
2026-03-20,04:14:00,4,16,11,1,1,3,94.25,15,118021802,23
2026-03-20,04:29:00,4,13,9,0,2,2,92.13,15,118021802,23
2026-03-20,04:44:00,4,19,14,0,1,4,94.42,15,118021802,23
2026-03-20,04:59:00,4,40,23,3,4,10,100.01,15,118021802,23
2026-03-20,05:14:00,4,51,40,2,5,4,99.90,15,118021802,23
2026-03-20,05:29:00,4,79,60,1,7,11,101.17,15,118021802,23
2026-03-20,05:44:00,4,67,46,6,3,12,98.52,15,118021802,23
2026-03-20,05:59:00,4,86,63,5,5,13,99.08,15,118021802,23
2026-03-20,06:14:00,4,186,152,10,10,15,100.41,14,118021802,23
2026-03-20,06:29:00,4,197,146,21,7,23,99.62,15,118021802,23
2026-03-20,06:44:00,4,256,204,23,13,16,103.19,15,118021802,23
2026-03-20,06:59:00,4,322,267,18,19,18,100.73,15,118021802,23
2026-03-20,07:14:00,4,435,370,40,16,9,100.34,15,118021802,23
2026-03-20,07:29:00,4,613,534,39,29,11,101.03,15,118021802,23
2026-03-20,07:44:00,4,629,542,47,28,12,96.36,15,118021802,23
2026-03-20,07:59:00,4,635,552,44,23,16,96.48,15,118021802,23
2026-03-20,08:14:00,4,651,554,59,25,13,95.18,15,118021802,23
2026-03-20,08:29:00,4,548,454,48,28,18,98.75,15,118021802,23
2026-03-20,08:44:00,4,513,436,49,18,10,96.12,15,118021802,23
2026-03-20,08:59:00,4,455,389,37,20,9,95.15,15,118021802,23
2026-03-20,09:14:00,4,467,403,29,23,12,95.16,15,118021802,23
2026-03-20,09:29:00,4,528,444,42,21,21,93.93,15,118021802,23
2026-03-20,09:44:00,4,545,466,38,25,16,93.41,15,118021802,23
2026-03-20,09:59:00,4,538,462,35,27,14,94.95,15,118021802,23
2026-03-20,10:14:00,4,474,405,36,20,13,92.69,15,118021802,23
2026-03-20,10:29:00,4,494,423,36,13,22,96.44,15,118021802,23
2026-03-20,10:44:00,4,464,409,27,15,13,94.73,15,118021802,23
2026-03-20,10:59:00,4,521,441,31,24,25,95.00,15,118021802,23
2026-03-20,11:14:00,4,508,447,31,16,14,95.46,15,118021802,23
2026-03-20,11:29:00,4,555,498,31,13,13,94.57,15,118021802,23
2026-03-20,11:44:00,4,618,543,37,19,19,93.98,15,118021802,23
2026-03-20,11:59:00,4,628,545,49,19,15,94.97,15,118021802,23
2026-03-20,12:14:00,4,596,524,40,16,16,95.86,15,118021802,23
2026-03-20,12:29:00,4,651,592,31,21,7,94.89,15,118021802,23
2026-03-20,12:44:00,4,625,563,24,22,16,96.20,15,118021802,23
2026-03-20,12:59:00,4,672,603,42,14,13,95.90,15,118021802,23
2026-03-20,13:14:00,4,649,594,36,8,11,96.41,15,118021802,23
2026-03-20,13:29:00,4,634,564,45,12,13,95.62,15,118021802,23
2026-03-20,13:44:00,4,656,580,49,14,13,95.88,15,118021802,23
2026-03-20,13:59:00,4,705,639,49,10,7,95.27,15,118021802,23
2026-03-20,14:14:00,4,737,654,46,23,14,95.09,15,118021802,23
2026-03-20,14:29:00,4,766,691,55,12,8,95.98,15,118021802,23
2026-03-20,14:44:00,4,746,673,48,15,10,97.05,15,118021802,23
2026-03-20,14:59:00,4,808,732,50,18,8,96.09,15,118021802,23
2026-03-20,15:14:00,4,834,750,60,14,10,95.78,15,118021802,23
2026-03-20,15:29:00,4,879,802,51,14,12,92.70,15,118021802,23
2026-03-20,15:44:00,4,819,744,57,7,11,96.16,15,118021802,23
2026-03-20,15:59:00,4,873,804,45,14,10,93.99,15,118021802,23
2026-03-20,16:14:00,4,974,910,50,9,5,95.15,15,118021802,23
2026-03-20,16:29:00,4,939,873,51,6,9,94.53,15,118021802,23
2026-03-20,16:44:00,4,945,873,48,13,11,97.34,15,118021802,23
2026-03-20,16:59:00,4,871,819,43,4,5,96.48,15,118021802,23
2026-03-20,17:14:00,4,901,842,40,14,5,96.25,15,118021802,23
2026-03-20,17:29:00,4,918,860,38,15,5,94.86,15,118021802,23
2026-03-20,17:44:00,4,772,735,31,3,3,97.93,15,118021802,23
2026-03-20,17:59:00,4,682,642,29,4,7,96.92,15,118021802,23
2026-03-20,18:14:00,4,610,579,27,4,0,99.16,15,118021802,23
2026-03-20,18:29:00,4,584,561,19,3,1,99.46,15,118021802,23
2026-03-20,18:44:00,4,510,488,19,0,3,100.43,15,118021802,23
2026-03-20,18:59:00,4,448,429,16,2,1,96.49,15,118021802,23
2026-03-20,19:14:00,4,411,387,19,3,2,96.38,15,118021802,23
2026-03-20,19:29:00,4,394,386,4,0,4,99.28,15,118021802,23
2026-03-20,19:44:00,4,355,342,9,3,1,96.86,15,118021802,23
2026-03-20,19:59:00,4,339,330,6,1,2,100.03,15,118021802,23
2026-03-20,20:14:00,4,344,330,10,3,1,98.39,15,118021802,23
2026-03-20,20:29:00,4,274,260,5,3,6,100.70,15,118021802,23
2026-03-20,20:44:00,4,236,225,7,0,4,100.33,15,118021802,23
2026-03-20,20:59:00,4,157,150,5,1,1,101.76,15,118021802,23
2026-03-20,21:14:00,4,174,166,5,1,2,101.51,15,118021802,23
2026-03-20,21:29:00,4,162,157,3,0,2,100.42,15,118021802,23
2026-03-20,21:44:00,4,161,158,2,1,0,98.65,15,118021802,23
2026-03-20,21:59:00,4,116,111,3,1,1,97.78,15,118021802,23
2026-03-20,22:14:00,4,134,131,1,1,1,98.93,15,118021802,23
2026-03-20,22:29:00,4,147,140,1,2,4,99.90,15,118021802,23
2026-03-20,22:44:00,4,104,100,3,0,1,98.63,15,118021802,23
2026-03-20,22:59:00,4,105,103,1,0,1,103.57,15,118021802,23
2026-03-20,23:14:00,4,79,73,2,2,2,102.47,15,118021802,23
2026-03-20,23:29:00,4,76,72,2,1,1,104.51,15,118021802,23
2026-03-20,23:44:00,4,80,73,3,3,1,99.27,15,118021802,23
2026-03-20,23:59:00,4,70,65,3,0,2,99.67,15,118021802,23
2026-03-21,00:14:00,5,43,40,1,0,2,96.45,15,118021802,23
2026-03-21,00:29:00,5,56,52,1,1,2,96.18,15,118021802,23
2026-03-21,00:44:00,5,33,30,2,0,1,100.77,15,118021802,23
2026-03-21,00:59:00,5,38,38,0,0,0,100.63,15,118021802,23
2026-03-21,01:14:00,5,31,28,2,0,1,95.89,15,118021802,23
2026-03-21,01:29:00,5,23,20,1,1,1,96.68,15,118021802,23
2026-03-21,01:44:00,5,15,14,0,0,1,92.85,15,118021802,23
2026-03-21,01:59:00,5,16,14,0,0,2,94.70,15,118021802,23
2026-03-21,02:14:00,5,19,19,0,0,0,99.51,15,118021802,23
2026-03-21,02:29:00,5,22,20,0,0,2,94.70,15,118021802,23
2026-03-21,02:44:00,5,11,10,1,0,0,96.64,15,118021802,23
2026-03-21,02:59:00,5,20,17,0,2,1,97.37,15,118021802,23
2026-03-21,03:14:00,5,18,17,1,0,0,97.20,15,118021802,23
2026-03-21,03:29:00,5,15,11,0,3,1,96.55,15,118021802,23
2026-03-21,03:44:00,5,5,5,0,0,0,110.18,15,118021802,23
2026-03-21,03:59:00,5,17,13,2,0,2,98.33,15,118021802,23
2026-03-21,04:14:00,5,17,15,2,0,0,102.28,15,118021802,23
2026-03-21,04:29:00,5,11,8,1,1,1,99.24,15,118021802,23
2026-03-21,04:44:00,5,26,25,0,0,1,97.47,15,118021802,23
2026-03-21,04:59:00,5,21,16,1,3,1,99.77,15,118021802,23
2026-03-21,05:14:00,5,28,26,1,0,1,101.03,15,118021802,23
2026-03-21,05:29:00,5,39,30,2,2,5,92.92,15,118021802,23
2026-03-21,05:44:00,5,62,53,2,3,4,101.51,15,118021802,23
2026-03-21,05:59:00,5,56,53,0,3,0,103.35,15,118021802,23
2026-03-21,06:14:00,5,66,57,3,3,3,101.75,15,118021802,23
2026-03-21,06:29:00,5,112,97,2,8,5,102.46,15,118021802,23
2026-03-21,06:44:00,5,165,136,13,10,6,105.29,15,118021802,23
2026-03-21,06:59:00,5,148,133,7,3,5,104.28,15,118021802,23
2026-03-21,07:14:00,5,150,123,8,13,6,100.66,15,118021802,23
2026-03-21,07:29:00,5,138,121,12,2,3,103.88,15,118021802,23
2026-03-21,07:44:00,5,211,198,6,4,3,103.39,15,118021802,23
2026-03-21,07:59:00,5,234,207,14,5,8,101.94,15,118021802,23
2026-03-21,08:14:00,5,202,188,8,5,1,103.45,15,118021802,23
2026-03-21,08:29:00,5,304,271,18,12,3,100.60,15,118021802,23
2026-03-21,08:44:00,5,353,328,19,3,3,100.02,15,118021802,23
2026-03-21,08:59:00,5,401,373,14,11,3,98.76,15,118021802,23
2026-03-21,09:14:00,5,359,333,16,7,3,99.98,15,118021802,23
2026-03-21,09:29:00,5,421,379,25,12,5,98.64,15,118021802,23
2026-03-21,09:44:00,5,481,454,19,6,2,97.28,15,118021802,23
2026-03-21,09:59:00,5,526,492,26,5,3,94.96,15,118021802,23
2026-03-21,10:14:00,5,573,554,14,3,2,98.90,15,118021802,23
2026-03-21,10:29:00,5,592,562,16,12,2,95.31,15,118021802,23
2026-03-21,10:44:00,5,596,568,17,8,3,97.83,15,118021802,23
2026-03-21,10:59:00,5,614,582,18,10,4,95.77,15,118021802,23
2026-03-21,11:14:00,5,671,647,13,8,3,97.34,15,118021802,23
2026-03-21,11:29:00,5,705,678,13,13,1,95.75,15,118021802,23
2026-03-21,11:44:00,5,673,636,29,5,3,95.99,15,118021802,23
2026-03-21,11:59:00,5,731,707,21,2,1,94.89,15,118021802,23
2026-03-21,12:14:00,5,674,644,25,4,1,96.54,15,118021802,23
2026-03-21,12:29:00,5,720,699,17,4,0,97.68,15,118021802,23
2026-03-21,12:44:00,5,665,637,23,5,0,98.46,15,118021802,23
2026-03-21,12:59:00,5,650,623,20,5,2,96.73,15,118021802,23
2026-03-21,13:14:00,5,720,691,20,8,1,97.17,15,118021802,23
2026-03-21,13:29:00,5,619,595,17,3,4,95.78,15,118021802,23
2026-03-21,13:44:00,5,587,557,23,4,3,97.99,15,118021802,23
2026-03-21,13:59:00,5,631,603,21,4,3,97.19,15,118021802,23
2026-03-21,14:14:00,5,547,522,17,3,5,100.45,15,118021802,23
2026-03-21,14:29:00,5,578,555,19,3,1,99.28,15,118021802,23
2026-03-21,14:44:00,5,586,561,17,5,3,100.05,15,118021802,23
2026-03-21,14:59:00,5,609,578,24,6,1,98.02,15,118021802,23
2026-03-21,15:14:00,5,569,552,13,2,2,99.97,15,118021802,23
2026-03-21,15:29:00,5,562,540,13,8,1,99.88,15,118021802,23
2026-03-21,15:44:00,5,567,540,21,3,3,99.12,15,118021802,23
2026-03-21,15:59:00,5,544,520,15,6,3,98.17,15,118021802,23
2026-03-21,16:14:00,5,534,509,17,3,5,100.68,15,118021802,23
2026-03-21,16:29:00,5,528,510,13,3,2,98.31,15,118021802,23
2026-03-21,16:44:00,5,505,486,16,2,1,99.97,15,118021802,23
2026-03-21,16:59:00,5,530,500,24,3,3,99.23,15,118021802,23
2026-03-21,17:14:00,5,574,546,19,3,6,99.41,15,118021802,23
2026-03-21,17:29:00,5,554,527,18,3,6,99.07,15,118021802,23
2026-03-21,17:44:00,5,579,558,13,2,6,98.93,15,118021802,23
2026-03-21,17:59:00,5,540,521,12,4,3,99.22,15,118021802,23
2026-03-21,18:14:00,5,486,470,14,1,1,102.21,15,118021802,23
2026-03-21,18:29:00,5,452,440,7,2,3,100.08,15,118021802,23
2026-03-21,18:44:00,5,435,422,10,1,2,99.77,15,118021802,23
2026-03-21,18:59:00,5,375,358,12,3,2,97.88,15,118021802,23
2026-03-21,19:14:00,5,363,350,10,3,0,97.17,15,118021802,23
2026-03-21,19:29:00,5,306,294,7,2,3,98.48,15,118021802,23
2026-03-21,19:44:00,5,321,314,2,1,4,98.52,15,118021802,23
2026-03-21,19:59:00,5,262,248,8,4,2,100.19,15,118021802,23
2026-03-21,20:14:00,5,225,216,5,2,2,99.85,15,118021802,23
2026-03-21,20:29:00,5,200,191,8,1,0,101.22,15,118021802,23
2026-03-21,20:44:00,5,172,161,6,3,2,101.56,15,118021802,23
2026-03-21,20:59:00,5,162,152,5,3,2,100.61,15,118021802,23
2026-03-21,21:14:00,5,165,160,4,0,1,100.42,15,118021802,23
2026-03-21,21:29:00,5,167,162,4,1,0,98.98,15,118021802,23
2026-03-21,21:44:00,5,134,132,1,0,1,101.86,15,118021802,23
2026-03-21,21:59:00,5,135,131,3,0,1,99.76,15,118021802,23
2026-03-21,22:14:00,5,167,165,1,0,1,98.79,15,118021802,23
2026-03-21,22:29:00,5,129,122,6,1,0,95.25,15,118021802,23
2026-03-21,22:44:00,5,113,111,0,1,1,98.32,15,118021802,23
2026-03-21,22:59:00,5,126,124,1,0,1,99.92,15,118021802,23
2026-03-21,23:14:00,5,126,123,2,1,0,101.88,15,118021802,23
2026-03-21,23:29:00,5,124,119,3,2,0,99.83,14,118021802,23
2026-03-21,23:44:00,5,100,93,6,1,0,102.66,15,118021802,23
2026-03-21,23:59:00,5,118,113,4,1,0,97.83,15,118021802,23
2026-03-22,00:14:00,6,71,70,1,0,0,100.56,15,118021802,23
2026-03-22,00:29:00,6,52,51,0,0,1,97.39,15,118021802,23
2026-03-22,00:44:00,6,53,49,1,1,2,99.40,15,118021802,23
2026-03-22,00:59:00,6,53,48,2,2,1,102.27,15,118021802,23
2026-03-22,01:14:00,6,39,34,3,0,2,98.64,15,118021802,23
2026-03-22,01:29:00,6,40,39,1,0,0,101.10,15,118021802,23
2026-03-22,01:44:00,6,30,30,0,0,0,104.00,15,118021802,23
2026-03-22,01:59:00,6,34,27,0,2,5,96.80,15,118021802,23
2026-03-22,02:14:00,6,23,22,0,0,1,94.63,15,118021802,23
2026-03-22,02:29:00,6,12,11,0,0,1,94.38,15,118021802,23
2026-03-22,02:44:00,6,14,13,0,0,1,95.93,15,118021802,23
2026-03-22,02:59:00,6,22,21,1,0,0,97.16,15,118021802,23
2026-03-22,03:14:00,6,17,17,0,0,0,97.26,15,118021802,23
2026-03-22,03:29:00,6,21,19,2,0,0,97.09,15,118021802,23
2026-03-22,03:44:00,6,18,18,0,0,0,100.23,15,118021802,23
2026-03-22,03:59:00,6,15,13,0,1,1,99.78,15,118021802,23
2026-03-22,04:14:00,6,12,10,1,0,1,100.01,15,118021802,23
2026-03-22,04:29:00,6,14,13,0,0,1,99.89,15,118021802,23
2026-03-22,04:44:00,6,22,20,1,0,1,99.43,15,118021802,23
2026-03-22,04:59:00,6,15,13,2,0,0,98.12,15,118021802,23
2026-03-22,05:14:00,6,27,23,1,2,1,93.48,15,118021802,23
2026-03-22,05:29:00,6,45,35,4,1,5,97.91,15,118021802,23
2026-03-22,05:44:00,6,36,33,0,1,2,103.25,15,118021802,23
2026-03-22,05:59:00,6,46,40,0,1,5,102.45,15,118021802,23
2026-03-22,06:14:00,6,55,49,2,1,3,101.52,15,118021802,23
2026-03-22,06:29:00,6,73,71,2,0,0,105.60,15,118021802,23
2026-03-22,06:44:00,6,107,98,5,1,3,105.15,15,118021802,23
2026-03-22,06:59:00,6,85,70,7,3,5,103.42,15,118021802,23
2026-03-22,07:14:00,6,94,88,3,3,0,103.14,15,118021802,23
2026-03-22,07:29:00,6,81,72,4,3,2,104.68,15,118021802,23
2026-03-22,07:44:00,6,110,102,4,3,1,103.52,15,118021802,23
2026-03-22,07:59:00,6,134,120,5,6,3,104.15,15,118021802,23
2026-03-22,08:14:00,6,148,138,7,2,1,102.00,15,118021802,23
2026-03-22,08:29:00,6,224,203,18,3,0,102.55,15,118021802,23
2026-03-22,08:44:00,6,224,205,14,4,1,102.36,15,118021802,23
2026-03-22,08:59:00,6,252,237,7,5,3,99.68,15,118021802,23
2026-03-22,09:14:00,6,266,246,11,4,5,99.06,15,118021802,23
2026-03-22,09:29:00,6,309,287,17,2,3,99.86,15,118021802,23
2026-03-22,09:44:00,6,372,356,10,4,2,101.73,15,118021802,23
2026-03-22,09:59:00,6,429,407,15,3,4,98.25,15,118021802,23
2026-03-22,10:14:00,6,434,412,13,6,3,99.19,15,118021802,23
2026-03-22,10:29:00,6,454,437,14,2,1,98.40,15,118021802,23
2026-03-22,10:44:00,6,454,433,14,3,4,99.81,15,118021802,23
2026-03-22,10:59:00,6,547,527,9,7,4,99.12,15,118021802,23
2026-03-22,11:14:00,6,579,553,17,5,4,99.97,15,118021802,23
2026-03-22,11:29:00,6,671,647,16,8,0,97.02,15,118021802,23
2026-03-22,11:44:00,6,669,636,21,4,8,97.87,15,118021802,23
2026-03-22,11:59:00,6,637,618,13,5,1,97.21,15,118021802,23
2026-03-22,12:14:00,6,661,635,22,2,2,96.63,15,118021802,23
2026-03-22,12:29:00,6,647,630,9,7,1,98.90,15,118021802,23
2026-03-22,12:44:00,6,628,600,17,8,3,95.04,15,118021802,23
2026-03-22,12:59:00,6,644,630,6,1,7,98.06,15,118021802,23
2026-03-22,13:14:00,6,627,609,12,3,3,98.84,15,118021802,23
2026-03-22,13:29:00,6,593,574,15,4,0,98.51,15,118021802,23
2026-03-22,13:44:00,6,560,544,14,2,0,99.77,15,118021802,23
2026-03-22,13:59:00,6,559,542,11,1,5,100.34,15,118021802,23
2026-03-22,14:14:00,6,546,535,9,1,1,99.87,15,118021802,23
2026-03-22,14:29:00,6,554,525,23,4,2,99.25,15,118021802,23
2026-03-22,14:44:00,6,507,485,17,4,1,100.76,15,118021802,23
2026-03-22,14:59:00,6,523,504,15,2,2,99.20,15,118021802,23
2026-03-22,15:14:00,6,527,498,21,5,3,100.22,15,118021802,23
2026-03-22,15:29:00,6,518,501,13,2,2,102.56,15,118021802,23
2026-03-22,15:44:00,6,538,518,17,2,1,98.68,15,118021802,23
2026-03-22,15:59:00,6,534,510,16,4,4,101.10,15,118021802,23
2026-03-22,16:14:00,6,555,538,13,2,2,101.16,15,118021802,23
2026-03-22,16:29:00,6,509,492,8,6,3,101.01,15,118021802,23
2026-03-22,16:44:00,6,492,475,13,4,0,100.27,15,118021802,23
2026-03-22,16:59:00,6,469,450,15,3,1,106.39,15,118021802,23
2026-03-22,17:14:00,6,423,404,11,8,0,101.45,15,118021802,23
2026-03-22,17:29:00,6,325,309,11,1,4,103.78,15,118021802,23
2026-03-22,17:44:00,6,329,315,11,1,2,104.25,15,118021802,23
2026-03-22,17:59:00,6,380,357,14,2,7,103.78,15,118021802,23
2026-03-22,18:14:00,6,312,292,16,1,3,104.43,15,118021802,23
2026-03-22,18:29:00,6,308,290,13,2,3,101.07,15,118021802,23
2026-03-22,18:44:00,6,322,310,9,2,1,101.75,15,118021802,23
2026-03-22,18:59:00,6,312,301,8,1,2,99.76,15,118021802,23
2026-03-22,19:14:00,6,264,252,9,1,2,100.29,15,118021802,23
2026-03-22,19:29:00,6,272,261,9,2,0,101.61,15,118021802,23
2026-03-22,19:44:00,6,221,211,7,1,2,102.86,15,118021802,23
2026-03-22,19:59:00,6,206,196,6,3,1,100.26,15,118021802,23
2026-03-22,20:14:00,6,208,200,5,3,0,102.76,15,118021802,23
2026-03-22,20:29:00,6,175,170,4,1,0,102.50,15,118021802,23
2026-03-22,20:44:00,6,152,148,3,0,1,102.57,15,118021802,23
2026-03-22,20:59:00,6,116,111,3,2,0,102.50,15,118021802,23
2026-03-22,21:14:00,6,122,118,2,2,0,101.42,15,118021802,23
2026-03-22,21:29:00,6,125,122,1,0,2,102.57,15,118021802,23
2026-03-22,21:44:00,6,101,96,4,1,0,103.18,15,118021802,23
2026-03-22,21:59:00,6,93,86,4,1,2,102.02,15,118021802,23
2026-03-22,22:14:00,6,91,89,1,0,1,104.13,15,118021802,23
2026-03-22,22:29:00,6,70,64,3,3,0,100.65,15,118021802,23
2026-03-22,22:44:00,6,56,54,1,0,1,100.65,15,118021802,23
2026-03-22,22:59:00,6,61,60,1,0,0,103.14,15,118021802,23
2026-03-22,23:14:00,6,46,43,3,0,0,98.70,15,118021802,23
2026-03-22,23:29:00,6,45,42,2,0,1,101.00,15,118021802,23
2026-03-22,23:44:00,6,35,34,1,0,0,105.23,15,118021802,23
2026-03-22,23:59:00,6,38,35,2,0,1,102.12,15,118021802,23
2026-03-23,00:14:00,0,36,34,1,1,0,99.37,15,118021802,23
2026-03-23,00:29:00,0,32,29,1,0,2,103.06,15,118021802,23
2026-03-23,00:44:00,0,23,21,2,0,0,103.95,15,118021802,23
2026-03-23,00:59:00,0,23,23,0,0,0,105.12,14,118021802,23
2026-03-23,01:14:00,0,20,18,0,1,1,104.70,15,118021802,23
2026-03-23,01:29:00,0,15,13,2,0,0,103.44,15,118021802,23
2026-03-23,01:44:00,0,14,8,3,0,3,99.62,15,118021802,23
2026-03-23,01:59:00,0,17,17,0,0,0,100.93,15,118021802,23
2026-03-23,02:14:00,0,21,19,0,0,2,98.63,15,118021802,23
2026-03-23,02:29:00,0,5,5,0,0,0,96.54,15,118021802,23
2026-03-23,02:44:00,0,8,6,1,0,1,96.13,15,118021802,23
2026-03-23,02:59:00,0,14,10,2,1,1,100.43,15,118021802,23
2026-03-23,03:14:00,0,9,9,0,0,0,102.84,15,118021802,23
2026-03-23,03:29:00,0,10,9,1,0,0,94.88,15,118021802,23
2026-03-23,03:44:00,0,10,9,1,0,0,99.83,15,118021802,23
2026-03-23,03:59:00,0,8,5,0,1,2,94.06,15,118021802,23
2026-03-23,04:14:00,0,13,9,2,2,0,95.50,15,118021802,23
2026-03-23,04:29:00,0,19,12,5,0,2,93.79,15,118021802,23
2026-03-23,04:44:00,0,19,13,4,1,1,97.99,15,118021802,23
2026-03-23,04:59:00,0,28,20,2,2,4,93.73,15,118021802,23
2026-03-23,05:14:00,0,36,22,6,6,2,94.36,15,118021802,23
2026-03-23,05:29:00,0,67,50,1,7,9,95.79,15,118021802,23
2026-03-23,05:44:00,0,86,66,6,4,10,100.73,15,118021802,23
2026-03-23,05:59:00,0,114,96,3,4,11,98.51,15,118021802,23
2026-03-23,06:14:00,0,152,118,7,12,15,99.48,15,118021802,23
2026-03-23,06:29:00,0,188,151,12,11,14,101.78,15,118021802,23
2026-03-23,06:44:00,0,339,293,19,17,10,100.52,15,118021802,23
2026-03-23,06:59:00,0,322,287,12,12,11,100.31,15,118021802,23
2026-03-23,07:14:00,0,462,410,26,15,11,99.81,15,118021802,23
2026-03-23,07:29:00,0,638,540,54,25,19,96.92,15,118021802,23
2026-03-23,07:44:00,0,677,608,43,12,14,95.96,15,118021802,23
2026-03-23,07:59:00,0,655,566,50,15,24,94.35,15,118021802,23
2026-03-23,08:14:00,0,664,571,55,27,11,93.83,15,118021802,23
2026-03-23,08:29:00,0,624,530,45,35,14,93.54,15,118021802,23
2026-03-23,08:44:00,0,645,566,46,19,14,93.49,15,118021802,23
2026-03-23,08:59:00,0,571,480,52,26,13,93.89,15,118021802,23
2026-03-23,09:14:00,0,485,409,40,18,18,94.70,15,118021802,23
2026-03-23,09:29:00,0,468,386,51,20,11,93.63,15,118021802,23
2026-03-23,09:44:00,0,477,402,42,22,11,95.47,15,118021802,23
2026-03-23,09:59:00,0,453,391,33,17,12,94.84,15,118021802,23
2026-03-23,10:14:00,0,495,423,43,16,13,95.60,15,118021802,23
2026-03-23,10:29:00,0,513,441,38,19,15,94.48,15,118021802,23
2026-03-23,10:44:00,0,505,432,41,21,11,94.25,15,118021802,23
2026-03-23,10:59:00,0,463,412,29,9,13,99.16,15,118021802,23
2026-03-23,11:14:00,0,469,414,33,16,6,94.71,15,118021802,23
2026-03-23,11:29:00,0,433,372,38,9,14,95.20,15,118021802,23
2026-03-23,11:44:00,0,608,516,50,27,15,93.94,15,118021802,23
2026-03-23,11:59:00,0,481,420,31,13,17,95.36,15,118021802,23
2026-03-23,12:14:00,0,537,472,34,19,12,94.92,15,118021802,23
2026-03-23,12:29:00,0,514,465,30,9,10,99.96,15,118021802,23
2026-03-23,12:44:00,0,486,439,24,11,12,95.62,15,118021802,23
2026-03-23,12:59:00,0,529,476,25,15,13,95.70,15,118021802,23
2026-03-23,13:14:00,0,512,454,28,16,14,96.51,15,118021802,23
2026-03-23,13:29:00,0,570,502,38,18,12,95.49,15,118021802,23
2026-03-23,13:44:00,0,502,433,43,11,15,96.86,15,118021802,23
2026-03-23,13:59:00,0,518,454,32,15,17,97.06,15,118021802,23
2026-03-23,14:14:00,0,553,494,29,12,18,97.31,15,118021802,23
2026-03-23,14:29:00,0,605,533,41,15,16,97.82,15,118021802,23
2026-03-23,14:44:00,0,587,527,28,20,12,97.24,15,118021802,23
2026-03-23,14:59:00,0,639,579,36,11,13,97.70,15,118021802,23
2026-03-23,15:14:00,0,623,557,42,18,6,98.14,15,118021802,23
2026-03-23,15:29:00,0,667,609,39,12,7,97.38,15,118021802,23
2026-03-23,15:44:00,0,690,613,54,9,14,97.34,15,118021802,23
2026-03-23,15:59:00,0,756,682,53,10,11,93.99,15,118021802,23
2026-03-23,16:14:00,0,862,776,60,15,11,93.42,15,118021802,23
2026-03-23,16:29:00,0,920,861,41,13,5,93.05,15,118021802,23
2026-03-23,16:44:00,0,948,878,62,4,4,96.25,15,118021802,23
2026-03-23,16:59:00,0,954,885,47,13,9,96.37,15,118021802,23
2026-03-23,17:14:00,0,1067,1012,41,8,6,93.96,15,118021802,23
2026-03-23,17:29:00,0,1021,974,36,6,5,94.34,15,118021802,23
2026-03-23,17:44:00,0,841,805,30,4,2,96.98,15,118021802,23
2026-03-23,17:53:00,0,617,587,20,3,7,99.13,9,118021802,23
2026-03-23,18:14:00,0,649,612,26,3,8,98.17,15,118021802,23
2026-03-23,18:29:00,0,571,541,19,4,7,98.26,15,118021802,23
2026-03-23,18:44:00,0,489,470,14,1,4,100.11,15,118021802,23
2026-03-23,18:59:00,0,421,408,10,0,3,97.46,15,118021802,23
2026-03-23,19:14:00,0,393,374,14,2,3,98.90,15,118021802,23
2026-03-23,19:29:00,0,394,379,11,4,0,99.04,15,118021802,23
2026-03-23,19:44:00,0,347,331,9,2,5,98.99,15,118021802,23
2026-03-23,19:59:00,0,284,268,12,0,4,100.17,15,118021802,23
2026-03-23,20:14:00,0,252,244,5,2,1,102.15,15,118021802,23
2026-03-23,20:29:00,0,249,241,5,3,0,101.29,15,118021802,23
2026-03-23,20:44:00,0,272,259,9,3,1,100.35,15,118021802,23
2026-03-23,20:59:00,0,185,176,4,1,4,100.70,15,118021802,23
2026-03-23,21:14:00,0,218,212,3,1,2,102.12,15,118021802,23
2026-03-23,21:29:00,0,188,185,3,0,0,103.82,15,118021802,23
2026-03-23,21:44:00,0,160,154,3,1,2,103.52,15,118021802,23
2026-03-23,21:59:00,0,130,127,2,1,0,99.06,15,118021802,23
2026-03-23,22:14:00,0,146,142,3,1,0,105.08,15,118021802,23
2026-03-23,22:29:00,0,130,123,5,1,1,103.68,15,118021802,23
2026-03-23,22:44:00,0,95,92,2,1,0,101.05,15,118021802,23
2026-03-23,22:59:00,0,101,99,1,0,1,103.07,15,118021802,23
2026-03-23,23:14:00,0,97,91,4,0,2,100.64,15,118021802,23
2026-03-23,23:29:00,0,60,55,2,1,2,99.96,15,118021802,23
2026-03-23,23:44:00,0,56,54,2,0,0,105.34,15,118021802,23
2026-03-23,23:59:00,0,28,28,0,0,0,103.00,15,118021802,23
2026-03-24,00:14:00,1,45,41,0,1,3,101.33,15,118021802,23
2026-03-24,00:29:00,1,34,32,1,1,0,102.05,15,118021802,23
2026-03-24,00:44:00,1,28,23,0,2,3,99.94,15,118021802,23
2026-03-24,00:59:00,1,27,23,1,2,1,97.80,15,118021802,23
2026-03-24,01:14:00,1,14,12,1,0,1,98.76,15,118021802,23
2026-03-24,01:29:00,1,19,17,0,1,1,96.85,15,118021802,23
2026-03-24,01:44:00,1,20,16,1,0,3,88.55,15,118021802,23
2026-03-24,01:59:00,1,11,10,0,0,1,95.75,15,118021802,23
2026-03-24,02:14:00,1,17,15,0,0,2,97.76,15,118021802,23
2026-03-24,02:29:00,1,9,5,2,1,1,98.43,15,118021802,23
2026-03-24,02:44:00,1,10,8,1,0,1,110.54,15,118021802,23
2026-03-24,02:59:00,1,13,10,2,0,1,102.86,15,118021802,23
2026-03-24,03:14:00,1,9,6,2,1,0,97.42,15,118021802,23
2026-03-24,03:29:00,1,17,12,3,1,1,96.00,15,118021802,23
2026-03-24,03:44:00,1,14,10,2,0,2,94.64,15,118021802,23
2026-03-24,03:59:00,1,10,8,1,0,1,93.00,15,118021802,23
2026-03-24,04:14:00,1,20,13,1,2,4,97.98,15,118021802,23
2026-03-24,04:29:00,1,18,8,1,2,7,97.19,15,118021802,23
2026-03-24,04:44:00,1,24,20,0,3,1,95.27,15,118021802,23
2026-03-24,04:59:00,1,27,16,1,2,8,99.86,15,118021802,23
2026-03-24,05:14:00,1,47,39,1,3,4,102.94,15,118021802,23
2026-03-24,05:29:00,1,60,46,1,8,5,98.91,15,118021802,23
2026-03-24,05:44:00,1,87,59,9,9,10,97.79,15,118021802,23
2026-03-24,05:59:00,1,105,76,10,8,11,99.91,15,118021802,23
2026-03-24,06:14:00,1,151,120,4,11,16,102.07,15,118021802,23
2026-03-24,06:29:00,1,193,149,14,8,22,101.73,15,118021802,23
2026-03-24,06:44:00,1,303,257,19,15,12,101.60,15,118021802,23
2026-03-24,06:59:00,1,377,331,18,16,12,99.46,15,118021802,23
2026-03-24,07:14:00,1,480,419,35,12,14,98.09,15,118021802,23
2026-03-24,07:29:00,1,672,607,33,17,15,98.28,15,118021802,23
2026-03-24,07:44:00,1,726,628,47,30,21,94.50,15,118021802,23
2026-03-24,07:59:00,1,622,536,51,22,13,97.44,15,118021802,23
2026-03-24,08:14:00,1,689,588,60,21,20,93.32,15,118021802,23
2026-03-24,08:29:00,1,581,499,47,24,11,95.14,15,118021802,23
2026-03-24,08:44:00,1,625,543,48,26,8,99.48,15,118021802,23
2026-03-24,08:59:00,1,524,441,49,20,14,94.61,15,118021802,23
2026-03-24,09:14:00,1,501,412,48,32,9,94.57,15,118021802,23
2026-03-24,09:29:00,1,480,404,46,17,13,99.11,15,118021802,23
2026-03-24,09:44:00,1,464,385,32,34,13,93.47,15,118021802,23
2026-03-24,09:59:00,1,416,350,36,18,12,95.52,15,118021802,23
2026-03-24,10:14:00,1,429,359,40,23,7,94.69,15,118021802,23
2026-03-24,10:29:00,1,427,358,41,13,15,95.98,15,118021802,23
2026-03-24,10:44:00,1,454,402,30,15,7,94.86,15,118021802,23
2026-03-24,10:59:00,1,483,416,32,23,12,95.26,15,118021802,23
2026-03-24,11:14:00,1,448,375,42,15,16,96.84,15,118021802,23
2026-03-24,11:29:00,1,441,378,31,17,15,95.31,15,118021802,23
2026-03-24,11:44:00,1,478,418,29,16,15,94.63,15,118021802,23
2026-03-24,11:59:00,1,479,423,33,16,7,95.22,15,118021802,23
2026-03-24,12:14:00,1,508,460,25,9,14,95.45,15,118021802,23
2026-03-24,12:29:00,1,472,426,28,10,8,97.01,15,118021802,23
2026-03-24,12:44:00,1,512,461,25,14,12,96.66,15,118021802,23
2026-03-24,12:59:00,1,536,459,37,19,21,95.69,15,118021802,23
2026-03-24,13:14:00,1,493,427,30,16,20,95.07,15,118021802,23
2026-03-24,13:29:00,1,528,463,34,18,13,94.65,15,118021802,23
2026-03-24,13:44:00,1,544,470,47,16,11,91.31,15,118021802,23
2026-03-24,13:59:00,1,510,450,34,13,13,92.74,15,118021802,23
2026-03-24,14:14:00,1,552,495,38,5,14,94.84,15,118021802,23
2026-03-24,14:29:00,1,621,542,44,23,12,90.35,15,118021802,23
2026-03-24,14:44:00,1,647,586,33,10,18,93.44,15,118021802,23
2026-03-24,14:59:00,1,596,535,37,11,13,97.96,15,118021802,23
2026-03-24,15:14:00,1,638,568,45,7,18,96.18,15,118021802,23
2026-03-24,15:29:00,1,684,623,39,10,12,94.84,15,118021802,23
2026-03-24,15:44:00,1,725,638,57,18,12,93.54,15,118021802,23
2026-03-24,15:59:00,1,759,695,47,11,6,93.81,15,118021802,23
2026-03-24,16:14:00,1,869,801,44,13,11,92.26,15,118021802,23
2026-03-24,16:29:00,1,826,760,53,9,4,89.36,15,118021802,23
2026-03-24,16:44:00,1,947,879,49,9,10,90.05,15,118021802,23
2026-03-24,16:59:00,1,931,860,56,8,7,91.58,15,118021802,23
2026-03-24,17:14:00,1,971,903,49,12,7,90.65,15,118021802,23
2026-03-24,17:29:00,1,981,929,38,7,7,92.41,15,118021802,23
2026-03-24,17:44:00,1,889,850,30,6,3,90.16,15,118021802,23
2026-03-24,17:59:00,1,848,812,26,1,9,92.28,15,118021802,23
2026-03-24,18:14:00,1,676,645,21,3,7,96.58,15,118021802,23
2026-03-24,18:29:00,1,603,586,9,4,4,91.73,15,118021802,23
2026-03-24,18:44:00,1,505,490,12,2,1,94.06,15,118021802,23
2026-03-24,18:59:00,1,429,415,8,1,5,94.15,15,118021802,23
2026-03-24,19:14:00,1,375,360,12,0,3,92.46,15,118021802,23
2026-03-24,19:29:00,1,398,379,11,4,4,91.12,15,118021802,23
2026-03-24,19:44:00,1,321,313,8,0,0,94.06,15,118021802,23
2026-03-24,19:59:00,1,305,287,8,4,6,95.05,15,118021802,23
2026-03-24,20:14:00,1,286,274,9,2,1,94.52,15,118021802,23
2026-03-24,20:29:00,1,258,252,3,2,1,95.11,15,118021802,23
2026-03-24,20:44:00,1,216,211,4,1,0,100.02,15,118021802,23
2026-03-24,20:59:00,1,165,158,3,0,4,97.02,15,118021802,23
2026-03-24,21:14:00,1,157,151,3,0,3,97.73,15,118021802,23
2026-03-24,21:29:00,1,173,167,4,0,2,96.19,15,118021802,23
2026-03-24,21:44:00,1,151,143,4,2,2,99.25,15,118021802,23
2026-03-24,21:59:00,1,115,112,1,1,1,98.98,15,118021802,23
2026-03-24,22:14:00,1,143,138,3,0,2,98.68,15,118021802,23
2026-03-24,22:29:00,1,119,110,3,2,4,102.27,15,118021802,23
2026-03-24,22:44:00,1,83,76,4,1,2,101.83,15,118021802,23
2026-03-24,22:59:00,1,50,47,3,0,0,102.58,15,118021802,23
2026-03-24,23:14:00,1,74,71,1,0,2,98.10,15,118021802,23
2026-03-24,23:29:00,1,58,55,3,0,0,104.22,15,118021802,23
2026-03-24,23:44:00,1,57,53,2,0,2,95.81,15,118021802,23
2026-03-24,23:59:00,1,44,40,2,1,1,98.65,15,118021802,23
2026-03-25,00:14:00,2,28,27,0,0,1,101.44,15,118021802,23
2026-03-25,00:29:00,2,24,23,1,0,0,104.75,15,118021802,23
2026-03-25,00:44:00,2,14,13,0,0,1,104.50,15,118021802,23
2026-03-25,00:59:00,2,25,19,1,1,4,100.45,15,118021802,23
2026-03-25,01:14:00,2,9,8,0,0,1,89.55,15,118021802,23
2026-03-25,01:29:00,2,10,9,0,0,1,92.00,15,118021802,23
2026-03-25,01:44:00,2,12,11,1,0,0,108.64,15,118021802,23
2026-03-25,01:59:00,2,13,9,3,0,1,104.15,15,118021802,23
2026-03-25,02:14:00,2,13,12,0,1,0,96.87,15,118021802,23
2026-03-25,02:29:00,2,16,10,2,0,4,94.39,15,118021802,23
2026-03-25,02:44:00,2,7,4,0,0,3,92.07,15,118021802,23
2026-03-25,02:59:00,2,15,10,0,1,4,93.21,15,118021802,23
2026-03-25,03:14:00,2,9,7,2,0,0,100.87,15,118021802,23
2026-03-25,03:29:00,2,15,11,2,1,1,98.52,15,118021802,23
2026-03-25,03:44:00,2,7,5,1,0,1,93.22,15,118021802,23
2026-03-25,03:59:00,2,15,11,0,1,3,94.98,15,118021802,23
2026-03-25,04:14:00,2,21,17,1,1,2,100.71,14,118021802,23
2026-03-25,04:29:00,2,9,6,1,0,2,86.93,15,118021802,23
2026-03-25,04:44:00,2,34,25,2,3,4,94.60,15,118021802,23
2026-03-25,04:59:00,2,28,21,1,3,3,97.21,15,118021802,23
2026-03-25,05:14:00,2,46,37,1,1,7,99.37,15,118021802,23
2026-03-25,05:29:00,2,65,50,4,5,6,95.47,15,118021802,23
2026-03-25,05:44:00,2,92,68,6,5,13,95.52,15,118021802,23
2026-03-25,05:59:00,2,97,67,7,10,13,100.59,15,118021802,23
2026-03-25,06:14:00,2,137,111,4,8,14,102.40,15,118021802,23
2026-03-25,06:29:00,2,223,183,8,14,18,102.23,15,118021802,23
2026-03-25,06:44:00,2,313,260,19,18,16,99.31,15,118021802,23
2026-03-25,06:59:00,2,368,318,19,15,16,99.53,15,118021802,23
2026-03-25,07:14:00,2,470,402,30,25,13,101.22,15,118021802,23
2026-03-25,07:29:00,2,612,535,47,21,9,98.88,15,118021802,23
2026-03-25,07:44:00,2,717,630,50,24,13,96.13,15,118021802,23
2026-03-25,07:59:00,2,600,520,40,26,14,94.32,15,118021802,23
2026-03-25,08:14:00,2,684,580,58,34,12,94.31,15,118021802,23
2026-03-25,08:29:00,2,636,551,56,22,7,98.27,15,118021802,23
2026-03-25,08:44:00,2,616,526,52,26,12,91.80,15,118021802,23
2026-03-25,08:59:00,2,510,437,33,29,11,96.60,15,118021802,23
2026-03-25,09:14:00,2,508,415,52,26,15,98.81,15,118021802,23
2026-03-25,09:29:00,2,519,440,48,15,16,96.09,15,118021802,23
2026-03-25,09:44:00,2,429,378,26,18,7,97.06,15,118021802,23
2026-03-25,09:59:00,2,484,407,40,24,13,94.43,15,118021802,23
2026-03-25,10:14:00,2,428,365,41,10,12,96.98,15,118021802,23
2026-03-25,10:29:00,2,442,387,27,14,14,95.49,15,118021802,23
2026-03-25,10:44:00,2,461,391,41,15,14,94.83,15,118021802,23
2026-03-25,10:59:00,2,443,377,34,18,14,93.66,15,118021802,23
2026-03-25,11:14:00,2,501,441,28,17,15,94.08,15,118021802,23
2026-03-25,11:29:00,2,492,420,39,15,18,94.37,15,118021802,23
2026-03-25,11:44:00,2,506,448,29,15,14,94.58,15,118021802,23
2026-03-25,11:59:00,2,483,415,41,18,9,94.51,15,118021802,23
2026-03-25,12:14:00,2,541,469,33,23,16,94.97,15,118021802,23
2026-03-25,12:29:00,2,559,506,29,15,9,95.16,15,118021802,23
2026-03-25,12:44:00,2,557,506,28,12,11,96.68,15,118021802,23
2026-03-25,12:59:00,2,523,457,26,24,16,97.25,15,118021802,23
2026-03-25,13:14:00,2,494,435,34,13,12,98.04,15,118021802,23
2026-03-25,13:29:00,2,559,507,28,11,13,97.99,15,118021802,23
2026-03-25,13:44:00,2,514,438,45,19,12,96.75,15,118021802,23
2026-03-25,13:59:00,2,516,452,41,14,9,95.72,15,118021802,23
2026-03-25,14:14:00,2,545,491,33,10,11,98.44,15,118021802,23
2026-03-25,14:29:00,2,614,556,25,15,18,96.71,15,118021802,23
2026-03-25,14:44:00,2,593,520,45,13,15,97.97,15,118021802,23
2026-03-25,14:59:00,2,654,572,45,16,21,95.94,15,118021802,23
2026-03-25,15:14:00,2,594,538,33,10,13,97.68,15,118021802,23
2026-03-25,15:29:00,2,748,669,51,13,15,95.90,15,118021802,23
2026-03-25,15:44:00,2,702,630,59,5,8,96.52,15,118021802,23
2026-03-25,15:59:00,2,745,666,56,13,10,97.39,15,118021802,23
2026-03-25,16:14:00,2,926,855,58,5,8,97.02,15,118021802,23
2026-03-25,16:29:00,2,973,910,45,9,9,96.07,15,118021802,23
2026-03-25,16:44:00,2,1064,981,64,11,8,95.03,15,118021802,23
2026-03-25,16:59:00,2,1023,958,51,9,5,94.60,15,118021802,23
2026-03-25,17:14:00,2,1082,1029,40,4,9,91.87,15,118021802,23
2026-03-25,17:29:00,2,1032,988,33,7,4,94.93,15,118021802,23
2026-03-25,17:44:00,2,892,839,42,6,5,94.66,15,118021802,23
2026-03-25,17:59:00,2,727,678,32,6,11,96.80,15,118021802,23
2026-03-25,18:14:00,2,664,634,26,2,2,98.23,15,118021802,23
2026-03-25,18:29:00,2,592,564,19,4,5,97.03,15,118021802,23
2026-03-25,18:44:00,2,538,520,14,2,2,98.96,15,118021802,23
2026-03-25,18:59:00,2,533,497,25,5,6,94.40,15,118021802,23
2026-03-25,19:14:00,2,429,408,13,3,5,97.90,15,118021802,23
2026-03-25,19:29:00,2,437,416,16,4,1,97.94,15,118021802,23
2026-03-25,19:44:00,2,427,406,14,2,5,96.18,15,118021802,23
2026-03-25,19:59:00,2,310,295,9,3,3,98.40,15,118021802,23
2026-03-25,20:14:00,2,274,266,7,0,1,101.39,15,118021802,23
2026-03-25,20:29:00,2,259,245,8,3,3,102.01,15,118021802,23
2026-03-25,20:44:00,2,188,177,7,3,1,100.03,15,118021802,23
2026-03-25,20:59:00,2,241,220,12,4,5,99.86,15,118021802,23
2026-03-25,21:14:00,2,204,194,6,3,1,99.50,15,118021802,23
2026-03-25,21:29:00,2,189,183,4,0,2,100.16,15,118021802,23
2026-03-25,21:44:00,2,193,182,6,1,4,99.12,15,118021802,23
2026-03-25,21:59:00,2,125,119,5,0,1,103.36,15,118021802,23
2026-03-25,22:14:00,2,138,131,5,0,2,104.05,15,118021802,23
2026-03-25,22:29:00,2,151,143,5,2,1,101.40,15,118021802,23
2026-03-25,22:44:00,2,100,98,1,1,0,99.64,15,118021802,23
2026-03-25,22:59:00,2,77,68,4,2,3,100.76,15,118021802,23
2026-03-25,23:14:00,2,76,70,2,2,2,102.82,15,118021802,23
2026-03-25,23:29:00,2,59,58,0,0,1,101.20,15,118021802,23
2026-03-25,23:44:00,2,40,37,1,1,1,105.38,15,118021802,23
2026-03-25,23:59:00,2,39,37,1,0,1,105.91,15,118021802,23
2026-03-26,00:14:00,3,49,47,1,1,0,101.70,15,118021802,23
2026-03-26,00:29:00,3,36,33,2,1,0,105.27,15,118021802,23
2026-03-26,00:44:00,3,25,21,0,1,3,107.02,15,118021802,23
2026-03-26,00:59:00,3,20,12,1,2,5,99.34,15,118021802,23
2026-03-26,01:14:00,3,28,23,0,2,3,95.13,15,118021802,23
2026-03-26,01:29:00,3,20,15,3,1,1,96.12,15,118021802,23
2026-03-26,01:44:00,3,16,15,0,0,1,100.40,15,118021802,23
2026-03-26,01:59:00,3,9,7,0,0,2,99.43,15,118021802,23
2026-03-26,02:14:00,3,13,10,0,0,3,96.97,15,118021802,23
2026-03-26,02:29:00,3,8,7,0,0,1,106.41,15,118021802,23
2026-03-26,02:44:00,3,9,6,2,0,1,92.47,15,118021802,23
2026-03-26,02:59:00,3,8,6,0,1,1,95.19,15,118021802,23
2026-03-26,03:14:00,3,14,13,0,0,1,103.97,15,118021802,23
2026-03-26,03:29:00,3,8,6,2,0,0,96.38,15,118021802,23
2026-03-26,03:44:00,3,16,14,1,0,1,100.12,15,118021802,23
2026-03-26,03:59:00,3,18,14,2,0,2,96.46,15,118021802,23
2026-03-26,04:14:00,3,17,13,1,2,1,96.25,15,118021802,23
2026-03-26,04:29:00,3,9,6,2,0,1,93.23,15,118021802,23
2026-03-26,04:44:00,3,18,14,0,3,1,96.50,15,118021802,23
2026-03-26,04:59:00,3,22,16,1,3,2,99.00,15,118021802,23
2026-03-26,05:14:00,3,52,41,2,3,6,94.35,15,118021802,23
2026-03-26,05:29:00,3,61,40,0,7,14,94.98,15,118021802,23
2026-03-26,05:44:00,3,87,68,4,5,10,96.73,15,118021802,23
2026-03-26,05:59:00,3,97,73,5,7,12,100.50,15,118021802,23
2026-03-26,06:14:00,3,148,113,8,13,15,98.61,14,118021802,23
2026-03-26,06:29:00,3,215,180,12,5,18,103.35,15,118021802,23
2026-03-26,06:44:00,3,279,231,20,14,14,99.78,15,118021802,23
2026-03-26,06:59:00,3,371,300,23,25,23,99.85,15,118021802,23
2026-03-26,07:14:00,3,476,422,27,17,10,99.46,15,118021802,23
2026-03-26,07:29:00,3,575,510,41,16,8,97.67,15,118021802,23
2026-03-26,07:44:00,3,709,615,49,32,13,95.11,15,118021802,23
2026-03-26,07:59:00,3,676,603,47,17,9,94.19,15,118021802,23
2026-03-26,08:14:00,3,716,616,59,27,14,94.40,15,118021802,23
2026-03-26,08:29:00,3,690,588,57,32,13,93.32,15,118021802,23
2026-03-26,08:44:00,3,653,565,53,26,9,95.34,15,118021802,23
2026-03-26,08:59:00,3,526,440,42,21,23,96.34,15,118021802,23
2026-03-26,09:14:00,3,506,415,43,35,13,94.53,15,118021802,23
2026-03-26,09:29:00,3,499,415,45,27,12,95.74,15,118021802,23
2026-03-26,09:44:00,3,501,410,43,35,13,95.62,15,118021802,23
2026-03-26,09:59:00,3,485,401,48,26,10,93.86,15,118021802,23
2026-03-26,10:14:00,3,486,408,45,18,15,95.28,15,118021802,23
2026-03-26,10:29:00,3,420,355,30,13,22,96.14,15,118021802,23
2026-03-26,10:44:00,3,448,393,25,20,10,94.79,15,118021802,23
2026-03-26,10:59:00,3,487,425,29,19,14,100.82,15,118021802,23
2026-03-26,11:14:00,3,474,416,26,17,15,100.34,15,118021802,23
2026-03-26,11:29:00,3,478,426,29,14,9,95.52,15,118021802,23
2026-03-26,11:44:00,3,509,450,28,15,16,94.73,15,118021802,23
2026-03-26,11:59:00,3,568,497,44,15,12,97.31,15,118021802,23
2026-03-26,12:14:00,3,526,462,40,13,11,97.18,15,118021802,23
2026-03-26,12:29:00,3,524,466,33,14,11,95.88,15,118021802,23
2026-03-26,12:44:00,3,507,457,25,14,11,96.80,15,118021802,23
2026-03-26,12:59:00,3,536,474,28,17,17,97.61,15,118021802,23
2026-03-26,13:14:00,3,544,478,40,6,20,99.13,15,118021802,23
2026-03-26,13:29:00,3,527,478,30,11,8,99.25,15,118021802,23
2026-03-26,13:44:00,3,501,447,32,8,14,94.98,15,118021802,23
2026-03-26,13:59:00,3,566,503,37,16,10,96.17,15,118021802,23
2026-03-26,14:14:00,3,589,537,25,20,7,96.33,15,118021802,23
2026-03-26,14:29:00,3,617,548,42,9,18,98.85,15,118021802,23
2026-03-26,14:44:00,3,658,593,40,14,11,97.51,15,118021802,23
2026-03-26,14:59:00,3,701,623,43,18,17,97.02,15,118021802,23
2026-03-26,15:14:00,3,629,567,40,8,14,96.58,15,118021802,23
2026-03-26,15:29:00,3,723,656,42,12,13,96.67,15,118021802,23
2026-03-26,15:44:00,3,752,672,61,14,5,95.95,15,118021802,23
2026-03-26,15:59:00,3,810,746,47,10,7,96.32,15,118021802,23
2026-03-26,16:14:00,3,881,798,61,7,15,96.01,15,118021802,23
2026-03-26,16:29:00,3,971,881,69,14,7,96.07,15,118021802,23
2026-03-26,16:44:00,3,992,923,45,15,9,93.19,15,118021802,23
2026-03-26,16:59:00,3,1057,999,46,9,3,92.62,15,118021802,23
2026-03-26,17:14:00,3,1047,1000,35,5,7,94.71,15,118021802,23
2026-03-26,17:29:00,3,1032,983,38,6,5,93.80,15,118021802,23
2026-03-26,17:44:00,3,938,884,39,6,9,92.77,15,118021802,23
2026-03-26,17:59:00,3,756,722,21,7,6,95.87,15,118021802,23
2026-03-26,18:14:00,3,731,691,28,4,8,96.89,15,118021802,23
2026-03-26,18:29:00,3,625,588,26,5,6,98.49,15,118021802,23
2026-03-26,18:44:00,3,543,521,17,4,1,98.77,15,118021802,23
2026-03-26,18:59:00,3,450,430,14,3,3,100.28,15,118021802,23
2026-03-26,19:14:00,3,448,428,10,4,6,97.28,15,118021802,23
2026-03-26,19:29:00,3,412,392,13,1,6,98.19,15,118021802,23
2026-03-26,19:44:00,3,426,412,9,1,4,99.00,15,118021802,23
2026-03-26,19:59:00,3,326,308,9,4,5,99.88,15,118021802,23
2026-03-26,20:14:00,3,335,320,11,3,1,98.37,15,118021802,23
2026-03-26,20:29:00,3,260,251,7,1,1,101.57,15,118021802,23
2026-03-26,20:44:00,3,280,268,6,1,5,100.88,15,118021802,23
2026-03-26,20:59:00,3,234,221,7,1,5,102.37,15,118021802,23
2026-03-26,21:14:00,3,227,220,4,2,1,102.51,15,118021802,23
2026-03-26,21:29:00,3,206,203,2,0,1,101.24,15,118021802,23
2026-03-26,21:44:00,3,198,188,7,1,2,101.40,15,118021802,23
2026-03-26,21:59:00,3,187,179,1,2,5,98.86,15,118021802,23
2026-03-26,22:14:00,3,212,203,8,0,1,103.78,15,118021802,23
2026-03-26,22:29:00,3,165,160,1,1,3,102.84,15,118021802,23
2026-03-26,22:44:00,3,109,103,3,1,2,101.56,15,118021802,23
2026-03-26,22:59:00,3,94,90,2,1,1,101.76,15,118021802,23
2026-03-26,23:14:00,3,102,99,1,1,1,102.83,15,118021802,23
2026-03-26,23:29:00,3,65,61,2,0,2,102.82,15,118021802,23
2026-03-26,23:44:00,3,61,59,0,0,2,102.14,15,118021802,23
2026-03-26,23:59:00,3,62,60,2,0,0,104.29,15,118021802,23
2026-03-27,00:14:00,4,42,41,1,0,0,103.42,15,118021802,23
2026-03-27,00:29:00,4,48,46,0,1,1,102.75,15,118021802,23
2026-03-27,00:44:00,4,41,38,0,3,0,104.12,15,118021802,23
2026-03-27,00:59:00,4,30,25,2,1,2,100.91,15,118021802,23
2026-03-27,01:14:00,4,26,22,2,0,2,97.10,15,118021802,23
2026-03-27,01:29:00,4,13,12,0,0,1,100.37,15,118021802,23
2026-03-27,01:44:00,4,13,10,0,0,3,94.89,15,118021802,23
2026-03-27,01:59:00,4,28,24,2,0,2,98.36,15,118021802,23
2026-03-27,02:14:00,4,31,27,0,0,4,100.90,15,118021802,23
2026-03-27,02:29:00,4,22,21,0,0,1,103.84,15,118021802,23
2026-03-27,02:44:00,4,16,12,2,1,1,103.72,15,118021802,23
2026-03-27,02:59:00,4,10,8,1,1,0,95.95,15,118021802,23
2026-03-27,03:14:00,4,11,6,3,0,2,99.97,15,118021802,23
2026-03-27,03:29:00,4,11,5,1,2,3,90.01,15,118021802,23
2026-03-27,03:44:00,4,12,11,0,0,1,99.00,15,118021802,23
2026-03-27,03:59:00,4,13,13,0,0,0,105.66,15,118021802,23
2026-03-27,04:14:00,4,21,16,0,3,2,96.75,15,118021802,23
2026-03-27,04:29:00,4,18,10,4,2,2,95.03,15,118021802,23
2026-03-27,04:44:00,4,26,18,1,2,4,93.45,14,118021802,23
2026-03-27,04:59:00,4,39,28,1,5,5,95.02,15,118021802,23
2026-03-27,05:14:00,4,40,32,2,1,5,100.62,15,118021802,23
2026-03-27,05:29:00,4,69,55,2,5,7,96.14,15,118021802,23
2026-03-27,05:44:00,4,75,53,7,6,9,99.19,15,118021802,23
2026-03-27,05:59:00,4,96,71,3,7,15,96.80,15,118021802,23
2026-03-27,06:14:00,4,130,98,4,14,14,106.22,14,118021802,23
2026-03-27,06:29:00,4,192,141,16,12,23,100.20,15,118021802,23
2026-03-27,06:44:00,4,278,228,18,16,16,98.46,15,118021802,23
2026-03-27,06:59:00,4,323,286,20,7,10,101.49,15,118021802,23
2026-03-27,07:14:00,4,414,354,32,18,10,101.88,15,118021802,23
2026-03-27,07:29:00,4,540,470,31,22,17,93.97,15,118021802,23
2026-03-27,07:44:00,4,669,572,56,25,16,94.61,15,118021802,23
2026-03-27,07:59:00,4,644,569,44,20,11,95.19,15,118021802,23
2026-03-27,08:14:00,4,665,556,58,33,18,94.38,15,118021802,23
2026-03-27,08:29:00,4,625,554,42,20,9,94.85,15,118021802,23
2026-03-27,08:44:00,4,657,572,51,25,9,96.11,15,118021802,23
2026-03-27,08:59:00,4,480,391,42,22,25,93.57,15,118021802,23
2026-03-27,09:14:00,4,573,480,54,28,11,91.74,15,118021802,23
2026-03-27,09:29:00,4,483,402,43,23,16,90.76,14,118021802,23
2026-03-27,09:44:00,4,493,416,38,23,16,91.62,15,118021802,23
2026-03-27,09:59:00,4,463,392,45,17,9,93.78,15,118021802,23
2026-03-27,10:14:00,4,470,409,33,13,15,93.22,15,118021802,23
2026-03-27,10:29:00,4,476,406,36,20,13,92.69,14,118021802,23
2026-03-27,10:44:00,4,557,485,34,27,11,90.31,15,118021802,23
2026-03-27,10:59:00,4,485,423,32,18,12,95.78,15,118021802,23
2026-03-27,11:14:00,4,511,457,28,12,14,94.68,15,118021802,23
2026-03-27,11:29:00,4,549,480,41,12,16,94.93,15,118021802,23
2026-03-27,11:44:00,4,572,505,40,12,15,94.01,15,118021802,23
2026-03-27,11:59:00,4,573,521,27,20,5,95.82,15,118021802,23
2026-03-27,12:14:00,4,570,507,33,16,14,98.17,15,118021802,23
2026-03-27,12:29:00,4,605,546,32,12,15,96.62,15,118021802,23
2026-03-27,12:44:00,4,652,592,34,13,13,97.84,15,118021802,23
2026-03-27,12:59:00,4,676,602,42,18,14,94.11,15,118021802,23
2026-03-27,13:14:00,4,676,619,33,12,12,98.56,15,118021802,23
2026-03-27,13:29:00,4,703,630,44,19,10,96.68,15,118021802,23
2026-03-27,13:44:00,4,686,622,41,14,9,99.19,15,118021802,23
2026-03-27,13:59:00,4,675,606,43,10,16,98.49,15,118021802,23
2026-03-27,14:14:00,4,722,644,44,21,13,95.35,15,118021802,23
2026-03-27,14:29:00,4,733,678,28,16,11,97.31,15,118021802,23
2026-03-27,14:44:00,4,769,684,48,21,16,95.35,15,118021802,23
2026-03-27,14:59:00,4,732,661,47,18,6,97.00,15,118021802,23
2026-03-27,15:14:00,4,829,754,49,14,12,96.82,15,118021802,23
2026-03-27,15:29:00,4,893,816,61,7,9,93.72,15,118021802,23
2026-03-27,15:44:00,4,873,812,41,14,6,96.74,15,118021802,23
2026-03-27,15:59:00,4,819,745,58,9,7,95.21,15,118021802,23
2026-03-27,16:14:00,4,990,915,58,11,6,93.16,15,118021802,23
2026-03-27,16:29:00,4,910,847,43,14,6,95.03,15,118021802,23
2026-03-27,16:44:00,4,954,895,45,11,3,94.43,15,118021802,23
2026-03-27,16:59:00,4,917,857,45,7,8,95.28,15,118021802,23
2026-03-27,17:14:00,4,933,880,46,4,3,97.89,15,118021802,23
2026-03-27,17:29:00,4,840,807,29,2,2,96.52,15,118021802,23
2026-03-27,17:44:00,4,752,715,20,10,7,98.32,15,118021802,23
2026-03-27,17:59:00,4,689,659,24,4,2,95.30,15,118021802,23
2026-03-27,18:14:00,4,683,655,23,1,4,96.60,15,118021802,23
2026-03-27,18:29:00,4,569,545,17,6,1,98.91,15,118021802,23
2026-03-27,18:44:00,4,550,526,18,5,1,99.76,15,118021802,23
2026-03-27,18:59:00,4,491,466,16,2,7,97.75,15,118021802,23
2026-03-27,19:14:00,4,476,451,15,7,3,97.12,15,118021802,23
2026-03-27,19:29:00,4,442,430,12,0,0,98.20,15,118021802,23
2026-03-27,19:44:00,4,392,376,9,4,3,98.54,15,118021802,23
2026-03-27,19:59:00,4,347,336,7,2,2,99.77,15,118021802,23
2026-03-27,20:14:00,4,317,307,8,2,0,99.82,15,118021802,23
2026-03-27,20:29:00,4,283,266,9,2,6,101.34,15,118021802,23
2026-03-27,20:44:00,4,213,208,4,0,1,103.10,15,118021802,23
2026-03-27,20:59:00,4,183,179,2,0,2,102.88,15,118021802,23
2026-03-27,21:14:00,4,189,182,5,1,1,101.37,15,118021802,23
2026-03-27,21:29:00,4,170,165,3,1,1,99.17,15,118021802,23
2026-03-27,21:44:00,4,190,180,6,3,1,101.10,15,118021802,23
2026-03-27,21:59:00,4,172,170,2,0,0,100.30,15,118021802,23
2026-03-27,22:14:00,4,174,169,4,0,1,101.00,15,118021802,23
2026-03-27,22:29:00,4,149,143,5,0,1,102.80,15,118021802,23
2026-03-27,22:44:00,4,120,115,4,1,0,101.01,15,118021802,23
2026-03-27,22:59:00,4,104,103,1,0,0,101.77,15,118021802,23
2026-03-27,23:14:00,4,115,108,6,1,0,103.03,15,118021802,23
2026-03-27,23:29:00,4,77,76,1,0,0,102.71,15,118021802,23
2026-03-27,23:44:00,4,76,73,1,1,1,102.20,15,118021802,23
2026-03-27,23:59:00,4,68,66,2,0,0,102.62,15,118021802,23
2026-03-28,00:14:00,5,81,73,3,2,3,99.96,15,118021802,23
2026-03-28,00:29:00,5,49,46,1,1,1,103.99,15,118021802,23
2026-03-28,00:44:00,5,44,41,1,2,0,102.71,15,118021802,23
2026-03-28,00:59:00,5,24,21,0,0,3,97.26,15,118021802,23
2026-03-28,01:14:00,5,36,32,2,1,1,101.71,15,118021802,23
2026-03-28,01:29:00,5,32,32,0,0,0,107.87,15,118021802,23
2026-03-28,01:44:00,5,20,18,0,0,2,95.86,15,118021802,23
2026-03-28,01:59:00,5,24,20,1,1,2,98.97,15,118021802,23
2026-03-28,02:14:00,5,26,25,1,0,0,99.97,15,118021802,23
2026-03-28,02:29:00,5,25,21,0,1,3,95.83,15,118021802,23
2026-03-28,02:44:00,5,22,20,0,0,2,100.79,15,118021802,23
2026-03-28,02:59:00,5,18,16,0,1,1,97.90,15,118021802,23
2026-03-28,03:14:00,5,16,14,0,2,0,100.75,15,118021802,23
2026-03-28,03:29:00,5,15,12,2,0,1,93.59,15,118021802,23
2026-03-28,03:44:00,5,19,16,0,2,1,90.23,15,118021802,23
2026-03-28,03:59:00,5,10,8,0,1,1,93.33,15,118021802,23
2026-03-28,04:14:00,5,15,14,0,0,1,93.72,15,118021802,23
2026-03-28,04:29:00,5,16,13,0,0,3,85.88,15,118021802,23
2026-03-28,04:44:00,5,24,20,2,1,1,100.72,15,118021802,23
2026-03-28,04:59:00,5,19,17,0,2,0,98.40,15,118021802,23
2026-03-28,05:14:00,5,38,30,1,3,4,94.54,15,118021802,23
2026-03-28,05:29:00,5,49,35,1,6,7,93.94,15,118021802,23
2026-03-28,05:44:00,5,67,47,6,2,12,110.42,15,118021802,23
2026-03-28,05:59:00,5,42,35,2,2,3,100.27,15,118021802,23
2026-03-28,06:14:00,5,82,70,2,5,5,102.56,15,118021802,23
2026-03-28,06:29:00,5,88,76,4,3,5,100.81,15,118021802,23
2026-03-28,06:44:00,5,105,92,7,3,3,103.74,15,118021802,23
2026-03-28,06:59:00,5,114,94,9,7,4,101.41,15,118021802,23
2026-03-28,07:14:00,5,135,110,14,7,4,100.24,15,118021802,23
2026-03-28,07:29:00,5,163,136,14,7,6,98.74,15,118021802,23
2026-03-28,07:44:00,5,187,162,11,10,4,101.26,15,118021802,23
2026-03-28,07:59:00,5,221,198,17,3,3,101.53,15,118021802,23
2026-03-28,08:14:00,5,224,201,13,8,2,101.99,15,118021802,23
2026-03-28,08:29:00,5,273,247,17,6,3,100.32,15,118021802,23
2026-03-28,08:44:00,5,366,324,28,8,6,101.11,15,118021802,23
2026-03-28,08:59:00,5,346,311,24,7,4,100.70,15,118021802,23
2026-03-28,09:14:00,5,357,330,19,6,2,99.20,15,118021802,23
2026-03-28,09:29:00,5,397,367,22,4,4,99.76,15,118021802,23
2026-03-28,09:44:00,5,456,427,18,7,4,100.03,15,118021802,23
2026-03-28,09:59:00,5,482,443,23,12,4,99.15,15,118021802,23
2026-03-28,10:14:00,5,543,515,20,5,3,98.94,15,118021802,23
2026-03-28,10:29:00,5,547,505,31,5,6,99.18,15,118021802,23
2026-03-28,10:44:00,5,570,555,12,3,0,97.88,15,118021802,23
2026-03-28,10:59:00,5,563,548,10,5,0,100.14,15,118021802,23
2026-03-28,11:14:00,5,635,603,21,8,3,97.81,15,118021802,23
2026-03-28,11:29:00,5,669,631,27,6,5,97.25,15,118021802,23
2026-03-28,11:44:00,5,590,568,15,5,2,99.45,15,118021802,23
2026-03-28,11:59:00,5,685,659,20,5,1,97.84,15,118021802,23
2026-03-28,12:14:00,5,669,638,18,10,3,96.91,15,118021802,23
2026-03-28,12:29:00,5,687,661,18,5,3,99.16,15,118021802,23
2026-03-28,12:44:00,5,671,651,13,3,4,99.13,15,118021802,23
2026-03-28,12:59:00,5,695,672,17,5,1,98.08,15,118021802,23
2026-03-28,13:14:00,5,712,689,20,1,2,98.36,15,118021802,23
2026-03-28,13:29:00,5,657,626,19,8,4,97.92,15,118021802,23
2026-03-28,13:44:00,5,655,622,24,4,5,99.39,15,118021802,23
2026-03-28,13:59:00,5,658,637,17,2,2,98.90,15,118021802,23
2026-03-28,14:14:00,5,661,632,21,6,2,99.14,15,118021802,23
2026-03-28,14:29:00,5,633,609,18,1,5,98.96,15,118021802,23
2026-03-28,14:44:00,5,633,610,16,4,3,97.31,15,118021802,23
2026-03-28,14:59:00,5,629,596,25,5,3,98.57,15,118021802,23
2026-03-28,15:14:00,5,620,590,25,3,2,99.42,15,118021802,23
2026-03-28,15:29:00,5,556,538,14,2,2,99.26,15,118021802,23
2026-03-28,15:44:00,5,589,563,21,3,2,97.97,15,118021802,23
2026-03-28,15:59:00,5,562,543,15,3,1,99.98,15,118021802,23
2026-03-28,16:14:00,5,616,592,20,2,2,99.13,15,118021802,23
2026-03-28,16:29:00,5,600,577,18,4,1,99.87,15,118021802,23
2026-03-28,16:44:00,5,513,490,19,4,0,101.00,15,118021802,23
2026-03-28,16:59:00,5,550,526,18,5,1,101.62,15,118021802,23
2026-03-28,17:14:00,5,523,515,7,0,1,101.83,15,118021802,23
2026-03-28,17:29:00,5,554,536,14,2,2,101.46,15,118021802,23
2026-03-28,17:44:00,5,503,480,19,3,1,101.78,15,118021802,23
2026-03-28,17:59:00,5,459,445,8,3,3,102.92,15,118021802,23
2026-03-28,18:14:00,5,503,487,12,1,3,102.85,15,118021802,23
2026-03-28,18:29:00,5,462,442,14,4,2,101.21,15,118021802,23
2026-03-28,18:44:00,5,422,398,11,9,4,100.04,15,118021802,23
2026-03-28,18:59:00,5,399,389,8,1,1,99.88,15,118021802,23
2026-03-28,19:14:00,5,353,339,8,4,2,100.60,15,118021802,23
2026-03-28,19:29:00,5,303,289,8,2,4,99.32,15,118021802,23
2026-03-28,19:44:00,5,324,314,5,3,2,101.01,15,118021802,23
2026-03-28,19:59:00,5,306,295,7,3,1,99.58,15,118021802,23
2026-03-28,20:14:00,5,237,233,3,0,1,101.49,15,118021802,23
2026-03-28,20:29:00,5,230,219,7,1,3,101.63,15,118021802,23
2026-03-28,20:44:00,5,177,173,0,3,1,100.89,15,118021802,23
2026-03-28,20:59:00,5,189,182,4,1,2,101.29,15,118021802,23
2026-03-28,21:14:00,5,160,157,2,1,0,100.29,15,118021802,23
2026-03-28,21:29:00,5,145,137,5,2,1,100.33,15,118021802,23
2026-03-28,21:44:00,5,147,142,2,1,2,101.44,15,118021802,23
2026-03-28,21:59:00,5,173,170,1,1,1,102.34,15,118021802,23
2026-03-28,22:14:00,5,156,150,3,1,2,100.37,15,118021802,23
2026-03-28,22:29:00,5,160,155,3,1,1,98.41,15,118021802,23
2026-03-28,22:44:00,5,136,127,6,2,1,99.90,15,118021802,23
2026-03-28,22:59:00,5,99,95,3,0,1,102.89,15,118021802,23
2026-03-28,23:14:00,5,92,89,2,1,0,98.83,15,118021802,23
2026-03-28,23:29:00,5,103,97,2,3,1,102.65,15,118021802,23
2026-03-28,23:44:00,5,90,88,1,0,1,101.68,15,118021802,23
2026-03-28,23:59:00,5,82,82,0,0,0,100.40,15,118021802,23
2026-03-29,00:14:00,6,59,54,3,0,2,101.00,15,118021802,23
2026-03-29,00:29:00,6,64,58,3,2,1,100.76,15,118021802,23
2026-03-29,00:44:00,6,55,54,1,0,0,101.56,15,118021802,23
2026-03-29,00:59:00,6,48,43,3,0,2,101.39,15,118021802,23
2026-03-29,02:14:00,6,38,36,1,1,0,100.98,15,118021802,23
2026-03-29,02:29:00,6,37,37,0,0,0,100.48,15,118021802,23
2026-03-29,02:44:00,6,26,25,0,1,0,102.91,15,118021802,23
2026-03-29,02:59:00,6,29,26,1,0,2,102.25,15,118021802,23
2026-03-29,03:14:00,6,24,22,1,0,1,101.62,15,118021802,23
2026-03-29,03:29:00,6,28,24,0,1,3,115.84,15,118021802,23
2026-03-29,03:44:00,6,20,18,1,1,0,100.50,15,118021802,23
2026-03-29,03:59:00,6,20,18,0,1,1,100.06,15,118021802,23
2026-03-29,04:14:00,6,22,18,0,3,1,103.29,15,118021802,23
2026-03-29,04:29:00,6,22,19,1,1,1,100.71,15,118021802,23
2026-03-29,04:44:00,6,23,19,0,2,2,93.59,15,118021802,23
2026-03-29,04:59:00,6,26,25,0,0,1,92.38,15,118021802,23
2026-03-29,05:14:00,6,29,25,0,2,2,95.40,15,118021802,23
2026-03-29,05:29:00,6,26,22,1,1,2,97.11,15,118021802,23
2026-03-29,05:44:00,6,50,47,1,1,1,101.95,15,118021802,23
2026-03-29,05:59:00,6,28,25,0,1,2,97.55,15,118021802,23
2026-03-29,06:14:00,6,47,44,1,0,2,98.64,15,118021802,23
2026-03-29,06:29:00,6,64,56,1,3,4,102.82,15,118021802,23
2026-03-29,06:44:00,6,90,86,0,2,2,105.06,15,118021802,23
2026-03-29,06:59:00,6,89,81,3,2,3,103.58,15,118021802,23
2026-03-29,07:14:00,6,66,58,0,5,3,105.04,15,118021802,23
2026-03-29,07:29:00,6,105,97,4,2,2,103.36,15,118021802,23
2026-03-29,07:44:00,6,136,130,4,1,1,102.82,15,118021802,23
2026-03-29,07:59:00,6,140,128,2,6,4,101.55,15,118021802,23
2026-03-29,08:14:00,6,143,129,6,6,2,100.70,15,118021802,23
2026-03-29,08:29:00,6,168,154,11,0,3,99.45,15,118021802,23
2026-03-29,08:44:00,6,193,175,11,3,4,98.18,15,118021802,23
2026-03-29,08:59:00,6,215,198,10,4,3,98.78,15,118021802,23
2026-03-29,09:14:00,6,255,240,4,5,6,99.43,15,118021802,23
2026-03-29,09:29:00,6,236,217,9,4,6,99.34,15,118021802,23
2026-03-29,09:44:00,6,284,264,14,2,4,99.86,14,118021802,23
2026-03-29,09:59:00,6,383,360,12,8,3,99.35,15,118021802,23
2026-03-29,10:14:00,6,359,340,11,3,5,97.74,15,118021802,23
2026-03-29,10:29:00,6,344,329,5,5,5,100.04,15,118021802,23
2026-03-29,10:44:00,6,412,395,14,0,3,98.04,15,118021802,23
2026-03-29,10:59:00,6,487,465,14,3,5,97.65,15,118021802,23
2026-03-29,11:14:00,6,440,421,13,3,3,99.29,15,118021802,23
2026-03-29,11:29:00,6,516,489,18,6,3,98.26,15,118021802,23
2026-03-29,11:44:00,6,518,490,18,4,6,96.39,15,118021802,23
2026-03-29,11:59:00,6,583,565,15,2,1,98.50,15,118021802,23
2026-03-29,12:14:00,6,585,563,17,3,2,96.27,15,118021802,23
2026-03-29,12:29:00,6,572,550,12,5,5,98.14,15,118021802,23
2026-03-29,12:44:00,6,608,581,19,6,2,98.93,15,118021802,23
2026-03-29,12:59:00,6,634,599,26,8,1,95.76,15,118021802,23
2026-03-29,13:14:00,6,637,613,17,5,2,97.50,15,118021802,23
2026-03-29,13:29:00,6,627,597,25,4,1,97.10,15,118021802,23
2026-03-29,13:44:00,6,552,524,24,2,2,97.79,15,118021802,23
2026-03-29,13:59:00,6,577,553,14,5,5,98.85,15,118021802,23
2026-03-29,14:14:00,6,561,539,17,3,2,98.32,15,118021802,23
2026-03-29,14:29:00,6,513,494,13,3,3,100.16,15,118021802,23
2026-03-29,14:44:00,6,521,506,12,3,0,99.21,15,118021802,23
2026-03-29,14:59:00,6,531,509,14,5,3,100.23,15,118021802,23
2026-03-29,15:14:00,6,527,502,16,5,4,101.41,15,118021802,23
2026-03-29,15:29:00,6,516,488,20,1,7,99.99,15,118021802,23
2026-03-29,15:44:00,6,528,516,11,0,1,102.71,15,118021802,23
2026-03-29,15:59:00,6,557,534,16,4,3,99.50,15,118021802,23
2026-03-29,16:14:00,6,570,553,13,3,1,101.61,15,118021802,23
2026-03-29,16:29:00,6,496,479,11,2,4,101.32,15,118021802,23
2026-03-29,16:44:00,6,514,496,11,5,2,101.78,15,118021802,23
2026-03-29,16:59:00,6,502,484,11,5,2,102.89,15,118021802,23
2026-03-29,17:14:00,6,406,393,10,1,2,102.15,15,118021802,23
2026-03-29,17:29:00,6,454,438,13,1,2,96.97,15,118021802,23
2026-03-29,17:44:00,6,378,360,10,1,7,98.89,15,118021802,23
2026-03-29,17:59:00,6,358,342,8,4,4,100.28,15,118021802,23
2026-03-29,18:14:00,6,348,335,9,3,1,101.46,15,118021802,23
2026-03-29,18:29:00,6,350,333,9,3,5,101.61,15,118021802,23
2026-03-29,18:44:00,6,342,333,8,1,0,102.14,15,118021802,23
2026-03-29,18:59:00,6,277,269,5,1,2,102.10,15,118021802,23
2026-03-29,19:14:00,6,262,251,9,2,0,102.48,15,118021802,23
2026-03-29,19:29:00,6,259,246,10,2,1,102.93,15,118021802,23
2026-03-29,19:44:00,6,225,219,5,0,1,104.21,15,118021802,23
2026-03-29,19:59:00,6,211,208,3,0,0,102.69,15,118021802,23
2026-03-29,20:14:00,6,205,196,5,3,1,99.92,15,118021802,23
2026-03-29,20:29:00,6,190,182,6,1,1,99.48,15,118021802,23
2026-03-29,20:44:00,6,173,165,3,3,2,104.22,15,118021802,23
2026-03-29,20:59:00,6,151,149,1,0,1,101.88,15,118021802,23
2026-03-29,21:14:00,6,166,160,2,1,3,100.25,15,118021802,23
2026-03-29,21:29:00,6,154,145,5,0,4,99.04,15,118021802,23
2026-03-29,21:44:00,6,106,99,4,1,2,99.87,15,118021802,23
2026-03-29,21:59:00,6,103,97,5,1,0,99.76,15,118021802,23
2026-03-29,22:14:00,6,108,106,0,0,2,100.07,15,118021802,23
2026-03-29,22:29:00,6,93,90,3,0,0,103.39,15,118021802,23
2026-03-29,22:44:00,6,74,69,5,0,0,102.44,15,118021802,23
2026-03-29,22:59:00,6,58,56,1,0,1,99.08,15,118021802,23
2026-03-29,23:14:00,6,60,57,1,2,0,101.20,15,118021802,23
2026-03-29,23:29:00,6,56,51,3,0,2,105.01,15,118021802,23
2026-03-29,23:44:00,6,37,36,1,0,0,105.73,15,118021802,23
2026-03-29,23:59:00,6,32,32,0,0,0,113.83,15,118021802,23
2026-03-30,00:14:00,6,46,42,1,2,1,105.55,15,118021802,23
2026-03-30,00:29:00,6,32,27,2,3,0,98.95,15,118021802,23
2026-03-30,00:44:00,6,31,25,6,0,0,100.72,15,118021802,23
2026-03-30,00:59:00,6,19,17,0,0,2,98.56,15,118021802,23
2026-03-30,01:14:00,7,16,13,1,0,2,92.44,15,118021802,23
2026-03-30,01:29:00,7,11,9,0,1,1,96.34,15,118021802,23
2026-03-30,01:44:00,7,16,13,1,1,1,97.79,15,118021802,23
2026-03-30,01:59:00,7,5,4,0,0,1,100.63,15,118021802,23
2026-03-30,02:14:00,7,8,7,1,0,0,114.65,15,118021802,23
2026-03-30,02:29:00,7,5,3,1,0,1,93.55,15,118021802,23
2026-03-30,02:44:00,7,6,5,1,0,0,102.42,15,118021802,23
2026-03-30,02:59:00,7,13,9,2,1,1,106.48,15,118021802,23
2026-03-30,03:14:00,7,15,14,1,0,0,96.68,15,118021802,23
2026-03-30,03:29:00,7,12,9,0,1,2,93.87,15,118021802,23
2026-03-30,03:44:00,7,12,10,1,1,0,99.36,15,118021802,23
2026-03-30,03:59:00,7,7,4,0,0,3,95.94,15,118021802,23
2026-03-30,04:14:00,7,17,9,4,2,2,111.16,15,118021802,23
2026-03-30,04:29:00,7,25,15,4,2,4,96.05,15,118021802,23
2026-03-30,04:44:00,7,22,18,1,1,2,96.19,15,118021802,23
2026-03-30,04:59:00,7,29,19,1,5,4,94.06,15,118021802,23
2026-03-30,05:14:00,7,44,36,4,1,3,97.39,15,118021802,23
2026-03-30,05:29:00,7,58,46,1,5,6,96.73,15,118021802,23
2026-03-30,05:44:00,7,85,66,3,6,10,99.92,15,118021802,23
2026-03-30,05:59:00,7,110,87,1,8,14,98.20,15,118021802,23
2026-03-30,06:14:00,7,147,116,6,7,18,101.11,15,118021802,23
2026-03-30,06:29:00,7,171,133,13,10,15,99.85,15,118021802,23
2026-03-30,06:44:00,7,267,233,14,9,12,101.10,14,118021802,23
2026-03-30,06:59:00,7,326,278,23,9,16,102.39,15,118021802,23
2026-03-30,07:14:00,7,447,390,32,14,11,99.25,15,118021802,23
2026-03-30,07:29:00,7,537,471,35,11,20,97.05,15,118021802,23
2026-03-30,07:44:00,7,604,549,33,15,7,94.39,15,118021802,23
2026-03-30,07:59:00,7,731,636,55,27,13,91.42,15,118021802,23
2026-03-30,08:14:00,7,712,628,42,29,13,93.87,15,118021802,23
2026-03-30,08:29:00,7,664,577,51,26,10,95.46,15,118021802,23
2026-03-30,08:44:00,7,689,596,50,28,15,96.60,15,118021802,23
2026-03-30,08:59:00,7,527,450,41,24,12,96.84,15,118021802,23
2026-03-30,09:14:00,7,511,416,52,28,15,95.06,15,118021802,23
2026-03-30,09:29:00,7,448,377,44,17,10,94.26,15,118021802,23
2026-03-30,09:44:00,7,451,381,46,14,10,95.56,15,118021802,23
2026-03-30,09:59:00,7,450,374,33,25,18,91.91,15,118021802,23
2026-03-30,10:14:00,7,477,409,32,24,12,95.90,15,118021802,23
2026-03-30,10:29:00,7,470,392,41,23,14,95.78,15,118021802,23
2026-03-30,10:44:00,7,448,396,28,14,10,95.89,15,118021802,23
2026-03-30,10:59:00,7,471,400,38,22,11,95.71,15,118021802,23
2026-03-30,11:14:00,7,486,422,30,18,16,97.03,15,118021802,23
2026-03-30,11:29:00,7,479,423,22,20,14,95.63,15,118021802,23
2026-03-30,11:44:00,7,533,461,32,19,21,98.40,15,118021802,23
2026-03-30,11:59:00,7,515,451,27,24,13,96.39,15,118021802,23
2026-03-30,12:14:00,7,539,474,27,19,19,95.33,15,118021802,23
2026-03-30,12:29:00,7,522,472,23,15,12,96.21,15,118021802,23
2026-03-30,12:44:00,7,532,467,35,15,15,99.51,15,118021802,23
2026-03-30,12:59:00,7,537,483,34,9,11,99.68,15,118021802,23
2026-03-30,13:14:00,7,497,442,27,15,13,96.71,15,118021802,23
2026-03-30,13:29:00,7,527,468,37,12,10,97.29,15,118021802,23
2026-03-30,13:44:00,7,571,511,33,14,13,95.22,15,118021802,23
2026-03-30,13:59:00,7,510,446,42,14,8,98.25,15,118021802,23
2026-03-30,14:14:00,7,562,490,39,13,20,97.94,15,118021802,23
2026-03-30,14:29:00,7,622,550,47,12,13,96.82,15,118021802,23
2026-03-30,14:44:00,7,618,550,39,14,15,96.83,15,118021802,23
2026-03-30,14:59:00,7,632,558,46,12,16,97.15,14,118021802,23
2026-03-30,15:14:00,7,667,616,33,8,10,97.37,15,118021802,23
2026-03-30,15:29:00,7,722,657,39,15,11,96.23,15,118021802,23
2026-03-30,15:44:00,7,673,610,42,10,11,97.05,15,118021802,23
2026-03-30,15:59:00,7,820,746,53,15,6,95.75,15,118021802,23
2026-03-30,16:14:00,7,905,828,58,5,14,95.90,15,118021802,23
2026-03-30,16:29:00,7,909,834,60,6,9,97.82,15,118021802,23
2026-03-30,16:44:00,7,962,905,45,5,7,96.44,15,118021802,23
2026-03-30,16:59:00,7,928,875,38,11,4,94.70,15,118021802,23
2026-03-30,17:14:00,7,1039,976,44,12,7,94.41,15,118021802,23
2026-03-30,17:29:00,7,977,932,31,5,9,95.94,15,118021802,23
2026-03-30,17:44:00,7,1000,934,52,7,7,95.63,15,118021802,23
2026-03-30,17:59:00,7,681,656,22,2,1,100.49,15,118021802,23
2026-03-30,18:14:00,7,640,588,34,7,11,98.70,15,118021802,23
2026-03-30,18:29:00,7,583,549,19,5,10,103.19,15,118021802,23
2026-03-30,18:44:00,7,526,510,11,2,3,103.33,15,118021802,23
2026-03-30,18:59:00,7,441,416,18,2,5,99.87,15,118021802,23
2026-03-30,19:14:00,7,429,412,9,3,5,101.84,15,118021802,23
2026-03-30,19:29:00,7,382,361,13,2,6,102.03,15,118021802,23
2026-03-30,19:44:00,7,363,347,7,2,7,102.16,15,118021802,23
2026-03-30,19:59:00,7,310,294,14,0,2,103.09,15,118021802,23
2026-03-30,20:14:00,7,322,304,10,4,4,99.83,15,118021802,23
2026-03-30,20:29:00,7,278,267,8,2,1,101.42,15,118021802,23
2026-03-30,20:44:00,7,178,162,9,5,2,103.35,15,118021802,23
2026-03-30,20:59:00,7,187,183,3,1,0,102.18,15,118021802,23
2026-03-30,21:14:00,7,189,180,4,3,2,100.68,15,118021802,23
2026-03-30,21:29:00,7,246,230,9,2,5,98.13,15,118021802,23
2026-03-30,21:44:00,7,127,118,6,1,2,101.43,15,118021802,23
2026-03-30,21:59:00,7,128,125,1,1,1,100.86,15,118021802,23
2026-03-30,22:14:00,7,140,132,4,2,2,104.79,15,118021802,23
2026-03-30,22:29:00,7,124,120,2,0,2,102.40,15,118021802,23
2026-03-30,22:44:00,7,85,79,1,2,3,101.16,15,118021802,23
2026-03-30,22:59:00,7,92,85,4,1,2,101.47,15,118021802,23
2026-03-30,23:14:00,7,79,73,4,2,0,103.31,15,118021802,23
2026-03-30,23:29:00,7,74,68,2,2,2,105.08,15,118021802,23
2026-03-30,23:44:00,7,56,53,1,1,1,102.13,15,118021802,23
2026-03-30,23:59:00,7,47,41,0,2,4,100.46,15,118021802,23
2026-03-31,00:14:00,7,44,37,2,2,3,96.76,15,118021802,23
2026-03-31,00:29:00,7,31,26,3,1,1,97.51,15,118021802,23
2026-03-31,00:44:00,7,31,28,0,1,2,107.03,15,118021802,23
2026-03-31,00:59:00,7,23,19,0,1,3,91.30,15,118021802,23
2026-03-31,01:14:00,9,24,21,2,0,1,95.98,15,118021802,23
2026-03-31,01:29:00,9,14,10,3,0,1,109.19,15,118021802,23
2026-03-31,01:44:00,9,17,15,0,0,2,96.97,15,118021802,23
2026-03-31,01:59:00,9,15,14,0,0,1,102.53,15,118021802,23
2026-03-31,02:14:00,9,8,6,0,0,2,90.86,15,118021802,23
2026-03-31,02:29:00,9,15,12,1,0,2,100.21,15,118021802,23
2026-03-31,02:44:00,9,12,10,1,0,1,103.02,15,118021802,23
2026-03-31,02:59:00,9,13,8,0,3,2,91.11,15,118021802,23
2026-03-31,03:14:00,9,15,12,1,1,1,95.95,15,118021802,23
2026-03-31,03:29:00,9,6,5,1,0,0,93.61,15,118021802,23
2026-03-31,03:44:00,9,10,9,0,1,0,90.22,15,118021802,23
2026-03-31,03:59:00,9,17,14,0,1,2,95.78,15,118021802,23
2026-03-31,04:14:00,9,18,14,0,1,3,92.38,15,118021802,23
2026-03-31,04:29:00,9,22,11,5,1,5,91.96,15,118021802,23
2026-03-31,04:44:00,9,16,13,1,1,1,94.38,15,118021802,23
2026-03-31,04:59:00,9,38,28,1,3,6,89.08,15,118021802,23
2026-03-31,05:14:00,9,49,40,4,1,4,104.47,15,118021802,23
2026-03-31,05:29:00,9,58,47,3,6,2,96.62,15,118021802,23
2026-03-31,05:44:00,9,72,46,4,4,18,94.22,15,118021802,23
2026-03-31,05:59:00,9,95,74,7,5,9,96.60,15,118021802,23
2026-03-31,06:14:00,9,151,123,6,10,12,99.30,15,118021802,23
2026-03-31,06:29:00,9,187,155,6,8,18,96.76,15,118021802,23
2026-03-31,06:44:00,9,282,246,17,9,10,101.77,14,118021802,23
2026-03-31,06:59:00,9,362,303,25,19,15,98.69,15,118021802,23
2026-03-31,07:14:00,9,478,419,29,19,11,98.66,15,118021802,23
2026-03-31,07:29:00,9,626,537,52,21,16,96.19,15,118021802,23
2026-03-31,07:44:00,9,625,560,40,15,10,96.83,15,118021802,23
2026-03-31,07:59:00,9,652,576,50,15,11,95.35,15,118021802,23
2026-03-31,08:14:00,9,669,568,58,31,12,94.84,15,118021802,23
2026-03-31,08:29:00,9,632,524,60,27,21,92.75,15,118021802,23
2026-03-31,08:44:00,9,703,594,55,37,17,93.49,15,118021802,23
2026-03-31,08:59:00,9,572,487,48,24,13,94.12,15,118021802,23
2026-03-31,09:14:00,9,524,453,45,20,6,93.57,15,118021802,23
2026-03-31,09:29:00,9,497,406,50,24,17,92.92,15,118021802,23
2026-03-31,09:44:00,9,471,383,52,21,15,93.76,15,118021802,23
2026-03-31,09:59:00,9,460,406,32,13,9,95.67,15,118021802,23
2026-03-31,10:14:00,9,475,412,35,13,15,99.18,15,118021802,23
2026-03-31,10:29:00,9,450,372,43,18,17,95.83,15,118021802,23
2026-03-31,10:44:00,9,450,384,35,18,13,94.27,15,118021802,23
2026-03-31,10:59:00,9,512,441,40,18,13,94.68,15,118021802,23
2026-03-31,11:14:00,9,507,442,33,18,14,99.08,15,118021802,23
2026-03-31,11:29:00,9,494,443,27,14,10,94.53,15,118021802,23
2026-03-31,11:44:00,9,526,463,32,8,23,92.98,15,118021802,23
2026-03-31,11:59:00,9,515,453,33,13,16,96.81,15,118021802,23
2026-03-31,12:14:00,9,493,436,26,17,14,94.55,15,118021802,23
2026-03-31,12:29:00,9,559,505,23,15,16,94.71,15,118021802,23
2026-03-31,12:44:00,9,515,445,33,15,22,96.78,15,118021802,23
2026-03-31,12:59:00,9,517,454,30,12,21,98.48,15,118021802,23
2026-03-31,13:14:00,9,523,436,50,19,18,96.34,15,118021802,23
2026-03-31,13:29:00,9,554,487,31,24,12,95.77,15,118021802,23
2026-03-31,13:44:00,9,559,490,39,15,15,96.18,15,118021802,23
2026-03-31,13:59:00,9,522,467,26,13,16,97.89,15,118021802,23
2026-03-31,14:14:00,9,595,524,36,23,12,93.74,15,118021802,23
2026-03-31,14:29:00,9,621,560,30,15,16,94.76,15,118021802,23
2026-03-31,14:44:00,9,630,574,27,13,16,95.54,15,118021802,23
2026-03-31,14:59:00,9,638,554,49,18,17,95.58,15,118021802,23
2026-03-31,15:14:00,9,695,614,56,12,13,96.07,15,118021802,23
2026-03-31,15:29:00,9,750,673,46,12,19,95.38,15,118021802,23
2026-03-31,15:44:00,9,780,714,47,12,7,94.84,15,118021802,23
2026-03-31,15:59:00,9,783,695,66,11,11,96.30,15,118021802,23
2026-03-31,16:14:00,9,922,832,68,11,11,95.10,15,118021802,23
2026-03-31,16:29:00,9,956,894,49,5,8,95.77,15,118021802,23
2026-03-31,16:44:00,9,1004,938,53,7,6,95.95,15,118021802,23
2026-03-31,16:59:00,9,968,911,38,11,8,98.02,15,118021802,23
2026-03-31,17:14:00,9,995,928,51,10,6,95.93,15,118021802,23
2026-03-31,17:29:00,9,984,933,39,7,5,92.42,15,118021802,23
2026-03-31,17:44:00,9,953,906,38,4,5,95.81,15,118021802,23
2026-03-31,17:59:00,9,795,760,27,4,4,98.46,15,118021802,23
2026-03-31,18:14:00,9,714,674,29,4,7,98.67,15,118021802,23
2026-03-31,18:29:00,9,638,608,25,2,3,99.92,15,118021802,23
2026-03-31,18:44:00,9,601,575,21,1,4,100.48,15,118021802,23
2026-03-31,18:59:00,9,536,503,25,3,5,98.21,15,118021802,23
2026-03-31,19:14:00,9,490,464,15,4,7,100.91,15,118021802,23
2026-03-31,19:29:00,9,428,406,16,2,4,101.02,15,118021802,23
2026-03-31,19:44:00,9,366,350,9,6,1,100.18,15,118021802,23
2026-03-31,19:59:00,9,402,385,9,4,4,98.82,15,118021802,23
2026-03-31,20:14:00,9,294,290,1,2,1,99.58,15,118021802,23
2026-03-31,20:29:00,9,227,211,7,6,3,98.90,15,118021802,23
2026-03-31,20:44:00,9,216,209,5,0,2,100.85,15,118021802,23
2026-03-31,20:59:00,9,203,190,8,1,4,95.04,15,118021802,23
2026-03-31,21:14:00,9,218,209,6,2,1,97.12,15,118021802,23
2026-03-31,21:29:00,9,213,206,4,0,3,98.57,15,118021802,23
2026-03-31,21:44:00,9,187,176,6,2,3,98.83,15,118021802,23
2026-03-31,21:59:00,9,143,139,2,0,2,96.78,15,118021802,23
2026-03-31,22:14:00,9,139,126,8,2,3,88.25,15,118021802,23
2026-03-31,22:29:00,9,106,99,3,4,0,85.68,15,118021802,23
2026-03-31,22:44:00,9,105,95,4,2,4,88.29,15,118021802,23
2026-03-31,22:59:00,9,65,61,4,0,0,83.67,15,118021802,23
2026-03-31,23:14:00,9,79,75,2,0,2,82.54,15,118021802,23
2026-03-31,23:29:00,9,62,57,1,1,3,84.13,15,118021802,23
2026-03-31,23:44:00,9,33,27,3,1,2,88.97,15,118021802,23
2026-03-31,23:59:00,9,40,32,4,2,2,88.14,15,118021802,23

