#{"t_start": 1788079090.1634924, "env_id": "None"}
r,l,t
-0.239651,12,2.918545
0.159878,12,4.630755
-0.027687,12,6.427475
-0.199561,12,8.258567
-0.083731,12,10.102757
-0.429811,12,11.901877
0.039462,12,13.723307
-0.174525,12,15.594092
0.231343,12,17.174635
0.06273,12,18.879219
0.13084,12,20.573338
0.092583,12,22.357351
0.137637,12,24.031449
0.216879,12,25.76717
-0.397051,12,27.573874
0.356243,12,29.188942
0.083557,12,30.9081
0.013491,12,32.654565
0.154804,12,34.361192
0.205837,12,36.099709
0.110949,12,37.807886
-0.344028,12,39.598011
0.000256,12,41.267033
-0.19619,12,43.128275
0.041296,12,44.819957
0.223887,12,46.558621
0.033014,12,48.306939
-0.134215,12,50.034452
0.202936,12,51.699154
0.275107,12,53.473578
0.245847,12,55.116855
-0.314489,12,56.839407
-0.139808,12,58.633915
0.120364,12,60.353169
0.069136,12,61.972394
-0.356228,12,63.755164
-0.231851,12,65.520689
-0.020502,12,67.209978
0.158217,12,68.866889
-0.193831,12,70.681391
-0.00473,12,72.398806
0.08654,12,74.155098
-0.256899,12,76.337427
-0.340822,12,78.147173
0.29187,12,79.813313
0.259933,12,81.464211
0.169707,12,83.203401
-0.010448,12,84.865118
0.187356,12,86.568252
-0.031435,12,88.309748
-0.208379,12,90.153025
0.0042,12,91.814232
0.078996,12,93.488607
-0.091277,12,95.238081
0.172273,12,96.927271
0.181791,12,98.642484
0.003338,12,100.465671
-0.206606,12,102.216876
-0.059588,12,103.925655
0.039612,12,105.652399
0.2022,12,107.434646
-0.150906,12,109.283294
0.077565,12,110.972479
0.213944,12,112.567437
0.384016,12,114.190104
-0.071954,12,115.840184
0.121562,12,117.485758
-0.061862,12,119.186315
0.111037,12,120.844137
0.048223,12,122.677632
0.222365,12,124.392723
0.049379,12,126.188152
0.127548,12,127.758819
0.432869,12,129.325067
-0.037014,12,130.994815
0.084519,12,132.762143
0.005017,12,134.414323
0.081015,12,136.08794
0.155111,12,137.795563
-0.087815,12,139.526155
0.341545,12,141.279513
0.087821,12,143.00824
-0.160142,12,144.803988
0.1583,12,146.52181
0.010619,12,148.183427
-0.34766,12,150.360041
0.110619,12,152.069927
0.154342,12,153.783321
0.584581,12,155.356879
0.202141,12,157.107943
-0.024271,12,158.777697
0.134568,12,160.517813
0.23207,12,162.231567
0.114667,12,163.9579
-0.030809,12,165.617457
-0.06227,12,167.301779
0.063743,12,169.017921
0.124146,12,170.682096
0.282333,12,172.33861
0.259463,12,173.969456
0.293841,12,175.640654
0.024926,12,177.396928
0.217631,12,179.033296
0.373435,12,180.627834
0.121577,12,182.334117
0.187154,12,184.081958
-0.147671,12,185.72066
0.002362,12,187.334154
-0.126744,12,189.208794
0.037768,12,190.996381
0.253845,12,192.601894
0.073536,12,194.182615
-0.234707,12,195.91661
0.032863,12,197.603151
0.006518,12,199.381216
0.104335,12,200.954166
-0.201293,12,202.713016
0.086819,12,204.493448
0.00889,12,206.262987
0.146156,12,207.998628
-0.015636,12,209.672433
-0.083585,12,211.390042
0.265063,12,213.126041
-0.07326,12,214.859625
-0.090753,12,216.512602
0.059686,12,218.266702
-0.297688,12,220.016438
0.049296,12,221.715882
0.01468,12,223.706489
0.21828,12,225.447772
0.533746,12,226.962212
0.227596,12,228.667174
-0.000523,12,230.373896
0.263324,12,232.102654
0.110865,12,233.80184
0.062499,12,235.482893
-0.074591,12,237.210194
0.003116,12,238.888658
0.234944,12,240.50358
0.350457,12,242.039904
0.198435,12,243.666598
0.426863,12,245.224948
-0.23683,12,246.974451
0.187303,12,248.626326
0.218056,12,250.221105
0.199875,12,251.92308
0.036592,12,253.655268
0.193286,12,255.304079
-0.004533,12,257.038112
-0.019571,12,258.708699
0.376013,12,260.214818
0.132645,12,261.841629
0.209972,12,263.533242
0.371901,12,265.191686
0.082798,12,266.922257
0.102577,12,268.611635
0.232753,12,270.316148
0.096853,12,271.951258
0.157966,12,273.580872
-0.129766,12,275.289269
0.070699,12,276.88402
0.213873,12,278.527149
0.085685,12,280.201813
-0.057834,12,282.002982
0.340476,12,283.622969
0.309651,12,285.316812
0.268786,12,286.93263
0.158046,12,288.611962
0.194551,12,290.26393
0.324666,12,291.960357
0.154204,12,293.97012
-0.126924,12,295.656627
0.327528,12,297.250793
0.272455,12,298.771306
0.213934,12,300.426287
0.244672,12,302.022552
0.27325,12,303.698707
0.237085,12,305.295212
0.477948,12,306.911529
-0.109585,12,308.672596
0.099081,12,310.236846
0.286906,12,311.850414
0.173052,12,313.502669
0.307798,12,315.211218
0.354236,12,316.727889
-0.04599,12,318.293517
0.241413,12,319.866179
0.205356,12,321.61269
-0.022777,12,323.348169
0.268516,12,324.998319
-0.324635,12,326.712844
-0.136007,12,328.482212
0.149712,12,330.118137
0.507347,12,331.843856
0.415309,12,333.568424
-0.18478,12,335.380831
0.37158,12,336.946594
0.263626,12,338.585696
0.234751,12,340.23157
-0.074375,12,341.94249
-0.095355,12,343.687944
0.163234,12,345.341081
0.334062,12,346.976298
0.249933,12,348.540148
0.129477,12,350.176294
0.26749,12,351.807577
0.232116,12,353.411376
0.125965,12,355.041762
0.465018,12,356.684893
0.190969,12,358.266339
0.311269,12,359.856748
0.152115,12,361.625843
0.191757,12,363.272399
0.413386,12,365.313478
0.221567,12,367.00711
0.20056,12,368.665535
0.034058,12,370.335186
0.426343,12,371.925281
0.180383,12,373.534508
0.068062,12,375.213892
0.354825,12,376.873948
0.367361,12,378.445518
0.393218,12,379.99676
0.267702,12,381.547626
0.276651,12,383.234636
0.347551,12,384.761753
0.204265,12,386.40953
0.202644,12,388.054301
0.276093,12,389.713356
0.306308,12,391.358785
-0.073923,12,393.020021
0.374713,12,394.662432
0.259424,12,396.318627
0.228661,12,397.985671
0.272757,12,399.603458
0.629516,12,401.140421
0.104714,12,402.790343
0.33657,12,404.422303
0.174614,12,406.033582
-0.0432,12,407.736873
0.087927,12,409.427477
0.130236,12,411.064581
0.126997,12,412.752464
0.481143,12,414.428729
0.084783,12,416.164473
0.076329,12,417.917651
0.080646,12,419.566336
0.215201,12,421.184435
0.216339,12,422.855175
0.082654,12,424.436539
0.197615,12,426.043926
0.300464,12,427.670229
0.488932,12,429.309962
0.167749,12,430.899427
-0.044171,12,432.648851
0.094278,12,434.312986
0.29547,12,436.377348
0.254854,12,438.055148
0.356489,12,439.587943
0.200512,12,441.312293
0.614292,12,442.803038
0.294178,12,444.405967
0.154018,12,446.15545
0.349537,12,447.752324
0.330246,12,449.343261
0.228531,12,450.911674
-0.085642,12,452.577672
0.239517,12,454.2436
0.120895,12,455.942446
0.472867,12,457.488363
0.280983,12,459.05107
0.551309,12,460.591191
0.469186,12,462.19426
0.278763,12,463.797002
0.346299,12,465.361464
0.446469,12,466.912865
0.070673,12,468.512908
0.135867,12,470.176224
0.318458,12,471.782146
0.175801,12,473.375185
0.174247,12,474.922487
-0.027811,12,476.578604
0.176904,12,478.204369
0.453816,12,479.753845
0.431564,12,481.337052
0.12536,12,483.026406
0.429329,12,484.654381
0.472796,12,486.16742
0.035882,12,487.784832
0.1662,12,489.538182
0.334687,12,491.09387
0.09387,12,492.764888
0.242191,12,494.364238
0.487072,12,495.882186
0.22149,12,497.511214
0.439693,12,499.063756
0.461248,12,500.650891
0.164972,12,502.225225
0.175287,12,504.273247
0.149699,12,505.789381
-0.12809,12,507.551335
0.452833,12,509.091766
0.459495,12,510.724191
0.215923,12,512.416617
0.446076,12,513.94475
0.558453,12,515.691237
0.392864,12,517.223188
0.27057,12,518.826242
0.335095,12,520.370398
0.465579,12,521.964241
0.387369,12,523.509106
0.482994,12,525.105884
0.512351,12,526.561749
0.117206,12,528.245282
0.377355,12,529.875223
0.496558,12,531.407297
0.442843,12,533.046036
0.528542,12,534.643326
0.263156,12,536.166606
0.561916,12,537.756017
0.300847,12,539.334054
0.457763,12,540.907939
0.275951,12,542.497328
0.3296,12,544.041226
0.138568,12,545.673149
0.284308,12,547.253289
0.387667,12,548.84006
0.520439,12,550.417512
0.311444,12,551.978239
0.290879,12,553.674885
-0.102936,12,555.358293
0.346261,12,556.980544
0.442176,12,558.569768
0.408016,12,560.136853
0.63576,12,561.713901
0.527509,12,563.314429
0.316539,12,564.874845
0.421158,12,566.45695
0.501111,12,567.93136
-0.111123,12,569.618371
0.079137,12,571.270837
0.320648,12,573.264146
0.261354,12,574.753871
0.297518,12,576.381032
0.410759,12,577.924698
0.417779,12,579.383231
0.531536,12,580.899247
0.149559,12,582.519994
0.169324,12,584.182554
0.371948,12,586.063984
0.381668,12,587.757922
0.458608,12,589.270811
0.588631,12,590.777797
0.30692,12,592.341134
0.274397,12,593.902432
0.377518,12,595.532823
0.257664,12,597.066597
0.374751,12,598.658514
0.062303,12,600.301316
0.677392,12,601.840458
0.241865,12,603.419179
0.358925,12,604.925653
0.451549,12,606.452605
0.458591,12,608.02861
0.410397,12,609.837525
0.510869,12,611.86118
0.327504,12,613.872239
0.383819,12,615.514574
0.544328,12,617.080291
0.341483,12,618.693783
0.234474,12,620.244687
0.335014,12,621.923081
0.547565,12,623.499868
0.298521,12,625.121087
0.47001,12,626.642647
0.451107,12,628.197284
0.628949,12,629.688406
0.460021,12,631.267627
0.297559,12,632.907468
0.58816,12,634.463033
0.518742,12,636.009646
0.552077,12,637.54284
0.634248,12,639.057979
0.246127,12,640.801022
0.387295,12,642.612904
0.488355,12,644.146746
0.471531,12,645.744684
0.218707,12,647.307907
0.131175,12,648.892803
0.410727,12,650.493369
0.593511,12,652.036515
0.423365,12,653.571999
0.530707,12,655.095294
0.379686,12,656.653582
0.298322,12,658.243176
0.475721,12,659.802428
0.381852,12,661.368606
0.770752,12,662.898632
0.508674,12,664.431501
0.358631,12,666.063795
0.335421,12,667.578609
0.509362,12,669.157579
0.567825,12,670.770503
0.586732,12,672.326662
0.242622,12,673.978778
0.813699,12,675.524102
0.408296,12,677.027729
0.384218,12,678.514533
0.355593,12,680.103705
0.37892,12,681.618909
0.333691,12,683.227163
0.393848,12,684.846549
0.121492,12,686.350037
0.199975,12,687.94417
0.598474,12,689.460932
0.444588,12,691.144515
0.415681,12,692.743123
0.350765,12,694.40143
0.641701,12,695.954256
0.572042,12,697.492971
0.121026,12,699.181778
0.361096,12,700.761285
0.466696,12,702.265024
0.769392,12,703.718201
0.348923,12,705.338534
0.420276,12,706.891765
0.279809,12,708.886161
0.123768,12,710.583845
0.381995,12,712.148953
0.331048,12,713.712982
0.687939,12,715.200226
0.499167,12,716.677857
0.536184,12,718.227513
0.578214,12,719.714038
0.383752,12,721.366588
0.619258,12,722.875792
0.73452,12,724.458967
0.350736,12,726.04451
0.480647,12,727.59472
0.294762,12,729.114693
0.627834,12,730.616675
0.443783,12,732.1726
0.427175,12,733.84693
0.468221,12,735.474298
0.62885,12,737.017539
0.353548,12,738.562171
0.45871,12,740.110912
0.457091,12,741.59824
0.619325,12,743.091964
0.266981,12,744.65475
0.412574,12,746.099019
0.245591,12,747.648141
0.307795,12,749.198389
0.392803,12,750.692615
0.325522,12,752.328526
0.714807,12,753.810071
0.404664,12,755.362507
0.310621,12,756.931007
0.083728,12,758.431284
0.346714,12,760.024862
0.565548,12,761.544173
0.392598,12,763.044684
0.472765,12,764.706985
0.63048,12,766.251042
0.714365,12,767.725713
0.637762,12,769.313587
0.459675,12,770.890394
0.380565,12,772.37991
0.473822,12,773.90691
0.346964,12,775.878275
0.649216,12,777.429938
0.582052,12,778.980256
0.466264,12,780.583259
0.597329,12,782.076243
0.356071,12,783.580491
0.648959,12,785.159451
0.292008,12,786.78893
0.675485,12,788.303303
0.712827,12,789.798156
0.539319,12,791.352624
0.594265,12,792.927354
0.28128,12,794.459423
0.600383,12,796.046189
0.54787,12,797.616693
0.620459,12,799.252981
0.627127,12,800.755284
0.65793,12,802.231255
0.855833,12,803.718689
0.472593,12,805.182586
0.669086,12,806.680832
0.269137,12,808.275446
-0.098826,12,809.988474
0.549952,12,811.55125
0.591812,12,813.044686
0.31444,12,814.59211
0.535209,12,816.21609
0.442056,12,817.834776
0.371408,12,819.377232
0.445032,12,820.934277
0.375295,12,822.439573
0.479083,12,823.97876
0.100976,12,825.639721
0.317132,12,827.205224
0.241236,12,828.785599
0.481411,12,830.356899
0.693513,12,831.862579
0.415304,12,833.392074
0.527717,12,834.939003
0.938549,12,836.366963
0.619179,12,837.824636
0.582584,12,839.398241
0.642883,12,840.926297
0.537549,12,842.727942
0.71772,12,844.223573
0.463818,12,845.726721
0.404766,12,847.199673
0.501642,12,848.766229
0.511096,12,850.401205
0.615064,12,851.921644
0.534412,12,853.551456
0.393406,12,855.081218
0.518189,12,856.632946
0.40948,12,858.208978
0.633534,12,859.632501
0.784081,12,861.056865
0.626761,12,862.449392
0.655245,12,863.940897
0.567552,12,865.379938
0.689553,12,866.88326
0.603783,12,868.367237
0.627788,12,869.83114
0.711791,12,871.335995
0.478669,12,872.909717
0.698179,12,874.408701
0.680872,12,875.929282
0.633532,12,877.464747
0.580352,12,878.965667
0.538205,12,880.588745
0.440961,12,882.117082
0.755932,12,884.340378
0.562913,12,885.930799
0.423626,12,887.396224
0.149821,12,889.013294
0.669605,12,890.646955
0.356172,12,892.331906
0.376252,12,893.860297
0.53223,12,895.402285
0.505018,12,896.884858
0.57199,12,898.342749
0.504236,12,899.911381
0.562107,12,901.48244
0.352512,12,902.941087
0.715096,12,904.475983
0.534596,12,905.944673
0.608932,12,907.740339
0.549871,12,909.234028
0.554284,12,910.72639
0.483712,12,912.172639
0.622137,12,913.677031
0.842818,12,915.151459
0.525219,12,916.764364
0.817178,12,918.251378
0.503405,12,919.730305
0.593724,12,921.297528
0.541374,12,922.751836
0.670967,12,924.205422
0.764138,12,925.640661
0.524718,12,927.128227
0.661333,12,928.740082
0.568647,12,930.27818
0.495531,12,931.865072
0.482536,12,933.536456
0.532416,12,935.076223
0.552452,12,936.620566
0.840976,12,938.09717
0.696374,12,939.503506
0.506614,12,941.084797
0.299435,12,942.678783
0.608062,12,944.168742
0.593602,12,945.726346
0.458882,12,947.233839
0.656288,12,948.730375
0.670484,12,950.25088
0.465813,12,951.730552
0.54921,12,953.265803
0.584827,12,954.765023
0.609886,12,956.32343
0.302801,12,957.887259
0.678603,12,959.352213
0.245438,12,961.027559
0.533884,12,962.563097
0.540484,12,964.062176
0.73281,12,965.528193
0.660604,12,966.950703
0.640118,12,968.467306
0.572076,12,969.932494
0.411919,12,971.454767
0.324062,12,973.329429
0.648325,12,974.764342
0.50778,12,976.201312
0.317663,12,977.788344
0.52671,12,979.259538
0.433494,12,980.798241
0.812694,12,982.215969
0.588736,12,983.706409
0.63104,12,985.188573
0.555652,12,986.671446
0.422694,12,988.225835
0.671394,12,989.774416
0.637681,12,991.274808
0.583775,12,992.834642
0.435565,12,994.298299
0.618163,12,995.836957
0.501797,12,997.312739
0.761548,12,998.681157
0.330429,12,1000.238211
0.511218,12,1001.719527
0.80605,12,1003.186057
0.236406,12,1004.76494
0.776768,12,1006.133066
0.555315,12,1007.578704
0.479994,12,1009.162397
0.649906,12,1010.629112
0.521118,12,1012.094233
0.640173,12,1013.547859
0.302295,12,1015.104163
0.638861,12,1016.605072
0.708138,12,1018.09474
0.518878,12,1019.584295
0.658684,12,1021.092089
0.641607,12,1022.608878
0.530491,12,1024.064354
0.426135,12,1025.532761
0.520052,12,1027.03193
0.364991,12,1028.537357
0.51583,12,1030.030483
0.677477,12,1031.496496
0.523683,12,1033.074502
0.859933,12,1034.488818
0.701526,12,1035.961921
0.535581,12,1037.822945
0.359509,12,1039.331486
0.56084,12,1040.843346
0.675622,12,1042.301631
0.637293,12,1043.768187
0.707027,12,1045.241855
0.619274,12,1046.715187
0.570836,12,1048.21824
0.682683,12,1049.628719
0.3845,12,1051.070524
0.645214,12,1052.616535
0.648386,12,1054.070682
0.65225,12,1055.55563
0.712655,12,1056.994039
0.621057,12,1058.514209
0.584766,12,1060.006314
0.58131,12,1061.484562
0.74335,12,1062.912223
0.79193,12,1064.35347
0.749483,12,1065.898708
0.853954,12,1067.282711
0.818199,12,1068.687352
0.795193,12,1070.158776
0.621775,12,1071.712962
0.659868,12,1073.140976
0.720046,12,1074.566238
0.634734,12,1076.122952
0.643762,12,1077.582948
0.729647,12,1079.081033
0.9105,12,1080.487087
0.829216,12,1082.038389
0.576087,12,1083.503115
0.357402,12,1085.107294
0.402177,12,1086.696487
0.720666,12,1088.208497
0.7239,12,1089.638557
0.734629,12,1091.230857
0.4311,12,1092.751429
0.647137,12,1094.191754
0.391909,12,1095.672154
0.290417,12,1097.237226
0.554718,12,1098.838802
0.484765,12,1100.773048
0.608576,12,1102.277863
0.476328,12,1103.773296
0.691383,12,1105.270189
0.56158,12,1106.752769
0.677606,12,1108.305146
0.653973,12,1109.789104
0.685166,12,1111.246819
0.647273,12,1112.753064
0.404426,12,1114.181786
0.641009,12,1115.774702
0.6147,12,1117.178148
0.761291,12,1118.639709
0.743738,12,1119.988091
0.621678,12,1121.551064
0.882028,12,1122.966841
0.638184,12,1124.456149
0.489533,12,1126.003102
0.820814,12,1127.375665
0.775958,12,1128.879943
0.625783,12,1130.430951
0.5893,12,1131.959687
0.557744,12,1133.436096
0.580646,12,1134.941642
0.411135,12,1136.391766
0.582863,12,1137.81311
0.569962,12,1139.233766
0.501686,12,1140.754534
0.614126,12,1142.218962
0.617509,12,1143.818474
0.675404,12,1145.242216
0.692613,12,1146.759743
0.528074,12,1148.379349
0.640534,12,1149.915225
0.559097,12,1151.371252
0.646187,12,1152.792909
0.525541,12,1154.276373
0.824768,12,1155.717312
0.750967,12,1157.211516
0.753604,12,1158.591526
0.481174,12,1160.066797
0.651901,12,1161.550762
0.800607,12,1162.95387
0.571856,12,1164.69724
0.852697,12,1166.204944
0.460924,12,1167.685627
0.75723,12,1169.06067
0.70196,12,1170.532345
0.711911,12,1172.032401
0.566974,12,1173.468118
0.417582,12,1175.003925
0.906162,12,1176.453606
0.558231,12,1177.917544
0.644649,12,1179.342912
0.713228,12,1180.876473
0.722887,12,1182.254308
0.585633,12,1183.820923
0.543381,12,1185.235209
0.74486,12,1186.607692
0.684461,12,1188.085562
0.768063,12,1189.556406
0.692354,12,1191.076876
0.530793,12,1192.620428
0.772471,12,1194.088387
0.583535,12,1195.56728
0.562112,12,1197.069036
0.740204,12,1198.526041
0.581776,12,1200.062135
0.653877,12,1201.435212
0.619122,12,1203.016943
0.7489,12,1204.490833
0.674496,12,1205.949491
0.682567,12,1207.428715
0.607289,12,1208.957972
0.663484,12,1210.453495
0.636557,12,1211.989543
0.575621,12,1213.495136
0.613375,12,1214.973066
0.52523,12,1216.472704
0.695039,12,1217.948795
0.822922,12,1219.320043
0.704281,12,1220.783225
0.712946,12,1222.225066
0.596521,12,1223.653488
0.760126,12,1225.06569
0.710781,12,1226.521701
0.563795,12,1228.40062
0.615141,12,1229.903679
0.382606,12,1231.437136
0.551228,12,1233.083817
0.704671,12,1234.55896
0.594815,12,1236.028394
0.772972,12,1237.404723
0.671315,12,1238.879552
0.735493,12,1240.334937
0.433398,12,1241.846092
0.936924,12,1243.28031
0.623839,12,1244.722969
0.83307,12,1246.220423
0.591396,12,1247.743032
0.688817,12,1249.277861
0.694544,12,1250.73518
0.711267,12,1252.115371
0.673761,12,1253.610488
0.603312,12,1255.128723
0.58965,12,1256.606214
0.602394,12,1258.043043
0.411185,12,1259.58703
0.531187,12,1261.150051
0.785277,12,1262.603447
0.682337,12,1263.993465
0.376911,12,1265.583899
0.621358,12,1267.013705
0.717319,12,1268.562651
0.785934,12,1270.036606
0.592325,12,1271.591035
0.775046,12,1273.03415
0.605441,12,1274.429368
0.614284,12,1275.94959
0.871865,12,1277.435303
0.831443,12,1278.860759
0.714196,12,1280.257147
0.62249,12,1281.757362
0.73752,12,1283.212535
0.619017,12,1284.854978
0.57835,12,1286.275755
0.830169,12,1287.722355
0.546158,12,1289.214172
0.772379,12,1291.025475
0.607201,12,1292.63114
0.648082,12,1294.093502
0.624191,12,1295.669932
0.702719,12,1297.132614
0.709981,12,1298.58512
0.581406,12,1300.047443
0.687022,12,1301.54997
0.567979,12,1302.94477
0.779656,12,1304.379778
0.607795,12,1305.91442
0.677508,12,1307.327805
0.741501,12,1308.710274
0.742282,12,1310.233055
0.690476,12,1311.755151
0.786107,12,1313.162588
0.66308,12,1314.654365
0.635921,12,1316.100136
0.571166,12,1317.519965
0.585585,12,1319.039937
0.619083,12,1320.455599
0.771556,12,1321.916419
0.34767,12,1323.437133
0.521664,12,1324.978884
0.627308,12,1326.426675
0.704348,12,1327.976569
0.563687,12,1329.496223
0.409328,12,1330.990537
0.605504,12,1332.525392
0.679217,12,1333.969617
0.590372,12,1335.492756
0.567029,12,1336.936964
0.73676,12,1338.434554
0.513701,12,1339.936342
0.682724,12,1341.369094
0.676284,12,1342.882494
0.682075,12,1344.311996
0.692653,12,1345.777638
0.716215,12,1347.243175
0.683695,12,1348.707421
0.615106,12,1350.134731
0.756514,12,1351.729403
0.691719,12,1353.143444
0.768408,12,1354.987966
0.730833,12,1356.514005
0.606971,12,1357.964843
0.577033,12,1359.453046
0.693859,12,1360.90705
0.65622,12,1362.409742
0.575527,12,1363.74016
0.620355,12,1365.252642
0.633836,12,1366.752065
0.638222,12,1368.196309
0.843127,12,1369.609143
0.417547,12,1371.154798
0.60776,12,1372.68672
0.635686,12,1374.166967
0.489155,12,1375.6394
0.836017,12,1377.062727
0.816498,12,1378.496011
0.701056,12,1379.953135
0.62063,12,1381.410322
0.414559,12,1382.919953
0.730283,12,1384.377454
0.645385,12,1385.878978
0.642834,12,1387.328789
0.57043,12,1388.840126
0.517794,12,1390.329197
0.851851,12,1391.71327
0.672028,12,1393.206009
0.682279,12,1394.666245
0.905727,12,1396.135844
0.785493,12,1397.537202
0.752031,12,1399.007672
0.70507,12,1400.512299
0.827982,12,1401.944003
0.628115,12,1403.392745
0.720584,12,1404.827425
0.543008,12,1406.285208
0.737689,12,1407.785122
0.700567,12,1409.275364
0.781395,12,1410.753239
0.833296,12,1412.216468
0.709768,12,1413.643552
0.730107,12,1415.224739
0.686982,12,1416.651006
0.832794,12,1418.46636
0.455606,12,1419.950884
0.806372,12,1421.368037
0.74284,12,1422.831727
0.708764,12,1424.34734
0.678746,12,1425.801205
0.650491,12,1427.365003
0.689016,12,1428.877655
0.662497,12,1430.309196
0.6845,12,1431.785422
0.441909,12,1433.318463
0.444028,12,1434.855564
0.720398,12,1436.32677
0.639049,12,1437.833366
0.693364,12,1439.264054
0.611127,12,1440.714263
0.734339,12,1442.206313
0.788742,12,1443.664873
0.613841,12,1445.201645
0.730278,12,1446.583893
0.541435,12,1448.026181
0.540473,12,1449.524253
0.615892,12,1451.047268
0.670401,12,1452.497384
0.477187,12,1454.025324
0.690635,12,1455.466943
0.480825,12,1457.058276
0.703585,12,1458.566776
0.918684,12,1459.95794
0.875938,12,1461.364539
0.676261,12,1462.825298
0.660305,12,1464.28389
0.337993,12,1465.830992
0.768277,12,1467.277265
0.814714,12,1468.884229
0.712533,12,1470.283969
0.599079,12,1471.731017
0.735212,12,1473.193018
0.602237,12,1474.662993
0.565563,12,1476.058956
0.579491,12,1477.510586
0.719338,12,1478.874045
0.637547,12,1480.738127
0.817371,12,1482.185221
0.699813,12,1483.635633
0.722237,12,1485.146591
0.565911,12,1486.613152
0.696842,12,1488.047271
0.51499,12,1489.572837
0.650972,12,1491.00343
0.660927,12,1492.444402
0.680301,12,1493.996903
0.541501,12,1495.532628
0.637594,12,1497.045525
0.472827,12,1498.595025
0.781159,12,1500.079077
0.711841,12,1501.491858
0.677995,12,1502.923287
0.599519,12,1504.381999
0.723347,12,1505.829711
0.539784,12,1507.326149
0.553373,12,1508.721334
0.742163,12,1510.223166
0.709547,12,1511.707673
0.616988,12,1513.240545
0.643052,12,1514.736413
0.64501,12,1516.203881
0.838217,12,1517.643617
0.680961,12,1519.102659
0.885011,12,1520.556853
0.86027,12,1521.947295
0.597871,12,1523.395435
0.841174,12,1524.863209
0.560116,12,1526.350896
0.722089,12,1527.785454
0.54876,12,1529.314398
0.681556,12,1530.863899
0.827246,12,1532.261528
0.676366,12,1533.698832
0.707787,12,1535.121351
0.783263,12,1536.56738
0.99825,12,1537.977198
0.614393,12,1539.423773
0.805572,12,1540.779726
0.588439,12,1542.274885
0.595438,12,1544.093858
0.848915,12,1545.461111
0.7539,12,1546.893454
0.46038,12,1548.375355
0.785053,12,1549.781326
0.482144,12,1551.287864
0.882114,12,1552.799817
0.71233,12,1554.254121
0.721388,12,1555.691048
0.559901,12,1557.156159
0.457518,12,1558.590949
0.566844,12,1560.033801
0.660136,12,1561.487985
0.630217,12,1562.968233
0.592812,12,1564.426033
0.679302,12,1565.927405
0.887084,12,1567.350787
0.979396,12,1568.696631
0.860852,12,1570.212878
0.514659,12,1571.69668
0.869283,12,1573.158292
0.74216,12,1574.679725
0.579789,12,1576.105685
0.664593,12,1577.666165
0.605385,12,1579.111792
0.671405,12,1580.491468
0.518194,12,1581.932705
0.40809,12,1583.430021
0.805742,12,1584.791159
0.716736,12,1586.315633
0.871831,12,1587.720692
0.882867,12,1589.200213
0.640314,12,1590.678477
0.752577,12,1592.113455
0.459075,12,1593.482823
0.74895,12,1594.862377
0.524162,12,1596.329962
0.752759,12,1597.830391
0.581287,12,1599.203732
0.609201,12,1600.651008
0.52052,12,1602.136972
0.932082,12,1603.554579
0.859318,12,1604.959383
0.651781,12,1606.752231
0.719659,12,1608.191214
0.698735,12,1609.609892
0.70451,12,1610.994526
0.855873,12,1612.418828
0.641999,12,1613.825919
0.680587,12,1615.252904
0.681411,12,1616.67968
0.67965,12,1618.072327
0.72772,12,1619.546015
0.732603,12,1621.002032
0.464216,12,1622.488395
0.85277,12,1623.903505
0.751474,12,1625.356115
0.643638,12,1626.918599
0.643497,12,1628.40233
0.511188,12,1630.008353
0.666944,12,1631.406571
0.639224,12,1632.831807
0.547786,12,1634.288884
0.861835,12,1635.685638
0.55571,12,1637.089849
0.727283,12,1638.474502
0.752098,12,1639.905978
0.641935,12,1641.365075
0.573317,12,1642.95622
0.318913,12,1644.479923
0.775928,12,1645.913486
0.727397,12,1647.331947
0.599655,12,1648.902157
0.468957,12,1650.496391
0.6855,12,1651.998832
0.522785,12,1653.406996
0.698387,12,1654.834494
0.830516,12,1656.298936
0.924271,12,1657.736621
0.63709,12,1659.175077
0.891842,12,1660.628798
0.741654,12,1662.052904
0.890778,12,1663.540159
0.846727,12,1664.953779
0.565919,12,1666.450319
0.858179,12,1668.200567
0.63024,12,1669.645286
0.641316,12,1671.06709
0.415806,12,1672.633579
0.67395,12,1674.079365
0.681712,12,1675.569081
0.785821,12,1677.069849
0.748508,12,1678.536892
0.577423,12,1679.981195
0.693804,12,1681.47682
0.776688,12,1682.882321
0.600484,12,1684.27579
0.595937,12,1685.671442
0.864436,12,1687.102566
0.721096,12,1688.47839
0.695169,12,1689.95489
0.553808,12,1691.408148
0.820381,12,1692.879452
0.471434,12,1694.450237
0.918653,12,1695.892118
0.786187,12,1697.338975
0.701739,12,1698.805957
0.729916,12,1700.219191
0.832545,12,1701.612289
0.55356,12,1703.107029
0.504199,12,1704.612762
0.758875,12,1706.094096
0.820565,12,1707.463641
0.628753,12,1708.932435
0.620278,12,1710.364955
0.677427,12,1711.823345
0.791829,12,1713.19383
0.834485,12,1714.639773
0.734991,12,1716.085359
0.802098,12,1717.445039
0.768056,12,1718.893187
0.547371,12,1720.383678
0.584428,12,1721.860879
0.675497,12,1723.347688
0.821511,12,1724.782474
0.619888,12,1726.214424
0.622637,12,1727.70541
0.648054,12,1729.160216
0.551072,12,1731.01474
0.691022,12,1732.496527
0.809907,12,1733.891906
0.681672,12,1735.333608
0.851024,12,1736.75805
0.738328,12,1738.193743
0.63797,12,1739.69144
0.425391,12,1741.267103
0.627235,12,1742.632379
0.684355,12,1744.12813
0.724486,12,1745.571522
0.641057,12,1747.057086
0.726106,12,1748.509256
0.618612,12,1749.998602
0.535088,12,1751.564933
0.773498,12,1753.013901
0.845479,12,1754.448256
0.781073,12,1755.870078
0.716984,12,1757.289142
0.633047,12,1758.789668
0.757162,12,1760.212718
0.733653,12,1761.645367
0.818016,12,1763.076751
0.785611,12,1764.460983
0.64003,12,1765.861266
0.829515,12,1767.275679
0.761335,12,1768.615365
0.760346,12,1769.999174
0.626377,12,1771.498709
0.569312,12,1772.93305
0.60209,12,1774.368709
0.807041,12,1775.870139
0.572883,12,1777.402804
0.613279,12,1778.834508
0.78664,12,1780.242118
0.7143,12,1781.698224
0.79892,12,1783.113676
0.826262,12,1784.494389
0.540456,12,1785.985709
0.502964,12,1787.482263
0.581892,12,1789.00153
0.83746,12,1790.453582
0.663647,12,1791.877459
0.727989,12,1793.660311
0.801906,12,1795.097333
0.767515,12,1796.516226
0.64868,12,1798.064867
0.964621,12,1799.434627
0.550516,12,1800.883747
0.684002,12,1802.278968
0.610308,12,1803.729837
0.603601,12,1805.257638
0.679008,12,1806.627562
0.861666,12,1808.039524
0.886748,12,1809.444426
0.875974,12,1810.886397
0.658291,12,1812.277102
0.640947,12,1813.673474
0.677618,12,1815.051131
0.832254,12,1816.421246
0.77771,12,1817.808566
0.476943,12,1819.316398
0.433949,12,1820.869795
0.746982,12,1822.255923
0.878904,12,1823.627499
0.844098,12,1825.040293
0.572478,12,1826.426038
0.788397,12,1827.783586
0.781423,12,1829.176495
0.851509,12,1830.581691
0.69405,12,1831.952945
0.593754,12,1833.397462
0.778299,12,1834.748996
0.690836,12,1836.14804
0.477774,12,1837.603516
0.715718,12,1838.99977
0.653057,12,1840.450093
0.545932,12,1841.953226
0.848144,12,1843.376518
0.574781,12,1844.822748
0.721356,12,1846.320106
0.633935,12,1847.805151
0.589713,12,1849.254432
0.771724,12,1850.687212
0.660997,12,1852.131836
0.918306,12,1853.923241
0.786075,12,1855.384012
0.660704,12,1856.787432
0.522377,12,1858.260041
0.926066,12,1859.694166
0.917046,12,1861.113366
0.786132,12,1862.554717
0.616742,12,1864.006793
0.824839,12,1865.436369
0.592975,12,1866.867934
0.876475,12,1868.257745
0.859909,12,1869.614328
0.83183,12,1871.023951
0.78084,12,1872.423474
0.83275,12,1873.7702
0.857648,12,1875.1694
0.665754,12,1876.658533
0.762361,12,1878.080449
0.648856,12,1879.518782
0.956479,12,1880.816922
0.711261,12,1882.179819
0.775878,12,1883.571242
0.778566,12,1884.954615
0.776601,12,1886.328422
0.704553,12,1887.734333
0.835279,12,1889.202733
0.736393,12,1890.584667
0.71186,12,1892.033144
0.773991,12,1893.439814
0.732288,12,1894.915037
0.614026,12,1896.395031
0.739582,12,1897.843936
0.785028,12,1899.290936
0.886806,12,1900.754207
0.653969,12,1902.136763
0.753193,12,1903.563586
0.648928,12,1905.032147
0.558444,12,1906.489373
0.811851,12,1907.956898
0.668503,12,1909.342233
0.727463,12,1910.710128
0.562681,12,1912.18199
0.660043,12,1913.5296
0.702267,12,1915.299273
0.795147,12,1916.691357
0.721533,12,1918.086286
0.655784,12,1919.533563
0.591651,12,1920.957535
0.722316,12,1922.39483
0.488476,12,1923.827736
0.760324,12,1925.297089
0.891308,12,1926.69301
0.670694,12,1928.201998
0.670209,12,1929.602388
0.834794,12,1931.004315
0.618676,12,1932.50875
0.975478,12,1933.960611
0.602877,12,1935.400224
0.673799,12,1936.868482
0.848315,12,1938.231573
0.656787,12,1939.633564
0.804952,12,1941.035357
0.738992,12,1942.480564
0.670265,12,1943.899043
0.763803,12,1945.366145
0.500117,12,1946.845439
0.67035,12,1948.355276
0.926252,12,1949.80161
0.840238,12,1951.275294
0.637227,12,1952.764949
0.715255,12,1954.137468
0.697161,12,1955.628325
0.803378,12,1957.055258
0.665934,12,1958.469874
0.698385,12,1959.83551
0.707286,12,1961.270551
0.743192,12,1962.767447
0.526109,12,1964.265733
1.004745,12,1965.634221
0.647526,12,1967.094409
0.793826,12,1968.510288
0.653187,12,1969.857114
0.687561,12,1971.271307
0.785399,12,1972.68433
0.780518,12,1974.074584
0.62106,12,1975.491683
0.707207,12,1977.263499
0.726219,12,1978.696202
0.753652,12,1980.140577
0.66749,12,1981.528579
0.796634,12,1982.9371
0.782531,12,1984.443371
0.633891,12,1985.869095
0.501891,12,1987.263201
0.828793,12,1988.718012
0.694935,12,1990.090087
0.782915,12,1991.507426
0.83529,12,1992.819291
0.798439,12,1994.255828
0.708964,12,1995.767857
0.713263,12,1997.193188
0.698985,12,1998.609236
0.862093,12,2000.028172
0.877057,12,2001.399398
0.696095,12,2002.949677
0.750612,12,2004.357721
0.528435,12,2005.805901
0.702708,12,2007.206707
0.861833,12,2008.607749
0.61786,12,2009.998067
0.874812,12,2011.413178
0.785105,12,2012.814236
0.701373,12,2014.24892
0.551115,12,2015.667822
0.630317,12,2017.138565
0.571637,12,2018.479585
0.886872,12,2019.867011
0.942468,12,2021.217991
0.791923,12,2022.596685
0.705145,12,2024.026491
0.850269,12,2025.482081
0.84197,12,2026.895473
0.6551,12,2028.383346
0.511671,12,2029.806261
0.942786,12,2031.19545
0.696903,12,2032.577281
0.719067,12,2033.992004
0.780518,12,2035.33993
0.823797,12,2037.158333
0.867587,12,2038.539208
0.803346,12,2039.935013
0.791077,12,2041.397678
0.924917,12,2042.759922
0.885285,12,2044.219571
0.673525,12,2045.645662
0.919476,12,2047.009673
0.636053,12,2048.448711
0.737589,12,2049.858487
0.469977,12,2051.306074
0.563305,12,2052.7134
0.785952,12,2054.089108
0.671713,12,2055.489741
0.517445,12,2056.846957
0.596858,12,2058.242587
0.654552,12,2059.677416
0.761758,12,2061.018834
0.755257,12,2062.395155
0.92633,12,2063.78585
0.849493,12,2065.149174
0.84285,12,2066.55212
0.626756,12,2067.951363
0.978636,12,2069.385432
0.778351,12,2070.846668
0.826078,12,2072.349036
0.529022,12,2073.818341
0.674877,12,2075.247095
0.928932,12,2076.711848
0.607333,12,2078.109303
0.770282,12,2079.551152
0.719286,12,2080.92845
0.879293,12,2082.356142
0.635741,12,2083.716127
0.950249,12,2085.14461
0.588818,12,2086.618637
0.91773,12,2087.98911
0.888408,12,2089.359229
0.802559,12,2090.797729
0.938149,12,2092.18626
0.643138,12,2093.541016
0.689677,12,2094.974279
0.805495,12,2096.378107
0.605442,12,2098.161286
0.719402,12,2099.622934
0.938952,12,2101.105071
0.925712,12,2102.583339
0.630736,12,2104.015744
0.707913,12,2105.460845
0.62508,12,2106.837239
0.739701,12,2108.296384
0.98033,12,2109.684858
0.755739,12,2111.151782
0.648995,12,2112.592333
0.961921,12,2113.935384
0.847636,12,2115.321821
0.819196,12,2116.778304
0.777699,12,2118.127923
0.925739,12,2119.526558
0.588109,12,2120.975115
0.668954,12,2122.462306
0.754716,12,2123.921534
0.753623,12,2125.352329
0.748998,12,2126.834355
0.658616,12,2128.267658
0.697284,12,2129.692336
0.575032,12,2131.075839
0.737015,12,2132.407228
0.753425,12,2133.863161
0.44849,12,2135.29524
0.471431,12,2136.775381
0.602128,12,2138.296156
0.885673,12,2139.624673
0.656179,12,2141.073097
0.725729,12,2142.561089
0.753199,12,2143.970947
0.611501,12,2145.427622
0.793322,12,2146.903256
0.638967,12,2148.333575
0.998398,12,2149.735104
0.774551,12,2151.072362
0.710186,12,2152.503752
0.818508,12,2153.975099
0.599505,12,2155.420048
0.835844,12,2156.860138
0.891085,12,2158.271016
0.798806,12,2160.036585
0.455447,12,2161.53743
0.831288,12,2162.963903
0.621046,12,2164.323849
0.851277,12,2165.712304
0.863846,12,2167.113559
0.782759,12,2168.51967
0.649147,12,2169.931553
0.900814,12,2171.341124
0.61372,12,2172.818744
0.616778,12,2174.155685
0.67598,12,2175.616609
0.791674,12,2176.974404
0.731681,12,2178.301274
0.984668,12,2179.625168
0.761212,12,2181.079941
0.672821,12,2182.460162
0.733099,12,2183.776946
0.96268,12,2185.181314
0.832968,12,2186.621353
0.83821,12,2188.047383
0.74612,12,2189.400464
0.748897,12,2190.856289
0.665667,12,2192.25857
0.633173,12,2193.604929
0.874686,12,2195.016062
0.781502,12,2196.396417
0.828186,12,2197.762082
0.874425,12,2199.090838
0.68163,12,2200.524417
0.493431,12,2201.949556
0.847749,12,2203.35264
0.797457,12,2204.740979
0.791341,12,2206.141503
0.644026,12,2207.533186
0.90448,12,2208.89855
0.758042,12,2210.387872
0.755316,12,2211.793504
0.844544,12,2213.229031
0.79679,12,2214.623443
0.875604,12,2216.047248
0.74581,12,2217.427402
0.742603,12,2219.170624
0.871509,12,2220.52394
0.883053,12,2221.908938
0.653214,12,2223.306595
0.758308,12,2224.655926
0.820465,12,2226.096266
0.594189,12,2227.451205
0.799358,12,2228.78667
0.93753,12,2230.110346
0.779629,12,2231.521556
0.755885,12,2232.865019
0.724018,12,2234.188576
0.913997,12,2235.565759
0.857994,12,2236.983954
0.646656,12,2238.41996
0.875318,12,2239.815388
0.781403,12,2241.175942
0.790281,12,2242.513826
0.743968,12,2243.892778
0.626459,12,2245.313419
0.867563,12,2246.713838
0.787904,12,2248.166955
0.869024,12,2249.561266
0.800009,12,2250.942959
0.756333,12,2252.303275
0.764923,12,2253.68674
0.910022,12,2255.019592
0.920274,12,2256.366812
0.729998,12,2257.706894
0.745143,12,2259.135423
0.798913,12,2260.616744
0.646761,12,2261.983012
0.717535,12,2263.3969
0.7019,12,2264.857576
0.855203,12,2266.258385
0.896622,12,2267.602535
0.923634,12,2268.95996
0.761582,12,2270.338649
0.7946,12,2271.742684
0.92762,12,2273.168561
0.971527,12,2274.523194
0.452966,12,2275.907634
0.637983,12,2277.250385
0.729655,12,2279.046138
0.799003,12,2280.457166
0.884545,12,2281.837373
0.756828,12,2283.288666
0.636574,12,2284.748598
0.830725,12,2286.111398
0.764943,12,2287.499688
0.829549,12,2288.826182
0.723606,12,2290.263637
0.773639,12,2291.680084
0.939862,12,2293.116909
0.676519,12,2294.44514
0.754989,12,2295.859329
0.770808,12,2297.162084
0.895744,12,2298.447804
0.887542,12,2299.804266
0.930063,12,2301.177551
0.661039,12,2302.59599
0.529561,12,2303.914209
0.984686,12,2305.269997
0.732945,12,2306.652068
0.930233,12,2308.108381
0.578352,12,2309.538741
0.867448,12,2310.920215
0.811951,12,2312.331816
0.667807,12,2313.817564
0.764395,12,2315.35615
0.511822,12,2316.785764
0.879866,12,2318.154029
0.821224,12,2319.482279
0.690383,12,2320.898123
0.599172,12,2322.32069
0.605609,12,2323.73331
1.007403,12,2325.068647
0.798647,12,2326.486063
0.907859,12,2327.921785
0.652419,12,2329.39401
0.922859,12,2330.717178
0.872776,12,2332.080666
0.617347,12,2333.568815
0.733598,12,2335.024597
0.939556,12,2336.363755
0.68198,12,2337.79662
0.771056,12,2339.569868
0.770521,12,2340.93028
0.71894,12,2342.293394
0.742652,12,2343.638716
0.769437,12,2345.079938
0.803383,12,2346.421001
0.787756,12,2347.765689
0.759681,12,2349.131304
0.821959,12,2350.562511
0.781904,12,2351.922465
0.755088,12,2353.366626
0.633151,12,2354.768263
0.878041,12,2356.115925
0.844375,12,2357.530291
0.951338,12,2358.893857
0.797934,12,2360.285884
0.876053,12,2361.591764
0.617186,12,2363.028049
0.807162,12,2364.462434
0.716424,12,2365.851608
0.843941,12,2367.207373
0.755597,12,2368.608024
0.867997,12,2369.957346
1.001894,12,2371.333747
0.524954,12,2372.730873
0.858486,12,2374.108986
0.804052,12,2375.451352
1.021304,12,2376.887988
0.496893,12,2378.277978
0.966735,12,2379.570246
0.510654,12,2381.021737
0.684948,12,2382.481233
1.021841,12,2383.864063
0.851735,12,2385.183695
0.801817,12,2386.645671
0.643964,12,2387.978812
0.814307,12,2389.373884
0.747186,12,2390.770514
0.707062,12,2392.117359
0.778975,12,2393.445648
0.881834,12,2394.866186
0.631181,12,2396.191878
0.573796,12,2397.988657
0.825384,12,2399.457086
0.839844,12,2400.811124
0.739038,12,2402.186693
0.951602,12,2403.502568
0.890412,12,2404.86133
0.710546,12,2406.240773
0.573146,12,2407.712033
0.643471,12,2409.058121
0.859128,12,2410.4124
0.881874,12,2411.736524
0.860755,12,2413.081804
0.80571,12,2414.425757
0.919619,12,2415.780356
0.585802,12,2417.258536
0.712346,12,2418.657592
0.675224,12,2420.019559
0.721145,12,2421.423786
0.667426,12,2422.772861
0.772865,12,2424.120656
0.691506,12,2425.490808
0.90037,12,2426.921202
0.796755,12,2428.301981
0.78935,12,2429.643987
0.860006,12,2431.027437
0.806289,12,2432.505414
0.782135,12,2433.831307
0.919646,12,2435.158472
0.685875,12,2436.587656
0.797078,12,2438.017236
0.763136,12,2439.419405
0.883014,12,2440.772108
0.798375,12,2442.158344
0.8963,12,2443.585423
0.8759,12,2444.986908
0.95499,12,2446.449465
0.947085,12,2447.759303
0.725707,12,2449.153147
0.782279,12,2450.503017
0.603144,12,2451.971152
0.708976,12,2453.358017
0.917243,12,2454.688807
0.976686,12,2456.062238
1.018292,12,2457.826062
0.892868,12,2459.196882
0.706854,12,2460.539681
0.972395,12,2461.886765
0.850952,12,2463.211954
0.999022,12,2464.562966
0.810067,12,2465.945306
0.759087,12,2467.28464
0.796533,12,2468.669377
0.849916,12,2470.10954
0.81882,12,2471.426831
0.830205,12,2472.857333
1.004451,12,2474.235241
1.02813,12,2475.601865
0.819414,12,2476.939235
0.927,12,2478.306461
0.740616,12,2479.693742
0.941131,12,2481.063976
0.816162,12,2482.45429
1.009914,12,2483.867731
0.784961,12,2485.269082
0.839997,12,2486.615192
0.802056,12,2487.957809
0.56249,12,2489.339309
0.659627,12,2490.731333
0.755115,12,2492.139511
0.682322,12,2493.56802
0.739171,12,2494.960062
0.741855,12,2496.368663
1.084038,12,2497.760072
0.686535,12,2499.259072
0.689886,12,2500.692908
0.858389,12,2502.05744
1.11209,12,2503.399709
0.918817,12,2504.850478
0.812647,12,2506.241695
0.758901,12,2507.595542
0.841011,12,2508.97852
0.698857,12,2510.326948
0.767668,12,2511.69108
0.730305,12,2513.041993
0.84071,12,2514.359232
0.814333,12,2515.69843
0.929943,12,2517.436107
0.794858,12,2518.789225
0.753779,12,2520.182102
0.958778,12,2521.589074
0.721502,12,2522.964763
0.636441,12,2524.343724
0.943131,12,2525.717086
0.859512,12,2526.997839
0.807246,12,2528.314307
0.657296,12,2529.717954
0.828949,12,2531.164348
0.861085,12,2532.523467
0.780656,12,2533.826251
0.757021,12,2535.172676
0.742409,12,2536.537619
0.622545,12,2537.911221
1.049376,12,2539.270383
0.796504,12,2540.714631
0.647583,12,2542.093598
0.949265,12,2543.499941
0.773246,12,2544.91389
0.883442,12,2546.249587
0.672396,12,2547.777605
0.874941,12,2549.106103
0.661646,12,2550.460984
0.805356,12,2551.848176
1.018635,12,2553.21692
0.863525,12,2554.536204
0.691246,12,2555.886881
0.466571,12,2557.374718
0.754771,12,2558.821313
0.907576,12,2560.153548
0.866205,12,2561.533735
0.759326,12,2562.882316
0.716739,12,2564.259475
0.75123,12,2565.701475
0.744679,12,2567.075241
0.689323,12,2568.462333
0.855898,12,2569.813195
0.837286,12,2571.189377
0.885631,12,2572.638694
0.935515,12,2573.953349
0.830336,12,2.570944
0.868947,12,3.972741
0.896101,12,5.392984
0.816287,12,6.834306
0.615339,12,8.268645
0.860754,12,9.7068
0.72079,12,11.148639
1.019526,12,12.538745
0.757416,12,13.904753
0.764942,12,15.340385
0.654945,12,16.737994
0.770333,12,18.172392
0.745898,12,19.643359
0.83348,12,20.9335
0.769391,12,22.310246
0.9303,12,23.676322
0.950107,12,24.984467
0.779159,12,26.366896
0.738759,12,27.824082
0.913218,12,29.24893
1.138266,12,30.582244
0.842204,12,31.966841
0.982397,12,33.293868
0.816544,12,34.642078
0.582571,12,36.044924
0.804759,12,37.462954
0.653491,12,38.84777
0.71877,12,40.171573
0.881371,12,41.514951
0.710071,12,42.924444
0.860336,12,44.323187
0.745592,12,45.690563
0.752781,12,47.066108
0.94339,12,48.430043
0.849696,12,49.797015
0.742624,12,51.177911
0.84949,12,52.521852
0.83065,12,53.877597
0.677301,12,55.230028
0.937414,12,56.55874
0.649077,12,57.935584
0.760416,12,59.384806
0.762259,12,61.182019
0.725821,12,62.568094
1.012773,12,63.987435
0.968503,12,65.354638
0.857705,12,66.77691
0.948441,12,68.164679
0.805638,12,69.548884
0.942664,12,70.903358
0.726556,12,72.300862
0.921094,12,73.700704
0.810574,12,75.107134
0.916686,12,76.426997
0.827755,12,77.757422
0.982765,12,79.131783
0.766656,12,80.445651
0.947892,12,81.816831
0.903004,12,83.150854
0.803779,12,84.616401
0.865472,12,86.026046
0.768791,12,87.388345
0.759548,12,88.744988
0.764064,12,90.015762
0.922352,12,91.322202
0.629428,12,92.735943
0.831133,12,94.046953
0.468717,12,95.415169
0.733399,12,96.828577
0.883565,12,98.237227
0.745389,12,99.720866
0.795177,12,101.149482
0.707413,12,102.445999
0.94073,12,103.831003
0.724223,12,105.172929
0.664221,12,106.570045
0.750058,12,107.887982
0.684965,12,109.41937
0.897105,12,110.80246
0.842311,12,112.219975
1.023894,12,113.655618
0.749996,12,115.074203
0.729316,12,116.496405
0.823405,12,117.914908
0.766332,12,119.25007
0.808311,12,120.960922
0.872219,12,122.322778
0.925669,12,123.700594
0.851244,12,125.136043
0.983302,12,126.505496
0.773396,12,127.902369
1.009579,12,129.282206
0.792819,12,130.749185
0.803513,12,132.117717
0.680543,12,133.507271
0.831247,12,134.860168
0.895478,12,136.262775
1.012924,12,137.541259
0.951308,12,138.847629
0.913039,12,140.198818
0.693687,12,141.550219
0.795786,12,142.928056
0.843089,12,144.277996
0.80897,12,145.696443
0.872182,12,147.073573
0.851597,12,148.458873
0.741372,12,149.781397
0.845893,12,151.051356
0.901536,12,152.467542
0.736988,12,153.903385
0.89282,12,155.276269
0.839103,12,156.567438
0.948156,12,157.923625
0.712556,12,159.335565
0.803586,12,160.757761
0.577794,12,162.113949
0.89279,12,163.45389
0.847042,12,164.854659
0.876249,12,166.263802
1.043821,12,167.654856
0.739906,12,169.056131
1.005191,12,170.435126
0.840196,12,171.888588
0.819929,12,173.218042
0.884409,12,174.559185
0.985159,12,175.905814
0.737464,12,177.246616
1.016306,12,178.576078
0.798941,12,180.36058
0.914022,12,181.736379
0.786974,12,183.024038
0.843605,12,184.445704
0.958252,12,185.740062
0.976295,12,187.079944
0.75199,12,188.438148
0.78282,12,189.790548
0.761269,12,191.150837
0.909905,12,192.517507
0.817438,12,193.87413
0.781396,12,195.173768
0.874919,12,196.502291
0.879984,12,197.895708
0.469337,12,199.311304
0.864341,12,200.730374
0.846569,12,202.034252
1.118419,12,203.39339
0.774598,12,204.837611
0.820662,12,206.187335
0.849398,12,207.516129
0.881601,12,208.898415
0.804375,12,210.220566
0.890955,12,211.615494
0.833748,12,212.942993
0.82352,12,214.329221
0.919529,12,215.699972
0.750314,12,217.047031
0.895154,12,218.444206
0.683039,12,219.788863
0.901364,12,221.224196
0.677414,12,222.59651
0.814555,12,223.916424
0.980075,12,225.309565
0.885345,12,226.701742
0.71648,12,228.096771
0.862239,12,229.497992
0.960119,12,230.881087
0.902941,12,232.226214
0.891368,12,233.560003
0.870859,12,234.895176
0.894109,12,236.240833
0.746971,12,237.99483
0.757703,12,239.355119
0.861655,12,240.709032
0.888569,12,242.006634
0.98234,12,243.385274
0.715533,12,244.813459
1.01553,12,246.155946
0.983504,12,247.571925
0.890139,12,248.960406
0.802608,12,250.403587
0.716396,12,251.737384
0.849614,12,253.041411
0.916228,12,254.369063
1.03347,12,255.725317
0.995111,12,257.018877
0.838703,12,258.285414
0.765514,12,259.640352
0.989905,12,260.968219
0.765042,12,262.301742
0.795505,12,263.65466
0.77078,12,265.172418
0.993268,12,266.581748
0.928052,12,267.929966
0.849681,12,269.35316
0.942689,12,270.717458
0.765915,12,272.194049
0.700156,12,273.533148
1.028469,12,274.907364
0.804267,12,276.225747
0.923274,12,277.581223
0.846842,12,278.88014
0.828941,12,280.253309
1.00309,12,281.606759
0.881149,12,282.976509
0.8597,12,284.347374
0.791792,12,285.652432
0.797747,12,286.956219
0.683937,12,288.366562
0.783424,12,289.712624
0.592599,12,291.075104
0.939344,12,292.413689
0.917485,12,293.778897
1.015778,12,295.03849
0.878489,12,296.828331
0.631585,12,298.210878
0.894986,12,299.528157
0.777742,12,300.85856
0.862185,12,302.223918
0.89167,12,303.581005
0.86832,12,304.952858
0.730319,12,306.391484
0.825579,12,307.761254
0.647751,12,309.182174
0.889532,12,310.498673
1.041524,12,311.867408
1.015939,12,313.151984
0.802288,12,314.564823
0.817208,12,315.910277
1.149616,12,317.279989
0.711069,12,318.689149
0.882839,12,320.011487
0.897657,12,321.354033
0.859714,12,322.728583
0.907346,12,324.066138
0.992771,12,325.379734
0.833957,12,326.759903
0.866707,12,328.085077
0.774407,12,329.62052
0.822775,12,331.005153
0.826054,12,332.406279
0.642763,12,333.934966
0.797114,12,335.351005
0.858054,12,336.75681
0.779226,12,338.269784
0.863575,12,339.648604
0.916616,12,341.054085
0.79309,12,342.407157
0.835491,12,343.743673
0.414394,12,345.263105
0.686578,12,346.71904
0.93633,12,348.067518
0.971625,12,349.372644
1.120909,12,350.764771
0.753057,12,352.132433
0.62021,12,353.539783
0.786327,12,354.975797
0.756143,12,356.779798
0.867975,12,358.130558
0.841368,12,359.451395
0.908408,12,360.941843
0.79401,12,362.290011
0.91324,12,363.671339
0.74703,12,365.168137
0.845189,12,366.496146
0.926755,12,367.831965
0.932997,12,369.115407
0.963359,12,370.439299
1.016791,12,371.801409
0.758394,12,373.264241
0.998769,12,374.567084
0.961168,12,376.005019
0.955462,12,377.348469
1.0226,12,378.715419
0.825588,12,380.072011
0.975897,12,381.370107
0.798686,12,382.749696
0.676214,12,384.133477
0.892133,12,385.447852
1.020499,12,386.770815
0.746458,12,388.140108
0.718574,12,389.455483
0.725179,12,390.847461
0.876884,12,392.181229
1.16045,12,393.496489
0.752289,12,394.895975
0.930833,12,396.232277
0.893342,12,397.55722
0.756134,12,398.964807
0.825198,12,400.291497
0.512539,12,401.826091
0.885466,12,403.191335
0.779738,12,404.564065
0.778964,12,405.932942
0.930233,12,407.297184
0.771816,12,408.680581
0.813641,12,410.013041
0.664835,12,411.431001
0.855031,12,412.786888
0.893372,12,414.476326
0.756223,12,415.816182
0.666393,12,417.180255
0.703751,12,418.585527
1.085362,12,419.880171
1.065735,12,421.280818
0.990396,12,422.546651
0.926509,12,423.894408
0.753071,12,425.265298
0.805547,12,426.662418
0.87121,12,428.03175
0.937428,12,429.39311
0.70338,12,430.721264
1.096713,12,432.119216
1.060838,12,433.370984
0.730203,12,434.834061
0.877767,12,436.23871
0.916028,12,437.574764
0.841938,12,438.941407
1.102698,12,440.305254
0.777609,12,441.650498
0.933706,12,443.078637
0.875235,12,444.479354
0.766062,12,445.879326
0.746651,12,447.289885
0.774084,12,448.688674
0.909138,12,450.027065
0.916681,12,451.343099
0.924986,12,452.722581
0.888966,12,454.117994
0.833683,12,455.500112
0.966053,12,456.908261
0.876639,12,458.261592
0.942375,12,459.63344
1.014143,12,461.003627
0.801179,12,462.403909
0.735626,12,463.804966
0.90484,12,465.213259
0.874205,12,466.604466
0.822534,12,467.922779
0.975801,12,469.207069
0.87481,12,470.559176
0.770548,12,471.899496
0.798647,12,473.621489
1.038862,12,474.913847
0.862759,12,476.230162
0.859148,12,477.538985
0.913631,12,478.831629
0.924726,12,480.203916
0.648607,12,481.515778
0.737165,12,482.896976
0.873694,12,484.303844
0.96031,12,485.672936
0.879215,12,486.998564
1.029054,12,488.307357
0.867018,12,489.683134
0.916913,12,491.024087
0.804176,12,492.350506
0.880699,12,493.695508
0.793582,12,495.046974
0.748106,12,496.510845
0.988914,12,497.908112
0.778945,12,499.228248
0.746465,12,500.529416
0.834083,12,501.866214
1.002844,12,503.233924
0.754191,12,504.60556
0.529022,12,505.999613
0.989452,12,507.312579
0.86935,12,508.635478
0.849063,12,509.997218
0.883128,12,511.386135
0.74888,12,512.754118
0.737561,12,514.197612
0.966384,12,515.578669
0.935876,12,516.974288
0.948394,12,518.326772
0.56418,12,519.761326
0.889638,12,521.084166
0.914859,12,522.524852
0.766917,12,523.853458
0.903598,12,525.390435
0.88887,12,526.708806
0.98744,12,528.099119
1.099474,12,529.431214
1.015396,12,530.736012
0.648879,12,532.399101
1.015209,12,533.748573
0.965286,12,535.100957
0.802665,12,536.468011
0.788381,12,537.824105
0.795994,12,539.131167
1.090722,12,540.461548
0.946596,12,541.816065
0.835495,12,543.165043
0.998629,12,544.486585
0.729337,12,545.889742
0.849575,12,547.280636
0.878662,12,548.60427
0.926682,12,549.983799
0.888974,12,551.331768
0.968478,12,552.71244
0.883498,12,554.061664
0.905597,12,555.398342
0.945671,12,556.788319
0.953196,12,558.124709
1.003962,12,559.488354
1.069934,12,560.847748
0.699491,12,562.208854
0.894668,12,563.526604
0.800273,12,564.924599
0.777648,12,566.207041
0.783421,12,567.518951
0.911082,12,568.822938
0.814544,12,570.122618
1.074392,12,571.504982
0.702874,12,572.883025
0.8028,12,574.305571
0.837238,12,575.660059
1.00644,12,577.004165
0.892786,12,578.376549
0.974641,12,579.722219
0.81299,12,581.088882
0.953363,12,582.436863
0.998332,12,583.669786
0.950311,12,584.965206
0.978175,12,586.3083
0.669081,12,587.633685
0.793363,12,589.371427
0.799949,12,590.698155
0.742611,12,591.990638
0.751634,12,593.292004
1.021265,12,594.667061
0.867666,12,596.013343
0.898623,12,597.398303
0.701701,12,598.776523
0.810751,12,600.100825
0.911215,12,601.442817
1.030142,12,602.804296
0.982008,12,604.110111
0.806253,12,605.518616
0.852224,12,606.841097
0.948665,12,608.16609
0.784538,12,609.498329
1.058983,12,610.857501
1.097983,12,612.203285
1.223153,12,613.568559
0.870839,12,614.854114
0.918361,12,616.201474
0.991162,12,617.455251
0.971279,12,618.717071
0.752038,12,620.094071
0.865601,12,621.390126
0.809913,12,622.724296
0.869673,12,624.12385
1.07477,12,625.477137
0.846959,12,626.87981
1.076444,12,628.18096
0.86663,12,629.542602
0.852798,12,630.888617
0.621045,12,632.195749
0.861637,12,633.518552
0.97899,12,634.870014
0.808928,12,636.188392
0.932954,12,637.58329
0.903684,12,638.920665
0.773867,12,640.201337
0.972876,12,641.639114
0.882332,12,643.049493
0.814807,12,644.389774
0.961797,12,645.802761
1.016474,12,647.520329
1.013943,12,648.944997
0.94668,12,650.316164
1.049523,12,651.702362
0.784102,12,653.063121
0.922621,12,654.364903
0.773568,12,655.73558
0.940389,12,657.061914
1.055921,12,658.38374
0.979122,12,659.742328
1.07281,12,661.078926
1.074721,12,662.438839
0.78332,12,663.757374
0.967753,12,665.208392
0.731132,12,666.639107
1.052317,12,667.992361
0.869471,12,669.434736
1.041996,12,670.728513
1.140797,12,672.039582
0.960668,12,673.338272
1.032465,12,674.686686
0.680205,12,676.127909
0.948032,12,677.510619
0.877728,12,678.886833
1.136067,12,680.157351
0.87444,12,681.474494
1.100735,12,682.735507
0.693103,12,684.203953
0.791894,12,685.585799
0.93974,12,686.954603
1.210464,12,688.278603
0.967425,12,689.669566
0.87366,12,691.032293
0.750588,12,692.391051
0.962712,12,693.752907
0.901238,12,695.094241
0.955855,12,696.481004
0.950959,12,697.817512
1.182177,12,699.171187
0.967714,12,700.498537
1.02121,12,701.85316
0.803155,12,703.278318
0.941088,12,704.636834
0.733574,12,706.43265
0.954687,12,707.801625
1.016281,12,709.228044
0.661664,12,710.520319
0.845979,12,711.93718
1.04892,12,713.291509
0.866617,12,714.656436
1.026344,12,716.01943
0.893815,12,717.312454
0.792324,12,718.649377
0.748127,12,720.017416
0.794747,12,721.29585
1.031948,12,722.630825
0.757248,12,723.91134
0.941693,12,725.240648
0.845242,12,726.551336
0.947315,12,727.841152
1.020866,12,729.223678
1.032484,12,730.562379
0.943045,12,731.870487
0.79058,12,733.215728
0.92835,12,734.552714
0.798649,12,735.924664
0.972725,12,737.272167
0.991531,12,738.586555
0.898455,12,740.022309
0.96365,12,741.314615
0.754268,12,742.662368
0.877996,12,743.985863
0.895342,12,745.271472
0.668047,12,746.62124
1.12459,12,747.975197
0.671504,12,749.353366
0.758882,12,750.701944
1.006949,12,752.071933
0.74234,12,753.42457
0.876313,12,754.692502
0.757222,12,756.114673
1.008083,12,757.495198
0.941175,12,758.804167
1.041473,12,760.254314
0.986358,12,761.52125
0.91022,12,763.205658
0.74876,12,764.499641
0.662676,12,765.815539
0.729683,12,767.081856
0.950315,12,768.413945
0.883895,12,769.709104
0.959575,12,771.082125
1.102755,12,772.439483
0.794486,12,773.756437
1.030116,12,775.059143
0.764211,12,776.342604
0.808269,12,777.638913
0.798736,12,778.918414
1.063967,12,780.210122
0.825626,12,781.639207
0.773796,12,782.979203
0.970572,12,784.287171
0.88639,12,785.715861
1.133372,12,787.093162
0.780304,12,788.453929
0.998186,12,789.819985
0.991579,12,791.074688
0.966622,12,792.416915
1.001913,12,793.744086
0.851338,12,795.058048
0.927487,12,796.382206
0.846299,12,797.749744
0.945487,12,799.087765
0.848915,12,800.376541
0.752679,12,801.702078
1.00656,12,803.024419
0.929258,12,804.342626
0.972166,12,805.741496
0.836383,12,807.050197
0.763254,12,808.377836
1.016385,12,809.703001
0.847817,12,811.037796
0.931091,12,812.393238
0.922653,12,813.70507
0.8903,12,815.040512
0.805206,12,816.429559
0.937536,12,817.731263
0.872607,12,819.105736
0.752532,12,820.789919
0.911879,12,822.10203
0.740185,12,823.43104
0.816854,12,824.799309
0.944477,12,826.110038
0.891866,12,827.438568
0.928961,12,828.756166
0.897093,12,830.097677
0.881251,12,831.492456
0.962794,12,832.841459
0.815736,12,834.250633
0.949552,12,835.628998
0.72207,12,836.977599
0.898618,12,838.411065
0.804975,12,839.7164
0.774176,12,841.11937
0.838259,12,842.47305
0.879376,12,843.776766
0.832533,12,845.109962
0.643665,12,846.384222
0.823045,12,847.683009
0.921553,12,849.041772
0.887344,12,850.349885
0.839698,12,851.637826
0.962109,12,852.928102
0.92292,12,854.284186
0.91864,12,855.594536
1.023847,12,856.889439
0.83821,12,858.281272
1.024406,12,859.599707
0.897925,12,860.901255
0.849214,12,862.245433
0.902657,12,863.535455
0.898303,12,864.928779
0.82917,12,866.277179
1.016896,12,867.618004
0.840942,12,868.971663
0.937721,12,870.284371
0.924143,12,871.568416
1.016837,12,872.882221
0.931413,12,874.211111
1.008427,12,875.523255
0.917787,12,876.861951
0.955806,12,878.554801
0.870402,12,879.899528
0.74385,12,881.225522
0.841126,12,882.572713
0.927734,12,883.894201
0.63853,12,885.261703
0.842562,12,886.628187
0.878617,12,887.951249
0.678666,12,889.253872
0.81392,12,890.544784
0.823265,12,891.921809
0.862056,12,893.300797
0.789909,12,894.640334
0.847276,12,896.010553
0.87358,12,897.354504
1.075538,12,898.672003
0.799132,12,900.05009
0.825049,12,901.381639
1.026666,12,902.700184
0.97262,12,904.096382
1.06938,12,905.373742
0.862578,12,906.76734
0.893709,12,908.171292
0.769219,12,909.617145
0.937771,12,910.905483
0.823374,12,912.198766
0.938158,12,913.504129
0.959895,12,914.816658
0.715292,12,916.230505
0.968849,12,917.571537
0.958271,12,918.966512
0.970627,12,920.277798
0.901946,12,921.552118
0.852121,12,922.86929
1.052968,12,924.262152
0.970644,12,925.626224
1.080491,12,927.05663
0.793933,12,928.423539
0.963757,12,929.758954
0.870642,12,931.026331
0.713556,12,932.392365
0.801837,12,933.799088
0.974881,12,935.490393
0.950542,12,936.820172
0.686384,12,938.125458
0.932285,12,939.470737
0.98102,12,940.765571
0.876125,12,942.164305
0.889761,12,943.499554
0.800745,12,944.863543
0.917681,12,946.241388
0.876676,12,947.489896
1.128457,12,948.860321
0.78352,12,950.155069
0.977119,12,951.496346
0.948686,12,952.755394
0.85118,12,954.092992
1.169701,12,955.401024
0.897425,12,956.74333
0.755632,12,958.17347
0.933673,12,959.505081
0.948115,12,960.797122
0.98451,12,962.159494
0.925319,12,963.50438
1.072087,12,964.82897
0.878633,12,966.206002
0.86255,12,967.506979
1.004629,12,968.801501
0.827904,12,970.039567
0.926223,12,971.428217
0.937349,12,972.762247
0.960296,12,974.180088
0.847633,12,975.513028
1.025934,12,976.879766
1.123151,12,978.200574
0.698347,12,979.573074
0.767164,12,980.897457
0.868832,12,982.216636
0.783031,12,983.584109
0.993994,12,984.920628
0.81575,12,986.297151
0.870266,12,987.640184
0.889846,12,988.95458
1.069778,12,990.271227
0.809498,12,991.59388
0.839929,12,993.268806
1.030772,12,994.6841
0.886553,12,996.056132
0.819358,12,997.351223
1.055652,12,998.690042
0.943573,12,1000.030037
0.908711,12,1001.365124
1.025474,12,1002.704495
0.861881,12,1004.089821
0.899338,12,1005.448657
0.795582,12,1006.753163
1.033706,12,1008.048611
0.783223,12,1009.391305
0.826637,12,1010.767234
0.881703,12,1012.06308
0.91508,12,1013.397225
0.736963,12,1014.73141
1.077015,12,1016.056699
1.151707,12,1017.408907
1.012758,12,1018.68579
1.165161,12,1019.989617
0.929064,12,1021.302346
0.866111,12,1022.753884
0.906251,12,1024.121443
0.756119,12,1025.465462
1.032344,12,1026.700541
0.691644,12,1028.057326
0.97719,12,1029.431526
0.984199,12,1030.755262
0.928936,12,1032.112029
0.998976,12,1033.443109
0.970703,12,1034.794026
0.834369,12,1036.14228
0.827351,12,1037.433898
0.906532,12,1038.783077
0.928687,12,1040.074839
0.941981,12,1041.453803
0.923736,12,1042.744921
0.92466,12,1044.149387
0.833891,12,1045.397792
0.904964,12,1046.693569
0.972148,12,1048.020557
0.906476,12,1049.374022
0.985359,12,1051.09845
1.030934,12,1052.41424
0.871198,12,1053.749391
0.724544,12,1055.09218
0.783702,12,1056.424792
0.92316,12,1057.732853
0.930247,12,1059.025776
0.960773,12,1060.396184
0.920882,12,1061.737915
0.682278,12,1063.037093
1.134607,12,1064.368646
1.118729,12,1065.700625
1.03495,12,1067.039109
0.772824,12,1068.350557
0.960246,12,1069.697253
0.921082,12,1071.043651
0.809628,12,1072.332716
0.963567,12,1073.61306
1.041891,12,1074.998401
0.787377,12,1076.308057
0.998974,12,1077.633186
0.725028,12,1079.000736
0.849747,12,1080.36807
0.955491,12,1081.72098
0.819904,12,1082.972996
0.909724,12,1084.376465
0.970521,12,1085.669987
0.932938,12,1087.107196
0.989659,12,1088.438521
0.926337,12,1089.749513
0.852962,12,1091.061512
0.938728,12,1092.383093
0.927785,12,1093.770509
1.08078,12,1095.164645
0.96897,12,1096.490124
0.928148,12,1097.776238
0.946365,12,1099.151043
0.887055,12,1100.508935
0.967682,12,1101.916685
0.891173,12,1103.209755
1.044447,12,1104.462418
0.870193,12,1105.786837
0.929631,12,1107.479394
1.051798,12,1108.833663
0.863569,12,1110.227159
0.964535,12,1111.582572
1.056743,12,1112.86511
0.974297,12,1114.156983
0.928194,12,1115.442187
1.036265,12,1116.759271
0.93921,12,1118.06284
0.980744,12,1119.35673
0.96072,12,1120.754936
1.073287,12,1122.030467
1.078863,12,1123.306746
0.895287,12,1124.717781
0.850377,12,1126.081679
0.998532,12,1127.403603
0.930563,12,1128.748361
0.980624,12,1130.058962
0.984382,12,1131.329753
0.814832,12,1132.690886
0.882829,12,1133.987719
0.915165,12,1135.301505
0.86857,12,1136.558406
0.997012,12,1137.961447
0.844299,12,1139.316896
0.612827,12,1140.66326
0.922838,12,1142.034488
1.0191,12,1143.325913
0.969208,12,1144.669125
0.731103,12,1145.954817
0.979202,12,1147.360539
0.901206,12,1148.641797
1.076433,12,1149.954536
0.836661,12,1151.262693
1.10607,12,1152.550723
0.799519,12,1153.888642
0.915236,12,1155.156001
0.900209,12,1156.469847
1.051747,12,1157.842531
0.947353,12,1159.135149
0.844604,12,1160.443159
0.957929,12,1161.798939
0.80033,12,1163.08312
0.919759,12,1164.788537
0.937917,12,1166.131449
1.013063,12,1167.459234
1.051116,12,1168.787897
0.765263,12,1170.098494
0.861394,12,1171.486995
0.943181,12,1172.68211
0.910453,12,1173.979857
1.035589,12,1175.354128
0.940649,12,1176.589953
1.03033,12,1177.908299
0.749681,12,1179.247569
1.008018,12,1180.591704
0.968793,12,1181.916135
0.835105,12,1183.219167
1.059945,12,1184.571729
1.012235,12,1185.896294
0.828129,12,1187.196463
0.949568,12,1188.548754
0.906495,12,1189.856516
0.973042,12,1191.143053
0.913964,12,1192.478817
0.941469,12,1193.822722
0.85597,12,1195.159925
0.739356,12,1196.575799
0.82361,12,1197.889308
0.859356,12,1199.234431
1.03356,12,1200.476346
1.093884,12,1201.798431
0.962475,12,1203.047396
0.962885,12,1204.414456
0.983065,12,1205.703578
1.018883,12,1207.047854
0.931755,12,1208.327568
0.991976,12,1209.570751
0.809524,12,1210.934797
0.969341,12,1212.334096
1.086886,12,1213.656463
1.08444,12,1215.031472
1.002281,12,1216.398577
0.766106,12,1217.726908
0.808031,12,1219.033658
0.870796,12,1220.374731
0.79882,12,1222.103786
0.944498,12,1223.407001
0.828371,12,1224.741973
0.91842,12,1226.052897
1.151466,12,1227.427986
0.823403,12,1228.787753
1.004085,12,1230.073566
0.990769,12,1231.423008
1.031614,12,1232.705589
1.026093,12,1233.969579
0.983041,12,1235.293874
0.943395,12,1236.639855
0.94541,12,1237.956671
0.965,12,1239.273761
0.982632,12,1240.565116
1.03935,12,1241.809214
1.073328,12,1243.122436
0.969803,12,1244.449979
1.013563,12,1245.813109
1.184954,12,1247.073837
0.927504,12,1248.32127
0.885466,12,1249.610608
1.005932,12,1250.935923
0.98409,12,1252.166905
1.056005,12,1253.463502
0.855573,12,1254.801674
0.992843,12,1256.167527
0.981529,12,1257.499774
0.906677,12,1258.790663
0.885352,12,1260.14137
0.940728,12,1261.418571
1.029083,12,1262.726611
0.812343,12,1264.065309
0.856162,12,1265.424485
1.032266,12,1266.769283
0.909956,12,1268.049094
0.846152,12,1269.386294
0.950715,12,1270.734025
1.098083,12,1271.995163
0.894753,12,1273.309815
0.921107,12,1274.556264
0.841404,12,1275.874681
1.022008,12,1277.585396
1.008107,12,1278.884064
0.908665,12,1280.226329
0.84431,12,1281.554906
0.918551,12,1282.850769
0.858722,12,1284.205196
1.082831,12,1285.51199
0.914405,12,1286.798059
0.745479,12,1288.122281
0.923061,12,1289.437199
0.976691,12,1290.735795
0.998588,12,1292.029301
0.75849,12,1293.40913
0.843513,12,1294.709729
0.851847,12,1296.063444
0.895311,12,1297.403031
0.923049,12,1298.690932
0.875806,12,1300.008734
0.903736,12,1301.34845
0.705552,12,1302.681317
1.090976,12,1304.044771
0.97706,12,1305.410005
1.068949,12,1306.704204
0.969036,12,1308.004338
0.98706,12,1309.349363
0.994362,12,1310.683112
1.093589,12,1311.968634
1.127763,12,1313.271698
0.974949,12,1314.579672
0.934692,12,1315.915101
1.009822,12,1317.210053
0.828222,12,1318.523987
1.109125,12,1319.798322
0.923566,12,1321.107213
0.950749,12,1322.419649
0.973394,12,1323.71138
1.07254,12,1325.00704
0.910046,12,1326.293056
0.970787,12,1327.613498
1.150755,12,1328.894559
0.939487,12,1330.197234
0.920571,12,1331.481617
0.897182,12,1332.79992
0.860633,12,1334.487056
1.054457,12,1335.767317
0.948882,12,1337.053779
0.861848,12,1338.372168
1.182947,12,1339.701115
0.828919,12,1341.048152
1.034962,12,1342.376776
0.888567,12,1343.668916
1.005076,12,1344.993696
0.91613,12,1346.291212
0.789791,12,1347.621181
1.023494,12,1348.904849
0.839925,12,1350.221072
1.008053,12,1351.524625
0.982804,12,1352.827344
0.984262,12,1354.197731
1.106523,12,1355.44987
1.064068,12,1356.693593
0.966145,12,1358.012788
0.887331,12,1359.307462
0.886863,12,1360.62719
1.034808,12,1361.960465
0.866671,12,1363.263548
0.888948,12,1364.653317
0.886685,12,1365.937893
0.870274,12,1367.265908
0.988094,12,1368.572697
1.016309,12,1369.826952
0.943097,12,1371.106712
0.89818,12,1372.440737
1.014941,12,1373.781518
0.97823,12,1375.148383
0.81238,12,1376.448606
0.979021,12,1377.746517
0.695516,12,1379.037653
1.042633,12,1380.295673
0.949466,12,1381.59731
0.838681,12,1382.982765
0.915701,12,1384.259503
0.780777,12,1385.530886
0.933025,12,1386.80692
0.899004,12,1388.096163
0.947186,12,1389.329304
0.87971,12,1391.052901
1.070846,12,1392.328063
1.023418,12,1393.587931
0.961764,12,1394.859096
1.101579,12,1396.179445
0.796886,12,1397.50081
0.908395,12,1398.754517
0.940792,12,1400.032838
0.999635,12,1401.303135
1.000253,12,1402.613215
0.83267,12,1403.939335
0.906948,12,1405.266585
0.888923,12,1406.585798
0.753183,12,1407.905846
0.816267,12,1409.336346
0.877807,12,1410.656953
0.877986,12,1412.014375
0.687932,12,1413.36323
0.857157,12,1414.68048
0.817651,12,1416.002642
0.899209,12,1417.301145
0.938746,12,1418.524406
0.918482,12,1419.781719
1.057909,12,1421.068063
0.802944,12,1422.376129
1.033668,12,1423.703665
0.887733,12,1424.989294
0.830106,12,1426.276043
0.993805,12,1427.527719
1.079033,12,1428.873412
0.998657,12,1430.160131
0.995573,12,1431.504059
0.828174,12,1432.789987
0.893128,12,1434.096663
0.968133,12,1435.415333
1.020169,12,1436.717089
1.045612,12,1437.969385
0.96389,12,1439.276868
0.795575,12,1440.526133
0.982491,12,1441.876305
1.036536,12,1443.117875
0.813357,12,1444.424937
1.011345,12,1446.123962
0.771803,12,1447.372431
0.757943,12,1448.735326
0.720975,12,1450.085492
0.912366,12,1451.426036
0.849794,12,1452.793514
1.083624,12,1454.120032
0.915629,12,1455.406235
1.001999,12,1456.648104
0.817647,12,1458.023966
0.819273,12,1459.331486
0.926963,12,1460.552298
0.87276,12,1461.87294
0.948605,12,1463.210067
0.882479,12,1464.478942
0.974558,12,1465.775262
0.939641,12,1467.072295
1.036282,12,1468.381423
0.676481,12,1469.814239
1.089661,12,1471.092397
1.011525,12,1472.461987
0.98724,12,1473.724887
0.961472,12,1474.985494
0.973334,12,1476.217301
0.884536,12,1477.534257
1.115742,12,1478.827258
0.895561,12,1480.140147
0.927512,12,1481.414086
1.145782,12,1482.665634
0.865911,12,1483.969774
0.962511,12,1485.210645
0.92894,12,1486.508301
0.881427,12,1487.803385
0.984267,12,1489.072605
1.062107,12,1490.341943
0.980519,12,1491.635391
0.866541,12,1492.978531
0.847345,12,1494.297766
0.727417,12,1495.718581
1.065058,12,1497.011032
0.998254,12,1498.302425
0.847912,12,1499.617552
1.062396,12,1500.910903
0.972641,12,1502.612211
0.784994,12,1503.965791
1.000309,12,1505.287745
0.867094,12,1506.614716
0.843972,12,1507.952965
0.843464,12,1509.20167
1.008173,12,1510.5133
0.986246,12,1511.842323
0.885692,12,1513.121414
1.010897,12,1514.421865
1.080246,12,1515.671283
0.997497,12,1516.934392
0.92678,12,1518.27691
0.914853,12,1519.616343
0.881277,12,1520.884744
0.886879,12,1522.273355
0.992118,12,1523.503482
0.97086,12,1524.824878
0.844535,12,1526.120307
0.881833,12,1527.429835
0.897828,12,1528.727087
0.935389,12,1530.0185
0.936272,12,1531.400606
1.020451,12,1532.670889
0.748852,12,1533.916334
1.053131,12,1535.179613
0.949172,12,1536.415882
0.937742,12,1537.728207
0.826959,12,1539.078327
0.911485,12,1540.328322
0.87537,12,1541.59551
1.004007,12,1542.941097
1.064235,12,1544.232733
0.870635,12,1545.504079
1.035027,12,1546.893013
1.119325,12,1548.204035
0.815333,12,1549.508216
0.854544,12,1550.837088
0.942716,12,1552.118716
1.085029,12,1553.400084
0.835216,12,1554.789006
1.002583,12,1556.115474
1.005448,12,1557.558043
0.921678,12,1559.216269
1.012477,12,1560.490362
1.035305,12,1561.81973
0.944459,12,1563.287272
1.138019,12,1564.576488
0.919128,12,1565.899455
0.893185,12,1567.163716
1.057159,12,1568.446245
0.914386,12,1569.832995
0.965013,12,1571.09924
0.928641,12,1572.429858
1.055877,12,1573.679691
1.005337,12,1575.019227
0.95637,12,1576.299882
1.022613,12,1577.595367
0.957377,12,1578.868918
0.994052,12,1580.156599
0.945451,12,1581.427552
0.890692,12,1582.794245
0.929784,12,1584.146571
1.085969,12,1585.419851
1.05693,12,1586.673168
1.141161,12,1587.950897
0.691855,12,1589.219907
1.051237,12,1590.446316
1.110141,12,1591.758944
0.953916,12,1593.021496
0.984478,12,1594.297085
0.85485,12,1595.58257
0.932542,12,1596.846033
0.959306,12,1598.166028
0.839052,12,1599.443963
0.691855,12,1600.69869
0.907751,12,1602.046737
0.826605,12,1603.418951
1.183595,12,1604.6876
0.995015,12,1605.987251
0.87963,12,1607.349778
1.057182,12,1608.672684
0.833906,12,1610.052694
0.899451,12,1611.371588
1.056854,12,1612.665089
0.90602,12,1614.368528
0.897158,12,1615.696836
0.872286,12,1616.97176
0.805083,12,1618.248268
1.013461,12,1619.584532
1.037128,12,1620.885045
1.007761,12,1622.232315
0.896203,12,1623.528279
0.985784,12,1624.858722
1.036223,12,1626.135452
0.917303,12,1627.458776
1.013678,12,1628.752725
1.077502,12,1630.025441
0.863978,12,1631.371267
0.928975,12,1632.703386
0.89167,12,1634.010149
1.002076,12,1635.371572
0.867502,12,1636.68785
0.946273,12,1638.131524
1.038678,12,1639.423169
0.839738,12,1640.72833
1.026909,12,1642.06534
0.811264,12,1643.322435
0.821672,12,1644.630491
1.0035,12,1645.889143
0.990235,12,1647.268837
0.942163,12,1648.563075
0.909942,12,1649.831481
1.014573,12,1651.176614
1.062091,12,1652.518919
0.825052,12,1653.861571
0.927451,12,1655.258183
1.121035,12,1656.54822
0.99105,12,1657.896719
0.712331,12,1659.17888
0.863383,12,1660.500226
0.963439,12,1661.777374
1.026993,12,1663.100264
0.993097,12,1664.384637
0.84386,12,1665.734285
1.045353,12,1666.978283
0.995592,12,1668.256985
0.806615,12,1669.527141
1.043645,12,1671.214341
0.972456,12,1672.512176
0.941285,12,1673.7688
0.906597,12,1675.080169
1.04653,12,1676.339023
0.775149,12,1677.626191
0.915592,12,1678.918736
0.977243,12,1680.195477
0.88949,12,1681.562148
0.989627,12,1682.940772
0.898052,12,1684.26166
0.908538,12,1685.619758
0.887425,12,1686.972382
1.071991,12,1688.299824
1.064015,12,1689.612057
1.18668,12,1690.90496
1.029531,12,1692.191973
0.817956,12,1693.532821
0.78499,12,1694.824173
1.016419,12,1696.114027
0.911393,12,1697.359244
0.959948,12,1698.695348
1.117277,12,1700.015889
0.928767,12,1701.357686
0.885085,12,1702.700239
1.027576,12,1704.009537
1.085093,12,1705.342614
0.950715,12,1706.613004
1.152632,12,1707.97879
0.972689,12,1709.243247
0.881933,12,1710.637191
0.958542,12,1711.931607
0.842911,12,1713.321917
0.882538,12,1714.682031
0.911522,12,1715.994089
0.872304,12,1717.266445
0.798127,12,1718.536671
1.031186,12,1719.847863
0.906671,12,1721.136714
1.053202,12,1722.453111
1.042162,12,1723.78966
1.038106,12,1725.058635
1.0687,12,1726.342331
0.943469,12,1728.009752
1.021692,12,1729.338591
1.220164,12,1730.655097
0.936118,12,1731.968481
0.966466,12,1733.301482
0.948747,12,1734.728239
0.904878,12,1735.993257
0.98961,12,1737.238329
0.842118,12,1738.58642
0.970154,12,1739.871269
1.008464,12,1741.166918
0.994117,12,1742.472714
1.04865,12,1743.771224
0.778385,12,1745.237321
1.005995,12,1746.748352
0.805395,12,1748.119259
0.979517,12,1749.442448
0.942014,12,1750.679194
0.928859,12,1752.020983
0.834398,12,1753.306007
0.905608,12,1754.606738
0.814799,12,1755.909867
0.972122,12,1757.164934
0.834555,12,1758.411424
0.879063,12,1759.708307
0.901519,12,1761.031985
0.921093,12,1762.345912
0.880103,12,1763.632897
0.952071,12,1764.929109
0.856428,12,1766.182076
0.841559,12,1767.634424
0.982699,12,1768.932429
0.96082,12,1770.221137
0.850717,12,1771.491303
0.923897,12,1772.835155
1.058221,12,1774.145811
0.965567,12,1775.466214
0.837281,12,1776.762807
1.188291,12,1778.054299
0.994792,12,1779.365067
1.0872,12,1780.648935
1.080046,12,1781.937382
0.935998,12,1783.589262
0.969109,12,1784.914933
0.864418,12,1786.171238
0.841254,12,1787.553061
1.196446,12,1788.8151
1.071486,12,1790.197898
0.775931,12,1791.522846
1.074443,12,1792.920205
0.951027,12,1794.136886
1.085057,12,1795.344334
0.911306,12,1796.582589
0.987823,12,1797.846268
0.943605,12,1799.162748
0.850463,12,1800.457074
0.994609,12,1801.707778
1.012047,12,1803.024654
0.972372,12,1804.32696
0.895638,12,1805.592124
0.957965,12,1806.877309
1.085891,12,1808.171049
0.876603,12,1809.452439
0.866002,12,1810.755906
1.059209,12,1812.077016
1.101306,12,1813.37508
0.975904,12,1814.637911
1.149645,12,1815.932532
0.980439,12,1817.228074
0.856737,12,1818.550269
1.139042,12,1819.846892
1.072414,12,1821.196897
1.134931,12,1822.490317
1.080952,12,1823.715948
1.050972,12,1824.974002
0.896833,12,1826.230449
1.174832,12,1827.535275
0.889975,12,1828.836811
1.168315,12,1830.078156
0.936823,12,1831.411968
0.949907,12,1832.725075
0.99515,12,1834.044436
1.020134,12,1835.333227
0.853745,12,1836.630897
0.991449,12,1837.937119
1.031295,12,1839.548177
0.954486,12,1840.881831
1.088665,12,1842.150702
1.057445,12,1843.505287
1.101545,12,1844.805157
0.924662,12,1846.112159
0.943099,12,1847.350807
0.975371,12,1848.650348
1.080401,12,1849.955009
0.901814,12,1851.260048
0.99359,12,1852.515104
1.045017,12,1853.988356
0.877338,12,1855.354213
1.127752,12,1856.65642
1.114821,12,1858.066889
1.206982,12,1859.541959
0.992276,12,1861.222682
1.063828,12,1862.738274
1.02511,12,1864.259546
0.984432,12,1865.592553
1.158778,12,1866.926952
0.872976,12,1868.280114
0.894612,12,1869.623576
0.744455,12,1870.920521
0.824058,12,1872.276723
0.834993,12,1873.590837
0.876978,12,1874.95795
0.756529,12,1876.398045
0.999358,12,1877.754157
1.04443,12,1879.175326
0.962859,12,1880.638445
0.854638,12,1882.104203
0.953427,12,1883.46463
1.049748,12,1884.839031
1.05579,12,1886.206466
0.927369,12,1887.537022
1.145028,12,1888.835333
0.892372,12,1890.114166
0.968645,12,1891.455466
0.898484,12,1892.7566
0.951739,12,1894.214166
1.015962,12,1895.658131
1.016724,12,1897.056172
1.065886,12,1898.881184
0.781082,12,1900.31327
0.989285,12,1901.943088
0.880137,12,1903.364702
1.04554,12,1904.797842
1.030675,12,1906.327702
0.91175,12,1907.642752
0.847282,12,1909.219484
1.050387,12,1910.637418
0.918275,12,1912.404577
0.936816,12,1913.726648
1.036752,12,1915.189877
1.001692,12,1916.557138
0.9695,12,1917.893672
0.961909,12,1919.18753
0.848885,12,1920.657195
1.047527,12,1921.95935
0.808038,12,1923.256091
1.061499,12,1924.661359
0.981104,12,1926.121588
1.210094,12,1927.545049
1.0625,12,1928.879781
1.102278,12,1930.16996
0.830253,12,1931.552231
0.972104,12,1932.887043
0.914124,12,1934.286699
0.970618,12,1935.641035
0.905755,12,1937.04838
0.924961,12,1938.430191
0.966851,12,1939.958023
0.875887,12,1941.447245
0.980037,12,1942.86656
0.998363,12,1944.168601
0.929035,12,1945.546072
0.799092,12,1946.915904
0.89367,12,1948.195529
0.740675,12,1949.745501
0.864821,12,1951.398359
1.07049,12,1952.736995
0.842738,12,1954.063072
0.92418,12,1955.389251
1.031928,12,1956.660029
0.926188,12,1958.342965
1.071376,12,1959.659417
1.02002,12,1960.988624
0.957681,12,1962.290364
1.04717,12,1963.686053
1.062596,12,1965.144316
0.949961,12,1966.790305
0.851505,12,1968.080888
0.953591,12,1969.436452
0.923959,12,1970.733344
0.973022,12,1972.213734
0.939711,12,1973.926997
0.992344,12,1975.307437
1.076691,12,1976.831333
0.898268,12,1978.203427
1.203159,12,1979.624516
0.990912,12,1981.004101
0.798277,12,1982.527179
0.889954,12,1984.070124
1.03818,12,1985.58007
1.222744,12,1987.090246
0.930023,12,1988.451108
0.936169,12,1989.920702
0.977797,12,1991.433861
0.931086,12,1992.74762
1.016521,12,1994.075754
1.064396,12,1995.45133
0.855429,12,1996.847107
0.88709,12,1998.241547
0.848743,12,1999.729603
0.908455,12,2001.207805
1.081042,12,2002.480359
1.064736,12,2003.768107
0.879149,12,2005.029542
1.052787,12,2006.419487
1.009676,12,2007.891532
1.083263,12,2009.219874
1.056523,12,2010.482665
1.205702,12,2011.883648
1.116406,12,2013.418423
1.014753,12,2014.911084
0.791444,12,2016.360352
1.038505,12,2017.825257
1.125602,12,2019.769765
0.888018,12,2021.295033
0.986302,12,2022.713472
0.873555,12,2024.180085
0.815983,12,2025.834987
1.049747,12,2027.345354
1.13086,12,2028.788012
1.02837,12,2030.520562
0.979721,12,2031.883027
1.025493,12,2033.279046
1.059313,12,2034.745268
1.019101,12,2036.04518
1.05299,12,2037.461416
0.997547,12,2038.79728
0.896666,12,2040.141268
1.047347,12,2041.523139
1.146928,12,2042.95993
1.12027,12,2044.256341
0.938894,12,2045.667943
1.033198,12,2046.954642
0.958489,12,2048.266001
0.81765,12,2049.583424
0.998185,12,2050.883732
0.916979,12,2052.227999
0.977856,12,2053.53941
0.941385,12,2055.083237
0.897307,12,2056.391014
0.952943,12,2057.787154
1.081143,12,2059.086202
1.000444,12,2060.64837
0.90703,12,2062.011449
0.997603,12,2063.409045
0.715017,12,2064.800481
1.007868,12,2066.085045
0.972208,12,2067.423917
1.04238,12,2068.830694
0.915229,12,2070.297987
0.848596,12,2071.597555
1.096409,12,2072.937024
0.97695,12,2074.224321
1.11721,12,2075.499258
0.945554,12,2076.78532
0.936328,12,2078.166335
0.958119,12,2080.010249
0.965029,12,2081.36821
1.098719,12,2082.668543
0.999315,12,2083.985266
0.956901,12,2085.453893
0.8482,12,2086.751094
0.962632,12,2088.207375
0.882898,12,2089.525008
1.044474,12,2090.890009
1.08222,12,2092.314123
0.995913,12,2093.704209
0.957698,12,2095.204743
0.978665,12,2096.521302
1.115661,12,2097.865121
1.056011,12,2099.227775
0.855854,12,2100.601211
1.039979,12,2101.860802
0.852639,12,2103.546697
0.996574,12,2104.893495
0.898519,12,2106.305463
0.968306,12,2107.615627
0.883711,12,2109.163944
0.827778,12,2110.569755
1.120327,12,2111.894774
0.842249,12,2113.241027
0.793214,12,2114.610235
0.968308,12,2116.036116
1.090015,12,2117.429622
0.863157,12,2118.919858
1.056247,12,2120.471923
1.045765,12,2121.865683
0.991324,12,2123.589881
0.946403,12,2124.993471
0.914716,12,2126.655505
0.923538,12,2128.089599
0.865504,12,2129.568315
0.922029,12,2131.02448
0.804807,12,2132.425717
1.065949,12,2133.844264
0.914453,12,2135.25533
0.99837,12,2136.693323
0.860202,12,2138.127458
0.682541,12,2140.03193
0.968273,12,2141.686342
0.796227,12,2143.053296
0.803293,12,2144.390671
1.15716,12,2145.746002
1.015457,12,2147.097567
0.981206,12,2148.488246
0.849066,12,2149.963459
0.944237,12,2151.25783
0.879325,12,2152.624193
1.082428,12,2153.944483
0.932256,12,2155.449545
0.926612,12,2156.851422
1.023212,12,2158.149935
1.019511,12,2159.486289
0.974262,12,2160.765231
0.921725,12,2162.039992
0.929625,12,2163.360641
0.875734,12,2164.648557
0.926865,12,2165.909418
0.820498,12,2167.220623
1.068352,12,2168.60292
0.945218,12,2169.942552
0.883731,12,2171.226012
0.984354,12,2172.519525
1.074844,12,2173.86595
1.110713,12,2175.150361
0.97603,12,2176.448
1.12495,12,2177.746379
1.165551,12,2179.105399
1.068522,12,2180.461375
0.894441,12,2181.762812
0.890394,12,2183.099647
0.966925,12,2184.471051
1.09209,12,2185.805376
1.003004,12,2187.18976
1.006809,12,2188.411339
1.051926,12,2189.737879
0.851203,12,2191.065596
0.910337,12,2192.435722
0.925773,12,2193.707408
1.005296,12,2194.997326
0.970407,12,2196.316687
1.06486,12,2198.037367
1.018686,12,2199.346386
0.870444,12,2200.664715
0.821526,12,2201.94822
0.900578,12,2203.240404
1.141658,12,2204.51364
0.96566,12,2205.856966
0.944884,12,2207.156743
1.011268,12,2208.432259
0.845087,12,2209.827233
0.989133,12,2211.189888
1.002501,12,2212.619185
1.028249,12,2214.025391
1.094032,12,2215.338522
0.780725,12,2216.662081
1.04854,12,2218.077535
0.945755,12,2219.390848
1.093615,12,2220.694942
0.890215,12,2222.008349
1.049631,12,2223.377042
0.91144,12,2224.747495
1.140077,12,2226.038676
1.001293,12,2227.291263
0.76427,12,2228.62652
0.865397,12,2229.957686
1.037263,12,2231.25867
0.886828,12,2232.539747
0.894036,12,2233.892944
1.088001,12,2235.204528
1.005752,12,2236.553952
1.17204,12,2237.931417
0.826112,12,2239.277304
0.875303,12,2240.610992
1.018974,12,2241.920694
1.059805,12,2243.267808
0.930589,12,2244.559874
0.933654,12,2245.853314
0.818362,12,2247.197485
0.849256,12,2248.453824
1.010747,12,2249.759578
0.935865,12,2251.007987
0.962098,12,2252.332018
0.881891,12,2253.598594
1.02067,12,2255.293978
0.907018,12,2256.564306
0.915017,12,2257.878615
0.944928,12,2259.216228
0.895318,12,2260.500446
0.818994,12,2261.819953
0.907894,12,2263.119158
0.944206,12,2264.366971
0.892732,12,2265.634261
0.884661,12,2266.961243
0.913291,12,2268.29196
0.983959,12,2269.650346
0.92366,12,2270.940488
0.800325,12,2272.263139
0.920727,12,2273.80636
0.941268,12,2275.212258
1.101103,12,2276.54443
1.048705,12,2277.880354
0.854992,12,2279.303419
0.977066,12,2280.808333
0.995038,12,2282.295072
0.808777,12,2283.761645
0.915759,12,2285.213423
0.883083,12,2286.555514
0.928068,12,2287.914402
0.852189,12,2289.315945
0.901434,12,2290.674096
0.97294,12,2291.95544
0.888588,12,2293.329284
1.029761,12,2294.712163
0.978788,12,2296.069
0.926252,12,2297.405612
0.970455,12,2298.786939
0.887517,12,2300.115167
0.991425,12,2301.499915
1.005055,12,2302.876651
1.051963,12,2304.225633
0.87614,12,2305.549293
0.91722,12,2306.890497
0.976977,12,2308.276251
0.981758,12,2309.690393
0.983206,12,2311.000436
1.062881,12,2312.719918
0.973831,12,2314.051428
1.108354,12,2315.418385
0.871308,12,2316.762862
1.051639,12,2318.046392
0.9655,12,2319.449472
1.096165,12,2320.783184
0.801799,12,2322.089724
1.114057,12,2323.45529
1.161597,12,2324.755245
1.162904,12,2326.117003
1.021052,12,2327.481956
1.040971,12,2328.807695
1.03274,12,2330.138619
0.890257,12,2331.497504
0.949012,12,2332.848726
0.81171,12,2334.208272
0.88384,12,2335.603356
1.056309,12,2336.921875
0.865186,12,2338.271085
0.900334,12,2339.717208
0.959545,12,2341.1284
1.036146,12,2342.505741
0.956519,12,2343.892012
1.119837,12,2345.276027
0.922603,12,2346.625691
0.779755,12,2347.999635
1.073325,12,2349.390147
0.908118,12,2350.791838
0.89373,12,2352.151371
0.996262,12,2353.552571
1.026969,12,2354.920545
0.997444,12,2356.343844
0.783817,12,2357.730912
1.168076,12,2359.03025
0.923636,12,2360.360557
0.781342,12,2361.683999
0.923916,12,2363.161478
1.08196,12,2364.490917
0.890362,12,2365.848072
1.119588,12,2367.138933
0.920968,12,2368.469297
1.068528,12,2369.881195
1.244968,12,2371.693067
0.734326,12,2373.15735
0.833965,12,2374.545603
1.01156,12,2375.980994
1.110671,12,2377.308145
1.094062,12,2378.686668
0.878515,12,2380.073933
1.044624,12,2381.501332
0.748821,12,2382.90572
1.051739,12,2384.325873
0.854686,12,2385.728879
0.88399,12,2387.038883
1.138874,12,2388.434242
1.159878,12,2389.764868
0.995708,12,2391.103735
1.000219,12,2392.40836
1.117295,12,2393.914295
0.849906,12,2395.241601
1.031395,12,2396.547413
0.934087,12,2397.909663
1.013651,12,2399.30787
1.089545,12,2400.724422
0.988548,12,2402.084204
1.009614,12,2403.427634
0.893355,12,2404.782156
1.014623,12,2406.2114
0.842141,12,2407.581319
0.827792,12,2408.901961
0.933099,12,2410.209333
0.874676,12,2411.542058
1.094844,12,2412.83643
0.844676,12,2414.257735
1.048997,12,2415.615088
0.963858,12,2417.027692
0.944558,12,2418.369442
0.94096,12,2419.767426
1.128108,12,2421.075953
0.963003,12,2422.443294
0.947412,12,2423.768239
0.939046,12,2425.127957
0.916323,12,2426.53125
1.033921,12,2427.917283
1.09703,12,2429.257529
1.083822,12,2430.973356
1.055109,12,2432.314137
0.917048,12,2433.686888
0.929,12,2435.063833
1.074539,12,2436.437155
0.844684,12,2437.792326
1.044511,12,2439.106233
0.930177,12,2440.448405
0.821626,12,2441.771448
1.01626,12,2443.091855
0.986157,12,2444.46099
0.935833,12,2445.817941
0.952693,12,2447.213605
0.863496,12,2448.592425
1.131614,12,2449.945092
1.065578,12,2451.251447
0.942658,12,2452.584966
0.977958,12,2453.972177
0.846554,12,2455.279299
0.88037,12,2456.668782
0.883677,12,2458.050373
0.844951,12,2459.415
0.920913,12,2460.789886
1.051938,12,2462.143521
0.984528,12,2463.509674
0.908503,12,2464.883452
1.034213,12,2466.166848
0.983206,12,2467.553672
1.122338,12,2468.936461
1.262614,12,2470.331482
0.997449,12,2471.668784
0.949169,12,2472.992083
1.098788,12,2474.352119
1.064669,12,2475.731695
1.015267,12,2477.091625
0.941144,12,2478.44405
0.816712,12,2479.825812
1.027492,12,2481.185755
0.970171,12,2482.516897
0.974646,12,2483.933362
0.948885,12,2485.32179
1.112088,12,2486.676129
0.877251,12,2488.427427
0.879342,12,2489.80015
0.825731,12,2491.10487
0.984398,12,2492.456633
1.024488,12,2493.74576
1.005192,12,2495.087281
0.898891,12,2496.378081
0.880063,12,2497.715478
0.996567,12,2499.112004
0.854598,12,2500.550697
1.008813,12,2501.887326
1.073369,12,2503.165809
0.818532,12,2504.499159
0.753577,12,2505.830175
0.921716,12,2507.200466
0.797948,12,2508.500435
0.953479,12,2509.794345
0.953231,12,2511.161545
0.969583,12,2512.506553
0.846001,12,2513.843173
0.820996,12,2515.190743
1.007837,12,2516.672132
0.991799,12,2518.093973
1.130058,12,2519.485013
1.101804,12,2520.798643
1.096238,12,2522.189197
1.118073,12,2523.510869
0.822034,12,2524.849208
1.003439,12,2526.200649
1.051836,12,2527.561015
0.84917,12,2528.93342
0.814681,12,2530.306344
0.904068,12,2531.697727
0.903533,12,2533.023026
1.080052,12,2534.338803
0.839935,12,2535.745108
1.023629,12,2537.107028
1.077276,12,2538.493051
0.951653,12,2539.815429
0.926841,12,2541.218332
0.793616,12,2542.652176
1.037438,12,2543.94737
1.013133,12,2545.282487
0.92841,12,2547.082949
1.093532,12,2548.442902
1.076299,12,2549.819128
0.766793,12,2551.163294
0.831233,12,2552.422876
1.022376,12,2553.800742
1.02763,12,2555.20611
0.98647,12,2556.581604
1.069342,12,2557.899088
1.015313,12,2559.233823
1.051321,12,2560.605919
0.807555,12,2561.946201
0.836519,12,2563.296918
0.971498,12,2564.701819
0.986295,12,2565.960874
1.01718,12,2567.345154
0.891743,12,2568.701839
0.91858,12,2570.027151
1.107889,12,2571.404823
0.820268,12,2572.781877
0.97496,12,2574.116319
0.783772,12,2575.431342
1.039036,12,2576.803347
0.926577,12,2578.185652
1.052139,12,2579.598541
0.991345,12,2580.883094
0.91139,12,2582.215213
1.082151,12,2583.590325
0.95028,12,2584.870687
0.928782,12,2586.217636
1.070654,12,2587.513127
1.100751,12,2588.96019
0.91271,12,2590.323334
1.108101,12,2591.701427
1.095441,12,2593.007564
0.766711,12,2594.383083
0.913691,12,2595.83524
1.086035,12,2597.169388
0.810698,12,2598.584151
0.868326,12,2599.931816
0.903711,12,2601.211504
1.01604,12,2602.544258
0.921608,12,2603.858322
0.894465,12,2605.713158
0.917112,12,2607.079677
0.82164,12,2608.497953
0.921892,12,2609.969285
1.032264,12,2611.314701
0.963512,12,2612.690171
0.901734,12,2614.098315
1.100522,12,2615.474099
0.92951,12,2616.777346
0.977662,12,2618.167241
1.06393,12,2619.509873
0.93462,12,2620.907227
0.749758,12,2622.318782
1.022721,12,2623.647501
1.037961,12,2625.041151
1.077475,12,2626.443709
0.911986,12,2627.790604
0.743304,12,2629.227956
0.963506,12,2630.550984
0.930971,12,2631.928049
1.006857,12,2633.224192
0.93375,12,2634.552398
1.160456,12,2635.855995
0.949297,12,2637.15451
1.016036,12,2638.547298
0.877303,12,2639.951688
0.873776,12,2641.341554
0.929078,12,2642.654067
0.753512,12,2644.034431
0.923733,12,2645.460814
1.040208,12,2646.865631
0.824348,12,2648.244675
1.030383,12,2649.614032
1.001428,12,2650.979511
0.914955,12,2652.359379
1.058825,12,2653.729029
0.896376,12,2655.10223
0.872475,12,2656.448702
1.097329,12,2657.814039
0.959772,12,2659.14039
0.937671,12,2660.456896
0.966809,12,2661.791854
1.001791,12,2663.600798
0.974534,12,2664.937355
1.095205,12,2666.268838
0.561532,12,2667.707537
1.02301,12,2669.059622
0.971687,12,2670.430687
1.071486,12,2671.83315
0.858992,12,2673.200508
0.962882,12,2674.617078
0.973331,12,2676.034352
0.997975,12,2677.423099
1.066223,12,2678.867522
1.016297,12,2680.258849
0.991162,12,2681.671764
1.120351,12,2683.054322
0.929912,12,2684.420142
0.914712,12,2685.797631
0.921347,12,2687.249841
0.847268,12,2688.664165
1.115505,12,2690.046649
0.911923,12,2691.43976
0.955398,12,2692.758883
0.924167,12,2694.19557
1.090348,12,2695.503352
0.913066,12,2696.84359
0.792858,12,2698.202128
0.977936,12,2699.531002
1.112159,12,2700.959626
1.116043,12,2702.27917
0.973694,12,2703.629963
1.121498,12,2704.98918
0.857781,12,2706.307533
0.913446,12,2707.606733
0.842129,12,2708.985001
1.03391,12,2710.385278
1.133241,12,2711.751291
1.0051,12,2713.081641
0.809047,12,2714.538475
1.019665,12,2715.891889
0.903783,12,2717.188238
0.963177,12,2718.541266
0.924232,12,2719.921819
1.040268,12,2721.250824
0.865305,12,2722.986499
0.827777,12,2724.414938
0.972349,12,2725.751524
1.118647,12,2727.088457
1.096813,12,2728.462249
1.089922,12,2729.837051
1.060549,12,2731.176719
1.109869,12,2732.478293
1.006586,12,2733.815157
0.913925,12,2735.175076
1.042413,12,2736.582108
0.933293,12,2737.948688
0.947756,12,2739.288544
1.052011,12,2740.655683
1.03531,12,2741.988912
1.000115,12,2743.385669
1.086223,12,2744.750747
1.148096,12,2746.099593
0.872294,12,2747.520806
1.091958,12,2748.888723
0.933398,12,2750.235194
1.01637,12,2751.677317
0.976837,12,2753.029486
0.635704,12,2754.367649
0.84932,12,2755.79551
0.790386,12,2757.188551
0.87462,12,2758.503013
1.069704,12,2759.869626
0.860994,12,2761.276246
0.938466,12,2762.83908
1.022657,12,2764.253214
0.924979,12,2765.688223
0.90249,12,2766.988821
0.991294,12,2768.301105
1.02266,12,2769.663234
0.976032,12,2770.990862
1.11237,12,2772.369252
0.801,12,2773.719845
1.061577,12,2775.06954
0.992706,12,2776.391573
0.956287,12,2777.791034
0.925587,12,2779.106112
0.801771,12,2780.574724
1.094738,12,2782.404114
0.857018,12,2783.771163
0.93324,12,2785.146264
1.048548,12,2786.53934
0.870122,12,2787.831639
1.084176,12,2789.134485
0.986266,12,2790.553084
1.020983,12,2791.993176
0.89294,12,2793.374867
0.849288,12,2794.734277
1.089691,12,2796.045173
0.926065,12,2797.348562
1.089508,12,2798.726651
1.013103,12,2800.086719
0.961855,12,2801.527067
1.019355,12,2802.884631
0.774464,12,2804.243937
1.033092,12,2805.546474
0.999331,12,2806.900588
0.955366,12,2808.187761
0.857291,12,2809.647859
0.800315,12,2810.948351
1.038884,12,2812.353165
0.984569,12,2813.65038
1.092643,12,2815.119432
0.948804,12,2816.45661
0.868573,12,2817.886183
0.827633,12,2819.244141
0.968172,12,2820.610715
0.893411,12,2821.945613
1.054209,12,2823.262503
0.973765,12,2824.660391
0.89533,12,2826.003501
1.007274,12,2827.376628
0.846298,12,2828.731896
1.013446,12,2830.112441
1.177415,12,2831.447799
1.046248,12,2832.863485
1.057434,12,2834.155223
0.92789,12,2835.551138
1.229052,12,2836.949073
0.84968,12,2838.343792
0.943614,12,2840.158876
1.000614,12,2841.526161
0.960009,12,2842.863542
0.93286,12,2844.240787
1.065966,12,2845.553123
0.952746,12,2846.824542
0.909085,12,2848.203361
1.047418,12,2849.534017
1.037597,12,2850.84405
1.153627,12,2852.191016
0.836478,12,2853.473291
0.992418,12,2854.878791
1.165444,12,2856.253438
0.968988,12,2857.5954
0.823519,12,2858.932101
1.167941,12,2860.289279
1.021937,12,2861.625257
0.751517,12,2862.947668
1.180561,12,2864.346076
1.143579,12,2865.698804
0.961657,12,2867.040164
1.004939,12,2868.389155
1.012525,12,2869.784369
0.961884,12,2871.061389
1.059256,12,2872.379529
0.91047,12,2873.680234
0.878903,12,2875.053323
0.875765,12,2876.354068
0.989759,12,2877.719507
1.025237,12,2879.08348
1.056899,12,2880.418053
0.967109,12,2881.759162
0.812012,12,2883.217159
0.961646,12,2884.55709
1.01709,12,2885.884073
1.001293,12,2887.252112
0.909124,12,2888.507606
0.989057,12,2889.817326
0.987574,12,2891.17847
1.093563,12,2892.443864
1.000893,12,2893.805761
0.959417,12,2895.159696
0.855989,12,2896.451881
1.042533,12,2898.203815
1.000057,12,2899.505598
1.122711,12,2900.852327
1.023301,12,2902.151598
0.96269,12,2903.513437
0.843562,12,2904.832247
1.076187,12,2906.164957
0.955663,12,2907.559342
1.007722,12,2908.958996
0.969322,12,2910.311929
1.224274,12,2911.736475
0.998268,12,2913.110696
1.011819,12,2914.396941
0.879244,12,2915.805725
0.955645,12,2917.155957
0.838238,12,2918.438148
1.025422,12,2919.805426
1.117063,12,2921.156909
0.676866,12,2922.57932
0.951792,12,2923.935528
0.927395,12,2925.23375
1.140111,12,2926.558993
0.973526,12,2927.872362
1.081579,12,2929.154565
0.693823,12,2930.50189
0.909681,12,2931.916321
0.964528,12,2933.262238
1.101545,12,2934.62623
1.046035,12,2935.93846
0.840166,12,2937.29718
1.026996,12,2938.605111
1.063643,12,2939.938549
1.061134,12,2941.280819
1.012952,12,2942.640346
0.962291,12,2943.965159
1.091466,12,2945.311681
0.910158,12,2946.67313
0.925838,12,2948.046879
0.965751,12,2949.415387
0.96301,12,2950.768648
0.969921,12,2952.165174
1.061197,12,2953.526904
0.900576,12,2954.917177
0.97275,12,2956.715028
0.952885,12,2958.059565
0.818337,12,2959.444644
1.004268,12,2960.859885
0.958311,12,2962.249453
0.974147,12,2963.607125
0.949808,12,2964.93409
0.893208,12,2966.279444
0.933615,12,2967.612393
0.820055,12,2968.935744
1.073198,12,2970.296463
0.981784,12,2971.701048
1.016642,12,2972.987514
0.789344,12,2974.406262
1.048832,12,2975.742429
0.96094,12,2977.102254
0.893902,12,2978.373574
1.036022,12,2979.74673
0.846106,12,2981.100171
0.969723,12,2982.426134
1.213492,12,2983.76774
1.00728,12,2985.134326
1.028444,12,2986.501241
1.055521,12,2987.806036
1.040154,12,2989.198069
0.924793,12,2990.544389
0.914401,12,2991.89454
1.023288,12,2993.192478
1.155585,12,2994.493197
0.92514,12,2995.840977
0.865482,12,2997.204283
1.111929,12,2998.525291
1.13051,12,2999.857113
1.118085,12,3001.203669
1.12538,12,3002.514302
0.965906,12,3003.8436
0.930437,12,3005.147645
0.952257,12,3006.486428
0.948373,12,3007.87001
0.87771,12,3009.241541
0.998537,12,3010.55412
1.028457,12,3011.893364
0.789938,12,3013.675943
1.054426,12,3015.017127
0.860155,12,3016.386886
0.913993,12,3017.657732
0.931239,12,3018.983793
0.88187,12,3020.339291
1.047913,12,3021.617505
0.917105,12,3022.971855
0.895043,12,3024.313329
1.092126,12,3025.623657
1.027957,12,3026.887234
1.04424,12,3028.195535
1.007405,12,3029.535833
0.957921,12,3030.849647
0.938737,12,3032.175707
1.097567,12,3033.446837
1.022312,12,3034.815552
1.060017,12,3036.123458
1.102269,12,3037.458514
1.192908,12,3038.774274
1.109142,12,3040.134875
0.930045,12,3041.505137
1.054291,12,3042.851793
0.956046,12,3044.145364
1.156315,12,3045.469404
1.105897,12,3046.708975
1.137471,12,3047.99975
1.093916,12,3049.274273
1.044052,12,3050.59596
1.067658,12,3051.892074
1.215823,12,3053.189116
0.929738,12,3054.487465
0.932168,12,3055.786228
1.074323,12,3057.114153
1.060499,12,3058.431237
0.950378,12,3059.710226
1.138315,12,3061.046265
1.12432,12,3062.393691
0.868629,12,3063.730533
0.846414,12,3065.040435
1.134932,12,3066.378703
0.901446,12,3067.719288
0.970194,12,3069.038476
0.997153,12,3070.758333
0.970439,12,3072.043143
1.221784,12,3073.315044
0.954394,12,3074.607919
1.06122,12,3075.971691
0.937405,12,3077.266515
1.019572,12,3078.541842
0.946609,12,3079.835789
0.992325,12,3081.137274
0.723023,12,3082.470327
1.10347,12,3083.784763
1.123571,12,3085.098717
1.140231,12,3086.405376
0.948498,12,3087.68825
1.119284,12,3089.001838
0.976697,12,3090.266289
1.061916,12,3091.559522
0.849057,12,3092.877702
1.116825,12,3094.187584
0.958761,12,3095.537376
1.05801,12,3096.856355
0.939203,12,3098.164165
0.880817,12,3099.437757
1.067609,12,3100.725157
1.029397,12,3102.074199
0.887053,12,3103.404253
0.895203,12,3104.714561
1.058032,12,3106.044423
0.913849,12,3107.350392
0.864603,12,3108.617483
1.180259,12,3109.89245
0.875127,12,3111.21309
0.883355,12,3112.571923
1.075409,12,3113.857082
0.976691,12,3115.196339
0.961917,12,3116.484646
1.083088,12,3117.78533
1.114865,12,3119.117979
1.030895,12,3120.443103
1.245067,12,3121.753061
0.972206,12,3123.092274
1.175183,12,3124.383205
1.079187,12,3125.682263
1.145364,12,3127.409818
0.994586,12,3128.79109
1.121724,12,3130.233262
0.846402,12,3131.557754
1.201796,12,3132.87978
0.785562,12,3134.224343
1.158602,12,3135.508849
1.056324,12,3136.739787
1.055903,12,3138.075197
1.121307,12,3139.35937
1.021676,12,3140.687693
0.860617,12,3142.087419
0.978347,12,3143.75603
1.083165,12,3145.404618
0.816955,12,3146.81766
0.873617,12,3148.225811
1.18481,12,3149.619513
0.987609,12,3150.935554
1.078843,12,3152.247241
0.933192,12,3153.582736
0.97742,12,3155.04834
1.036512,12,3156.408945
0.897958,12,3157.684525
1.19762,12,3159.020704
1.129224,12,3160.446619
1.077094,12,3161.819525
1.030581,12,3163.153455
1.12685,12,3164.439547
0.980933,12,3165.742677
0.716571,12,3167.046031
0.797424,12,3168.462221
0.938587,12,3169.743228
1.067723,12,3171.082567
1.009954,12,3172.442206
1.124983,12,3173.806948
0.938145,12,3175.150939
1.19255,12,3176.436707
1.006232,12,3177.728994
0.911891,12,3179.060735
0.961069,12,3180.37727
1.242918,12,3181.691991
1.000755,12,3183.01702
0.869594,12,3184.815421
0.985976,12,3186.189936
0.970395,12,3187.449969
1.018507,12,3188.741951
1.051362,12,3190.075586
1.101945,12,3191.373485
0.926374,12,3192.657581
0.984784,12,3193.983241
0.887332,12,3195.35657
0.962593,12,3196.601617
1.197907,12,3197.887737
1.047618,12,3199.185438
1.007089,12,3200.490918
1.026474,12,3201.787595
1.100077,12,3203.076404
0.904127,12,3204.419672
1.113912,12,3205.731197
0.905317,12,3207.083014
1.076573,12,3208.341759
1.020526,12,3209.611326
1.021233,12,3210.939517
1.111962,12,3212.215182
1.160714,12,3213.528755
0.946567,12,3214.806701
1.028252,12,3216.094937
1.011382,12,3217.349551
1.042067,12,3218.644519
0.808866,12,3219.961777
1.126096,12,3221.297818
0.824255,12,3222.649688
0.958348,12,3224.028121
0.957408,12,3225.322174
1.157356,12,3226.604365
0.980219,12,3227.875642
0.958032,12,3229.16764
0.972324,12,3230.450604
0.905085,12,3231.727335
1.102824,12,3233.030723
0.740146,12,3234.352137
1.036002,12,3235.690348
1.033202,12,3237.007608
1.153449,12,3238.2596
0.82828,12,3239.608455
0.992328,12,3241.307655
1.098558,12,3242.627442
0.963248,12,3243.927402
1.11486,12,3245.18568
0.907427,12,3246.489891
0.941446,12,3247.728944
1.033337,12,3249.012315
1.083253,12,3250.303491
0.970249,12,3251.543061
0.859262,12,3252.844127
0.902695,12,3254.11916
0.832489,12,3255.415978
1.00199,12,3256.733533
0.997327,12,3258.054177
0.949061,12,3259.330693
1.005103,12,3260.664964
0.763317,12,3261.973318
1.09984,12,3263.264531
1.117919,12,3264.566428
0.978021,12,3265.898136
0.866836,12,3267.207365
0.943723,12,3268.489432
0.862196,12,3269.780578
1.070999,12,3271.10655
1.10867,12,3272.362352
1.016238,12,3273.608957
1.094225,12,3274.898855
1.103171,12,3276.161842
0.90762,12,3277.404508
0.989545,12,3278.673282
0.941336,12,3279.970281
1.148634,12,3281.29518
1.155353,12,3282.599261
1.10253,12,3283.899848
1.025491,12,3285.130539
0.992245,12,3286.454625
1.042467,12,3287.735627
1.12694,12,3289.063439
0.896643,12,3290.395404
1.143471,12,3291.700674
1.141454,12,3292.992049
1.049081,12,3294.331689
1.234093,12,3295.644627
0.948702,12,3297.352268
0.976008,12,3298.66962
0.958423,12,3299.951878
1.003123,12,3301.231206
1.033295,12,3302.477539
1.123715,12,3303.773322
0.907529,12,3305.069323
1.090246,12,3306.363209
0.990966,12,3307.63967
0.935567,12,3308.968611
1.113624,12,3310.308506
0.931922,12,3311.646308
0.766646,12,3312.946517
1.094602,12,3314.220077
1.052226,12,3315.517827
0.861085,12,3316.811822
1.033946,12,3318.158
0.909697,12,3319.456495
0.821426,12,3320.714312
0.934554,12,3321.973169
1.009094,12,3323.252155
1.112044,12,3324.501802
0.885468,12,3325.88123
0.8551,12,3327.216409
0.790603,12,3328.473197
1.040598,12,3329.746492
1.109408,12,3331.090815
1.067187,12,3332.365742
0.936838,12,3333.701641
1.093651,12,3335.061261
0.943548,12,3336.471784
0.828418,12,3337.85159
1.155841,12,3339.249978
1.131231,12,3340.624693
1.070379,12,3342.01468
1.116738,12,3343.37302
0.947109,12,3344.694273
0.999032,12,3346.056347
0.961979,12,3347.339144
1.174281,12,3348.630244
1.047301,12,3349.927756
0.986085,12,3351.241725
0.922113,12,3352.929321
0.992779,12,3354.211435
1.071877,12,3355.528185
0.958314,12,3356.842018
1.025951,12,3358.148318
1.030019,12,3359.448185
1.124894,12,3360.762329
0.946989,12,3362.195827
0.834298,12,3363.615305
0.938541,12,3364.892071
1.002204,12,3366.236949
1.096629,12,3367.565538
0.949005,12,3368.872183
0.973364,12,3370.123139
0.871968,12,3371.3966
0.950208,12,3372.703193
1.106469,12,3373.967844
1.186147,12,3375.237727
1.102943,12,3376.53748
1.169293,12,3377.857389
0.972187,12,3379.155332
1.056264,12,3380.494197
1.157291,12,3381.768344
0.676448,12,3383.121491
1.172129,12,3384.403888
0.986356,12,3385.736675
1.0193,12,3387.033395
1.041485,12,3388.300914
1.077806,12,3389.665261
1.076412,12,3390.926783
0.917053,12,3392.264343
0.896792,12,3393.530077
1.085358,12,3394.835205
0.923896,12,3396.101197
0.891719,12,3397.353482
0.791725,12,3398.656626
1.00855,12,3399.961421
1.053018,12,3401.22859
1.020633,12,3402.558451
0.963463,12,3403.837567
0.94167,12,3405.112518
0.901657,12,3406.473143
1.134164,12,3407.774095
1.103359,12,2.575318
0.945951,12,3.970247
0.994558,12,5.473635
1.089162,12,6.86501
0.833227,12,8.357325
1.031194,12,9.85023
1.01105,12,11.313329
1.090304,12,12.658973
1.056162,12,14.047992
0.912851,12,15.426088
1.045469,12,16.762699
0.845886,12,18.238262
0.990213,12,19.588143
1.096338,12,20.948426
1.070697,12,22.254042
1.005987,12,23.594113
0.993691,12,24.92459
0.973855,12,26.304186
0.936236,12,27.670216
0.896775,12,29.081445
1.134087,12,30.400424
1.097626,12,31.788323
1.1493,12,33.165717
0.900054,12,34.670391
0.88302,12,36.022816
1.129021,12,37.445133
0.95328,12,38.874953
0.894422,12,40.144722
1.111844,12,41.470613
1.00857,12,42.819434
1.068107,12,44.132567
0.95739,12,45.424046
1.088775,12,46.777901
1.068039,12,48.266586
0.93636,12,49.768188
1.151048,12,51.29333
0.960785,12,52.757185
1.163006,12,54.180308
0.984463,12,55.53858
1.051267,12,56.825536
0.99882,12,58.162038
0.997225,12,59.588269
1.10213,12,61.462818
1.10745,12,62.759905
0.937613,12,64.180877
1.010798,12,65.461062
1.011784,12,66.780116
1.166649,12,68.180464
1.092646,12,69.510359
0.958793,12,70.890175
0.977872,12,72.28042
0.978113,12,73.688146
1.02671,12,75.016691
1.122111,12,76.350824
0.827525,12,77.652691
0.973011,12,78.994003
1.079638,12,80.362003
0.984674,12,81.762628
1.055955,12,83.100675
1.139399,12,84.484151
1.207413,12,85.891024
0.956464,12,87.24294
1.059034,12,88.63248
0.874201,12,89.947473
1.027338,12,91.268787
1.081968,12,92.717515
0.884983,12,94.089953
0.703256,12,95.519362
0.863538,12,96.918672
0.970978,12,98.357644
1.086212,12,99.844338
1.132582,12,101.264997
1.028629,12,102.590523
0.964266,12,104.033314
1.072579,12,105.384295
0.969947,12,106.720546
1.050479,12,108.031817
1.01482,12,109.382263
0.968033,12,110.831879
1.054868,12,112.234405
1.093618,12,113.560896
0.870327,12,114.992486
0.996661,12,116.403281
1.00913,12,117.761746
0.931751,12,119.087725
0.968717,12,120.832976
0.980665,12,122.203961
1.197219,12,123.522117
0.759193,12,124.953174
1.034189,12,126.402121
0.881055,12,127.807824
1.085198,12,129.212851
0.958972,12,130.644043
0.929904,12,132.074903
1.069579,12,133.394404
0.911298,12,134.786992
1.088829,12,136.312996
1.021614,12,137.675118
1.025963,12,139.035392
1.010379,12,140.630185
0.988986,12,142.087976
1.022024,12,143.396967
0.688356,12,144.80128
0.933521,12,146.169042
1.065192,12,147.598412
1.057283,12,149.017033
1.083932,12,150.29702
0.960728,12,151.591106
1.02919,12,152.950357
1.033361,12,154.299375
1.068045,12,155.867145
1.03082,12,157.222924
1.0855,12,158.546811
0.905566,12,159.936261
1.049422,12,161.293771
0.907804,12,162.677283
1.07322,12,163.970482
1.090801,12,165.327154
0.998931,12,166.729774
1.195274,12,168.050957
1.077665,12,169.391829
1.092172,12,170.656399
1.120294,12,172.105689
1.001849,12,173.470175
1.031523,12,174.822276
1.030508,12,176.154494
0.899641,12,177.442111
0.958873,12,178.762365
0.871938,12,180.632161
1.060766,12,182.003124
0.873592,12,183.284177
1.035416,12,184.630615
1.05975,12,185.928333
1.033438,12,187.236221
0.86503,12,188.560606
0.970573,12,190.041808
0.791666,12,191.401062
0.963791,12,192.790469
0.850758,12,194.132485
0.898336,12,195.522061
1.05399,12,196.880224
0.933888,12,198.266188
0.831799,12,199.659978
1.030762,12,201.032347
0.865754,12,202.349062
1.160941,12,203.699391
1.107519,12,205.075441
1.047868,12,206.52488
0.779219,12,208.003448
0.922397,12,209.407
0.954527,12,210.823361
0.820424,12,212.263266
1.018957,12,213.660214
1.108192,12,215.159326
0.916342,12,216.638988
0.81488,12,218.155989
1.213267,12,219.668253
0.917425,12,221.198185
1.053266,12,222.868731
0.856602,12,224.589167
0.891333,12,226.08779
1.098443,12,227.616212
1.174524,12,228.968035
0.909915,12,230.292823
1.106791,12,231.682528
1.045892,12,233.251988
1.036733,12,234.671776
0.996777,12,235.992108
0.867964,12,237.385533
1.133307,12,238.866932
0.790941,12,240.748595
1.025036,12,242.121776
0.956427,12,243.751059
0.937163,12,245.163974
1.009322,12,246.736631
0.992872,12,248.169034
1.085027,12,249.479021
1.136219,12,250.874118
1.102069,12,252.254086
1.08841,12,253.660007
0.861372,12,255.110252
1.073568,12,256.449446
1.043947,12,257.867379
1.014363,12,259.283909
0.919348,12,260.669318
0.854261,12,262.068138
1.03167,12,263.418228
1.144831,12,264.808411
0.868617,12,266.240419
0.96324,12,267.710308
0.801714,12,269.289387
0.940063,12,270.715549
0.973916,12,272.222262
1.125587,12,273.638863
1.082911,12,274.970422
0.974478,12,276.365009
0.80727,12,277.660359
1.146411,12,279.022211
0.869304,12,280.391334
1.049411,12,281.666959
1.134083,12,282.930053
1.073027,12,284.267682
1.055065,12,285.662178
1.063452,12,286.99062
0.829671,12,288.353513
1.014676,12,289.639126
0.889882,12,290.960806
0.887768,12,292.299749
0.959567,12,293.741965
0.953823,12,295.206834
1.225144,12,296.777594
1.01203,12,298.223247
1.002359,12,299.629118
0.823026,12,301.694145
0.840626,12,303.116748
0.988887,12,304.553187
0.836455,12,306.032078
1.047024,12,307.575432
0.949189,12,309.277091
1.176815,12,310.845207
0.918464,12,312.376546
0.933276,12,313.895405
0.975452,12,315.610496
1.025213,12,317.005389
1.179815,12,318.549034
1.174973,12,320.054751
1.037615,12,321.612988
0.953747,12,323.147529
1.1209,12,324.685582
1.055827,12,326.124825
0.972673,12,327.454869
0.906914,12,328.86499
1.074329,12,330.295652
0.885673,12,331.698939
1.095831,12,333.106895
1.059756,12,334.427615
1.012295,12,335.759691
0.987765,12,337.207866
1.010983,12,338.537386
1.055879,12,340.058264
0.912639,12,341.568763
0.976404,12,343.106101
0.988534,12,344.48151
1.079711,12,345.904851
1.126266,12,347.266737
1.043399,12,348.641975
0.989727,12,349.979812
1.086564,12,351.241789
0.989307,12,352.636996
1.178055,12,354.000832
1.030972,12,355.314432
1.086799,12,356.690597
1.210484,12,358.057148
0.834113,12,359.51337
0.968603,12,360.84045
1.032877,12,362.198913
0.8837,12,364.040295
1.075669,12,365.436879
1.013528,12,366.832431
0.943873,12,368.245658
1.134412,12,369.683382
0.875244,12,371.07364
1.175023,12,372.49055
0.87844,12,373.918968
0.799619,12,375.327979
1.026979,12,376.624996
1.031499,12,378.024538
0.91391,12,379.480607
0.966372,12,380.918184
0.996812,12,382.307699
1.102129,12,383.721867
1.005415,12,385.096428
1.215018,12,386.496143
1.066122,12,387.888741
1.049129,12,389.151918
0.745263,12,390.565331
0.898623,12,391.992141
1.109756,12,393.359126
1.16183,12,394.808524
1.017322,12,396.242884
0.814659,12,397.651937
0.858027,12,398.998104
1.050726,12,400.342081
1.185986,12,401.6574
1.107319,12,402.980147
1.053757,12,404.220431
1.149553,12,405.535871
1.000172,12,406.85536
0.926699,12,408.171049
1.087218,12,409.555235
1.049232,12,410.893821
0.876308,12,412.613507
0.839822,12,414.065357
1.158145,12,415.449358
0.861341,12,416.801936
1.110673,12,418.254287
0.914661,12,419.626287
1.014047,12,420.970109
1.044994,12,422.715578
0.824995,12,424.048399
0.693464,12,425.450056
0.89192,12,426.819128
1.014454,12,428.198919
1.043023,12,429.684901
1.118923,12,431.008472
1.237506,12,432.455317
0.842678,12,433.798498
0.895502,12,435.136755
1.048801,12,436.415853
1.23725,12,437.871128
0.993079,12,439.204143
1.209658,12,440.590405
1.079249,12,441.870134
0.899694,12,443.233582
1.17336,12,444.574208
0.914024,12,445.909622
1.073481,12,447.221847
1.189995,12,448.536068
0.972528,12,450.052143
1.06603,12,451.431974
1.067906,12,452.815018
1.010312,12,454.292698
0.974684,12,455.867682
0.904023,12,457.233906
0.887373,12,458.549537
1.079526,12,459.900356
0.994926,12,461.21428
1.163557,12,462.520427
1.0415,12,463.803536
1.05653,12,465.166102
0.905117,12,466.440315
1.07729,12,467.707514
1.181525,12,469.006861
1.075277,12,470.406
1.182678,12,471.735131
1.006062,12,473.070372
1.01525,12,474.37786
0.868625,12,475.713225
1.056534,12,476.971378
1.103414,12,478.308355
1.136634,12,479.619898
1.009056,12,481.408132
0.986496,12,482.69408
0.980119,12,483.944397
0.924056,12,485.332547
1.017861,12,486.684975
0.963903,12,488.053289
1.048796,12,489.394743
1.056025,12,490.694602
1.101317,12,492.063092
0.917698,12,493.442542
0.961612,12,494.780303
0.956927,12,496.149625
1.10768,12,497.514096
1.005479,12,498.844575
0.940298,12,500.108467
1.13447,12,501.431116
1.125915,12,502.825032
0.914609,12,504.201239
1.031685,12,505.579838
1.074955,12,506.888418
0.907042,12,508.170578
0.826945,12,509.497357
1.084323,12,510.895343
0.872398,12,512.253117
0.770794,12,513.666054
0.993043,12,515.042092
1.11369,12,516.361055
1.008597,12,517.68713
0.988883,12,519.023024
0.878728,12,520.367265
1.108166,12,521.714937
1.144726,12,523.0679
1.043687,12,524.499112
1.021206,12,525.863226
0.89251,12,527.247219
1.019665,12,528.513136
1.01532,12,529.938521
1.013561,12,531.254743
1.009587,12,532.605512
1.099505,12,533.881305
1.115019,12,535.190668
1.06364,12,536.537504
1.184164,12,537.983192
1.071358,12,539.800489
1.150857,12,541.300377
1.025997,12,542.703514
0.795828,12,544.027429
1.065017,12,545.479799
0.807062,12,546.845232
1.030691,12,548.249181
1.085686,12,549.582094
0.817793,12,550.940393
1.199976,12,552.26809
1.01726,12,553.654188
0.923421,12,555.110026
1.064145,12,556.402286
0.917813,12,557.773779
1.005389,12,559.172203
1.081694,12,560.504796
1.018232,12,561.812279
1.023358,12,563.162127
1.037583,12,564.554884
1.107019,12,565.855479
1.051507,12,567.144391
1.190872,12,568.521862
0.91056,12,569.852906
1.018705,12,571.178335
1.135545,12,572.529468
0.955558,12,573.878788
0.946505,12,575.25257
0.92693,12,576.646335
1.050148,12,577.930103
1.14261,12,579.310858
0.979423,12,580.651173
0.902609,12,582.131863
1.028513,12,583.413929
0.956767,12,584.711127
1.08812,12,586.05028
1.071934,12,587.363981
1.020333,12,588.64681
1.008577,12,589.999321
1.028518,12,591.305551
0.99105,12,592.6021
1.143433,12,594.063319
0.911713,12,595.352002
1.056002,12,597.162793
1.125962,12,598.492027
0.948764,12,599.754391
0.783206,12,601.038912
1.135314,12,602.377329
0.89825,12,603.62345
0.977343,12,605.087471
1.017666,12,606.4234
0.998556,12,607.76399
0.876001,12,609.126199
1.17188,12,610.489142
1.050311,12,611.815583
1.062232,12,613.121268
0.986305,12,614.408963
0.926552,12,615.757174
0.889716,12,617.111236
1.10883,12,618.448302
1.218529,12,619.844981
1.25116,12,621.196137
0.849533,12,622.512223
0.958071,12,623.854687
1.010977,12,625.205631
1.077071,12,626.464143
0.969336,12,627.804493
1.032777,12,629.070208
0.926445,12,630.427668
0.905478,12,631.729424
0.944354,12,633.032709
1.024741,12,634.403518
1.021238,12,635.753277
0.957351,12,637.066352
1.022547,12,638.343297
1.005802,12,639.636912
1.124662,12,640.953914
0.993729,12,642.294023
0.888643,12,643.602556
0.871987,12,645.030455
1.184707,12,646.339993
0.95602,12,647.684241
0.930732,12,649.025682
1.041898,12,650.326251
0.779842,12,651.69229
0.957395,12,653.134625
1.115568,12,654.878217
1.227094,12,656.280043
1.128655,12,657.637071
1.175093,12,659.030955
0.987699,12,660.374177
0.939988,12,661.731198
1.089698,12,662.999049
0.901862,12,664.30894
1.155284,12,665.624492
1.047766,12,666.936068
1.253349,12,668.234979
1.240888,12,669.570262
0.858928,12,671.061882
1.133235,12,672.471499
1.029977,12,673.883028
1.108008,12,675.290568
0.950538,12,676.655587
1.184181,12,677.987206
1.172268,12,679.35035
0.973217,12,680.658855
1.031465,12,681.96046
0.858088,12,683.272336
1.148274,12,684.662279
1.112029,12,686.044808
1.201995,12,687.405997
1.071116,12,688.719045
1.035491,12,690.061926
0.883913,12,691.489631
0.826283,12,692.826109
0.975962,12,694.199556
1.061441,12,695.583308
1.081547,12,697.256858
1.022564,12,698.6082
0.933621,12,699.922021
0.947325,12,701.284335
1.057476,12,702.566232
1.180656,12,703.874345
0.929832,12,705.207717
1.137039,12,706.544647
0.945924,12,707.817974
0.964438,12,709.125167
1.075421,12,710.489525
0.906594,12,711.812642
1.046317,12,713.516174
1.127626,12,714.836876
1.077397,12,716.174161
1.007435,12,717.502651
0.971856,12,718.8336
1.017344,12,720.171874
1.051191,12,721.480696
0.963019,12,722.813548
0.911022,12,724.06864
0.987463,12,725.394089
0.869229,12,726.688073
0.816134,12,727.973357
1.099361,12,729.283422
0.961668,12,730.578313
1.142396,12,731.876329
0.950408,12,733.180645
1.047562,12,734.51336
1.046619,12,735.790532
1.028351,12,737.132189
0.958712,12,738.483896
1.029178,12,739.836458
0.879132,12,741.164275
1.083926,12,742.469708
1.075697,12,743.801161
1.082771,12,745.15399
1.061945,12,746.539937
1.046138,12,747.824625
0.925418,12,749.154287
1.101112,12,750.491015
0.961964,12,751.743447
0.906367,12,753.012268
1.015294,12,754.374766
0.942507,12,755.68644
0.929795,12,756.963348
1.06672,12,758.356136
0.869795,12,759.699685
0.894298,12,761.054295
0.917391,12,762.358749
1.021495,12,763.700703
0.910147,12,764.944922
0.880812,12,766.331199
1.088192,12,767.640306
0.811752,12,769.324024
0.905497,12,770.554616
0.927547,12,771.853914
0.86363,12,773.094303
1.043984,12,774.416515
0.82007,12,775.72029
1.061661,12,777.090681
1.169744,12,778.456279
0.86156,12,779.795762
1.177669,12,781.083367
0.818609,12,782.390521
1.089204,12,783.647666
0.837611,12,784.920561
1.045308,12,786.239994
0.963767,12,787.589402
0.804377,12,788.907159
0.985668,12,790.297322
1.113736,12,791.720807
1.032689,12,793.063551
0.959654,12,794.34047
1.229651,12,795.685209
1.007038,12,796.928978
0.951721,12,798.203254
1.129055,12,799.518312
0.891522,12,800.787178
1.032759,12,802.105764
1.015744,12,803.43238
1.199396,12,804.740786
1.050899,12,806.055035
0.963071,12,807.292145
0.970606,12,808.644336
1.028656,12,809.943238
1.216827,12,811.287178
0.840272,12,812.695067
0.935427,12,813.990433
1.133176,12,815.288685
0.923192,12,816.61728
1.017103,12,817.927781
1.055026,12,819.210996
1.030803,12,820.494178
1.163389,12,821.772217
1.021638,12,823.065215
0.873479,12,824.402987
0.796001,12,826.269766
1.093446,12,827.613825
0.764196,12,828.926342
1.01869,12,830.273767
1.026307,12,831.609941
1.029202,12,832.945147
1.068589,12,834.351316
0.953996,12,835.65423
1.08913,12,837.001247
1.021422,12,838.321612
0.839836,12,839.670017
1.175771,12,841.068261
0.906084,12,842.377455
0.930156,12,843.737175
0.839199,12,845.034758
1.071423,12,846.431527
0.87724,12,847.744241
1.098825,12,849.06351
0.872332,12,850.407193
0.883837,12,851.643979
0.91559,12,852.944178
0.981633,12,854.27264
0.919097,12,855.556008
1.032013,12,856.82234
1.144565,12,858.16198
1.158353,12,859.414188
1.102053,12,860.677717
1.121511,12,862.025334
1.119046,12,863.322672
1.06788,12,864.627208
1.055993,12,865.926108
1.080893,12,867.204313
1.095407,12,868.476555
1.08632,12,869.83053
1.049346,12,871.09911
1.140229,12,872.41688
1.04312,12,873.716956
0.876152,12,875.06081
1.049456,12,876.306908
1.061979,12,877.605199
1.130653,12,878.967044
1.02679,12,880.256498
1.193698,12,881.561224
0.934086,12,883.268043
0.940557,12,884.577321
0.861571,12,885.862205
1.158786,12,887.139141
0.978259,12,888.448338
0.959411,12,889.725182
0.789344,12,891.073425
1.01683,12,892.387534
0.859645,12,893.668939
0.975932,12,894.933447
0.884415,12,896.245898
0.979286,12,897.595681
1.063734,12,898.872132
1.264607,12,900.223101
1.028192,12,901.560841
1.058514,12,902.873088
0.973268,12,904.253038
1.015931,12,905.669584
1.109747,12,907.157116
1.089341,12,908.58835
1.112413,12,909.985397
0.995461,12,911.386737
1.022873,12,912.788089
0.910224,12,914.16687
0.902485,12,915.585977
0.943998,12,916.930927
0.974275,12,918.519123
1.063092,12,919.935048
1.172181,12,921.384723
1.059707,12,922.658637
1.002752,12,923.980472
0.905932,12,925.295099
0.938728,12,926.583409
0.952369,12,927.857434
1.151291,12,929.172608
1.003725,12,930.431231
1.129183,12,931.885203
1.020885,12,933.202277
0.958983,12,934.623261
0.910014,12,935.923108
1.058072,12,937.262058
1.042254,12,938.650339
1.025414,12,940.313283
0.78413,12,941.643818
0.844555,12,942.912182
1.028998,12,944.246359
1.039367,12,945.531054
1.058205,12,946.84362
1.095581,12,948.201967
0.997108,12,949.464657
0.86498,12,950.782541
0.801829,12,952.016717
1.042839,12,953.307228
0.989335,12,954.546866
1.033857,12,955.888642
1.016374,12,957.17226
0.744137,12,958.493478
1.177155,12,959.824215
1.08677,12,961.132469
1.085585,12,962.380613
1.079781,12,963.637469
0.96081,12,964.927044
1.000881,12,966.37368
0.941837,12,967.71125
1.193064,12,969.006557
1.127966,12,970.364342
0.897289,12,971.647116
1.013178,12,972.935065
1.046865,12,974.140926
0.945931,12,975.452152
0.880709,12,976.732368
0.932901,12,978.133697
0.954499,12,979.412057
1.106769,12,980.686705
1.160112,12,982.030417
0.956027,12,983.326401
0.967224,12,984.670237
1.006809,12,985.996401
0.908227,12,987.390256
1.08893,12,988.696882
1.026039,12,990.05426
0.940041,12,991.37968
0.922858,12,992.660176
1.177163,12,993.962254
0.981914,12,995.245348
0.803145,12,996.951294
1.195058,12,998.277814
0.947418,12,999.620047
0.939219,12,1000.933339
0.966163,12,1002.249904
0.726371,12,1003.698619
1.029774,12,1005.048409
0.837537,12,1006.368969
1.133828,12,1007.670695
0.942293,12,1009.091396
0.994395,12,1010.357959
1.035376,12,1011.698033
0.901143,12,1013.014311
0.798133,12,1014.428704
0.962004,12,1015.774304
0.972659,12,1017.079648
0.812273,12,1018.396708
1.085936,12,1019.742301
1.091518,12,1021.089358
0.984842,12,1022.399895
1.12626,12,1023.726826
0.991591,12,1025.156573
0.932844,12,1026.565366
1.162071,12,1027.88637
1.00365,12,1029.218188
1.062222,12,1030.507203
0.960838,12,1031.802556
1.095575,12,1033.224
1.012983,12,1034.528155
1.108594,12,1035.868885
1.135617,12,1037.225342
1.245956,12,1038.508766
0.941955,12,1039.839257
1.191005,12,1041.119306
0.970302,12,1042.440765
1.032794,12,1043.761276
1.034908,12,1045.106014
1.0683,12,1046.380864
1.015701,12,1047.806749
1.007412,12,1049.128692
0.8898,12,1050.409605
0.970315,12,1051.764678
0.831347,12,1053.094076
0.929643,12,1054.804787
0.909553,12,1056.189007
1.123019,12,1057.536403
0.993385,12,1058.832004
0.960002,12,1060.174721
0.973304,12,1061.452029
0.887919,12,1062.793477
1.002204,12,1064.125239
0.91952,12,1065.500552
0.740242,12,1066.895555
0.988139,12,1068.298135
1.142402,12,1069.874629
1.136462,12,1071.391324
0.85379,12,1072.814016
1.005927,12,1074.174442
0.96845,12,1075.5109
0.850071,12,1076.860403
1.126008,12,1078.214947
1.007867,12,1079.673315
1.057217,12,1080.998542
0.887092,12,1082.318358
0.930608,12,1083.793956
0.780379,12,1085.262978
1.095033,12,1086.689531
0.848388,12,1088.116386
0.658589,12,1089.67845
1.061531,12,1091.039359
1.131586,12,1092.497154
1.159094,12,1093.906203
0.920045,12,1095.341986
0.863738,12,1096.784097
1.09126,12,1098.158662
1.054391,12,1099.556798
1.161023,12,1101.005639
1.111626,12,1102.346731
1.117525,12,1103.739374
1.057078,12,1105.212368
1.157158,12,1106.604038
1.07503,12,1108.061401
0.912033,12,1109.41634
1.003378,12,1110.783943
0.896573,12,1112.224323
0.994136,12,1114.007582
1.256591,12,1115.423339
0.900509,12,1116.901087
0.790048,12,1118.2375
1.025732,12,1119.550055
1.044567,12,1120.832153
1.031567,12,1122.120501
1.116768,12,1123.470907
0.881702,12,1124.856785
1.07132,12,1126.157492
1.017301,12,1127.579787
0.903776,12,1128.92541
1.023483,12,1130.253152
0.957882,12,1131.605264
0.949149,12,1132.95842
0.96803,12,1134.289274
1.174026,12,1135.609725
0.995746,12,1136.855468
0.873234,12,1138.108972
1.1363,12,1139.445471
0.949046,12,1140.737705
0.894446,12,1142.016239
0.865581,12,1143.288148
0.970877,12,1144.652051
0.813384,12,1146.016295
0.844309,12,1147.465404
0.89919,12,1148.888585
0.968732,12,1150.288143
1.061385,12,1151.639628
0.95704,12,1152.992282
1.005505,12,1154.365283
0.842319,12,1155.685098
1.087726,12,1157.037254
0.936085,12,1158.337025
0.859898,12,1159.705927
0.803497,12,1161.050244
0.891834,12,1162.380787
0.971245,12,1163.694219
0.934526,12,1165.090124
0.949439,12,1166.412717
0.899261,12,1167.869647
0.88059,12,1169.318899
0.958529,12,1170.671192
0.865766,12,1172.484344
1.081627,12,1173.860481
0.979938,12,1175.183031
1.003008,12,1176.524795
0.920538,12,1177.885158
1.136504,12,1179.472967
0.810412,12,1180.950063
1.031823,12,1182.400916
1.133089,12,1183.904252
0.98697,12,1185.188493
0.983134,12,1186.585081
0.881775,12,1187.931003
0.977746,12,1189.246496
0.914843,12,1190.56379
0.820934,12,1191.915808
1.174262,12,1193.226714
1.131372,12,1194.540789
0.980596,12,1195.848761
1.08501,12,1197.263497
0.780823,12,1198.563142
1.06968,12,1199.936814
0.911304,12,1201.266935
0.92009,12,1202.690669
0.995838,12,1203.977306
0.790694,12,1205.318569
0.861368,12,1206.633601
1.070867,12,1207.967274
0.896989,12,1209.326003
1.303349,12,1210.718138
1.005614,12,1212.080334
1.054852,12,1213.447119
1.047928,12,1214.716639
1.001654,12,1216.088609
0.863553,12,1217.499355
0.977522,12,1218.785078
