#{"t_start": 1787914203.3961778, "env_id": "None"}
r,l,t
-2.882059,12,7.184721
-4.586379,12,8.212562
-3.955726,12,9.118564
-3.702582,12,9.956548
-6.703315,12,11.067869
-4.907737,12,12.14668
-4.317285,12,13.033192
-4.921787,12,14.025855
-3.559932,12,14.872734
-5.967161,12,16.381168
-4.379065,12,18.002896
-1.934017,12,19.294504
-4.11613,12,20.798937
-3.241326,12,22.155126
-3.391259,12,23.498272
-5.461109,12,25.365906
-9.552171,12,27.080195
-4.411619,12,28.312756
-4.970956,12,30.05633
-5.227658,12,31.378176
-3.643154,12,32.536164
-4.850739,12,33.803849
-6.184095,12,35.338603
-3.79262,12,36.669816
-5.671801,12,38.195519
-3.769158,12,39.427911
-5.109358,12,40.675108
-4.651999,12,42.099858
-5.192299,12,43.339433
-3.685201,12,44.771873
-6.243395,12,46.236364
-6.283071,12,47.529493
-5.527451,12,48.960803
-5.49683,12,50.252489
-6.685905,12,51.452798
-6.463211,12,52.624963
-6.993215,12,53.665817
-5.104103,12,54.838227
-5.052211,12,55.874424
-2.616744,12,56.900208
-1.41781,12,57.834078
-2.734578,12,58.785399
-5.181317,12,60.877605
-6.69594,12,61.957425
-3.942858,12,62.871495
-3.336982,12,63.867084
-4.603673,12,64.740803
-6.375689,12,65.845376
-4.429527,12,66.865986
-4.570512,12,67.917031
-4.840354,12,68.885448
-4.348004,12,69.840091
-3.844557,12,70.84537
-2.626103,12,71.742054
-4.678668,12,72.52919
-2.649601,12,73.42151
-3.69892,12,74.402966
-3.17303,12,75.381057
-4.069368,12,76.437496
-5.681736,12,77.517958
-5.217668,12,78.412685
-5.05789,12,79.486588
-5.193867,12,80.48751
-3.309409,12,81.633749
-3.710076,12,82.579931
-3.982921,12,83.657333
-4.81632,12,84.784303
-2.462802,12,85.731697
-2.078959,12,86.621701
-3.600478,12,87.467121
-3.352325,12,88.365175
-4.670024,12,89.305068
-4.60229,12,90.271759
-4.584478,12,91.244545
-5.539819,12,92.293119
-4.798924,12,93.192918
-4.673859,12,94.019177
-3.687542,12,94.969412
-3.377146,12,95.82213
-6.220008,12,96.693927
-3.778791,12,97.505307
-8.380773,12,98.425488
-4.116822,12,99.278546
-5.986156,12,100.229073
-5.552602,12,101.132348
-2.239546,12,102.511304
-5.10141,12,103.554888
-1.547881,12,104.326493
-3.217483,12,105.076896
-6.104175,12,105.965374
-3.458096,12,106.777758
-4.708819,12,107.668139
-3.026826,12,108.387154
-2.712599,12,109.137383
-3.805262,12,109.859052
-6.240023,12,110.710697
-3.450621,12,111.461917
-2.357005,12,112.26402
-6.083874,12,113.11056
-3.858145,12,113.952512
-4.481481,12,114.725552
-4.379014,12,115.503494
-2.477398,12,116.297055
-5.159591,12,117.188654
-5.496028,12,117.991088
-4.803633,12,118.745961
-5.158875,12,119.646776
-4.3116,12,120.340817
-3.785206,12,121.176966
-1.772149,12,121.945148
-4.812195,12,122.733975
-5.801586,12,123.527693
-3.483818,12,124.297293
-2.112214,12,125.107326
-4.90598,12,125.997037
-3.702213,12,126.800426
-3.744087,12,127.669972
-2.794658,12,128.387399
-5.324377,12,129.198064
-6.095509,12,130.064863
-3.154129,12,130.824822
-4.67758,12,131.547659
-2.244506,12,132.254998
-2.553563,12,132.988662
-7.444057,12,133.812885
-4.034006,12,134.611682
-6.575432,12,135.430903
-5.166086,12,136.217775
-7.106744,12,137.433995
-7.219494,12,138.248138
-3.888485,12,139.01975
-6.194585,12,139.92078
-8.29623,12,140.805459
-3.877911,12,141.586909
-3.731549,12,142.344403
-4.382359,12,143.12401
-3.865574,12,143.895516
-5.255967,12,144.694674
-2.488586,12,145.517606
-4.694121,12,146.263747
-4.128597,12,147.025882
-5.511595,12,147.846888
-4.607791,12,148.679235
-2.818298,12,149.483745
-2.756066,12,150.271237
-7.188495,12,151.089303
-3.123611,12,151.880547
-5.060144,12,152.636487
-2.687547,12,153.452808
-3.79268,12,154.261747
-4.437778,12,155.09515
-5.784612,12,155.945398
-4.601283,12,156.759429
-3.236246,12,157.540521
-1.761323,12,158.259896
-2.729967,12,159.021142
-6.443305,12,159.86415
-5.876158,12,160.825699
-6.374787,12,161.598236
-3.796393,12,162.337319
-3.233549,12,163.130426
-2.262834,12,163.913235
-2.22805,12,164.708599
-7.130336,12,165.626608
-4.454493,12,166.437691
-4.19161,12,167.212991
-2.758576,12,168.050179
-3.909624,12,168.868156
-3.393462,12,169.67062
-2.311219,12,170.449162
-5.000749,12,171.68413
-3.864735,12,172.444109
-3.257264,12,173.222135
-4.517525,12,174.009602
-3.005026,12,174.752058
-4.099107,12,175.512254
-4.852299,12,176.355209
-4.953858,12,177.167932
-5.282283,12,177.95268
-3.409003,12,178.759231
-3.299545,12,179.545608
-2.972171,12,180.31113
-6.112569,12,181.062881
-3.947959,12,181.871933
-2.580492,12,182.713167
-4.662138,12,183.454241
-3.197939,12,184.157873
-1.809413,12,184.994119
-2.780673,12,185.781019
-5.201803,12,186.670989
-5.053749,12,187.485525
-2.908023,12,188.247482
-5.637696,12,189.073361
-4.718924,12,189.854097
-2.530438,12,190.6335
-3.858445,12,191.42769
-5.862187,12,192.245892
-4.054615,12,193.031322
-1.846045,12,193.774544
-2.945736,12,194.513888
-4.131192,12,195.245584
-3.652439,12,195.950959
-5.304291,12,196.678815
-4.027134,12,197.526965
-2.168882,12,198.302543
-5.270861,12,199.123968
-2.774939,12,199.909361
-5.390165,12,200.72934
-2.584139,12,201.467914
-3.938942,12,202.360686
-4.632931,12,203.169442
-5.621725,12,204.050112
-2.790157,12,204.790639
-2.965721,12,205.906078
-2.015893,12,206.684732
-5.36462,12,207.617545
-2.90878,12,208.364705
-2.401098,12,209.103279
-1.507426,12,209.806297
-3.110142,12,210.684219
-5.19661,12,211.54654
-5.170102,12,212.347226
-3.362537,12,213.168228
-4.363816,12,213.93419
-2.088726,12,214.75624
-3.78035,12,215.532756
-2.879161,12,216.294348
-3.889382,12,217.054714
-3.177659,12,217.835674
-3.983823,12,218.625725
-3.026165,12,219.434319
-3.632275,12,220.222219
-3.618066,12,220.997377
-3.995357,12,221.756274
-2.75895,12,222.53365
-2.592717,12,223.278767
-3.736611,12,224.064473
-4.857463,12,224.846523
-2.966426,12,225.596056
-4.690317,12,226.480297
-3.536902,12,227.493355
-5.102364,12,228.381661
-2.709417,12,229.223112
-2.338199,12,230.131706
-5.430254,12,231.151511
-2.966786,12,231.93358
-3.665776,12,232.780958
-2.669029,12,233.53789
-4.813893,12,234.336067
-4.072297,12,235.211212
-3.035193,12,235.96291
-1.100978,12,236.675
-2.162161,12,237.454519
-4.407938,12,238.365379
-2.030652,12,239.248513
-7.537042,12,240.258569
-4.570398,12,242.046092
-3.230891,12,243.08167
-3.486124,12,243.919721
-3.59523,12,244.737088
-3.161947,12,245.500476
-4.325853,12,246.30317
-5.334426,12,247.096241
-2.896146,12,247.843923
-2.284828,12,248.650191
-4.263439,12,249.41234
-3.986644,12,250.209667
-4.793124,12,251.013335
-2.761747,12,251.758728
-1.856768,12,252.64924
-4.285447,12,253.467454
-4.484041,12,254.230879
-3.726382,12,255.00354
-3.303716,12,255.796004
-5.961927,12,256.564389
-6.422904,12,257.493236
-2.715621,12,258.29232
-2.210203,12,259.025647
-2.403151,12,259.809387
-7.154584,12,260.732838
-3.364385,12,261.467597
-3.250094,12,262.314593
-4.783469,12,263.12263
-2.20185,12,263.896669
-7.037481,12,264.846224
-2.393722,12,265.666672
-2.286295,12,266.427477
-2.412348,12,267.189266
-4.394452,12,268.004462
-2.625616,12,268.756367
-3.028657,12,269.525317
-3.330546,12,270.347373
-3.772524,12,271.076391
-2.358661,12,271.824853
-4.882856,12,272.675516
-5.529203,12,273.460357
-3.473185,12,274.270802
-1.410903,12,275.035493
-4.392482,12,276.308983
-4.591237,12,277.086481
-1.758025,12,277.818558
-2.196806,12,278.584203
-1.732727,12,279.361498
-2.527896,12,280.115683
-3.564059,12,280.90653
-5.018904,12,281.740251
-2.572214,12,282.498912
-2.166463,12,283.227996
-4.676528,12,284.085036
-4.307026,12,284.862706
-3.490431,12,285.684936
-3.643919,12,286.477786
-3.682197,12,287.320262
-4.880933,12,288.061285
-3.473986,12,288.826412
-3.768785,12,289.64603
-2.374224,12,290.409392
-4.165399,12,291.220371
-3.08319,12,292.041077
-5.333335,12,292.882582
-1.545914,12,293.627409
-4.057619,12,294.529499
-3.656825,12,295.352975
-1.388662,12,296.127073
-1.770515,12,296.873577
-4.863304,12,297.704001
-3.247518,12,298.461469
-2.991123,12,299.215546
-2.588725,12,300.007181
-1.927603,12,300.773823
-1.890489,12,301.574507
-2.480032,12,302.331924
-3.976635,12,303.18431
-3.928294,12,304.02898
-2.616719,12,304.7959
-3.42594,12,305.618624
-4.690155,12,306.432479
-3.332835,12,307.234046
-5.332987,12,308.223111
-4.809163,12,308.987895
-3.81601,12,309.816522
-2.890023,12,311.080735
-2.686812,12,311.842571
-1.58035,12,312.611312
-1.721668,12,313.398626
-4.634146,12,314.184401
-3.185627,12,315.002424
-3.217173,12,315.760869
-2.223079,12,316.52096
-3.163411,12,317.283182
-2.851436,12,318.106021
-2.323831,12,318.91213
-3.114495,12,319.673939
-5.516908,12,320.442699
-3.926785,12,321.227064
-4.06651,12,322.051565
-4.523698,12,322.776768
-4.397784,12,323.620208
-2.617017,12,324.356541
-2.431828,12,325.107975
-5.388532,12,325.883884
-1.918869,12,326.647266
-1.959928,12,327.352581
-4.819715,12,328.178186
-2.271148,12,328.910499
-3.235817,12,329.707277
-1.791914,12,330.519309
-1.179311,12,331.253026
-3.688238,12,332.011222
-3.073354,12,332.847722
-4.932707,12,333.739552
-2.755467,12,334.483727
-2.393087,12,335.255752
-2.774089,12,335.98351
-6.146654,12,336.875118
-3.990174,12,337.660436
-3.117411,12,338.428102
-5.483008,12,339.275455
-2.364635,12,340.06861
-3.853362,12,340.918827
-4.711164,12,341.781039
-3.481881,12,342.563513
-3.504091,12,343.380163
-3.68192,12,344.186844
-2.798289,12,345.262065
-1.508746,12,346.004831
-2.66845,12,346.76951
-4.331486,12,347.592683
-2.737325,12,348.325934
-3.660139,12,349.153096
-2.424285,12,349.896119
-3.904132,12,350.684019
-2.905563,12,351.459692
-3.485993,12,352.217726
-3.666418,12,352.990928
-3.611259,12,353.769081
-2.911771,12,354.49133
-4.422322,12,355.369035
-2.249361,12,356.094266
-3.497983,12,356.891196
-5.119877,12,357.728069
-1.664147,12,358.469256
-3.33041,12,359.285241
-2.652868,12,360.01068
-3.78083,12,360.831299
-3.203323,12,361.633383
-2.782943,12,362.466432
-3.532314,12,363.254997
-1.970178,12,364.037271
-3.399324,12,364.840156
-1.897637,12,365.603305
-3.46728,12,366.434533
-2.326066,12,367.163535
-1.042765,12,367.913572
-2.113175,12,368.681311
-5.216385,12,369.515581
-2.84365,12,370.309738
-5.470769,12,371.131972
-2.576776,12,371.928277
-3.244594,12,372.717398
-3.594265,12,373.523565
-2.378447,12,374.351923
-4.29063,12,375.129057
-1.901334,12,375.911283
-4.682891,12,376.70751
-5.779905,12,377.601987
-3.002248,12,378.728737
-2.305668,12,379.552068
-2.117379,12,380.308375
-3.518667,12,381.205999
-3.333978,12,381.979537
-3.912934,12,382.840569
-3.951647,12,383.598666
-3.510216,12,384.446228
-2.641388,12,385.223401
-4.026534,12,386.093745
-3.832139,12,386.896484
-2.310303,12,387.679624
-1.95596,12,388.437844
-2.805554,12,389.202494
-2.202557,12,390.059927
-5.744573,12,390.859389
-1.888095,12,391.581173
-5.17438,12,392.499125
-5.643415,12,393.287583
-1.995212,12,394.006514
-5.497417,12,394.866155
-2.696969,12,395.618778
-1.858565,12,396.356736
-2.302239,12,397.113745
-3.508366,12,397.961666
-3.564205,12,398.730647
-3.329052,12,399.523916
-4.860141,12,400.355015
-5.679517,12,401.265632
-3.174231,12,402.019892
-3.201801,12,402.860619
-3.423058,12,403.727951
-2.571704,12,404.501334
-2.011306,12,405.2268
-2.755423,12,406.089959
-2.349052,12,406.873875
-4.148671,12,407.682317
-1.925237,12,408.42533
-6.304273,12,409.363099
-4.388327,12,410.215861
-3.86597,12,411.061048
-2.683175,12,411.801015
-2.834164,12,412.594777
-2.366264,12,413.710282
-2.971878,12,414.517079
-3.126865,12,415.266045
-3.03617,12,416.088949
-3.049638,12,416.888665
-2.300263,12,417.676508
-2.930789,12,418.539643
-5.839652,12,419.435587
-2.429928,12,420.907636
-2.351202,12,421.686641
-3.583477,12,422.470884
-2.646573,12,423.235584
-3.405017,12,424.093524
-2.906728,12,424.877301
-3.422614,12,426.023724
-3.128252,12,426.938281
-2.944097,12,427.778822
-3.103596,12,428.575705
-4.190844,12,429.395352
-4.200716,12,430.277629
-4.481129,12,431.048748
-2.729715,12,431.897249
-2.89543,12,432.682842
-4.837713,12,433.534088
-1.634472,12,434.395768
-4.139212,12,435.340682
-2.42408,12,436.197786
-2.818014,12,436.971694
-3.764594,12,437.873983
-6.175844,12,438.788579
-2.719096,12,439.668536
-3.696237,12,440.588683
-3.111487,12,441.532114
-3.131615,12,442.39917
-3.06093,12,443.320806
-3.04278,12,444.266184
-2.481904,12,445.159652
-3.620294,12,446.069917
-3.538274,12,447.070724
-2.439865,12,447.823482
-1.98315,12,448.629421
-3.330476,12,449.587381
-3.862528,12,450.466822
-4.072097,12,452.282383
-2.650331,12,453.110137
-1.774734,12,453.9085
-3.310536,12,454.808803
-5.527803,12,455.882669
-2.026533,12,456.723078
-3.513987,12,457.564752
-4.013096,12,458.528212
-3.851898,12,459.480897
-2.994858,12,460.465531
-1.603236,12,461.311826
-0.979536,12,462.091471
-2.354935,12,463.011933
-2.02872,12,463.890858
-1.679745,12,464.670363
-2.461,12,465.539976
-3.144571,12,466.375358
-2.153494,12,467.189041
-3.626279,12,468.129173
-2.159115,12,469.120667
-8.452232,12,470.108086
-3.067754,12,471.046693
-1.892976,12,471.943195
-3.120399,12,472.732178
-4.644529,12,473.72381
-4.592685,12,474.724649
-2.927459,12,475.608165
-5.177465,12,476.752408
-1.86511,12,477.539871
-3.242035,12,478.570238
-2.103857,12,480.956555
-3.757687,12,485.661432
-3.117789,12,489.89726
-3.570008,12,494.541335
-3.437103,12,498.238201
-2.184957,12,502.779923
-3.72066,12,506.875737
-2.874444,12,511.048082
-1.962162,12,514.179002
-2.507721,12,515.728048
-2.48427,12,516.805314
-3.875184,12,518.198548
-4.037402,12,522.443027
-0.899534,12,525.114077
-3.404524,12,526.635361
-2.756354,12,527.784635
-3.940563,12,529.089116
-2.032704,12,530.223234
-2.146199,12,531.340238
-3.738575,12,532.640368
-1.280536,12,533.819288
-2.880803,12,535.479933
-2.269019,12,537.370165
-2.628586,12,539.403051
-2.700622,12,542.067896
-1.814167,12,544.237863
-4.01009,12,546.57503
-2.45398,12,547.871637
-2.812975,12,549.23258
-2.753383,12,550.254932
-2.32488,12,551.629964
-3.421214,12,553.521075
-3.243039,12,555.546301
-2.011843,12,556.703048
-2.983508,12,557.941678
-1.897066,12,559.166339
-1.657215,12,560.275011
-4.432082,12,561.634232
-2.584396,12,563.431119
-2.204472,12,565.656971
-2.179951,12,568.845806
-4.323002,12,573.674993
-4.127109,12,578.791531
-4.504028,12,583.41238
-2.158905,12,587.060118
-3.948787,12,589.280164
-1.515244,12,590.755679
-1.830409,12,591.899133
-2.005289,12,592.916654
-3.242375,12,594.070413
-1.366645,12,595.101901
-2.849292,12,597.726275
-2.0269,12,601.555614
-2.696414,12,603.57359
-2.568139,12,605.485453
-1.52738,12,610.453395
-3.477078,12,611.874212
-6.135062,12,613.931483
-1.867152,12,615.146066
-3.386909,12,616.442602
-4.260393,12,617.754435
-2.853111,12,618.954461
-2.197389,12,620.159348
-1.263644,12,621.390139
-4.301082,12,622.758439
-2.011931,12,623.826205
-3.111341,12,625.264564
-4.453974,12,626.556395
-3.420496,12,627.911951
-3.835517,12,629.395222
-3.253247,12,630.576667
-4.536841,12,631.961571
-2.289656,12,633.146794
-2.291659,12,635.326196
-1.528512,12,637.107707
-2.50789,12,638.576856
-3.003801,12,640.100433
-1.634555,12,641.261567
-4.854207,12,642.725501
-1.885288,12,644.111594
-3.438778,12,645.571407
-2.238599,12,646.880905
-2.023403,12,648.291873
-2.646626,12,649.709877
-6.39515,12,651.367242
-2.749546,12,652.734027
-1.521895,12,654.389686
-3.220681,12,657.496242
-2.68887,12,661.251511
-1.477796,12,663.223612
-3.065229,12,665.203226
-2.111951,12,666.745635
-2.967702,12,669.591636
-4.606875,12,674.794091
-3.348708,12,678.465138
-2.73789,12,681.43036
-3.643008,12,682.829611
-3.108717,12,684.131139
-1.618958,12,690.536898
-5.018924,12,693.35868
-2.242695,12,695.551902
-4.962973,12,698.370172
-2.493988,12,700.902586
-1.69375,12,702.982835
-2.710791,12,707.102111
-1.921305,12,711.577574
-1.992175,12,716.399999
-1.474869,12,721.659065
-1.56859,12,727.154327
-2.802084,12,732.08737
-1.537401,12,736.297313
-2.985272,12,740.689696
-2.171024,12,744.484595
-2.022049,12,748.9743
-2.483054,12,754.161488
-3.960136,12,759.475992
-2.238859,12,763.843127
-3.748812,12,769.020474
-4.881905,12,774.343059
-3.504889,12,780.21732
-3.240655,12,785.229459
-4.189009,12,791.222367
-2.564073,12,795.516917
-2.409331,12,800.267934
-3.383118,12,806.557847
-3.046583,12,811.802883
-0.989073,12,815.854599
-1.884403,12,820.926679
-3.349673,12,826.642025
-3.379159,12,831.27961
-2.531278,12,835.680403
-2.661527,12,840.29578
-1.760891,12,844.118857
-1.586461,12,847.924765
-1.525356,12,851.805813
-1.980846,12,857.163693
-4.706656,12,862.870629
-1.880228,12,867.167391
-2.352209,12,872.693159
-4.176908,12,878.352901
-3.053141,12,890.919409
-2.101857,12,896.282104
-2.941542,12,900.954142
-4.374867,12,905.398965
-0.894163,12,908.684947
-1.931038,12,912.673386
-4.529666,12,917.83183
-1.243512,12,921.903199
-2.870818,12,925.670557
-2.299413,12,929.392566
-2.016146,12,932.971304
-1.303058,12,936.232447
-2.43982,12,939.66094
-2.248588,12,943.909464
-2.401797,12,947.701477
-3.17843,12,952.779888
-2.965331,12,957.501536
-3.595699,12,962.427229
-3.03333,12,967.202446
-2.143662,12,971.86659
-5.391541,12,977.415844
-2.575391,12,983.262198
-2.797358,12,988.259408
-3.280229,12,994.073571
-3.883879,12,1000.08087
-1.949569,12,1003.726799
-2.79603,12,1008.891587
-2.995439,12,1013.7711
-2.334721,12,1017.39891
-1.491407,12,1021.211504
-1.789565,12,1025.074785
-1.310533,12,1028.703751
-2.275887,12,1032.852626
-1.526804,12,1036.328379
-3.59724,12,1044.978092
-1.642699,12,1048.628435
-1.857305,12,1050.194603
-1.973831,12,1051.795386
-2.785769,12,1054.153155
-3.562919,12,1056.092898
-2.244479,12,1057.399559
-3.227669,12,1058.749861
-5.55907,12,1060.284976
-1.864867,12,1063.082412
-2.593043,12,1064.421974
-2.590155,12,1065.798172
-2.448806,12,1066.724307
-3.160147,12,1067.540311
-1.073444,12,1068.297022
-3.288653,12,1069.558379
-2.528108,12,1070.844732
-2.79834,12,1072.265395
-1.589136,12,1073.223345
-2.185404,12,1074.092648
-2.676515,12,1075.080344
-2.435337,12,1076.092416
-3.911733,12,1077.207996
-2.173401,12,1078.225023
-2.205608,12,1079.281733
-2.683111,12,1080.069762
-2.370113,12,1080.86701
-2.088446,12,1081.871236
-4.708949,12,1083.431031
-3.079335,12,1084.272031
-2.727532,12,1085.095279
-2.797408,12,1086.135487
-1.411978,12,1086.96618
-3.697473,12,1087.921221
-3.274071,12,1088.905714
-3.685254,12,1090.043165
-2.945223,12,1091.047015
-1.816454,12,1092.071286
-1.386673,12,1092.932053
-2.778948,12,1093.89692
-2.082356,12,1094.837931
-2.2635,12,1095.737398
-1.663884,12,1096.692179
-4.989256,12,1097.849041
-1.891837,12,1098.87573
-5.241668,12,1099.956478
-1.826541,12,1100.87365
-1.615962,12,1101.841664
-4.176523,12,1102.857135
-3.058724,12,1103.995352
-1.88881,12,1104.891126
-3.485677,12,1105.79668
-3.356538,12,1108.250398
-3.665122,12,1109.183841
-3.07013,12,1110.16516
-1.409822,12,1111.043895
-4.606582,12,1112.159599
-3.108232,12,1113.158691
-2.641973,12,1114.029996
-2.269835,12,1114.909585
-1.753668,12,1115.759786
-1.391361,12,1116.610654
-2.363517,12,1117.426687
-1.485395,12,1118.244234
-2.616198,12,1119.118628
-2.037019,12,1120.011175
-2.452315,12,1120.954349
-3.252106,12,1121.855096
-3.556175,12,1122.821727
-1.791133,12,1123.713905
-1.386976,12,1124.544572
-3.259373,12,1125.440524
-2.618755,12,1126.357615
-2.181371,12,1127.263956
-1.535012,12,1128.071268
-2.555474,12,1128.893341
-1.513313,12,1129.832753
-3.240075,12,1131.012586
-4.025097,12,1132.101094
-1.163685,12,1132.933294
-3.359861,12,1133.89382
-1.576191,12,1134.793626
-1.714486,12,1135.726212
-2.28747,12,1136.59947
-3.014286,12,1137.541425
-2.306016,12,1138.38678
-4.171699,12,1139.311892
-3.932259,12,1140.280313
-1.482961,12,1141.079286
-2.979921,12,1141.926483
-0.759844,12,1142.761961
-1.98675,12,1143.792202
-1.156964,12,1144.702037
-2.03233,12,1145.678938
-3.308585,12,1147.897812
-1.549734,12,1148.803132
-3.52198,12,1149.798898
-1.733861,12,1150.825276
-2.550887,12,1151.876816
-1.767989,12,1152.854144
-2.419593,12,1153.743722
-1.540193,12,1154.636652
-1.69203,12,1155.488396
-2.801923,12,1156.321678
-2.19513,12,1157.295401
-1.705591,12,1158.122103
-4.515376,12,1159.146251
-4.651783,12,1160.258235
-4.569061,12,1161.215441
-3.488169,12,1162.135455
-2.505649,12,1163.071624
-2.111618,12,1163.907358
-2.754139,12,1164.766423
-1.263261,12,1165.594788
-1.43467,12,1166.486742
-1.440339,12,1167.335731
-2.279481,12,1168.193397
-2.284306,12,1169.537997
-3.419933,12,1170.431422
-1.10604,12,1171.229846
-1.793841,12,1172.066648
-1.479352,12,1172.877507
-3.084646,12,1173.882992
-1.326986,12,1174.702724
-0.964423,12,1175.485737
-2.027493,12,1176.416668
-1.599885,12,1177.288974
-4.25149,12,1178.35124
-3.775822,12,1179.379369
-2.08404,12,1180.368374
-2.062335,12,1181.204565
-2.086105,12,1182.124895
-3.620468,12,1183.003109
-2.129391,12,1183.912598
-3.235449,12,1184.816203
-1.619956,12,1185.681528
-1.068353,12,1186.591951
-4.01534,12,1188.839633
-1.400874,12,1189.673592
-2.849797,12,1190.650122
-2.145618,12,1191.591775
-0.839514,12,1192.471143
-4.864637,12,1193.464135
-1.742953,12,1194.318751
-0.977178,12,1195.200864
-3.904377,12,1196.13549
-1.210163,12,1196.963794
-2.197984,12,1197.849172
-2.433464,12,1198.783602
-0.929877,12,1199.678599
-1.386817,12,1200.548271
-1.002858,12,1201.356255
-1.366437,12,1202.265487
-1.671561,12,1203.197881
-1.600847,12,1204.058482
-1.549381,12,1204.966432
-3.397116,12,1205.849078
-2.278011,12,1206.753
-2.991072,12,1207.578712
-2.718657,12,1208.547066
-2.756266,12,1209.433365
-1.827767,12,1210.266835
-2.174477,12,1211.145204
-2.070596,12,1212.036263
-1.777223,12,1212.92272
-2.121392,12,1213.79942
-3.193327,12,1214.730484
-2.326474,12,1215.530085
-2.274112,12,1216.46806
-3.648301,12,1217.573268
-2.775654,12,1218.50012
-1.274861,12,1219.333387
-4.066534,12,1220.307452
-1.202441,12,1221.172419
-1.249742,12,1222.05368
-3.209643,12,1223.000327
-2.185427,12,1223.91213
-2.681651,12,1224.815412
-1.973496,12,1225.937618
-1.116973,12,1227.259382
-4.676765,12,1230.226199
-1.758569,12,1231.548302
-1.777504,12,1232.664368
-1.568523,12,1234.03547
-3.175436,12,1235.410502
-3.970747,12,1236.939265
-1.387958,12,1238.439124
-1.641407,12,1240.006921
-1.746658,12,1241.915833
-1.618321,12,1243.4553
-0.876644,12,1244.961475
-2.770379,12,1246.691413
-1.167457,12,1248.087445
-1.801602,12,1249.306005
-2.432945,12,1250.507643
-1.441886,12,1251.354343
-2.3618,12,1252.255202
-2.175901,12,1253.079448
-1.821025,12,1253.93888
-2.230502,12,1254.816831
-2.32573,12,1255.766365
-1.731633,12,1256.609008
-1.890139,12,1257.453665
-1.586822,12,1258.353805
-1.39531,12,1259.251108
-1.271108,12,1260.070119
-3.126566,12,1261.019205
-3.581583,12,1261.980436
-1.605105,12,1262.85432
-3.100172,12,1263.833594
-2.206048,12,1264.802919
-0.884796,12,1265.691236
-1.246546,12,1266.528141
-1.519556,12,1267.33577
-1.437725,12,1268.175894
-1.42673,12,1269.051659
-2.842913,12,1269.872976
-3.250887,12,1271.577239
-1.493021,12,1272.445408
-1.775608,12,1273.3079
-1.834976,12,1274.302527
-0.995027,12,1275.160971
-1.944228,12,1277.181873
-1.27169,12,1278.075207
-1.567716,12,1278.97024
-2.705472,12,1279.916786
-2.661818,12,1280.937766
-1.220045,12,1281.809558
-2.218866,12,1282.755976
-1.021839,12,1283.651
-1.213648,12,1284.535141
-1.030722,12,1285.422652
-3.205497,12,1286.467937
-2.31943,12,1287.294557
-2.033078,12,1288.212089
-5.076356,12,1289.245265
-1.243419,12,1290.117884
-1.329572,12,1290.962434
-1.712691,12,1291.809577
-2.555372,12,1292.785072
-1.027643,12,1293.615836
-1.764211,12,1294.504736
-2.720591,12,1295.410924
-4.056315,12,1296.405972
-2.371505,12,1297.35372
-2.452054,12,1298.474468
-3.005966,12,1299.406695
-1.54188,12,1300.259058
-3.770493,12,1301.317862
-3.079683,12,1302.200308
-0.955289,12,1303.027206
-2.093515,12,1303.924929
-2.600752,12,1304.863077
-0.997029,12,1305.734499
-3.889947,12,1306.779667
-2.144445,12,1307.717599
-1.972985,12,1308.512555
-2.5913,12,1309.37633
-2.833574,12,1310.275441
-3.947948,12,1311.284955
-1.647896,12,1312.359643
-1.628245,12,1313.317855
-2.412473,12,1314.284059
-2.145532,12,1315.147144
-2.262223,12,1316.080377
-3.044678,12,1318.443498
-3.547292,12,1319.446303
-2.694958,12,1320.381658
-3.662443,12,1321.327059
-1.724197,12,1322.201165
-2.973477,12,1323.107476
-2.791097,12,1324.065905
-2.251875,12,1325.010426
-0.915208,12,1325.84977
-2.149219,12,1326.752604
-2.04505,12,1327.683496
-2.477287,12,1328.649987
-2.606992,12,1329.501693
-3.468009,12,1330.327481
-5.851828,12,1331.421837
-1.141875,12,1332.275392
-3.577693,12,1333.298279
-4.709068,12,1334.269215
-1.276937,12,1335.140179
-2.409178,12,1336.021077
-4.372737,12,1337.025885
-3.117074,12,1337.999069
-1.873253,12,1338.8932
-1.578885,12,1339.749639
-3.602595,12,1340.782934
-2.546458,12,1341.749302
-1.541173,12,1342.699693
-1.67232,12,1343.60711
-1.202991,12,1344.420958
-4.377362,12,1345.314995
-1.856213,12,1346.184834
-4.062751,12,1347.262046
-0.582864,12,1348.166827
-2.943176,12,1349.175992
-0.989014,12,1350.067059
-2.372137,12,1351.02373
-1.13188,12,1351.861578
-1.718009,12,1352.758429
-3.399406,12,1353.664504
-3.44074,12,1354.646295
-1.89957,12,1355.575466
-1.213198,12,1356.37144
-3.367239,12,1357.359874
-2.418592,12,1359.695505
-1.954158,12,1360.675171
-1.002545,12,1361.59499
-1.739513,12,1362.585125
-1.446783,12,1363.511569
-2.544849,12,1364.434768
-2.270364,12,1365.480129
-1.354693,12,1366.264189
-1.62342,12,1367.139678
-0.890027,12,1368.058529
-2.075538,12,1368.915501
-2.319742,12,1369.886959
-4.375851,12,1370.921592
-1.529048,12,1371.915751
-2.342798,12,1372.849169
-1.64992,12,1373.695432
-2.196622,12,1374.633246
-2.098974,12,1375.456807
-2.331862,12,1376.409866
-1.748081,12,1377.268143
-2.563387,12,1378.291906
-2.239652,12,1379.267151
-1.799624,12,1380.15
-3.434995,12,1381.155902
-3.915991,12,1382.08689
-2.002074,12,1382.928678
-1.818801,12,1383.806065
-1.256021,12,1384.651772
-2.680272,12,1385.594688
-1.472344,12,1386.383041
-1.305994,12,1387.266104
-1.853339,12,1388.155789
-3.04807,12,1389.056578
-3.92904,12,1390.051879
-2.260319,12,1391.035681
-0.634237,12,1391.850629
-2.283133,12,1392.851176
-3.096353,12,1393.812277
-0.929425,12,1394.659968
-3.373205,12,1395.625737
-2.80528,12,1396.528879
-2.756151,12,1397.431852
-1.66917,12,1399.48218
-3.108902,12,1400.414729
-1.998572,12,1401.223441
-4.48991,12,1402.183104
-0.985124,12,1403.025426
-3.790937,12,1403.951777
-3.10773,12,1404.864361
-1.951341,12,1405.702044
-1.731742,12,1406.567763
-3.736547,12,1407.469045
-1.143024,12,1408.294091
-1.722783,12,1409.119419
-3.192,12,1409.96748
-1.304654,12,1410.962695
-1.492703,12,1411.811582
-1.257665,12,1412.596948
-3.030684,12,1413.630605
-1.526505,12,1414.505855
-1.203664,12,1415.302702
-2.072807,12,1416.18841
-3.145439,12,1417.067679
-1.99988,12,1417.932933
-0.978674,12,1418.764115
-2.157574,12,1419.718702
-2.666831,12,1420.595337
-1.811505,12,1421.433913
-2.094578,12,1422.290405
-2.794106,12,1423.066273
-2.854426,12,1423.956552
-2.691909,12,1424.890887
-3.030635,12,1425.837428
-1.982409,12,1426.780662
-3.36864,12,1427.737143
-1.558818,12,1428.645772
-2.817096,12,1429.598963
-2.669735,12,1430.545192
-1.804525,12,1431.390913
-1.327828,12,1432.223486
-2.356562,12,1433.04825
-1.410436,12,1433.99714
-2.827313,12,1434.908538
-2.618464,12,1435.847435
-1.06487,12,1436.75353
-1.481094,12,1439.046346
-1.672889,12,1439.923518
-3.537872,12,1440.783763
-2.755885,12,1441.661838
-3.121241,12,1442.641203
-1.067323,12,1443.460703
-4.637291,12,1444.427288
-0.871161,12,1445.267733
-2.221913,12,1446.178106
-2.180398,12,1447.004277
-1.662511,12,1447.830255
-3.491494,12,1448.757929
-3.888316,12,1449.645255
-2.321215,12,1450.508466
-1.891226,12,1451.29968
-2.68158,12,1452.178845
-1.071838,12,1453.061358
-2.459901,12,1453.968389
-2.678129,12,1454.990662
-4.211766,12,1456.007404
-2.201366,12,1456.938956
-1.971476,12,1457.860484
-1.228222,12,1458.71348
-2.166785,12,1459.585146
-3.060693,12,1460.583264
-2.090872,12,1461.49139
-1.597292,12,1462.352184
-2.462483,12,1463.246675
-1.813489,12,1464.132695
-3.977246,12,1465.156639
-0.968191,12,1465.988949
-2.21758,12,1466.841311
-3.657962,12,1467.88021
-3.216695,12,1468.966691
-2.690448,12,1469.987385
-1.268831,12,1470.957118
-3.992718,12,1471.99396
-1.594342,12,1472.787852
-3.09959,12,1473.569032
-2.76412,12,1474.483493
-2.170091,12,1475.445424
-1.66237,12,1476.314817
-1.471459,12,1477.239183
-1.574438,12,1479.485854
-0.740073,12,1480.305963
-2.034037,12,1481.235671
-3.015963,12,1482.265701
-1.853428,12,1483.248815
-1.21595,12,1484.158359
-1.772863,12,1485.066419
-2.423103,12,1486.084372
-2.412516,12,1486.940432
-4.061016,12,1487.883095
-2.004048,12,1488.825113
-1.319222,12,1489.635117
-1.933111,12,1490.532756
-1.121119,12,1491.386814
-1.355037,12,1492.267676
-2.187066,12,1493.093899
-1.637956,12,1493.92234
-1.026368,12,1494.845311
-1.105089,12,1495.652024
-1.147923,12,1496.454817
-1.899314,12,1497.432525
-1.568147,12,1498.240055
-1.691716,12,1499.08229
-2.022069,12,1499.93318
-1.861738,12,1500.789087
-1.650471,12,1501.703254
-2.197017,12,1502.660817
-1.477151,12,1503.476673
-1.449863,12,1504.292959
-3.007031,12,1505.285456
-1.441238,12,1506.113404
-4.699079,12,1507.053798
-1.998135,12,1507.905588
-1.757284,12,1508.738672
-2.334671,12,1509.581846
-1.629731,12,1510.486976
-1.854865,12,1511.27019
-3.359041,12,1512.301957
-2.420604,12,1513.34458
-5.681214,12,1514.370078
-1.058454,12,1515.172444
-2.84978,12,1516.080669
-1.802926,12,1518.155138
-1.274114,12,1519.06676
-1.261242,12,1519.882139
-2.064779,12,1520.737634
-3.310941,12,1521.687583
-2.166228,12,1522.62007
-1.533311,12,1523.523463
-3.212286,12,1524.506769
-1.305877,12,1525.417768
-3.431091,12,1526.278703
-2.918984,12,1527.24972
-3.681218,12,1528.162258
-1.655322,12,1528.988777
-1.674894,12,1529.861058
-1.368939,12,1530.80363
-1.799627,12,1531.697809
-1.528786,12,1532.610962
-1.658537,12,1533.476743
-1.994016,12,1534.373321
-3.518694,12,1535.398914
-2.971177,12,1536.340987
-1.483088,12,1537.188952
-1.274247,12,1537.985812
-3.494834,12,1538.942518
-3.232417,12,1539.89679
-2.070127,12,1540.792087
-2.070736,12,1541.662634
-2.263642,12,1542.535946
-2.648896,12,1543.466604
-2.351478,12,1544.299762
-2.14426,12,1545.221947
-2.477024,12,1546.006049
-3.907016,12,1546.896158
-2.586776,12,1547.814697
-2.572669,12,1548.761422
-1.103985,12,1549.678168
-1.615515,12,1550.517522
-1.313262,12,1551.330986
-1.356885,12,1552.104706
-3.051492,12,1553.051595
-2.003503,12,1553.995474
-2.634529,12,1554.876253
-1.992417,12,1555.793386
-1.201186,12,1557.83435
-1.044171,12,1558.696626
-1.792985,12,1559.539538
-1.8278,12,1560.459103
-2.765083,12,1561.346542
-1.1742,12,1562.200029
-3.093134,12,1563.141603
-2.687995,12,1563.961664
-2.165087,12,1564.885454
-1.588474,12,1565.747051
-2.84172,12,1566.700298
-1.340739,12,1567.485119
-2.02195,12,1568.371548
-1.503756,12,1569.203888
-1.901652,12,1570.055555
-0.677885,12,1570.953737
-2.1954,12,1571.864203
-1.686603,12,1572.674346
-2.888957,12,1573.61158
-1.237358,12,1574.441412
-2.1294,12,1575.320688
-2.166795,12,1576.201957
-0.69621,12,1577.039285
-2.569988,12,1577.91403
-1.936255,12,1578.783392
-2.817569,12,1579.811373
-2.296873,12,1580.716873
-2.597843,12,1581.704568
-2.709382,12,1582.570338
-3.088144,12,1583.460163
-4.162757,12,1584.472059
-2.542649,12,1585.324581
-1.425059,12,1586.119431
-3.450332,12,1587.160568
-3.335672,12,1588.050344
-2.5228,12,1588.988028
-1.475279,12,1589.82391
-2.872524,12,1590.716959
-2.208503,12,1591.620677
-2.1049,12,1592.487866
-4.050895,12,1593.44432
-1.6568,12,1594.362241
-1.272997,12,1595.225274
-2.529821,12,1598.479071
-2.242146,12,1599.398229
-3.44357,12,1600.333549
-1.998076,12,1601.294275
-2.890545,12,1602.217362
-1.95086,12,1603.133705
-2.092868,12,1604.019987
-1.218241,12,1604.812838
-1.057908,12,1605.606115
-2.239627,12,1606.44269
-1.50114,12,1607.310057
-1.508131,12,1608.143386
-1.897435,12,1608.938215
-2.535246,12,1609.830734
-0.933247,12,1610.68719
-4.739857,12,1611.689156
-2.010334,12,1612.55998
-3.466058,12,1613.450428
-1.850479,12,1614.342294
-2.085615,12,1615.179345
-1.703335,12,1616.064033
-1.80059,12,1616.994457
-3.708276,12,1617.984507
-2.664127,12,1618.977119
-1.458808,12,1619.829109
-1.244285,12,1620.664947
-1.976722,12,1621.499313
-0.927038,12,1622.344091
-1.639908,12,1623.29303
-1.406702,12,1624.133351
-3.709444,12,1625.208915
-3.524247,12,1626.087375
-1.916881,12,1627.005388
-1.119334,12,1627.852969
-1.017094,12,1628.693988
-3.30614,12,1629.590806
-4.175767,12,1630.524761
-3.323605,12,1631.451475
-1.621656,12,1632.252676
-2.453555,12,1633.235442
-1.940454,12,1634.15736
-2.034786,12,1635.04478
-1.696869,12,1637.113729
-1.108977,12,1637.932365
-1.310947,12,1638.820622
-4.671012,12,1639.781807
-2.075315,12,1640.683336
-1.607434,12,1641.512191
-1.495417,12,1642.336848
-2.587146,12,1643.228838
-1.606398,12,1644.145111
-2.077083,12,1645.081519
-4.864914,12,1646.068384
-1.565578,12,1646.938948
-4.564371,12,1647.86389
-1.296163,12,1648.809391
-1.501629,12,1649.693972
-1.416662,12,1650.61568
-3.274916,12,1651.643547
-1.975763,12,1652.469272
-1.341338,12,1653.284021
-1.86509,12,1654.245939
-2.667358,12,1655.149393
-2.065993,12,1656.022463
-5.646998,12,1657.084774
-1.531494,12,1658.094778
-2.357746,12,1659.019745
-1.80638,12,1659.928134
-2.750054,12,1660.784828
-3.027929,12,1661.768929
-3.035462,12,1662.710714
-1.183143,12,1663.519263
-5.01743,12,1664.57536
-1.316295,12,1665.460336
-1.921677,12,1666.310838
-1.575409,12,1667.116836
-2.399664,12,1668.03864
-1.55064,12,1668.834852
-1.916763,12,1669.742811
-0.969075,12,1670.576851
-3.714322,12,1671.628618
-1.050093,12,1672.452287
-2.963331,12,1673.340428
-1.921193,12,1674.280612
-2.487589,12,1675.388713
-1.952607,12,1677.658762
-1.594559,12,1678.610282
-2.047519,12,1679.498111
-2.545299,12,1680.417357
-2.890096,12,1681.385153
-2.881652,12,1682.394371
-2.492489,12,1683.281416
-1.483144,12,1684.141493
-3.491637,12,1685.173296
-1.131957,12,1686.005578
-2.384376,12,1686.967991
-1.868511,12,1687.999522
-1.529763,12,1688.871169
-1.448688,12,1689.787267
-2.615522,12,1690.754641
-1.29392,12,1691.742071
-0.836571,12,1692.657647
-1.030541,12,1693.51036
-3.016136,12,1694.420065
-2.656074,12,1695.374559
-3.450427,12,1696.306036
-1.940098,12,1697.093191
-1.162608,12,1697.949551
-2.440831,12,1698.953021
-1.324942,12,1699.835238
-1.880855,12,1700.831371
-1.386963,12,1701.727735
-1.146928,12,1702.609413
-2.050691,12,1703.43448
-1.02403,12,1704.431791
-3.149681,12,1705.470692
-0.61287,12,1706.388561
-1.186476,12,1707.436107
-3.47447,12,1708.467075
-1.533827,12,1709.445293
-2.92426,12,1710.374612
-3.30349,12,1711.363969
-2.358529,12,1712.328274
-3.908723,12,1713.499505
-3.135717,12,1714.666056
-2.005103,12,1715.687583
-2.450121,12,1716.695705
-2.680989,12,1717.676884
-1.401422,12,1719.806025
-1.323349,12,1720.630078
-3.283915,12,1721.599919
-3.508247,12,1722.582117
-1.423585,12,1723.558101
-1.204621,12,1724.492587
-1.670417,12,1725.438363
-1.715768,12,1726.29408
-1.183999,12,1727.137537
-2.068889,12,1728.019685
-1.310939,12,1728.860507
-1.209094,12,1729.725539
-2.674307,12,1730.684016
-2.507993,12,1731.63577
-1.611797,12,1732.576053
-1.870159,12,1733.52309
-2.031675,12,1734.356777
-1.110283,12,1735.133924
-2.606012,12,1735.956822
-3.714785,12,1736.964964
-1.724992,12,1737.990616
-2.815286,12,1738.951469
-0.756007,12,1739.807664
-2.098457,12,1740.685104
-2.176371,12,1741.513395
-5.131295,12,1742.622145
-1.388018,12,1743.532909
-2.456559,12,1744.444799
-1.267564,12,1745.294136
-3.586265,12,1746.265334
-3.046017,12,1747.281051
-1.77716,12,1748.061071
-2.090878,12,1748.924532
-2.754573,12,1749.925695
-1.994962,12,1750.903975
-3.40277,12,1751.828159
-2.976028,12,1752.74889
-1.195198,12,1753.792377
-2.039572,12,1754.663985
-1.969127,12,1755.609707
-2.976383,12,1756.578723
-2.223733,12,1757.503101
-2.454163,12,1759.557649
-1.027805,12,1760.375069
-3.935143,12,1761.280663
-1.826287,12,1762.163431
-0.969,12,1762.93122
-2.169974,12,1763.866771
-2.643567,12,1764.816268
-2.76914,12,1765.863554
-2.246479,12,1766.804275
-1.291306,12,1767.582804
-2.763793,12,1768.479253
-1.809176,12,1769.267443
-0.987222,12,1770.111741
-2.648957,12,1770.987423
-4.859217,12,1771.955555
-3.715024,12,1772.926746
-1.421356,12,1773.80288
-1.085032,12,1774.626627
-1.838244,12,1775.501626
-3.87873,12,1776.41121
-3.166026,12,1777.293919
-1.06587,12,1778.068029
-2.798077,12,1779.033403
-1.681153,12,1779.903992
-1.566836,12,1780.80261
-1.733937,12,1781.874295
-2.241437,12,1782.810105
-1.17435,12,1783.688814
-1.104712,12,1784.533369
-2.620162,12,1785.324845
-2.488747,12,1786.30543
-3.129249,12,1787.3115
-2.370358,12,1788.279485
-1.944939,12,1789.166761
-1.225477,12,1790.048616
-3.482691,12,1790.946846
-1.952108,12,1791.883572
-1.851777,12,1792.761979
-1.123234,12,1793.614066
-3.379102,12,1794.615933
-2.854284,12,1795.607832
-2.486659,12,1796.504334
-3.425849,12,1797.462062
-2.639981,12,1799.680307
-1.192898,12,1800.550512
-1.452694,12,1801.36455
-3.499003,12,1802.249273
-4.22507,12,1803.257684
-3.118005,12,1804.144412
-5.024803,12,1805.269215
-2.117584,12,1806.095727
-2.331312,12,1806.951042
-1.549311,12,1807.79277
-4.398605,12,1808.800231
-3.16041,12,1809.658208
-1.574463,12,1810.483174
-1.899839,12,1811.350734
-4.491678,12,1812.332018
-4.917822,12,1813.284436
-3.009165,12,1814.278725
-1.998807,12,1815.247907
-0.881637,12,1816.062554
-1.163145,12,1816.904997
-0.994785,12,1817.709577
-1.577111,12,1818.572633
-1.442538,12,1819.530967
-2.184176,12,1820.447128
-2.968021,12,1821.358206
-3.54508,12,1822.375407
-1.002208,12,1823.30632
-3.006993,12,1824.17603
-0.880063,12,1825.077463
-2.943947,12,1826.072784
-0.608873,12,1826.930809
-5.066689,12,1828.122638
-1.72055,12,1829.132674
-0.860851,12,1830.022571
-3.674428,12,1831.080652
-1.651938,12,1831.957275
-3.194546,12,1832.943227
-1.826396,12,1833.88669
-1.100679,12,1834.721477
-1.195421,12,1836.019379
-1.56205,12,1836.969461
-2.79547,12,1837.887076
-1.347926,12,1838.744053
-1.853789,12,1841.075072
-1.507814,12,1841.907328
-1.905071,12,1842.841756
-1.42572,12,1843.749207
-1.981002,12,1844.679853
-2.16231,12,1845.569298
-3.151536,12,1846.512302
-2.170526,12,1847.508024
-3.664064,12,1848.511146
-2.170695,12,1849.4504
-2.840146,12,1850.456508
-1.905356,12,1851.447154
-1.125808,12,1852.299166
-1.303707,12,1853.118574
-3.238081,12,1854.12233
-2.111354,12,1855.065756
-1.537646,12,1855.944025
-1.900117,12,1856.817675
-2.389995,12,1857.777409
-1.226898,12,1858.602412
-1.380091,12,1859.512849
-1.441751,12,1860.436281
-0.961992,12,1861.260881
-2.658632,12,1862.176181
-1.754296,12,1863.087922
-2.269601,12,1864.011665
-2.000485,12,1864.843835
-1.052569,12,1865.726002
-1.902053,12,1866.600013
-2.129327,12,1867.534696
-0.786091,12,1868.342694
-1.760812,12,1869.306635
-1.914775,12,1870.295328
-0.708693,12,1871.100331
-2.226101,12,1872.110535
-1.603179,12,1873.082153
-1.018826,12,1873.932269
-1.105791,12,1874.764691
-4.174699,12,1875.8807
-1.20397,12,1876.797937
-1.171006,12,1877.709758
-2.517527,12,1878.653944
-2.591993,12,1880.978599
-0.770339,12,1882.133092
-2.291007,12,1883.401015
-2.753919,12,1884.33879
-1.090721,12,1885.259583
-1.428226,12,1886.174362
-2.255318,12,1887.072701
-1.454306,12,1887.858001
-5.326902,12,1888.854759
-3.387856,12,1889.886374
-2.234822,12,1890.828293
-1.86039,12,1891.682499
-3.00568,12,1892.557816
-2.851549,12,1893.469004
-2.034295,12,1894.361414
-1.0479,12,1895.263175
-3.375522,12,1896.172227
-1.665128,12,1897.085805
-1.995725,12,1898.007766
-6.04333,12,1899.0935
-2.359635,12,1900.015369
-1.198747,12,1900.881181
-3.165365,12,1901.808492
-3.819361,12,1902.810164
-1.846664,12,1903.614543
-4.028233,12,1904.541483
-1.578763,12,1905.440298
-2.812929,12,1906.369191
-2.468576,12,1907.300334
-2.453162,12,1908.206139
-0.984353,12,1909.017281
-4.080513,12,1910.076234
-1.759937,12,1910.937006
-1.755266,12,1911.80248
-2.883917,12,1912.779865
-2.174507,12,1913.658499
-2.794208,12,1914.583302
-1.789233,12,1915.476866
-1.149588,12,1916.36992
-2.144851,12,1917.234047
-0.83903,12,1918.053756
-1.74619,12,1918.893824
-2.046128,12,1919.752125
-1.770505,12,1921.743732
-1.889922,12,1922.673025
-3.973118,12,1923.583325
-2.094979,12,1924.512634
-3.282865,12,1925.465426
-2.204074,12,1926.327513
-1.157054,12,1927.211126
-3.149823,12,1928.144921
-2.031573,12,1929.002189
-1.682728,12,1929.875546
-1.420726,12,1930.696534
-1.529133,12,1931.498998
-1.305244,12,1932.305303
-1.004541,12,1933.153119
-2.852291,12,1934.066102
-1.778496,12,1934.910258
-1.981661,12,1935.730099
-1.823919,12,1936.65452
-1.864863,12,1937.538849
-2.063948,12,1938.495489
-1.939069,12,1939.425915
-2.608995,12,1940.311272
-1.885938,12,1941.169715
-1.268102,12,1941.951976
-1.343228,12,1942.778811
-2.189811,12,1943.657395
-3.319033,12,1944.497945
-1.563132,12,1945.362098
-1.60148,12,1946.229923
-2.046226,12,1947.076742
-2.090431,12,1947.899386
-2.0612,12,1948.719471
-4.070865,12,1949.681171
-0.801051,12,1950.537038
-1.046416,12,1951.360642
-5.402216,12,1952.421356
-2.073563,12,1953.359048
-2.313768,12,1954.280148
-2.272213,12,1955.26648
-1.698722,12,1956.116396
-4.374096,12,1957.168574
-1.072212,12,1958.031673
-2.201162,12,1958.930102
-1.373635,12,1961.331394
-1.756791,12,1962.210093
-3.767789,12,1963.209105
-2.223494,12,1964.197473
-0.942955,12,1965.031656
-2.81777,12,1965.906602
-1.408406,12,1966.844263
-1.977718,12,1967.749349
-2.058531,12,1968.918898
-1.971233,12,1970.275309
-2.876528,12,1971.665945
-3.192472,12,1972.672812
-1.105247,12,1973.679888
-2.758109,12,1974.644269
-1.795607,12,1975.826062
-2.802858,12,1976.987069
-1.40708,12,1978.062444
-1.948957,12,1979.003974
-1.687611,12,1979.981297
-3.47737,12,1980.947747
-0.991322,12,1981.799243
-2.478131,12,1982.710146
-3.206694,12,1983.783579
-1.022451,12,1984.667573
-1.858793,12,1985.844584
-2.106452,12,1987.175648
-0.900345,12,1988.103972
-1.364934,12,1989.364948
-1.974575,12,1990.551816
-1.900222,12,1991.952551
-1.76708,12,1993.158551
-1.090228,12,1994.122575
-2.180443,12,1995.252639
-1.858348,12,1996.412836
-1.274178,12,1997.616648
-0.737202,12,1998.605759
-1.195242,12,1999.474568
-1.494972,12,2000.898268
-5.003456,12,2002.111595
-2.68496,12,2002.993953
-2.733124,12,2003.944159
-1.231912,12,2004.806358
-2.477845,12,2007.229772
-0.956069,12,2008.01983
-0.839091,12,2008.796976
-3.296776,12,2009.815286
-1.866125,12,2010.702971
-2.766027,12,2011.661863
-1.730948,12,2012.542652
-4.367817,12,2013.446296
-1.729534,12,2014.342308
-3.729483,12,2015.264467
-2.331817,12,2016.200506
-1.345784,12,2017.053623
-0.742104,12,2017.893451
-2.218979,12,2018.777462
-1.643362,12,2019.846992
-3.356049,12,2020.757042
-1.253103,12,2021.629959
-1.254496,12,2022.493134
-2.866227,12,2023.453521
-2.105327,12,2024.328309
-1.99328,12,2025.287884
-2.466418,12,2026.159822
-0.982495,12,2026.966997
-2.987616,12,2027.89678
-2.968768,12,2028.730222
-2.228479,12,2029.563614
-2.60541,12,2030.459502
-3.508781,12,2031.375794
-2.025007,12,2032.259759
-1.473226,12,2033.156344
-3.821403,12,2034.206132
-4.137446,12,2035.090444
-1.32057,12,2035.925803
-1.041934,12,2036.764679
-1.79087,12,2037.694501
-1.592205,12,2038.580904
-1.102218,12,2039.389678
-3.62306,12,2040.315985
-4.817001,12,2041.308146
-2.058876,12,2042.168896
-3.65249,12,2043.18087
-1.164995,12,2044.117969
-3.027788,12,2045.152655
-1.411572,12,2047.301327
-0.961141,12,2048.085053
-1.900622,12,2048.978822
-1.492802,12,2049.784166
-2.059763,12,2050.721147
-1.21012,12,2051.554822
-1.520654,12,2052.394345
-1.720367,12,2053.260702
-2.261948,12,2054.194542
-1.650399,12,2055.08019
-2.079858,12,2056.022798
-1.237349,12,2056.905671
-3.106162,12,2057.856421
-1.589864,12,2058.750598
-3.488042,12,2059.62607
-2.646881,12,2060.495931
-0.965333,12,2061.298449
-1.400873,12,2062.125597
-3.082221,12,2063.05369
-0.853269,12,2063.877247
-2.251379,12,2064.738875
-2.64494,12,2065.756267
-3.729674,12,2066.70984
-1.41376,12,2067.534092
-0.683416,12,2068.336613
-1.208345,12,2069.145806
-4.147272,12,2070.114394
-1.629647,12,2070.972946
-1.657623,12,2071.803313
-3.692643,12,2072.696111
-1.385254,12,2073.59192
-1.216318,12,2074.448292
-3.340745,12,2075.434586
-2.848079,12,2076.438126
-1.90569,12,2077.38852
-2.919829,12,2078.32618
-1.002775,12,2079.210423
-2.228406,12,2080.128652
-3.197158,12,2081.083924
-1.458029,12,2082.05613
-1.202429,12,2082.900127
-3.231243,12,2083.828247
-1.16719,12,2084.63846
-2.702206,12,2086.782002
-0.962461,12,2087.58387
-3.30134,12,2088.60075
-1.166017,12,2089.438068
-1.647352,12,2090.319322
-1.714908,12,2091.205036
-0.771325,12,2092.032817
-1.955809,12,2092.901568
-0.792027,12,2093.821156
-2.156999,12,2094.752561
-4.102438,12,2095.679474
-1.985222,12,2096.626752
-2.920346,12,2097.561755
-2.102728,12,2098.540458
-3.50296,12,2099.532801
-2.650251,12,2100.396417
-1.614808,12,2101.223494
-1.878075,12,2102.089904
-3.96069,12,2103.040667
-2.820739,12,2103.950482
-1.460953,12,2104.804679
-1.654201,12,2105.757311
-2.471155,12,2106.669014
-2.639645,12,2107.577412
-1.225322,12,2108.360068
-2.450612,12,2109.273336
-2.887383,12,2110.162141
-1.417768,12,2111.004685
-3.244149,12,2111.933012
-1.615552,12,2112.833799
-2.767881,12,2113.752263
-4.206274,12,2114.731509
-2.504534,12,2115.554513
-1.813308,12,2116.457149
-5.030747,12,2117.417258
-4.306246,12,2118.261247
-1.271059,12,2119.087892
-1.867255,12,2119.989883
-1.464873,12,2120.852975
-1.980948,12,2121.687823
-1.668768,12,2122.560399
-2.693524,12,2123.473997
-3.732905,12,2125.728438
-0.649823,12,2126.529194
-2.017235,12,2127.402327
-1.927183,12,2128.284576
-2.955666,12,2129.229784
-2.128561,12,2130.172726
-1.771735,12,2131.081223
-1.532245,12,2131.953393
-2.128258,12,2132.893432
-4.43838,12,2133.873516
-2.113288,12,2134.687949
-1.722689,12,2135.498825
-1.443905,12,2136.324388
-0.975611,12,2137.120065
-3.924123,12,2138.074645
-1.927301,12,2138.93709
-1.280788,12,2139.800432
-3.023727,12,2140.651243
-2.762442,12,2141.613414
-1.626912,12,2142.49346
-1.462112,12,2143.322725
-1.929826,12,2144.181269
-2.017354,12,2144.97257
-4.115612,12,2145.938308
-1.558245,12,2146.74248
-3.116379,12,2147.639101
-2.407929,12,2148.599331
-3.780419,12,2149.554915
-2.189565,12,2150.477358
-4.506867,12,2151.596478
-2.93166,12,2152.392652
-1.13923,12,2153.254261
-1.233292,12,2154.146318
-2.238181,12,2155.085912
-1.243026,12,2155.903208
-1.141082,12,2156.734891
-1.089868,12,2157.597585
-1.883778,12,2158.517043
-2.961566,12,2159.406981
-1.393609,12,2160.246212
-1.996244,12,2161.184502
-1.227263,12,2162.03873
-2.212118,12,2162.958956
-2.543193,12,2165.212129
-2.532726,12,2166.138407
-2.279807,12,2167.067671
-1.37813,12,2167.927497
-2.690863,12,2168.859584
-3.469991,12,2169.838525
-1.746897,12,2170.774669
-2.759639,12,2171.73584
-2.161705,12,2172.641867
-1.896499,12,2173.550978
-2.287698,12,2174.601502
-1.332438,12,2175.517418
-1.588784,12,2176.452082
-1.629596,12,2177.316968
-2.03424,12,2178.30311
-3.106238,12,2179.294287
-2.290086,12,2180.167298
-1.939565,12,2181.065307
-1.597841,12,2182.024668
-3.132119,12,2182.965154
-1.105508,12,2183.826901
-2.572315,12,2184.754343
-1.95724,12,2185.592099
-3.000319,12,2186.507309
-1.408035,12,2187.433877
-0.697182,12,2188.24611
-0.897305,12,2189.052706
-1.073315,12,2189.910239
-2.239289,12,2190.826644
-2.169842,12,2191.726329
-2.26305,12,2192.586965
-2.147465,12,2193.520426
-0.743482,12,2194.296931
-3.199441,12,2195.21243
-2.371449,12,2196.102207
-4.035068,12,2197.062424
-2.357901,12,2197.992805
-2.29034,12,2198.782752
-3.684201,12,2199.72781
-0.792128,12,2200.543698
-1.719864,12,2201.355531
-1.750103,12,2202.215968
-2.160059,12,2203.109972
-0.802346,12,2204.971853
-1.19361,12,2205.84505
-1.492163,12,2206.627431
-2.305702,12,2207.468808
-2.420326,12,2208.347313
-1.355556,12,2209.188381
-2.968707,12,2210.024193
-3.52726,12,2210.969509
-1.807386,12,2211.844048
-3.334834,12,2212.849022
-3.390582,12,2213.878147
-2.989432,12,2214.899371
-2.481273,12,2215.758545
-2.870671,12,2216.699517
-4.275713,12,2217.770237
-1.689508,12,2218.698595
-3.463364,12,2219.864796
-1.91442,12,2220.880633
-2.021984,12,2221.829532
-1.620092,12,2222.704152
-1.205205,12,2223.668396
-0.923431,12,2224.545267
-3.715119,12,2225.469965
-1.400278,12,2226.352367
-0.716946,12,2227.217936
-3.299989,12,2228.113699
-1.880003,12,2228.938158
-1.399143,12,2229.730568
-1.23971,12,2230.556642
-2.6551,12,2231.485665
-0.921127,12,2232.33647
-1.760341,12,2233.216271
-1.592993,12,2234.087474
-0.764126,12,2234.926171
-1.147887,12,2235.805828
-2.623557,12,2236.812657
-1.273637,12,2237.683927
-2.669183,12,2238.668608
-1.707539,12,2239.501088
-1.306276,12,2240.417408
-1.066177,12,2241.266128
-3.547952,12,2242.290685
-1.359473,12,2244.031408
-1.582799,12,2244.986315
-1.520989,12,2245.884718
-2.329144,12,2246.830264
-1.323609,12,2247.694011
-2.61248,12,2248.567965
-0.385845,12,2249.450262
-2.917602,12,2250.321317
-1.667717,12,2251.183084
-2.236104,12,2252.13799
-2.412519,12,2253.069631
-2.625845,12,2254.020293
-2.481774,12,2255.003948
-1.97401,12,2255.861641
-4.494939,12,2257.020298
-2.219401,12,2257.915997
-0.828994,12,2258.802552
-0.952618,12,2259.635721
-1.756716,12,2260.51317
-4.12293,12,2261.460779
-1.486678,12,2262.370183
-2.622497,12,2263.360549
-2.431848,12,2264.321349
-2.230471,12,2265.225797
-3.423815,12,2266.132072
-4.9967,12,2267.266068
-3.432048,12,2268.260615
-3.766645,12,2269.182645
-1.262415,12,2270.046669
-2.190288,12,2270.929717
-3.306538,12,2271.881853
-3.344896,12,2272.855223
-0.866793,12,2273.774749
-2.561761,12,2274.653
-1.592423,12,2275.575261
-4.029706,12,2276.496867
-3.49644,12,2277.482606
-0.954462,12,2278.349906
-3.603449,12,2279.211311
-2.147362,12,2280.205319
-2.348341,12,2281.183465
-1.80887,12,2281.996761
-2.878862,12,2282.902298
-1.564683,12,2284.989568
-1.287851,12,2285.889237
-2.592728,12,2286.859062
-2.701081,12,2287.876552
-1.19868,12,2288.671614
-1.525934,12,2289.56702
-0.987616,12,2290.520212
-1.135794,12,2291.395305
-3.979167,12,2292.382991
-1.469597,12,2293.247007
-2.007688,12,2294.118556
-2.53308,12,2295.098819
-1.764201,12,2296.056981
-1.268859,12,2296.865265
-2.575558,12,2297.786661
-1.840123,12,2298.62478
-1.104216,12,2299.556668
-1.282952,12,2300.485868
-3.445074,12,2301.498446
-2.456166,12,2302.457121
-4.855468,12,2303.477645
-2.816992,12,2304.431293
-0.92502,12,2305.275524
-4.012455,12,2306.263756
-1.98906,12,2307.174123
-1.891693,12,2308.062107
-1.688248,12,2308.915782
-1.838433,12,2309.83692
-1.240051,12,2310.705869
-0.98349,12,2311.523621
-2.506144,12,2312.503831
-2.101646,12,2313.371293
-3.07785,12,2314.256444
-4.597111,12,2315.283943
-1.765456,12,2316.171979
-1.434655,12,2316.976277
-2.870702,12,2317.960448
-1.738966,12,2318.862061
-1.023031,12,2319.734785
-1.500567,12,2320.632207
-2.888843,12,2321.642674
-1.563948,12,2322.609884
-2.023594,12,2323.523413
-1.415308,12,2325.465533
-1.855465,12,2326.345472
-1.319575,12,2327.152678
-1.225851,12,2327.98764
-5.374438,12,2328.97086
-4.763498,12,2329.858165
-3.156461,12,2330.796572
-2.793677,12,2331.639351
-1.421625,12,2332.468204
-3.652714,12,2333.428887
-1.376538,12,2334.319775
-1.520486,12,2335.146743
-3.782137,12,2336.117568
-1.97925,12,2336.979699
-1.290212,12,2337.810287
-1.256653,12,2338.661797
-2.26752,12,2339.612066
-1.521211,12,2340.43649
-1.237998,12,2341.237202
-1.553321,12,2342.096269
-2.947334,12,2343.061666
-1.522628,12,2343.913749
-2.302494,12,2344.793565
-2.24261,12,2345.632449
-0.563525,12,2346.463749
-2.068408,12,2347.350307
-1.810229,12,2348.145392
-1.261989,12,2348.979135
-1.11499,12,2349.811966
-2.673364,12,2350.752996
-2.31607,12,2351.602274
-1.090682,12,2352.471399
-1.150299,12,2353.347956
-2.311282,12,2354.255185
-1.873964,12,2355.178449
-3.120145,12,2356.239355
-2.964514,12,2357.181869
-2.301956,12,2358.095885
-2.002481,12,2359.039261
-1.444638,12,2360.017577
-1.704295,12,2360.872417
-1.690888,12,2361.801365
-2.52809,12,2363.893039
-1.105667,12,2364.711143
-2.460358,12,2365.558069
-2.922735,12,2366.490292
-1.047474,12,2367.277279
-5.187811,12,2368.248352
-1.48079,12,2369.096911
-0.917823,12,2369.888002
-1.896899,12,2370.753041
-1.73602,12,2371.583811
-1.400976,12,2372.42475
-2.168513,12,2373.336038
-1.050226,12,2374.158328
-2.673209,12,2375.013034
-1.633803,12,2375.894796
-3.379932,12,2376.920563
-2.105258,12,2377.8159
-0.97963,12,2378.636579
-3.012209,12,2379.521767
-1.876965,12,2380.312284
-0.980732,12,2381.183793
-5.058417,12,2382.224695
-3.853243,12,2383.181622
-1.891163,12,2384.069295
-1.982729,12,2384.945487
-1.572467,12,2385.800379
-2.079321,12,2386.665215
-1.941513,12,2387.523326
-0.747761,12,2388.366184
-2.016503,12,2389.218512
-4.290855,12,2390.18269
-3.340484,12,2391.117284
-1.338428,12,2392.049387
-1.864522,12,2393.052032
-2.019361,12,2394.006149
-4.0282,12,2395.125261
-1.721552,12,2396.136618
-1.616073,12,2397.02573
-0.803534,12,2397.903969
-2.086581,12,2398.856716
-1.524013,12,2399.842737
-1.286798,12,2400.755431
-1.358805,12,2401.718673
-1.346815,12,2404.206051
-2.597572,12,2405.197428
-2.793778,12,2406.115746
-1.379763,12,2407.118162
-1.743302,12,2408.154932
-1.88398,12,2409.014048
-1.778938,12,2410.018904
-3.55439,12,2411.095142
-1.127975,12,2411.984941
-1.259875,12,2412.880757
-1.938864,12,2413.876301
-1.655535,12,2414.676979
-2.885761,12,2415.67471
-1.312601,12,2416.482144
-2.576282,12,2417.390461
-3.078939,12,2418.372195
-4.848423,12,2419.452644
-1.691028,12,2420.356953
-3.709184,12,2421.419248
-2.036678,12,2422.349756
-1.820863,12,2423.228726
-4.569559,12,2424.375207
-2.495968,12,2425.399265
-2.238197,12,2426.253217
-1.875263,12,2427.078459
-1.155107,12,2427.947099
-1.599213,12,2428.816223
-1.551057,12,2429.681791
-1.396835,12,2430.646627
-1.306504,12,2431.516388
-1.524163,12,2432.365498
-1.26584,12,2433.253974
-1.584902,12,2434.134227
-4.93932,12,2435.199003
-2.044792,12,2436.155868
-1.972423,12,2437.01212
-2.370841,12,2437.973485
-1.479015,12,2438.872683
-1.727521,12,2439.753551
-2.613114,12,2440.81601
-2.042,12,2441.780447
-2.173848,12,2442.708157
-1.663671,12,2443.683046
-1.174988,12,2445.861405
-1.760319,12,2446.686168
-1.970368,12,2447.638549
-2.119776,12,2448.482338
-2.425271,12,2449.344807
-3.747259,12,2450.391604
-1.195124,12,2451.239405
-4.26152,12,2452.228694
-2.057284,12,2453.121533
-4.683408,12,2454.105762
-5.099116,12,2455.266884
-1.005218,12,2456.064918
-2.043687,12,2456.919906
-0.976611,12,2457.798789
-1.66663,12,2458.681319
-2.798829,12,2459.719036
-2.343374,12,2460.674141
-1.360569,12,2461.578804
-2.070064,12,2462.433925
-1.94844,12,2463.339426
-4.368264,12,2464.376253
-1.087867,12,2465.290184
-1.779699,12,2466.174612
-1.644842,12,2467.047378
-2.362701,12,2468.019514
-1.890039,12,2468.817427
-2.346534,12,2469.75449
-3.076281,12,2470.663653
-1.396687,12,2471.507502
-4.050791,12,2472.419957
-1.485361,12,2473.285323
-1.324597,12,2474.121912
-1.225811,12,2474.978577
-1.859793,12,2475.916559
-5.81814,12,2476.94327
-3.298993,12,2477.998817
-0.645287,12,2478.815312
-2.197854,12,2479.698706
-1.358299,12,2480.48486
-5.242774,12,2481.40007
-1.601582,12,2482.22477
-2.883169,12,2483.159344
-1.570959,12,2485.07023
-2.322313,12,2485.959569
-0.760026,12,2486.783267
-2.154179,12,2487.653513
-2.301359,12,2488.453487
-2.777403,12,2489.372859
-1.89964,12,2490.318458
-3.240433,12,2491.234336
-1.280885,12,2492.148361
-1.089516,12,2493.048169
-2.246936,12,2493.997562
-1.77282,12,2494.929313
-3.144422,12,2495.813567
-3.621949,12,2496.824682
-1.524767,12,2497.643191
-1.547354,12,2498.490536
-0.753454,12,2499.282497
-3.093936,12,2500.191975
-3.966559,12,2501.220288
-1.240871,12,2502.006847
-3.489346,12,2502.988857
-2.734124,12,2503.916872
-2.668978,12,2504.917591
-1.373431,12,2505.723324
-1.780453,12,2506.593016
-0.901262,12,2507.403041
-5.072486,12,2508.392871
-2.809045,12,2509.314327
-2.926619,12,2510.179638
-3.232175,12,2511.047667
-1.562519,12,2511.9114
-3.491116,12,2512.739505
-3.009964,12,2513.729516
-2.605935,12,2514.614582
-1.589637,12,2515.460172
-1.763219,12,2516.35188
-2.000601,12,2517.287193
-2.57399,12,2518.222318
-2.395584,12,2519.098556
-4.178215,12,2519.996294
-1.28567,12,2520.869352
-3.242664,12,2521.811958
-0.953978,12,2522.620958
-2.009158,12,2524.64656
-1.565703,12,2525.547981
-2.096182,12,2526.439664
-2.717129,12,2527.33089
-2.483179,12,2528.351668
-1.2048,12,2529.251684
-2.636167,12,2530.198082
-3.069909,12,2531.104511
-1.24958,12,2531.936269
-1.687104,12,2532.908621
-2.030668,12,2533.839155
-1.585914,12,2534.767549
-2.473152,12,2535.79178
-1.79931,12,2536.748999
-1.717245,12,2537.63009
-3.439246,12,2538.614606
-3.750784,12,2539.712204
-2.725377,12,2540.609859
-1.534796,12,2541.466762
-3.868867,12,2542.410744
-1.306132,12,2543.228036
-2.947148,12,2544.14874
-1.195737,12,2545.003765
-2.410996,12,2545.928676
-1.629821,12,2546.828226
-1.280271,12,2547.758979
-2.978786,12,2548.660194
-0.692881,12,2549.611783
-1.378178,12,2550.404642
-2.122248,12,2551.287219
-2.735058,12,2552.199124
-2.211762,12,2553.097087
-1.352645,12,2553.908389
-1.241863,12,2554.757546
-2.614544,12,2555.673833
-3.094272,12,2556.562469
-2.347809,12,2557.431158
-1.622,12,2558.349224
-0.889395,12,2559.197137
-0.981065,12,2560.073869
-1.266535,12,2560.980523
-2.082997,12,2561.962228
-2.457156,12,2562.880797
-2.862078,12,2564.75816
-3.480285,12,2565.708733
-3.353038,12,2566.578618
-2.592157,12,2567.539911
-1.565882,12,2568.378927
-0.86046,12,2569.15531
-1.235031,12,2569.975735
-1.13641,12,2570.796044
-1.410897,12,2571.698845
-2.186386,12,2572.669296
-1.263438,12,2573.507704
-5.085721,12,2574.470134
-3.993346,12,2575.525167
-2.27377,12,2576.363818
-1.67639,12,2577.295584
-2.904488,12,2578.32845
-1.517167,12,2579.164796
-1.901549,12,2580.053524
-2.112888,12,2581.033154
-1.62781,12,2581.913607
-1.940628,12,2582.823479
-2.485429,12,2583.793372
-0.269287,12,2584.663929
-1.205982,12,2585.460018
-2.354841,12,2586.418063
-1.44352,12,2587.248636
-2.353679,12,2588.129535
-1.628635,12,2588.921575
-2.130779,12,2589.867758
-1.460334,12,2590.762529
-1.223491,12,2591.603353
-0.812062,12,2592.454969
-1.692558,12,2593.311087
-0.857557,12,2594.126416
-1.146506,12,2594.96385
-4.239946,12,2595.926995
-3.006548,12,2596.869561
-1.250667,12,2597.719212
-1.863252,12,2598.5944
-1.560634,12,2599.431371
-1.578282,12,2600.213872
-4.480499,12,2601.161368
-3.237238,12,2603.020777
-1.395386,12,2603.912097
-4.024194,12,2604.7937
-1.6018,12,2605.670479
-1.267758,12,2606.523641
-1.841442,12,2607.379938
-3.354935,12,2608.330269
-1.184171,12,2609.245829
-1.549792,12,2610.096849
-2.919133,12,2611.07267
-2.687801,12,2612.026135
-3.93192,12,2612.944786
-2.556691,12,2613.785692
-1.993345,12,2614.63672
-2.461257,12,2615.453205
-2.415609,12,2616.360352
-3.082596,12,2617.330206
-0.893043,12,2618.136932
-2.940174,12,2619.038135
-1.764081,12,2619.862327
-1.16454,12,2620.668298
-0.941062,12,2621.524379
-1.406481,12,2622.342486
-2.239441,12,2623.136449
-2.233941,12,2624.057432
-1.214861,12,2624.933961
-4.833978,12,2625.854048
-2.019267,12,2626.714888
-2.347726,12,2627.615707
-1.978021,12,2628.408507
-1.794225,12,2629.33564
-1.25374,12,2630.185042
-1.698967,12,2631.068445
-1.449452,12,2631.947904
-2.716776,12,2632.936985
-1.889576,12,2633.788176
-1.836851,12,2634.658275
-1.416859,12,2635.49326
-1.748028,12,2636.269412
-4.024104,12,2637.239395
-3.564897,12,2638.142245
-2.566677,12,2639.013652
-1.661404,12,2639.92303
-1.979991,12,2641.869484
-2.633998,12,2642.768627
-1.157996,12,2643.583935
-1.34594,12,2644.394481
-2.953539,12,2645.342878
-3.65535,12,2646.278395
-3.84198,12,2647.257083
-1.346011,12,2648.080014
-0.792931,12,2648.906293
-2.762868,12,2649.761571
-1.952689,12,2650.608212
-1.601335,12,2651.516342
-1.802857,12,2652.41457
-3.266191,12,2653.282537
-1.955507,12,2654.178278
-1.337603,12,2655.01624
-1.116641,12,2655.836137
-0.728949,12,2656.630327
-1.351299,12,2657.478363
-0.946739,12,2658.301394
-1.426593,12,2659.150774
-1.615557,12,2660.022646
-2.416266,12,2660.919454
-2.029301,12,2661.757
-1.788578,12,2662.681583
-2.14756,12,2663.573963
-3.013643,12,2664.4842
-2.575115,12,2665.343252
-1.73116,12,2666.245101
-1.588171,12,2667.097209
-3.309388,12,2668.023745
-3.199857,12,2669.01473
-2.121799,12,2669.929174
-1.77468,12,2670.814729
-2.282969,12,2671.802626
-2.536346,12,2672.803225
-2.931589,12,2673.704551
-1.662331,12,2674.556342
-1.217143,12,2675.358626
-2.598865,12,2676.280872
-1.88373,12,2677.200038
-1.878567,12,2678.103415
-1.699066,12,2678.963317
-1.343173,12,2680.919193
-2.548715,12,2681.88482
-0.773883,12,2682.722358
-2.778114,12,2683.725952
-2.183868,12,2684.593719
-1.501043,12,2685.499581
-3.340113,12,2686.502141
-1.319,12,2687.353426
-0.802377,12,2688.24053
-1.843491,12,2689.102487
-4.058147,12,2690.040459
-1.604695,12,2690.914384
-2.05147,12,2691.776297
-1.001931,12,2692.641925
-2.381593,12,2693.540808
-3.045911,12,2694.491924
-2.263093,12,2695.432382
-1.174035,12,2696.236581
-1.084768,12,2697.120686
-1.774277,12,2697.992026
-1.327055,12,2698.825544
-1.134743,12,2699.626102
-1.848782,12,2700.496295
-2.11146,12,2701.326673
-1.372529,12,2702.127444
-2.202942,12,2702.956342
-2.701878,12,2703.86666
-3.919193,12,2704.86389
-1.645777,12,2705.765605
-1.558104,12,2706.672098
-2.23121,12,2707.478465
-2.018775,12,2708.335192
-1.637143,12,2709.259172
-2.122792,12,2710.153209
-1.590235,12,2711.048553
-0.827516,12,2711.911638
-1.960894,12,2712.908647
-3.950997,12,2713.888937
-4.410231,12,2714.878627
-1.31486,12,2715.681561
-3.153839,12,2716.590061
-2.185687,12,2717.499872
-1.346579,12,2719.282412
-3.064096,12,2720.191611
-2.525443,12,2721.100567
-2.564558,12,2721.947862
-3.296362,12,2722.95085
-0.959315,12,2724.630908
-2.947772,12,2725.488096
-1.196813,12,2726.457268
-3.533772,12,2727.356911
-5.598542,12,2728.912865
-0.850326,12,2729.794261
-1.628964,12,2730.732114
-2.425633,12,2731.781116
-1.292145,12,2732.85076
-1.042429,12,2733.673506
-2.450615,12,2734.473928
-5.30706,12,2735.46786
-1.782755,12,2736.358211
-1.534713,12,2737.227319
-1.470304,12,2738.02154
-4.963517,12,2739.017995
-1.246615,12,2739.902104
-1.96028,12,2740.745994
-2.679554,12,2741.620572
-4.240486,12,2742.609962
-1.753267,12,2743.455142
-2.289107,12,2744.410687
-4.201187,12,2745.369919
-0.909675,12,2746.141701
-3.704009,12,2747.072692
-2.005805,12,2748.098976
-2.275264,12,2749.398481
-2.118762,12,2750.932127
-1.261338,12,2752.505618
-1.50409,12,2754.151193
-4.156362,12,2756.13314
-3.278728,12,2757.31406
-2.584677,12,2758.192229
-2.268757,12,2759.041967
-3.944594,12,2760.003465
-2.47142,12,2761.042295
-2.652603,12,2761.962216
-0.932198,12,2763.142446
-3.758518,12,2765.952178
-4.185497,12,2767.530311
-1.450841,12,2768.746684
-1.648461,12,2769.737638
-3.512648,12,2770.680142
-1.498463,12,2771.615442
-1.883887,12,2772.710711
-1.27593,12,2773.762111
-2.109408,12,2774.920035
-2.249013,12,2776.328169
-2.659989,12,2777.268123
-4.126145,12,2778.210062
-2.054275,12,2779.088739
-0.295603,12,2779.870975
-1.305291,12,2780.732888
-4.18441,12,2781.731707
-1.26126,12,2782.675113
-1.481244,12,2783.539738
-1.756889,12,2784.450289
-3.253079,12,2785.401339
-2.51339,12,2786.337685
-1.062533,12,2787.221694
-2.593259,12,2788.167516
-0.795721,12,2789.044877
-1.865437,12,2789.945206
-1.96095,12,2790.834315
-1.624552,12,2791.643234
-2.390283,12,2792.427713
-3.031475,12,2793.372043
-3.050421,12,2794.271411
-2.544874,12,2795.281877
-0.74383,12,2796.080145
-3.131346,12,2797.045125
-0.914043,12,2797.840116
-2.151948,12,2798.717673
-1.941873,12,2799.556789
-2.533535,12,2800.463879
-2.752292,12,2801.442761
-4.399863,12,2802.366644
-1.012122,12,2803.149581
-1.231434,12,2804.009788
-1.863571,12,2804.933821
-2.730932,12,2805.86637
-1.967063,12,2807.743975
-3.723743,12,2808.695055
-4.109671,12,2809.72098
-2.431136,12,2810.519227
-2.699661,12,2811.42386
-2.077856,12,2812.303078
-3.943335,12,2813.279415
-0.845065,12,2814.134787
-2.520848,12,2814.954521
-0.65632,12,2815.781517
-3.158041,12,2816.643985
-4.513093,12,2817.610353
-2.28415,12,2818.490053
-3.60227,12,2819.381542
-1.602549,12,2820.254013
-2.296378,12,2821.878179
-1.031581,12,2822.892039
-1.690912,12,2824.131711
-1.421407,12,2825.540077
-2.042153,12,2826.661388
-1.145876,12,2827.657559
-1.068081,12,2828.564673
-1.852111,12,2829.599511
-2.032097,12,2830.666801
-1.489077,12,2831.669118
-1.231656,12,2832.58006
-2.605233,12,2833.538059
-2.473109,12,2834.552816
-2.154298,12,2835.600747
-3.658206,12,2836.766136
-2.198323,12,2837.779533
-3.475545,12,2838.878289
-1.661143,12,2839.848167
-3.059745,12,2841.085854
-1.68436,12,2842.13404
-1.136063,12,2843.044982
-3.578005,12,2844.350684
-1.97808,12,2845.463907
-1.505713,12,2846.464797
-1.730917,12,2847.415211
-1.367555,12,2848.417051
-2.61927,12,2849.494194
-5.17634,12,2851.897203
-1.082574,12,2852.749798
-1.283981,12,2853.678289
-2.680284,12,2854.899949
-1.621164,12,2855.912884
-2.370193,12,2856.855938
-1.653142,12,2857.955416
-2.936898,12,2859.077616
-2.590247,12,2860.144757
-3.821331,12,2861.356437
-1.100865,12,2862.365227
-2.27271,12,2863.375394
-2.853712,12,2864.569921
-4.354477,12,2865.651409
-3.427292,12,2866.707106
-1.660599,12,2867.697657
-1.372934,12,2868.714056
-3.195882,12,2869.63109
-2.096495,12,2870.560932
-2.050657,12,2871.507156
-2.349378,12,2872.608282
-1.056343,12,2873.464051
-1.584719,12,2874.419692
-2.568761,12,2875.524317
-1.198282,12,2876.433547
-4.756994,12,2877.740471
-3.904033,12,2878.872701
-2.270484,12,2879.901412
-1.739841,12,2880.854673
-3.436148,12,2881.941441
-1.421595,12,2882.974001
-1.368378,12,2883.853962
-5.301589,12,2885.269728
-2.807118,12,2886.294
-1.454912,12,2887.314092
-1.700539,12,2888.19959
-1.586314,12,2889.100396
-3.058516,12,2890.074201
-2.707755,12,2891.447268
-2.10789,12,2894.15373
-1.439495,12,2898.548822
-3.113516,12,2902.550364
-0.636382,12,2907.111221
-1.804466,12,2919.057024
-0.947765,12,2922.394443
-3.207286,12,2927.267326
-0.927606,12,2930.704467
-6.649246,12,2935.379444
-1.445228,12,2937.591968
-1.823669,12,2942.238802
-1.362734,12,2946.364322
-2.258429,12,2950.441751
-1.172946,12,2952.463395
-1.486681,12,2954.280269
-2.420702,12,2955.80349
-1.486392,12,2957.138546
-2.77694,12,2958.684569
-1.573579,12,2960.093695
-3.671591,12,2962.977125
-1.537977,12,2964.5877
-1.17905,12,2966.968255
-2.521665,12,2972.117615
-1.586971,12,2975.707906
-2.737679,12,2980.377415
-1.470123,12,2984.358058
-1.680668,12,2987.772078
-1.672603,12,2991.433534
-1.257609,12,2994.098502
-2.286872,12,2998.798495
-0.968389,12,3003.288227
-2.703142,12,3007.979615
-1.771649,12,3011.468924
-2.279109,12,3016.227526
-2.446565,12,3019.403799
-1.403191,12,3021.004239
-1.852334,12,3022.29492
-2.302912,12,3023.78748
-2.110157,12,3025.302526
-1.487754,12,3026.75624
-1.809696,12,3028.078161
-1.620308,12,3029.500085
-3.200224,12,3031.197207
-1.160466,12,3032.816895
-3.190266,12,3035.103602
-2.687339,12,3037.080114
-1.787651,12,3038.519238
-1.438142,12,3046.510809
-1.669605,12,3047.75328
-1.113826,12,3048.819227
-1.446184,12,3049.86736
-5.581576,12,3051.327703
-2.529002,12,3052.66126
-1.436102,12,3053.956965
-1.728896,12,3055.266701
-2.132335,12,3056.49789
-1.654677,12,3057.907778
-2.333534,12,3059.380722
-0.840866,12,3060.811327
-0.786117,12,3063.001373
-2.372793,12,3064.514856
-1.883366,12,3066.04408
-1.26809,12,3067.437302
-1.64448,12,3068.714355
-3.123213,12,3070.199913
-0.957041,12,3071.672516
-1.535967,12,3073.363168
-1.575683,12,3074.789285
-2.5261,12,3077.271735
-2.692336,12,3079.370743
-1.199674,12,3081.211351
-1.178767,12,3082.793681
-1.767806,12,3084.54025
-1.972931,12,3086.223596
-2.132215,12,3087.765142
-2.420176,12,3089.454382
-2.699531,12,3091.552904
-0.899239,12,3092.997502
-4.994565,12,3095.266281
-2.209755,12,3096.991612
-1.275401,12,3098.387122
-1.486757,12,3099.713227
-1.919059,12,3101.261948
-0.778043,12,3102.576556
-1.876494,12,3103.903859
-2.545199,12,3105.563141
-3.47423,12,3107.45037
-1.838077,12,3109.279896
-3.238121,12,3110.959126
-1.822902,12,3117.349822
-5.41728,12,3119.940005
-3.252642,12,3121.957637
-1.401924,12,3123.684779
-1.682486,12,3125.238266
-4.364917,12,3127.355191
-1.474164,12,3129.16567
-1.566238,12,3130.971443
-2.045478,12,3132.63404
-3.341454,12,3134.111978
-2.462533,12,3135.937858
-1.713345,12,3137.38289
-1.1345,12,3138.821395
-3.223,12,3140.607023
-2.007489,12,3142.149849
-1.63965,12,3143.891009
-3.184598,12,3145.982578
-2.291183,12,3147.875748
-1.514845,12,3149.794603
-0.823119,12,3151.318481
-3.540705,12,3153.602903
-1.419522,12,3155.307232
-1.428724,12,3157.432495
-0.839112,12,3158.822475
-1.756002,12,3160.14528
-2.426756,12,3161.87807
-4.25551,12,3164.575402
-1.953024,12,3167.086183
-0.536815,12,3169.601022
-2.110129,12,3171.897122
-1.140068,12,3173.724136
-1.012086,12,3176.482156
-1.112296,12,3180.367488
-1.891711,12,3184.575233
-4.553937,12,3189.531463
-2.92008,12,3193.448
-3.580543,12,3197.119923
-1.095034,12,3198.41034
-2.939914,12,3199.747467
-0.890243,12,3201.005664
-0.933904,12,3202.249766
-2.801654,12,3203.67758
-1.497916,12,3204.981637
-3.682676,12,3211.678167
-3.88915,12,3215.874301
-3.333607,12,3218.052381
-2.42148,12,3219.756136
-2.470294,12,3221.075734
-1.901734,12,3222.308849
-1.272252,12,3223.563253
-2.201829,12,3225.171209
-2.381797,12,3226.949598
-1.211237,12,3228.438806
-1.871255,12,3229.960954
-1.173518,12,3231.245566
-1.514032,12,3232.628054
-3.978426,12,3234.580527
-2.676936,12,3236.15397
-4.207349,12,3237.885612
-2.261399,12,3239.734468
-2.361329,12,3241.968223
-3.273866,12,3245.104713
-1.97371,12,3246.822722
-0.981259,12,3248.310714
-1.749574,12,3250.110874
-1.701751,12,3251.579161
-1.368533,12,3253.145562
-3.425217,12,3254.769326
-2.469513,12,3256.375432
-1.413434,12,3257.698464
-1.461398,12,3259.225546
-2.69891,12,3260.700354
-2.677915,12,3262.485856
-2.842607,12,3264.338219
-2.230209,12,3270.311187
-1.202403,12,3274.96796
-2.331983,12,3280.396044
-1.472087,12,3283.986512
-2.720571,12,3288.274372
-2.056555,12,3293.68308
-1.127488,12,3297.79675
-1.066955,12,3300.003927
-0.967396,12,3301.482708
-3.302307,12,3303.478194
-2.777036,12,3308.074578
-1.628341,12,3313.601538
-1.616404,12,3326.492153
-2.043522,12,3331.315716
-2.727461,12,3335.616495
-2.237431,12,3339.782485
-1.298612,12,3343.404722
-4.323872,12,3348.364753
-1.915426,12,3352.267578
-1.347808,12,3355.889277
-2.147249,12,3359.712672
-2.649878,12,3363.855791
-2.809374,12,3368.986644
-1.784318,12,3372.641014
-1.683846,12,3377.053655
-0.994068,12,3380.225817
-3.398911,12,3386.089186
-1.427907,12,3389.866356
-4.038183,12,3395.842472
-3.51905,12,3400.749501
-2.066295,12,3404.015638
-0.613399,12,3407.370931
-1.292015,12,3411.784507
-1.425929,12,3415.022465
-2.161196,12,3419.607759
-2.799508,12,3425.30781
-1.236915,12,3428.946055
-1.209026,12,3432.388947
-2.909199,12,3434.429058
-2.461505,12,3435.781588
-2.427623,12,3437.406277
-1.969588,12,3438.793018
-1.23969,12,3440.122383
-1.418136,12,3441.256441
-1.545464,12,3442.410177
-0.968406,12,3443.539021
-0.874312,12,3444.552929
-2.143894,12,3445.813773
-3.066888,12,3447.304291
-1.00402,12,3448.443525
-1.109085,12,3449.66348
-2.186431,12,3451.423328
-2.560896,12,3454.891176
-1.355074,12,3458.098104
-2.215061,12,3468.037161
-1.826556,12,3471.417735
-1.383873,12,3474.492978
-2.806445,12,3478.538679
-2.844157,12,3483.071741
-1.184993,12,3486.701519
-1.383822,12,3490.445611
-1.886778,12,3492.356387
-2.68938,12,3493.8222
-2.203257,12,3495.087076
-1.777445,12,3496.333269
-1.03265,12,3497.596858
-1.104768,12,3498.789578
-3.179188,12,3500.481216
-1.452202,12,3502.011634
-0.759458,12,3505.858024
-1.448995,12,3509.632653
-1.112746,12,3512.224164
-1.396325,12,3514.041507
-3.029074,12,3515.551451
-4.588956,12,3517.325922
-2.547447,12,3518.50203
-2.721583,12,3520.064467
-1.490664,12,3521.33059
-1.830781,12,3522.569516
-1.144125,12,3523.78808
-4.955208,12,3525.578391
-1.757319,12,3527.1623
-1.312657,12,3528.630715
-1.69929,12,3530.699224
-1.571775,12,3532.282122
-1.318966,12,3533.668198
-1.431755,12,3537.17327
-1.630291,12,3541.091589
-1.679085,12,3545.525875
-1.556362,12,3548.72548
-0.534825,12,3552.353901
-3.407118,12,3560.235484
-2.928279,12,3585.066337
-1.460761,12,3598.174106
-1.623505,12,3613.254555
-1.129944,12,3623.065887
-1.547857,12,3627.223726
-0.744438,12,3640.969659
-1.424823,12,3652.41254
-1.370057,12,3658.59335
-2.803481,12,3664.3514
-2.317616,12,3669.175577
-2.231195,12,3674.837277
-3.792408,12,3680.896673
-3.429582,12,3685.961447
-4.310281,12,3693.09145
-2.354789,12,3698.154556
-1.3953,12,3703.30121
-1.129098,12,3707.244164
-4.514376,12,3713.703182
-2.470117,12,3718.925874
-1.0396,12,3722.299752
-1.459361,12,3725.746849
-1.115203,12,3729.107898
-3.603058,12,3733.642194
-0.664992,12,3737.148731
-2.08254,12,3741.208894
-1.456935,12,3744.928408
-2.112422,12,3749.274644
-2.678552,12,3753.364415
-3.259421,12,3757.767864
-1.479654,12,3761.687709
-2.027813,12,3765.681628
-1.602532,12,3770.040091
-0.557497,12,3773.386589
-1.257917,12,3777.424881
-1.42984,12,3781.354105
-0.578592,12,3784.945206
-2.695784,12,3790.022923
-0.956321,12,3794.204582
-2.811755,12,3798.272333
-1.149709,12,3801.938273
-1.371754,12,3805.477314
-0.904749,12,3809.047843
-1.49446,12,3812.779681
-0.715576,12,3816.028266
-2.235386,12,3819.779397
-0.548864,12,3823.36545
-2.198877,12,3827.690349
-1.228529,12,3831.807014
-1.74349,12,3842.05855
-3.343413,12,3846.194879
-4.274071,12,3851.438683
-2.701681,12,3855.754463
-2.694482,12,3859.72542
-1.686231,12,3863.350884
-3.373972,12,3867.204089
-1.417919,12,3868.786661
-2.573384,12,3870.15411
-1.658311,12,3871.431269
-1.079722,12,3872.656702
-1.494312,12,3874.11048
-0.72378,12,3875.493128
-1.077027,12,3876.990161
-2.703189,12,3879.376719
-1.932257,12,3881.499437
-1.246968,12,3883.144103
-3.307829,12,3885.301884
-3.457788,12,3886.8832
-1.968701,12,3888.455934
-1.581777,12,3889.80001
-4.8868,12,3891.809254
-3.019058,12,3893.643163
-2.108543,12,3896.44371
-2.033971,12,3898.964067
-2.751283,12,3902.050273
-1.057809,12,3903.691198
-1.153615,12,3905.330409
-3.286751,12,3907.216295
-1.291502,12,3908.541488
-2.225449,12,3910.104011
-3.248546,12,3911.637655
-1.784519,12,3913.01532
-1.862481,12,3914.512108
-1.341363,12,3915.985939
-0.831194,12,3917.478371
-1.19236,12,3919.001901
-2.054493,12,3920.744807
-1.495205,12,3922.12711
-2.167297,12,3924.813382
-2.226744,12,3929.642135
-2.578361,12,3938.293068
-1.7647,12,3950.884045
-3.120625,12,3957.070572
-1.767394,12,3962.875576
-0.607314,12,3966.738226
-1.131043,12,3970.627585
-1.409329,12,3975.415326
-3.71318,12,3980.688317
-1.386776,12,3984.008997
-0.974594,12,3987.3888
-1.940219,12,3991.986282
-2.991487,12,3997.71923
-1.949815,12,4002.252688
-1.799116,12,4006.908191
-3.08905,12,4010.714663
-1.05428,12,4013.952922
-1.734692,12,4017.497105
-1.130835,12,4021.29861
-1.692543,12,4025.634504
-1.413245,12,4029.748791
-2.06381,12,4033.694624
-2.312277,12,4038.99532
-0.916763,12,4042.651559
-1.503759,12,4047.103595
-1.177572,12,4051.164581
-1.419581,12,4053.34929
-2.798552,12,4055.102498
-1.424497,12,4056.501114
-2.574298,12,4058.134825
-2.258567,12,4059.348888
-0.626651,12,4060.512123
-1.266338,12,4061.721404
-2.255275,12,4063.06302
-0.59327,12,4064.16041
-2.124799,12,4065.784581
-1.515542,12,4067.217821
-4.314904,12,4071.410847
-1.121856,12,4074.523099
-1.950656,12,4078.601197
-3.851756,12,4084.437149
-2.381355,12,4089.509358
-2.510968,12,4094.307447
-1.544326,12,4098.561321
-2.748255,12,4103.25646
-1.867021,12,4113.842932
-2.599964,12,4118.360631
-1.363296,12,4121.523311
-2.014925,12,4125.809487
-2.43461,12,4130.116036
-1.398444,12,4134.689048
-1.133357,12,4138.337187
-1.72232,12,4143.626315
-2.349176,12,4148.138706
-1.989799,12,4152.58739
-1.590935,12,4155.930587
-1.720529,12,4159.10454
-2.339326,12,4162.947566
-2.287978,12,4164.843794
-0.643391,12,4166.325895
-4.648089,12,4167.893025
-1.355691,12,4169.006007
-1.693571,12,4170.28138
-2.04699,12,4173.244709
-2.1995,12,4175.072121
-1.595387,12,4176.505384
-3.35671,12,4178.210429
-2.204884,12,4180.134255
-1.604533,12,4181.796208
-1.427012,12,4183.559088
-2.101773,12,4185.138297
-5.819168,12,4187.121253
-1.210187,12,4188.519506
-1.729226,12,4190.219571
-1.356212,12,4192.384658
-1.416258,12,4194.123668
-2.560539,12,4196.215447
-2.506982,12,4198.097669
-1.97762,12,4199.400496
-1.291364,12,4200.674446
-3.04628,12,4202.932326
-2.678739,12,4205.069236
-2.865437,12,4206.975583
-1.415681,12,4208.409587
-2.24547,12,4209.844737
-1.999186,12,4211.381092
-2.975665,12,4212.820428
-1.29939,12,4214.122832
-1.264542,12,4220.041711
-1.696164,12,4221.403663
-3.445698,12,4222.749424
-4.087993,12,4224.263744
-0.985983,12,4225.769137
-3.119302,12,4227.285029
-2.093248,12,4228.796394
-3.151488,12,4230.467875
-2.259079,12,4232.444681
-2.301898,12,4234.265805
-1.911132,12,4235.895069
-1.200058,12,4237.371587
-1.079216,12,4238.667304
-2.053218,12,4240.506111
-3.601274,12,4242.652199
-2.759914,12,4244.33141
-1.157179,12,4245.624801
-1.786654,12,4247.186522
-1.177499,12,4248.985538
-0.846672,12,4251.00176
-1.047558,12,4253.369985
-1.60681,12,4258.157441
-1.484212,12,4262.589555
-2.157251,12,4266.43037
-0.96181,12,4270.536613
-1.092927,12,4273.825531
-1.212826,12,4277.696528
-2.007239,12,4282.41246
-3.943921,12,4286.810006
-2.66391,12,4289.742948
-2.702047,12,4291.087127
-2.250875,12,4292.909719
-1.105634,12,4294.169466
-1.614205,12,4295.75193
-4.099717,12,4297.509717
-2.659832,12,4298.900923
-1.535471,12,4300.441875
-2.35922,12,4301.775609
-2.446256,12,4303.365348
-1.870175,12,4304.769867
-1.292411,12,4306.067194
-3.752548,12,4307.707363
-1.052343,12,4314.110755
-2.45657,12,4315.443273
-1.055596,12,4317.033988
-2.134413,12,4318.967766
-1.612671,12,4321.089529
-2.022972,12,4323.680663
-3.409834,12,4325.94706
-3.897287,12,4327.874367
-1.310637,12,4329.355521
-2.448066,12,4330.663562
-3.000693,12,4332.775341
-1.907901,12,4334.391974
-3.666126,12,4336.210346
-1.549954,12,4337.630079
-3.664432,12,4339.653961
-1.854019,12,4341.210494
-1.111738,12,4342.507219
-2.024471,12,4343.955642
-4.048361,12,4345.727552
-4.015635,12,4347.704977
-0.637848,12,4349.101711
-1.910681,12,4350.652368
-1.104388,12,4352.107177
-3.212387,12,4354.22051
-1.141373,12,4355.795336
-1.88691,12,4357.473408
-1.131579,12,4359.042747
-1.525296,12,4360.682408
-1.797452,12,4362.342066
-1.73146,12,4363.645962
-2.120837,12,4365.315484
-1.659499,12,4366.829931
-2.018294,12,4979.644612
-1.831621,12,4983.476276
-1.057063,12,4984.903428
-1.477527,12,4986.308986
-1.483785,12,4987.62118
-3.289035,12,4989.008132
-1.6923,12,4990.633674
-1.360592,12,4992.088291
-4.3004,12,4993.666747
-2.474041,12,4995.122486
-3.788731,12,4996.694858
-1.747172,12,4999.29451
-0.977496,12,5000.235007
-2.523082,12,5001.501858
-1.136568,12,5002.769457
-1.491424,12,5003.925113
-1.483851,12,5004.988394
-1.439403,12,5006.163829
-1.419309,12,5007.263392
-1.626866,12,5008.486616
-2.088647,12,5009.945114
-2.649308,12,5011.145213
-2.822123,12,5012.278549
-2.333869,12,5013.586187
-1.723871,12,5014.671775
-2.151776,12,5015.937635
-2.099291,12,5017.248392
-3.036958,12,5018.522388
-0.911146,12,5019.649545
-1.658393,12,5020.807748
-2.812067,12,5021.91626
-1.806646,12,5023.299624
-4.955737,12,5024.793553
-2.761837,12,5026.465407
-2.381839,12,5027.806969
-1.750072,12,5029.120737
-5.073877,12,5030.513278
-4.080577,12,5032.020688
-1.922012,12,5033.204877
-2.412248,12,5034.455284
-1.225109,12,5035.688264
-1.051264,12,5036.843181
-3.778919,12,5038.279315
-2.244878,12,5039.518891
-4.2018,12,5040.838661
-3.586763,12,5042.260267
-1.800024,12,5043.427835
-3.125115,12,5044.763306
-3.42665,12,5046.049861
-1.066382,12,5047.153614
-0.903023,12,5048.149901
-1.399211,12,5049.336636
-1.862663,12,5050.482114
-1.872731,12,5051.684506
-1.654947,12,5054.384943
-1.314906,12,5055.691306
-2.066857,12,5057.068956
-1.239351,12,5058.345705
-1.438464,12,5059.409311
-0.996911,12,5060.460219
-1.230794,12,5061.671163
-0.97367,12,5062.90694
-1.349115,12,5064.033983
-3.259749,12,5065.620097
-1.382565,12,5066.847734
-0.568964,12,5067.893131
-1.012263,12,5069.12113
-1.953317,12,5070.426037
-1.146581,12,5071.435854
-2.577653,12,5072.682575
-1.80064,12,5073.889848
-1.167989,12,5075.282024
-2.122544,12,5076.70465
-1.276593,12,5077.851277
-3.151827,12,5079.256585
-1.24571,12,5080.537088
-2.445393,12,5082.113601
-2.58919,12,5083.555924
-1.602712,12,5085.008676
-1.570222,12,5086.226452
-1.254228,12,5087.466808
-3.2542,12,5088.829175
-1.300595,12,5090.031357
-3.059656,12,5091.342626
-1.29884,12,5092.47011
-1.841092,12,5093.660467
-2.020469,12,5094.922369
-1.186127,12,5096.013293
-1.720162,12,5097.287451
-3.674939,12,5098.821993
-1.375663,12,5099.987302
-3.278105,12,5101.494174
-1.49129,12,5102.813817
-2.047419,12,5104.033044
-0.929025,12,5105.35005
-3.289503,12,5106.763521
-1.362007,12,5109.161919
-1.802087,12,5110.411894
-1.960085,12,5111.502586
-4.437387,12,5113.092452
-1.728523,12,5114.256497
-2.907913,12,5115.487773
-1.648628,12,5116.700394
-2.811353,12,5117.876111
-4.230154,12,5119.378886
-1.559748,12,5120.507348
-5.671961,12,5122.025337
-1.855479,12,5123.164715
-1.722394,12,5124.359049
-1.106044,12,5125.528095
-1.03274,12,5126.669342
-1.078091,12,5127.689974
-0.58442,12,5129.047186
-3.758373,12,5130.682566
-1.635502,12,5131.840959
-1.347964,12,5132.986675
-1.110794,12,5134.219252
-1.466709,12,5135.609852
-2.254652,12,5136.777979
-1.98399,12,5137.990635
-3.631885,12,5139.460609
-2.224363,12,5140.814167
-2.624078,12,5141.886845
-1.141009,12,5142.985162
-2.860227,12,5144.177278
-1.934898,12,5145.473729
-3.166099,12,5146.54021
-1.354526,12,5147.823472
-2.833932,12,5148.888749
-3.63056,12,5150.331332
-5.018646,12,5151.686579
-1.877361,12,5152.799699
-1.212242,12,5153.896355
-1.328873,12,5155.240658
-1.688786,12,5156.350583
-1.280989,12,5157.466819
-3.501819,12,5158.858994
-2.319289,12,5160.000477
-2.054371,12,5161.103474
-2.009145,12,5163.953237
-1.133438,12,5164.991256
-1.206176,12,5166.485362
-2.376898,12,5167.959545
-3.494647,12,5169.597191
-1.17339,12,5170.694082
-1.301611,12,5171.915884
-0.751474,12,5172.938273
-0.888882,12,5174.052244
-3.614206,12,5175.354067
-2.058855,12,5176.381455
-1.924667,12,5177.645653
-0.662756,12,5178.79027
-0.746337,12,5179.738488
-1.620759,12,5180.91733
-2.957462,12,5182.304387
-1.286952,12,5183.442391
-1.624502,12,5184.54594
-2.565879,12,5185.918724
-5.118161,12,5187.374563
-1.722449,12,5188.467005
-2.742221,12,5189.59755
-3.289975,12,5190.968338
-2.228266,12,5192.17168
-4.398205,12,5193.546514
-0.598825,12,5194.633691
-1.85324,12,5195.782724
-1.8692,12,5196.937527
-1.378368,12,5198.210109
-1.093491,12,5199.419334
-2.444797,12,5200.511027
-2.359039,12,5201.792508
-2.199265,12,5203.033795
-3.631903,12,5204.268986
-1.061758,12,5205.33455
-1.369166,12,5206.46416
-0.769688,12,5207.491245
-3.705597,12,5208.838264
-1.59611,12,5209.97433
-1.567209,12,5211.104468
-3.602166,12,5212.388512
-3.348352,12,5213.572236
-1.229577,12,5214.738372
-2.022012,12,5217.458783
-2.606941,12,5218.832847
-2.99531,12,5220.19147
-1.890018,12,5221.399858
-3.53403,12,5222.650653
-1.833213,12,5223.98459
-1.826244,12,5225.33045
-1.126982,12,5226.598254
-2.193386,12,5228.379821
-2.786771,12,5229.963352
-3.049455,12,5231.788702
-2.672505,12,5233.836655
-1.805886,12,5235.254776
-1.827915,12,5236.834944
-2.210778,12,5238.24492
-1.163128,12,5239.438701
-0.968002,12,5240.426276
-0.655632,12,5241.434896
-2.237739,12,5242.737449
-1.534687,12,5243.92842
-0.956128,12,5244.958755
-2.037201,12,5246.347892
-5.216005,12,5247.85948
-1.301281,12,5249.265835
-2.130173,12,5250.704311
-1.306254,12,5251.849819
-1.596645,12,5253.129066
-1.337407,12,5254.702443
-2.243681,12,5256.287935
-1.208418,12,5257.569675
-1.869571,12,5258.840405
-1.049614,12,5260.024812
-2.024169,12,5261.335804
-2.87609,12,5262.661044
-4.253476,12,5264.506442
-2.517357,12,5265.870324
-1.157006,12,5267.216481
-2.623358,12,5268.563736
-2.268335,12,5269.757126
-0.874155,12,5270.821355
-0.733122,12,5271.970605
-2.572626,12,5273.301
-2.314785,12,5275.683149
-2.88707,12,5277.10943
-2.264026,12,5278.330501
-1.778123,12,5279.60601
-0.467092,12,5280.615389
-1.770579,12,5281.671534
-3.93342,12,5282.919338
-2.09389,12,5284.234287
-4.02594,12,5285.63205
-1.754752,12,5286.985491
-2.058753,12,5288.505636
-3.179187,12,5289.981111
-1.205216,12,5290.93873
-1.641218,12,5292.095867
-0.788622,12,5293.152314
-1.676029,12,5294.550915
-1.457529,12,5295.782114
-1.337116,12,5296.983266
-1.363776,12,5298.222344
-3.745002,12,5299.666636
-1.414629,12,5301.164074
-2.903335,12,5302.662098
-3.641103,12,5304.337641
-2.93389,12,5305.660599
-0.614276,12,5306.810373
-0.947228,12,5307.89877
-1.546134,12,5309.177324
-1.283242,12,5310.466202
-0.947679,12,5311.493618
-1.505756,12,5312.495585
-1.80771,12,5313.986954
-1.960626,12,5315.155935
-2.189829,12,5316.382628
-3.401657,12,5317.835168
-1.512277,12,5318.957715
-1.470989,12,5320.08813
-1.553137,12,5321.099702
-2.774035,12,5322.478597
-1.729571,12,5323.772347
-1.426832,12,5325.071003
-1.704942,12,5326.262415
-1.438473,12,5327.274805
-3.024656,12,5328.713413
-1.420769,12,5331.016537
-1.583823,12,5332.184907
-1.989449,12,5333.313334
-1.378272,12,5334.498885
-1.821545,12,5335.790301
-2.378744,12,5336.970281
-0.579905,12,5338.112446
-2.398858,12,5339.362678
-1.841313,12,5340.460925
-1.379883,12,5341.506838
-1.458885,12,5342.613654
-1.172161,12,5343.794785
-1.586483,12,5345.077806
-1.623949,12,5346.166414
-1.8587,12,5347.388768
-1.669705,12,5348.568761
-1.044505,12,5349.637967
-1.01398,12,5350.880585
-2.828154,12,5352.154626
-2.752899,12,5353.453564
-2.702664,12,5354.968289
-3.49469,12,5356.026963
-3.249828,12,5357.421449
-4.121057,12,5358.781303
-1.023296,12,5359.904877
-1.928056,12,5361.186271
-2.72853,12,5362.485511
-2.693779,12,5363.736441
-1.107305,12,5364.964479
-1.453599,12,5366.133106
-1.930793,12,5367.217164
-2.008187,12,5368.394608
-0.56134,12,5369.446071
-1.95751,12,5370.659294
-3.793677,12,5372.098406
-2.222074,12,5373.457334
-2.269573,12,5374.70227
-2.286058,12,5375.945814
-3.366333,12,5377.266893
-3.024306,12,5378.381405
-1.33382,12,5379.616302
-2.169414,12,5380.766194
-2.711013,12,5382.011355
-1.344449,12,5384.244052
-3.311439,12,5385.501183
-1.566183,12,5386.511532
-2.132609,12,5387.704199
-3.906487,12,5389.333111
-1.356893,12,5390.556176
-2.842819,12,5391.969184
-1.390086,12,5393.201046
-1.813524,12,5394.27454
-0.850916,12,5395.337034
-1.922358,12,5396.52012
-2.666793,12,5397.612959
-0.873054,12,5398.708704
-1.620196,12,5399.874084
-3.538737,12,5401.2297
-0.57331,12,5402.229954
-4.089272,12,5403.462108
-2.483057,12,5405.069238
-2.903955,12,5406.24291
-1.159021,12,5407.464881
-1.710516,12,5408.607693
-1.451997,12,5409.85735
-3.010658,12,5411.284315
-3.784839,12,5412.620441
-2.075462,12,5413.841309
-1.991023,12,5415.233229
-1.563782,12,5416.450693
-2.56212,12,5417.800032
-1.735229,12,5419.047001
-1.780144,12,5420.307712
-1.544258,12,5421.507425
-1.489551,12,5422.564344
-1.010432,12,5423.728797
-3.938465,12,5425.109006
-3.235548,12,5426.3996
-1.348473,12,5427.669514
-0.833284,12,5428.823062
-1.743127,12,5430.075137
-4.409789,12,5431.738183
-1.233322,12,5432.814681
-2.002421,12,5434.13766
-2.160813,12,5435.435833
-1.304122,12,5437.623742
-3.751126,12,5439.015029
-1.174149,12,5440.113384
-1.527701,12,5441.377981
-2.347163,12,5442.608978
-1.962117,12,5443.923248
-2.738711,12,5445.213729
-3.412909,12,5446.385193
-2.293472,12,5447.688633
-1.494602,12,5448.88962
-3.365965,12,5450.320354
-3.570444,12,5451.732041
-1.855895,12,5453.018564
-3.596964,12,5454.511989
-2.193276,12,5455.874431
-1.636243,12,5457.099996
-4.538115,12,5458.611696
-1.599115,12,5459.921258
-2.397537,12,5461.26472
-1.754766,12,5462.544555
-3.402004,12,5464.046472
-1.902277,12,5465.276069
-2.332553,12,5466.785553
-2.679886,12,5467.837664
-1.336661,12,5469.057327
-3.353599,12,5470.268273
-1.14137,12,5471.413033
-0.899827,12,5472.484008
-1.340108,12,5473.587581
-1.689755,12,5474.641918
-1.84801,12,5475.794001
-2.403494,12,5477.102983
-0.949103,12,5478.09356
-2.21838,12,5479.268767
-0.732159,12,5480.35146
-2.446551,12,5481.597049
-1.3384,12,5482.611801
-2.919854,12,5484.02586
-3.143019,12,5485.412109
-3.638462,12,5486.68388
-1.73043,12,5487.816531
-3.738805,12,5489.295707
-1.429464,12,5490.451649
-1.673234,12,5492.736146
-2.696878,12,5494.168257
-0.865477,12,5495.277914
-1.459096,12,5496.418989
-3.995035,12,5497.890983
-1.567487,12,5499.137992
-1.875398,12,5500.361883
-2.79546,12,5501.54021
-1.845702,12,5502.613529
-2.450741,12,5503.846618
-1.838826,12,5505.004504
-1.605365,12,5506.172827
-2.668611,12,5507.410386
-3.104774,12,5508.812801
-2.479181,12,5509.817587
-1.194515,12,5510.936844
-1.990734,12,5512.151597
-1.379461,12,5513.261096
-2.726375,12,5514.37638
-2.82641,12,5515.951046
-0.987539,12,5517.073062
-3.096032,12,5518.494338
-4.41479,12,5519.729469
-2.770133,12,5520.960097
-0.988236,12,5522.07396
-1.563504,12,5523.276122
-1.706921,12,5524.545655
-2.781474,12,5525.767545
-3.906396,12,5527.164611
-0.86494,12,5528.142446
-4.924157,12,5529.869191
-1.563665,12,5531.160671
-1.937744,12,5532.263796
-1.390667,12,5533.362558
-1.702749,12,5534.522892
-1.713057,12,5535.753088
-1.529663,12,5536.995437
-2.29768,12,5538.04786
-0.926597,12,5539.112649
-1.60926,12,5540.254901
-0.748664,12,5541.233999
-1.874647,12,5542.406041
-0.984948,12,5543.499819
-3.083821,12,5545.821188
-1.694096,12,5547.094658
-2.222549,12,5548.31478
-1.105667,12,5549.439267
-1.210168,12,5550.524463
-3.131058,12,5551.948118
-1.015628,12,5552.974865
-2.817574,12,5554.42489
-1.726793,12,5555.728101
-1.641197,12,5556.904275
-1.771162,12,5558.102201
-1.704426,12,5559.441697
-2.484428,12,5560.708699
-1.55883,12,5562.023075
-2.684411,12,5563.227778
-3.407584,12,5564.651353
-1.952293,12,5565.933683
-1.549935,12,5567.012735
-1.542706,12,5568.12712
-1.535879,12,5569.246696
-1.111742,12,5570.41101
-0.831401,12,5571.446747
-0.987801,12,5572.543906
-4.103447,12,5573.944385
-0.975682,12,5575.032794
-1.720256,12,5576.105611
-1.746375,12,5577.295968
-2.059821,12,5578.482947
-4.058597,12,5579.909817
-2.325313,12,5581.427931
-3.340742,12,5582.674429
-2.275558,12,5583.95836
-1.002602,12,5585.066504
-0.865461,12,5586.156362
-3.306683,12,5587.345121
-2.064705,12,5588.796714
-4.505907,12,5590.196576
-0.684485,12,5591.345225
-1.415163,12,5592.527045
-2.230716,12,5593.808378
-2.696246,12,5594.986953
-1.598719,12,5596.064851
-3.892402,12,5598.378499
-1.23944,12,5599.57344
-1.698,12,5600.848684
-1.347279,12,5602.06449
-1.346466,12,5603.155239
-2.702511,12,5604.321518
-1.423717,12,5605.528595
-4.718934,12,5606.92892
-2.183347,12,5608.093831
-2.269542,12,5609.316764
-1.645877,12,5610.552931
-1.369092,12,5611.717395
-0.79931,12,5612.734223
-1.948951,12,5613.995613
-1.72401,12,5615.270798
-2.545491,12,5616.402164
-1.137805,12,5617.457572
-0.956154,12,5618.433011
-1.700237,12,5619.577547
-1.378829,12,5620.746951
-3.859982,12,5622.018569
-3.217821,12,5623.308151
-1.706016,12,5624.516328
-0.811704,12,5625.581765
-1.617047,12,5626.730481
-1.396851,12,5627.990538
-1.61556,12,5629.160722
-1.781871,12,5630.267425
-1.829196,12,5631.455427
-1.462569,12,5632.472174
-1.549088,12,5633.65316
-1.802673,12,5634.743074
-1.568404,12,5635.854007
-2.259329,12,5637.069664
-2.717402,12,5638.33643
-1.521338,12,5639.532637
-1.59085,12,5640.511843
-1.191238,12,5641.641855
-1.325333,12,5642.804962
-2.374283,12,5644.240894
-0.970844,12,5645.322276
-2.199911,12,5646.550165
-1.591536,12,5647.733356
-1.524912,12,5650.007516
-1.911898,12,5651.088637
-2.23706,12,5652.230909
-1.221515,12,5653.312012
-3.499803,12,5654.658714
-0.599258,12,5655.658974
-4.861053,12,5657.326768
-1.007443,12,5658.299634
-1.065856,12,5659.442861
-0.617379,12,5660.449092
-1.14337,12,5661.639489
-2.134026,12,5662.842847
-2.218947,12,5664.021092
-2.132802,12,5665.20627
-1.154675,12,5666.343423
-2.021221,12,5667.551537
-1.411758,12,5668.651107
-3.335125,12,5669.9164
-0.820862,12,5670.982167
-2.25233,12,5672.185876
-0.931582,12,5673.230489
-1.068583,12,5674.325048
-3.09232,12,5675.589444
-1.252236,12,5676.671828
-3.157721,12,5677.943758
-4.282358,12,5679.250426
-1.520394,12,5680.387591
-1.362185,12,5681.45013
-2.795661,12,5682.671864
-2.438803,12,5684.069037
-1.492537,12,5685.167053
-2.21323,12,5686.432719
-1.166901,12,5687.395229
-2.820871,12,5688.580878
-1.560973,12,5689.854776
-1.026661,12,5690.880032
-1.828564,12,5692.055309
-1.043974,12,5693.227491
-1.56202,12,5694.491715
-1.435512,12,5695.660294
-2.468661,12,5696.976479
-2.549661,12,5698.438271
-0.753851,12,5699.615915
-1.63395,12,5701.771192
-2.996823,12,5702.923396
-2.533631,12,5704.320649
-3.735567,12,5705.593793
-2.794624,12,5707.027641
-0.924631,12,5708.211889
-4.05174,12,5709.4709
-1.306412,12,5710.622352
-1.700917,12,5711.84702
-1.158645,12,5712.832678
-2.095498,12,5714.097288
-0.979507,12,5715.189283
-1.090758,12,5716.221716
-2.400635,12,5717.463791
-1.612241,12,5718.700926
-1.916707,12,5719.796621
-2.998345,12,5721.359674
-1.257597,12,5722.419043
-0.802636,12,5723.497952
-3.050761,12,5724.947389
-2.49683,12,5725.996098
-1.489108,12,5727.204499
-2.167838,12,5728.362093
-1.178616,12,5729.629084
-1.207996,12,5730.628001
-2.175019,12,5731.895819
-2.627009,12,5733.042046
-1.66671,12,5734.129634
-2.841307,12,5735.457293
-1.195475,12,5736.53845
-1.290085,12,5737.761254
-3.022077,12,5738.876684
-3.961582,12,5740.448245
-1.742814,12,5741.788486
-2.488072,12,5743.119893
-2.802634,12,5744.437614
-0.543274,12,5745.416128
-2.193731,12,5746.70832
-2.962974,12,5747.856908
-2.098436,12,5749.010397
-1.988917,12,5750.137956
-0.94927,12,5751.149957
-4.21101,12,5753.465088
-4.058117,12,5754.892814
-1.646819,12,5756.053883
-2.712687,12,5757.416177
-1.314641,12,5758.548764
-3.607522,12,5759.975045
-1.555571,12,5761.078569
-1.215531,12,5762.14818
-0.967868,12,5763.146987
-1.517564,12,5764.376251
-1.903306,12,5765.517363
-2.058142,12,5766.799182
-4.974851,12,5768.092539
-1.143699,12,5769.102872
-1.947704,12,5770.253548
-2.353932,12,5771.419852
-2.225303,12,5772.423343
-1.342632,12,5773.595932
-1.901709,12,5774.827222
-1.232572,12,5776.039113
-1.773229,12,5777.287954
-1.477853,12,5778.479043
-1.362508,12,5779.572661
-0.907597,12,5780.655617
-1.108673,12,5781.694234
-3.300522,12,5782.970222
-2.351016,12,5784.206539
-1.397525,12,5785.285567
-0.857809,12,5786.496191
-4.225052,12,5788.093496
-4.020933,12,5789.409681
-1.128737,12,5790.425117
-3.192832,12,5791.773101
-1.335968,12,5792.789002
-1.204232,12,5794.020479
-1.591627,12,5795.31883
-1.601544,12,5796.460357
-1.387154,12,5797.634264
-3.406465,12,5798.973273
-0.880556,12,5799.978606
-1.874089,12,5801.155347
-2.17217,12,5802.347919
-0.695239,12,5803.540728
-1.575798,12,5805.812946
-1.436821,12,5806.92345
-1.377475,12,5807.931679
-2.83572,12,5809.41489
-3.077716,12,5810.677177
-1.474623,12,5811.828411
-3.649964,12,5813.260179
-3.68331,12,5814.588588
-1.873463,12,5815.673525
-2.7348,12,5816.978426
-1.620538,12,5818.135133
-1.979169,12,5819.342448
-3.962546,12,5820.776243
-4.401496,12,5822.198537
-3.241063,12,5823.583275
-2.159392,12,5824.784447
-3.113718,12,5826.153518
-0.923828,12,5827.1479
-1.884391,12,5828.360847
-6.234883,12,5830.020702
-1.846257,12,5831.23874
-1.145986,12,5832.308918
-5.406088,12,5833.796787
-1.725359,12,5834.905606
-1.632936,12,5836.076769
-1.952659,12,5837.294644
-2.08668,12,5838.748324
-0.796266,12,5839.815335
-2.069721,12,5841.03369
-0.712337,12,5842.113486
-1.707861,12,5843.288612
-2.041993,12,5844.50875
-2.481554,12,5845.752072
-2.169734,12,5846.964392
-0.733743,12,5847.979539
-1.069784,12,5848.971444
-2.678446,12,5850.209729
-1.387003,12,5851.319842
-2.582521,12,5852.625666
-0.723959,12,5853.716331
-1.065288,12,5854.701122
-1.554687,12,5855.816774
-0.912124,12,5857.02388
-2.994627,12,5859.428883
-1.727272,12,5860.67261
-1.12463,12,5861.796636
-1.377523,12,5862.795406
-1.932735,12,5864.01931
-1.594875,12,5865.181597
-2.960991,12,5866.70014
-0.830511,12,5867.757141
-1.230753,12,5868.983683
-2.070883,12,5870.126472
-2.581551,12,5871.625631
-1.341193,12,5872.885692
-1.803975,12,5874.168993
-1.373145,12,5875.196372
-2.986219,12,5876.771604
-1.174213,12,5877.836311
-1.837405,12,5879.155174
-3.197011,12,5880.371723
-1.411614,12,5881.639143
-1.645168,12,5882.746435
-2.24223,12,5884.213429
-1.422338,12,5885.369085
-1.285376,12,5886.589296
-1.358187,12,5887.564106
-0.735203,12,5888.561415
-0.858534,12,5889.757536
-1.278541,12,5890.9623
-1.197862,12,5892.229581
-0.777649,12,5893.457505
-2.023615,12,5894.667214
-1.888707,12,5895.948691
-3.706115,12,5897.430096
-1.702413,12,5898.748219
-1.78695,12,5899.99963
-0.837561,12,5901.110059
-0.653132,12,5902.220496
-2.279597,12,5903.485267
-3.423298,12,5904.868105
-3.760724,12,5906.147674
-2.350969,12,5907.409003
-1.283611,12,5908.623109
-1.871018,12,5909.782561
-1.004484,12,5912.301986
-1.016033,12,5913.43726
-2.359385,12,5914.951449
-0.782486,12,5916.226939
-0.403895,12,5917.345866
-2.523606,12,5918.876169
-1.14982,12,5919.987893
-1.857196,12,5921.174263
-0.829577,12,5922.35318
-1.056988,12,5923.39701
-2.27754,12,5924.846694
-1.699023,12,5925.975712
-6.773527,12,5927.426904
-1.571196,12,5928.591672
-1.874414,12,5929.862953
-1.438915,12,5930.971281
-1.432823,12,5932.204265
-1.729409,12,5933.338367
-1.634544,12,5934.656711
-2.338208,12,5935.924071
-1.404083,12,5936.957143
-0.598551,12,5938.028382
-1.102412,12,5939.078055
-1.566657,12,5940.299534
-2.67917,12,5941.613279
-1.472385,12,5942.902122
-0.736115,12,5944.09206
-1.064898,12,5945.25792
-1.726314,12,5946.355125
-2.438383,12,5947.723247
-2.335853,12,5948.981424
-3.867263,12,5950.357381
-1.416494,12,5951.387679
-1.053867,12,5952.374778
-1.228982,12,5953.586908
-0.694801,12,5954.737592
-1.393961,12,5955.827352
-0.910875,12,5956.853812
-2.165343,12,5958.051141
-3.132135,12,5959.540212
-0.945323,12,5960.667268
-1.991992,12,5961.826941
-0.824283,12,5963.081052
-3.062258,12,5965.843858
-2.449258,12,5967.119091
-1.474508,12,5968.234231
-3.307694,12,5969.658753
-1.041052,12,5970.678948
-1.573954,12,5971.869254
-1.015575,12,5972.924503
-4.203247,12,5974.306272
-1.911127,12,5975.376547
-1.146514,12,5976.345328
-2.053292,12,5977.555979
-3.775498,12,5978.905433
-1.014622,12,5980.197732
-3.037658,12,5981.621709
-3.538181,12,5982.857
-1.874537,12,5984.157995
-1.496554,12,5985.357088
-2.279069,12,5986.49386
-0.83876,12,5987.477163
-1.650688,12,5988.612153
-4.452782,12,5989.929466
-3.010154,12,5991.373387
-1.331444,12,5992.499925
-1.402909,12,5993.687561
-1.000852,12,5994.890659
-2.029621,12,5996.065036
-2.448997,12,5997.39309
-3.199701,12,5998.799668
-2.010274,12,6000.053153
-1.006049,12,6001.039464
-4.051696,12,6002.164454
-2.783995,12,6003.456551
-2.383266,12,6004.72089
-2.423666,12,6006.113492
-1.30844,12,6007.25946
-3.480874,12,6008.571486
-1.853492,12,6009.684439
-1.101532,12,6010.864025
-2.030282,12,6012.044996
-2.000765,12,6013.179648
-0.807645,12,6014.268725
-1.873897,12,6015.433737
-4.038273,12,6016.842212
-1.22615,12,6019.108602
-1.586772,12,6020.150154
-1.252908,12,6021.297929
-2.081774,12,6022.294649
-1.315806,12,6023.409836
-2.20893,12,6024.559473
-1.506649,12,6025.798841
-1.526445,12,6027.055321
-1.211853,12,6028.300632
-1.211141,12,6029.382688
-2.586042,12,6031.024245
-1.304851,12,6032.200827
-1.504128,12,6033.483484
-1.502913,12,6034.709477
-2.006157,12,6036.011683
-4.020416,12,6037.261534
-1.786371,12,6038.486618
-1.732749,12,6039.674258
-1.540366,12,6040.800122
-2.861302,12,6042.122645
-0.966743,12,6043.188448
-5.101111,12,6044.870694
-2.664192,12,6046.162636
-1.853988,12,6047.275567
-2.152669,12,6048.501761
-1.31462,12,6049.594837
-1.02793,12,6050.752487
-1.430043,12,6051.925339
-3.631492,12,6053.344915
-2.798827,12,6054.74497
-2.811299,12,6056.065237
-3.042491,12,6057.243309
-1.963775,12,6058.512706
-1.457281,12,6059.74305
-0.84977,12,6060.857658
-2.33058,12,6062.070473
-1.731574,12,6063.149471
-1.586376,12,6064.248621
-1.19111,12,6065.272779
-1.664753,12,6066.35429
-0.816768,12,6067.490108
-1.477809,12,6068.569415
-4.19813,12,6071.575046
-0.830652,12,6072.853046
-0.53425,12,6074.02209
-0.688771,12,6075.015956
-1.169881,12,6076.087415
-0.694525,12,6077.064769
-2.540118,12,6078.30248
-1.978758,12,6079.449667
-1.752297,12,6080.734654
-1.649628,12,6081.966297
-1.837085,12,6083.091376
-2.572137,12,6084.49255
-1.147689,12,6085.543341
-1.039429,12,6086.68238
-1.588856,12,6088.035887
-1.475881,12,6089.226159
-0.885545,12,6090.301991
-2.477012,12,6091.464192
-3.696161,12,6092.844921
-0.944282,12,6093.909569
-1.295933,12,6095.091384
-2.312322,12,6096.256824
-1.844719,12,6097.376162
-1.313558,12,6098.532713
-1.43357,12,6099.674683
-3.188202,12,6100.923778
-4.21549,12,6102.354772
-1.772406,12,6103.545516
-1.555773,12,6104.612064
-1.311569,12,6105.720536
-1.501506,12,6106.986048
-1.617947,12,6108.173163
-4.113626,12,6109.530654
-0.669975,12,6110.675103
-1.318439,12,6111.776895
-2.008921,12,6112.977046
-1.254248,12,6114.020105
-2.355385,12,6115.273838
-2.386076,12,6116.535796
-1.483194,12,6117.565564
-1.785476,12,6118.881624
-1.188023,12,6120.026538
-1.426702,12,6121.239754
-2.493856,12,6123.568087
-1.189464,12,6124.796206
-3.336128,12,6126.1865
-2.599293,12,6127.25235
-0.774213,12,6128.246515
-3.389147,12,6129.647121
-3.271289,12,6131.162094
-0.666377,12,6132.239846
-1.922668,12,6133.421895
-2.198619,12,6134.500611
-1.320743,12,6135.834564
-1.227137,12,6136.965574
-2.145433,12,6138.344402
-2.488449,12,6139.667691
-1.384897,12,6140.954358
-3.692035,12,6142.303787
-1.465554,12,6143.536877
-1.483711,12,6144.641048
-1.78903,12,6145.936918
-0.954485,12,6146.920864
-2.417012,12,6148.244582
-0.862635,12,6149.473115
-3.236118,12,6150.943645
-4.288327,12,6152.460569
-1.463515,12,6153.527774
-1.760442,12,6154.702193
-2.20024,12,6155.915054
-0.784946,12,6157.070401
-1.756595,12,6158.314311
-1.716138,12,6159.692639
-1.632056,12,6160.976584
-2.148096,12,6162.169123
-1.106944,12,6163.268382
-0.977237,12,6164.402366
-2.06391,12,6165.758276
-3.219622,12,6167.359997
-0.707183,12,6168.381507
-1.512316,12,6169.553471
-3.869857,12,6170.873604
-3.282219,12,6172.169252
-1.270973,12,6173.328479
-1.312675,12,6174.40809
-3.827132,12,6175.849112
-2.538411,12,6178.239895
-1.377853,12,6179.435239
-3.10749,12,6180.978733
-1.39555,12,6182.147023
-0.671452,12,6183.40365
-2.506292,12,6184.830456
-1.341188,12,6186.03374
-3.532827,12,6187.360406
-2.877205,12,6188.601764
-1.251898,12,6189.826098
-0.624364,12,6191.143141
-1.005449,12,6192.248614
-1.485436,12,6193.468001
-3.490629,12,6194.939282
-2.785114,12,6196.378357
-1.43113,12,6197.423018
-1.593899,12,6198.58927
-1.678065,12,6199.807434
-2.901184,12,6201.199544
-1.452839,12,6202.40146
-0.90932,12,6203.551156
-1.116126,12,6204.571279
-1.782649,12,6205.698262
-3.34612,12,6206.921776
-0.946342,12,6207.9915
-1.636713,12,6209.226505
-0.752761,12,6210.398041
-2.613699,12,6211.79024
-2.961319,12,6213.030859
-2.327745,12,6214.30551
-0.90816,12,6215.331936
-4.336882,12,6216.735529
-3.233418,12,6218.230016
-3.152517,12,6219.654709
-3.247688,12,6220.858864
-4.238534,12,6222.286731
-2.736166,12,6223.728339
-1.784909,12,6224.933185
-1.262536,12,6225.967005
-1.240488,12,6227.175792
-1.102661,12,6228.235396
-1.384102,12,6229.540156
-3.183677,12,6231.969385
-2.569603,12,6233.27206
-2.7137,12,6234.604071
-0.94677,12,6235.600443
-3.382849,12,6237.124039
-3.508473,12,6238.72266
-0.957212,12,6239.929182
-1.978373,12,6241.033749
-1.425186,12,6242.26523
-1.248563,12,6243.308759
-4.413511,12,6244.774085
-1.258932,12,6245.819683
-0.627922,12,6246.779442
-2.268437,12,6248.11231
-2.231652,12,6249.369279
-0.914994,12,6250.485214
-4.45375,12,6251.843866
-0.789558,12,6252.816483
-0.819993,12,6253.836553
-0.797577,12,6254.941713
-3.983731,12,6256.276409
-1.959537,12,6257.453579
-0.905919,12,6258.512732
-0.849589,12,6259.755755
-1.272402,12,6260.795196
-1.112276,12,6261.874944
-1.496801,12,6263.163268
-1.631736,12,6264.254167
-1.356504,12,6265.418068
-1.578077,12,6266.492388
-3.367743,12,6268.04109
-3.341994,12,6269.446341
-1.104746,12,6270.51718
-2.839893,12,6271.877187
-1.59521,12,6273.11174
-2.207622,12,6274.593552
-1.781176,12,6275.902124
-2.43728,12,6277.583734
-1.273261,12,6279.040676
-0.750373,12,6280.332671
-2.294125,12,6281.440852
-2.3644,12,6282.789592
-2.44839,12,6284.371902
-2.427142,12,6287.088123
-1.709965,12,6288.337776
-4.576841,12,6290.041644
-2.598053,12,6291.474043
-0.741762,12,6292.780775
-0.546968,12,6293.827747
-0.817465,12,6294.941331
-1.793051,12,6296.178557
-1.893657,12,6297.294169
-2.549682,12,6298.675903
-1.422016,12,6300.029889
-1.285224,12,6301.253937
-2.85883,12,6302.772686
-2.005422,12,6304.633466
-1.635935,12,6305.973759
-1.231895,12,6307.363216
-1.664461,12,6308.480888
-3.549018,12,6309.762337
-3.922745,12,6311.169429
-2.403931,12,6312.465339
-3.372847,12,6313.810883
-1.595316,12,6314.947444
-2.422633,12,6316.128274
-2.842008,12,6317.445565
-2.73374,12,6318.759883
-1.992573,12,6319.937675
-1.436969,12,6321.065862
-2.395701,12,6322.324143
-0.775286,12,6323.389877
-4.009341,12,6324.850492
-1.539132,12,6326.090599
-1.16712,12,6327.212845
-1.492654,12,6328.389856
-2.398678,12,6329.624068
-1.288576,12,6330.83359
-3.158035,12,6332.113566
-2.716393,12,6333.334822
-3.344857,12,6334.571123
-1.813123,12,6335.720473
-3.796075,12,6337.274114
-1.597192,12,6338.368059
-2.116836,12,6339.448176
-1.067446,12,6340.613008
-2.23098,12,6342.964114
-1.793517,12,6344.183593
-1.677346,12,6345.374421
-2.590685,12,6346.669628
-1.729098,12,6347.796554
-1.643918,12,6349.048787
-0.994089,12,6350.258973
-2.368583,12,6351.595148
-1.739616,12,6352.929955
-2.889857,12,6354.336521
-1.588318,12,6355.511682
-1.284661,12,6356.537306
-1.264671,12,6357.751849
-1.733832,12,6358.913976
-1.055861,12,6360.176956
-1.272482,12,6361.367065
-1.814301,12,6362.565833
-1.462946,12,6363.682496
-1.848056,12,6364.958751
-1.952446,12,6366.160375
-1.924294,12,6367.386249
-1.321494,12,6368.612037
-3.598105,12,6370.172438
-2.909303,12,6371.448804
-0.91998,12,6372.543539
-3.464928,12,6374.019972
-1.393541,12,6375.219101
-2.987837,12,6376.415314
-1.060213,12,6377.506433
-1.510772,12,6378.704792
-1.102032,12,6379.7717
-1.230441,12,6381.001402
-2.993677,12,6382.346531
-2.265398,12,6383.607379
-1.478362,12,6384.867349
-3.006841,12,6386.485619
-2.818846,12,6387.785428
-0.978513,12,6388.786371
-2.217577,12,6389.985877
-1.683197,12,6391.102064
-1.345417,12,6392.161751
-1.431192,12,6393.359726
-0.691754,12,6395.345322
-1.540032,12,6396.678885
-1.790358,12,6398.05677
-0.950534,12,6399.127603
-0.795036,12,6400.192839
-2.14977,12,6401.425805
-1.462356,12,6402.597001
-0.981676,12,6403.710397
-1.258361,12,6404.759157
-0.657687,12,6405.834508
-0.658883,12,6406.857356
-1.821802,12,6408.091368
-3.705302,12,6409.338228
-3.964888,12,6410.70994
-1.713014,12,6411.939177
-0.819288,12,6413.022738
-1.069785,12,6414.108645
-2.433447,12,6415.302941
-2.437088,12,6416.684912
-1.676445,12,6417.797344
-3.491477,12,6419.284629
-0.625388,12,6420.487805
-2.153342,12,6421.692878
-1.074704,12,6422.80265
-2.970937,12,6424.129838
-1.727016,12,6425.263529
-4.640589,12,6426.776275
-1.719042,12,6428.018647
-1.813505,12,6429.285107
-2.03676,12,6430.550294
-2.380889,12,6431.89642
-1.027121,12,6432.940721
-0.551212,12,6434.099406
-2.076493,12,6435.405393
-2.454654,12,6436.456298
-1.000349,12,6437.497185
-1.350352,12,6438.500903
-2.810595,12,6439.808441
-0.76889,12,6441.056232
-2.220703,12,6442.433139
-1.248838,12,6443.486644
-1.804314,12,6444.681117
-2.518535,12,6445.959372
-1.424584,12,6448.331549
-1.366268,12,6449.474127
-3.174533,12,6450.708947
-2.287075,12,6451.896621
-1.067914,12,6453.002193
-3.261272,12,6454.391349
-1.000835,12,6455.413021
-2.517603,12,6456.700047
-1.057916,12,6457.834337
-1.114632,12,6458.922262
-1.580443,12,6460.187403
-1.111843,12,6461.188133
-3.42866,12,6462.503085
-2.277579,12,6463.656734
-1.588189,12,6464.748652
-0.891627,12,6465.747024
-3.490843,12,6467.184368
-2.752152,12,6468.332375
-3.501518,12,6469.81619
-2.499057,12,6471.020421
-3.198754,12,6472.420879
-3.51302,12,6473.923475
-1.701588,12,6474.97924
-1.743113,12,6476.112703
-1.287791,12,6477.250157
-0.846844,12,6478.31575
-0.919309,12,6479.441918
-1.819737,12,6480.605827
-1.753375,12,6481.695861
-1.674832,12,6482.864387
-0.537076,12,6483.963642
-2.295901,12,6485.225157
-0.969457,12,6486.230042
-0.845702,12,6487.226284
-1.372014,12,6488.393141
-2.580634,12,6489.767428
-0.797053,12,6490.939834
-2.282094,12,6492.394605
-0.957118,12,6493.390787
-1.476744,12,6494.46238
-2.018785,12,6495.809983
-0.589711,12,6496.826637
-0.928632,12,6497.890346
-1.402345,12,6500.111446
-4.098645,12,6501.439565
-1.677852,12,6502.605756
-0.513986,12,6503.584934
-1.286409,12,6504.737917
-2.969155,12,6506.017279
-2.511961,12,6507.393346
-2.136558,12,6508.709892
-1.759478,12,6509.796184
-3.601297,12,6511.316816
-1.378643,12,6512.391235
-2.985119,12,6513.708322
-1.255735,12,6514.86648
-1.262778,12,6516.145882
-1.049856,12,6517.38024
-1.476005,12,6518.636619
-1.136451,12,6519.686772
-2.121742,12,6521.047567
-0.757137,12,6522.124226
-2.151819,12,6523.394363
-1.309153,12,6524.582059
-1.424026,12,6525.755574
-1.269529,12,6527.087031
-1.729281,12,6528.260658
-1.940598,12,6529.317454
-4.068895,12,6530.736702
-1.013357,12,6531.75335
-1.268955,12,6532.788729
-2.983435,12,6534.203036
-2.353218,12,6535.577203
-3.796891,12,6537.007547
-0.997131,12,6538.269213
-0.757164,12,6539.311742
-1.106418,12,6540.569946
-0.977186,12,6541.663693
-2.21724,12,6542.916984
-4.907715,12,6544.41669
-1.843485,12,6545.460817
-1.097942,12,6546.686446
-2.072989,12,6547.935725
-1.79325,12,6549.019813
-0.583116,12,6550.065871
-0.843412,12,6552.028026
-1.672401,12,6553.318747
-1.927676,12,6554.564086
-1.528685,12,6555.709973
-3.083281,12,6557.056301
-2.156843,12,6558.273665
-1.878119,12,6559.47781
-2.684392,12,6560.704953
-3.403843,12,6562.099568
-0.806654,12,6563.294434
-1.687057,12,6564.429559
-1.541782,12,6565.665159
-5.62307,12,6567.006326
-1.261913,12,6568.227673
-2.30755,12,6569.519744
-3.074626,12,6570.89034
-2.312053,12,6572.009659
-1.654856,12,6573.1121
-2.912943,12,6574.522596
-1.216591,12,6575.743313
-1.883153,12,6577.009284
-1.285524,12,6578.146291
-2.286422,12,6579.480102
-5.167607,12,6580.988944
-1.717029,12,6582.316612
-2.835632,12,6583.682603
-2.730404,12,6585.012462
-1.993809,12,6586.286789
-0.965765,12,6587.351906
-2.112451,12,6588.682325
-2.890141,12,6590.081539
-3.232916,12,6591.285923
-1.559773,12,6592.566176
-1.847266,12,6593.794362
-0.877406,12,6594.883281
-1.971514,12,6596.119707
-1.49598,12,6597.100233
-0.897393,12,6598.191739
-0.840047,12,6599.298384
-1.748587,12,6600.304946
-1.134061,12,6601.38041
-1.362147,12,6602.369919
-0.729655,12,6603.553614
-3.305512,12,6606.098766
-0.776042,12,6607.051617
-1.039566,12,6608.147585
-3.815221,12,6609.631304
-1.104498,12,6610.755783
-4.286302,12,6612.171456
-0.755922,12,6613.384673
-2.610491,12,6614.687346
-1.273916,12,6615.8854
-1.375552,12,6616.888266
-1.235526,12,6617.939664
-1.659608,12,6619.068175
-1.527427,12,6620.231198
-1.036236,12,6621.354958
-2.056444,12,6622.676921
-1.2863,12,6623.833007
-1.18228,12,6625.035655
-0.769584,12,6626.119261
-1.121026,12,6627.11559
-1.621471,12,6628.288247
-3.752576,12,6629.611736
-2.583885,12,6630.972558
-3.475867,12,6632.240976
-1.581734,12,6633.372755
-1.190048,12,6634.436206
-1.232665,12,6635.56721
-1.023016,12,6636.521366
-3.084246,12,6637.766067
-2.195863,12,6638.980502
-3.97571,12,6640.318975
-1.205899,12,6641.3217
-3.335519,12,6642.77674
-0.524475,12,6643.815457
-4.351738,12,6645.393875
-2.518479,12,6646.713256
-1.080468,12,6647.951824
-1.090183,12,6648.930158
-2.111631,12,6650.174538
-2.210275,12,6651.180834
-1.523903,12,6652.350792
-3.202119,12,6653.595973
-1.685085,12,6654.761136
-1.052167,12,6655.96101
-2.992438,12,6658.490918
-2.846432,12,6659.678416
-1.557223,12,6660.696683
-0.661944,12,6661.838842
-2.377123,12,6663.267704
-1.373349,12,6664.305242
-1.828204,12,6665.450922
-3.490994,12,6666.671427
-1.468542,12,6667.80501
-0.984215,12,6668.994438
-1.763697,12,6670.084734
-1.658105,12,6671.076494
-0.726451,12,6672.127981
-1.859602,12,6673.206515
-3.528655,12,6674.51995
-1.03097,12,6675.738653
-1.198459,12,6676.831345
-1.297307,12,6677.899472
-1.270504,12,6679.064128
-1.727962,12,6680.235878
-2.612872,12,6681.513324
-2.066005,12,6682.877554
-3.231298,12,6684.237679
-1.954371,12,6685.404077
-2.069434,12,6686.719466
-1.843867,12,6687.925112
-1.346889,12,6689.06484
-1.076015,12,6690.201798
-2.926846,12,6691.736904
-1.744301,12,6693.012211
-1.418769,12,6694.116683
-2.945864,12,6695.306762
-1.605561,12,6696.472174
-1.182613,12,6697.452657
-1.013254,12,6698.553508
-1.550878,12,6699.625871
-2.457863,12,6700.83642
-1.476091,12,6702.051218
-1.685635,12,6703.319007
-3.084518,12,6704.599162
-1.297379,12,6705.712455
-1.325705,12,6706.853498
-1.740596,12,6708.943582
-0.859985,12,6710.17939
-3.409646,12,6711.594202
-4.393159,12,6713.145473
-1.023014,12,6714.391404
-2.005663,12,6715.649914
-1.914972,12,6717.012834
-3.152996,12,6718.251978
-1.906531,12,6719.242251
-1.256747,12,6720.51488
-1.30187,12,6721.641734
-1.589004,12,6722.849637
-3.355199,12,6724.078727
-0.96973,12,6725.087482
-1.204211,12,6726.292232
-2.431279,12,6727.604079
-0.887015,12,6728.57132
-1.060177,12,6729.730158
-2.222537,12,6730.994593
-1.641583,12,6732.159462
-1.723096,12,6733.374896
-1.082432,12,6734.467066
-3.082201,12,6735.925021
-2.984825,12,6737.170294
-1.256917,12,6738.304359
-1.588926,12,6739.300964
-2.691058,12,6740.724558
-2.335094,12,6741.881676
-0.979755,12,6742.852788
-1.013343,12,6743.919276
-1.584669,12,6745.090384
-1.457701,12,6746.199232
-1.614789,12,6747.325671
-1.616787,12,6748.506916
-2.175695,12,6749.758993
-1.578883,12,6751.020362
-0.905652,12,6752.026409
-1.809483,12,6753.250126
-1.480714,12,6754.36912
-1.33717,12,6755.349333
-4.033406,12,6756.748891
-1.761341,12,6757.905437
-1.41966,12,6758.984506
-2.14213,12,6761.264638
-1.349005,12,6762.44303
-0.907513,12,6763.563934
-0.803825,12,6764.673563
-0.826591,12,6765.761208
-1.765015,12,6767.01804
-2.135457,12,6768.325028
-1.170157,12,6769.378031
-2.533965,12,6770.827541
-0.682723,12,6771.84955
-1.41569,12,6773.485086
-0.635907,12,6774.66433
-1.00676,12,6775.685063
-1.510375,12,6777.09008
-1.60604,12,6778.344811
-1.067786,12,6779.523992
-1.515611,12,6780.61028
-5.299127,12,6782.473725
-2.136228,12,6783.883124
-3.909214,12,6785.337037
-3.260782,12,6786.87032
-1.946419,12,6788.008322
-1.316465,12,6789.096807
-1.006817,12,6790.162827
-3.328327,12,6791.443967
-1.587752,12,6792.695055
-2.032262,12,6794.11311
-1.160777,12,6795.335264
-2.424195,12,6796.744689
-2.715659,12,6798.267002
-2.410221,12,6799.270672
-0.775369,12,8070.314097
-2.711226,12,8072.52325
-1.877069,12,8074.316919
-0.988262,12,8075.555622
-2.231468,12,8076.838442
-3.015873,12,8078.447539
-1.711947,12,8079.891198
-1.229794,12,8081.290153
-3.879761,12,8082.912348
-1.996446,12,8084.346634
-1.542939,12,8085.756127
-2.703096,12,8087.407106
-3.093873,12,8090.557839
-0.83866,12,8091.833279
-2.183787,12,8092.92016
-3.346652,12,8094.560941
-3.581594,12,8095.670196
-0.997104,12,8096.465905
-2.031259,12,8097.290446
-3.124229,12,8098.136498
-1.002452,12,8098.901521
-0.893527,12,8099.698418
-2.139627,12,8100.470074
-2.124649,12,8101.381496
-1.921934,12,8102.188665
-2.128232,12,8102.99373
-0.552953,12,8103.71524
-0.806727,12,8104.423365
-0.449221,12,8105.175034
-1.558592,12,8105.97062
-1.098883,12,8106.704899
-2.833987,12,8107.521689
-1.911925,12,8108.245298
-2.347707,12,8108.976199
-0.994806,12,8109.676715
-0.823757,12,8110.425227
-4.286843,12,8111.269177
-1.160549,12,8111.978243
-0.641785,12,8112.709012
-1.710797,12,8113.461956
-2.903428,12,8114.237593
-0.742364,12,8114.932602
-2.515535,12,8115.659696
-0.701564,12,8116.342642
-0.840197,12,8117.053549
-0.601337,12,8117.748968
-1.089805,12,8118.500549
-1.187467,12,8119.246112
-1.306359,12,8119.972471
-3.176827,12,8120.778038
-4.329437,12,8121.55335
-2.116046,12,8122.307799
-2.184714,12,8123.024095
-0.889057,12,8123.729563
-3.612747,12,8124.911114
-2.555917,12,8125.670017
-3.732631,12,8126.431401
-0.974094,12,8127.169176
-2.514045,12,8127.910555
-2.329605,12,8128.669795
-1.405074,12,8129.419984
-1.490278,12,8130.157124
-1.625325,12,8130.905818
-4.13977,12,8131.711262
-3.437239,12,8132.448933
-1.143201,12,8133.173879
-2.423473,12,8133.93581
-3.861714,12,8134.703783
-1.562014,12,8135.419375
-2.101251,12,8136.162553
-1.652885,12,8136.880874
-0.937455,12,8137.604195
-2.123937,12,8138.358965
-2.208282,12,8139.122804
-0.909876,12,8139.822399
-2.220943,12,8140.589757
-2.585772,12,8141.349605
-1.448845,12,8142.052742
-1.78428,12,8142.799743
-2.136521,12,8143.490655
-2.030168,12,8144.212114
-1.366257,12,8144.953055
-1.826831,12,8145.690439
-0.924532,12,8146.411559
-3.342367,12,8147.219894
-3.034713,12,8147.970232
-1.40174,12,8148.709238
-4.378943,12,8149.554844
-1.430416,12,8150.299755
-0.833622,12,8151.029655
-1.952916,12,8151.748347
-0.915158,12,8152.472552
-1.012909,12,8153.206703
-1.708882,12,8153.986331
-5.292616,12,8154.846259
-1.479926,12,8155.575311
-0.857051,12,8156.307153
-1.168395,12,8157.426635
-1.643054,12,8158.18369
-1.005346,12,8158.898094
-0.608071,12,8159.629142
-2.006759,12,8160.374007
-1.426793,12,8161.136142
-3.651553,12,8161.915999
-2.118751,12,8162.675764
-4.053699,12,8163.518919
-2.267661,12,8164.236849
-1.056075,12,8164.986059
-3.016329,12,8165.793977
-4.723004,12,8166.602503
-0.544384,12,8167.293188
-0.865723,12,8167.985779
-2.217212,12,8168.718468
-1.52706,12,8169.450817
-0.514803,12,8170.151287
-1.507537,12,8170.898469
-0.837208,12,8171.584227
-2.561464,12,8172.331765
-2.884268,12,8173.082478
-1.584091,12,8173.794137
-0.639939,12,8174.489583
-1.599514,12,8175.247303
-0.6532,12,8175.96486
-0.928087,12,8176.671209
-1.253256,12,8177.369472
-2.948219,12,8178.107742
-1.790608,12,8178.806309
-1.125851,12,8179.522317
-2.395632,12,8180.298403
-1.618636,12,8181.042095
-2.012394,12,8181.793513
-3.535547,12,8182.542543
-2.528032,12,8183.311702
-1.534902,12,8184.084148
-0.948567,12,8184.80231
-2.885967,12,8185.561523
-2.057056,12,8186.255188
-1.893062,12,8186.970682
-1.031043,12,8187.708615
-2.06156,12,8188.436209
-2.231866,12,8189.618075
-3.726552,12,8190.42314
-0.866422,12,8191.148649
-1.392813,12,8191.861058
-4.026024,12,8192.686965
-1.696234,12,8193.429577
-2.466857,12,8194.187763
-1.087769,12,8194.905505
-2.044145,12,8195.636621
-1.069052,12,8196.352085
-3.298346,12,8197.114939
-1.181105,12,8197.828052
-2.780972,12,8198.571229
-0.667062,12,8199.288817
-1.71649,12,8200.052313
-1.02755,12,8200.750929
-0.922792,12,8201.428161
-0.8819,12,8202.135192
-2.35454,12,8202.83001
-1.255555,12,8203.57187
-2.474106,12,8204.322549
-2.23973,12,8205.063807
-1.414302,12,8205.810003
-3.633577,12,8206.605897
-1.155667,12,8207.28884
-1.041982,12,8208.004539
-1.383283,12,8208.699991
-2.065213,12,8209.471425
-1.624372,12,8210.184106
-2.538501,12,8210.947912
-2.531113,12,8211.723872
-1.519446,12,8212.456809
-2.17107,12,8213.1933
-1.132465,12,8213.945959
-1.410025,12,8214.669316
-2.110765,12,8215.407976
-1.035765,12,8216.155903
-1.959639,12,8216.917634
-2.985453,12,8217.685882
-3.196028,12,8218.455055
-2.287982,12,8219.169987
-1.716556,12,8219.927527
-1.070754,12,8220.99692
-2.267734,12,8221.722988
-1.979032,12,8222.467817
-2.486916,12,8223.207412
-0.970423,12,8223.947541
-2.839759,12,8224.712855
-1.493269,12,8225.445342
-1.531039,12,8226.178422
-0.658436,12,8226.894926
-2.264517,12,8227.60869
-2.671105,12,8228.350521
-2.084233,12,8229.10257
-2.413875,12,8229.861374
-1.28845,12,8230.570512
-1.14395,12,8231.278668
-1.628795,12,8232.024509
-0.954147,12,8232.717991
-2.54563,12,8233.499959
-0.97273,12,8234.236276
-2.227809,12,8234.9301
-0.838283,12,8235.647089
-1.025419,12,8236.381159
-1.151376,12,8237.066161
-1.677099,12,8237.808711
-4.994424,12,8238.647354
-2.063649,12,8239.412504
-1.726666,12,8240.155542
-1.238864,12,8240.87703
-0.759254,12,8241.581156
-1.522858,12,8242.301467
-0.833847,12,8243.029413
-1.190683,12,8243.731126
-1.039108,12,8244.427327
-0.837939,12,8245.129796
-1.431735,12,8245.858777
-1.356936,12,8246.59041
-1.418951,12,8247.331151
-1.731841,12,8248.037773
-2.03707,12,8248.753139
-1.03466,12,8249.53554
-1.822343,12,8250.33417
-1.983273,12,8251.095771
-2.258532,12,8251.897106
-0.92994,12,8253.097641
-2.459792,12,8254.006835
-1.511158,12,8254.737977
-3.146567,12,8255.530133
-2.034093,12,8256.258009
-1.502375,12,8256.993762
-1.236041,12,8257.684412
-2.436353,12,8258.45379
-2.205313,12,8259.164596
-2.734882,12,8259.941579
-2.425389,12,8260.702136
-1.455994,12,8261.428217
-3.534163,12,8262.212342
-1.521724,12,8262.918335
-1.86366,12,8263.667464
-4.142557,12,8264.438274
-0.751325,12,8265.125768
-1.366905,12,8265.827827
-3.619021,12,8266.627163
-3.927928,12,8267.423054
-2.142063,12,8268.212575
-4.180529,12,8268.973554
-2.024899,12,8269.683559
-2.243675,12,8270.446515
-2.397595,12,8271.217524
-1.025676,12,8271.960437
-3.906941,12,8272.727441
-1.446152,12,8273.469547
-1.475933,12,8274.178619
-2.686486,12,8274.912977
-3.474148,12,8275.718215
-0.9291,12,8276.394027
-0.666431,12,8277.12069
-2.265324,12,8277.944374
-0.888435,12,8278.644606
-1.665191,12,8279.370193
-1.061158,12,8280.084301
-2.049873,12,8280.805172
-1.561648,12,8281.548096
-2.562708,12,8282.299171
-0.733066,12,8282.991347
-1.139543,12,8283.736131
-0.581398,12,8284.416153
-1.649278,12,8285.511792
-2.441605,12,8286.281548
-0.613879,12,8286.994731
-2.226766,12,8287.686093
-1.361086,12,8288.420455
-1.372512,12,8289.117066
-3.478538,12,8289.89767
-1.41201,12,8290.595588
-1.827205,12,8291.302022
-1.757896,12,8292.015852
-0.762962,12,8292.714994
-2.288062,12,8293.450657
-2.220289,12,8294.224191
-2.802318,12,8295.026232
-1.130446,12,8295.731361
-2.01708,12,8296.43101
-1.760758,12,8297.153365
-2.082246,12,8297.911234
-1.282678,12,8298.658722
-2.481864,12,8299.426167
-2.808893,12,8300.212938
-2.13112,12,8300.985039
-2.707126,12,8301.7262
-0.864817,12,8302.449776
-1.86402,12,8303.16748
-1.476135,12,8303.914898
-1.091395,12,8304.612553
-2.647339,12,8305.379509
-2.099227,12,8306.122704
-1.477039,12,8306.849635
-1.864072,12,8307.599057
-1.44469,12,8308.361112
-0.997684,12,8309.075445
-2.694301,12,8309.83891
-2.554568,12,8310.587033
-0.83464,12,8311.300813
-3.499663,12,8312.086822
-1.223968,12,8312.851608
-1.067011,12,8313.552414
-1.920734,12,8314.281238
-1.51584,12,8315.005717
-1.811376,12,8315.760856
-1.972492,12,8316.821464
-1.312934,12,8317.584276
-2.693944,12,8318.346329
-0.618399,12,8319.0652
-1.411091,12,8319.816789
-1.071726,12,8320.539023
-1.790903,12,8321.258987
-2.220793,12,8322.001965
-1.178769,12,8322.726491
-2.972364,12,8323.481802
-1.484385,12,8324.183832
-2.217412,12,8324.906548
-2.062894,12,8325.655728
-2.493836,12,8326.38358
-1.686923,12,8327.209549
-0.595009,12,8327.90272
-0.89245,12,8328.614318
-1.163767,12,8329.348544
-3.777838,12,8330.189508
-2.85534,12,8330.974788
-1.839863,12,8331.706645
-0.943953,12,8332.43823
-1.414091,12,8333.156162
-1.270535,12,8333.881914
-2.207277,12,8334.626816
-1.122739,12,8335.350085
-1.405887,12,8336.031046
-0.681956,12,8336.740388
-1.326583,12,8337.478258
-0.893881,12,8338.200589
-4.447007,12,8339.000117
-2.25974,12,8339.753276
-2.142426,12,8340.478942
-2.619443,12,8341.179047
-0.713382,12,8341.883106
-1.043865,12,8342.59125
-1.638928,12,8343.287671
-2.257877,12,8344.017173
-1.986782,12,8344.747412
-1.110285,12,8345.482925
-1.931354,12,8346.239989
-0.903744,12,8346.918394
-1.84129,12,8347.63097
-1.182407,12,8348.826924
-4.234229,12,8349.693131
-1.210249,12,8350.385168
-1.275254,12,8351.073356
-1.088412,12,8351.798109
-2.054718,12,8352.54731
-0.838594,12,8353.28953
-2.115407,12,8354.056133
-0.936113,12,8354.80111
-0.695525,12,8355.492595
-1.50763,12,8356.230774
-1.881616,12,8356.988885
-2.313255,12,8357.695089
-2.447403,12,8358.45085
-0.824272,12,8359.152472
-0.671994,12,8359.875785
-2.282997,12,8360.620517
-1.376368,12,8361.301799
-1.323201,12,8362.043487
-1.534232,12,8362.779085
-1.961761,12,8363.553421
-3.836494,12,8364.287979
-0.565247,12,8365.031524
-1.371545,12,8365.782642
-2.693396,12,8366.563112
-3.210873,12,8367.288825
-2.356489,12,8368.06315
-0.896355,12,8368.759456
-1.179017,12,8369.469627
-0.662409,12,8370.233188
-2.349694,12,8370.95943
-2.267285,12,8371.718797
-3.685122,12,8372.502536
-3.417393,12,8373.29305
-3.093584,12,8374.096285
-2.025847,12,8374.810145
-1.533277,12,8375.554428
-3.438412,12,8376.295539
-1.229727,12,8376.98174
-0.783436,12,8377.709048
-0.933933,12,8378.421477
-1.170476,12,8379.115583
-2.454187,12,8379.877164
-2.614893,12,8381.068647
-2.373791,12,8381.842366
-1.077871,12,8382.548614
-3.108824,12,8383.307237
-1.227019,12,8384.016125
-2.183785,12,8384.769704
-0.762353,12,8385.486764
-2.473943,12,8386.253575
-3.825719,12,8387.046793
-1.154234,12,8387.76395
-2.16649,12,8388.559706
-2.789686,12,8389.347119
-1.615638,12,8390.042243
-1.499797,12,8390.748638
-1.087266,12,8391.536572
-4.164907,12,8392.3441
-1.192063,12,8393.083929
-1.205324,12,8393.828415
-1.998078,12,8394.574304
-1.340734,12,8395.282509
-1.585615,12,8395.99668
-0.790941,12,8396.731268
-2.434305,12,8397.548401
-1.486039,12,8398.281237
-6.180927,12,8399.170281
-1.717933,12,8399.91602
-1.745742,12,8400.66032
-3.638291,12,8401.483226
-0.908482,12,8402.222547
-2.515185,12,8402.914487
-1.921323,12,8403.677357
-1.571167,12,8404.374533
-1.305371,12,8405.109447
-0.608705,12,8405.82384
-0.887546,12,8406.50793
-3.321565,12,8407.301847
-2.502494,12,8408.059117
-1.560571,12,8408.747458
-3.691037,12,8409.534003
-1.547857,12,8410.258171
-4.824115,12,8411.060458
-1.977384,12,8411.77496
-1.117017,12,8412.850654
-1.056896,12,8413.582728
-1.676558,12,8414.335143
-1.511405,12,8415.046139
-3.081158,12,8415.81872
-2.245691,12,8416.609271
-2.552547,12,8417.365155
-2.690092,12,8418.124005
-3.131406,12,8418.858609
-1.100172,12,8419.60411
-1.896468,12,8420.332715
-1.923255,12,8421.088446
-1.885363,12,8421.826878
-1.370521,12,8422.514559
-0.636484,12,8423.228788
-0.911964,12,8423.922171
-2.169816,12,8424.676501
-0.97132,12,8425.373845
-2.469564,12,8426.138386
-2.009207,12,8426.883545
-2.484966,12,8427.663436
-0.589546,12,8428.390203
-1.313439,12,8429.146887
-1.108263,12,8429.889594
-1.543017,12,8430.608033
-2.300503,12,8431.339345
-1.678008,12,8432.077357
-1.298782,12,8432.806944
-1.147066,12,8433.554119
-2.5117,12,8434.276507
-1.251687,12,8434.971385
-3.896932,12,8435.738342
-0.357329,12,8436.446988
-2.978599,12,8437.260993
-1.807655,12,8437.953787
-1.488118,12,8438.670609
-3.81361,12,8439.48126
-2.529766,12,8440.235034
-0.996756,12,8440.96699
-2.155906,12,8441.745769
-1.176232,12,8442.490012
-1.551764,12,8443.208515
-2.106521,12,8443.955919
-1.027744,12,8445.043558
-1.087962,12,8445.716375
-2.42646,12,8446.473811
-1.615622,12,8447.219197
-1.14018,12,8447.958911
-1.16259,12,8448.715382
-2.219647,12,8449.458313
-1.831288,12,8450.170194
-2.742133,12,8450.857222
-1.149127,12,8451.571922
-1.872475,12,8452.32106
-5.648498,12,8453.129715
-3.203817,12,8453.906959
-2.49875,12,8454.694539
-2.137764,12,8455.421699
-1.811754,12,8456.124517
-2.125602,12,8456.881912
-1.1119,12,8457.582058
-6.372161,12,8458.404557
-1.647701,12,8459.15552
-2.846405,12,8459.939091
-0.552905,12,8460.663611
-2.137434,12,8461.447539
-1.190094,12,8462.154608
-1.660734,12,8462.897112
-1.72258,12,8463.658389
-3.869176,12,8464.498365
-1.850954,12,8465.242239
-1.903226,12,8465.964363
-1.108405,12,8466.677694
-4.125287,12,8467.442433
-2.864388,12,8468.227209
-1.711113,12,8468.96347
-2.159419,12,8469.698995
-3.618282,12,8470.474338
-1.750225,12,8471.199141
-2.265531,12,8471.942482
-2.065987,12,8472.673449
-0.567857,12,8473.354939
-3.058582,12,8474.108391
-1.518912,12,8474.858067
-1.566861,12,8475.621721
-1.367176,12,8476.318714
-0.588384,12,8477.439547
-2.335583,12,8478.183183
-1.468033,12,8478.884583
-0.740415,12,8479.593829
-2.126928,12,8480.348392
-1.638105,12,8481.069989
-2.385191,12,8481.763863
-2.292432,12,8482.525975
-1.327193,12,8483.264696
-0.812078,12,8483.973448
-0.397184,12,8484.684411
-2.131009,12,8485.41659
-0.975859,12,8486.138917
-2.429514,12,8486.888141
-2.087545,12,8487.614764
-0.212096,12,8488.332675
-1.095279,12,8489.033955
-0.597007,12,8489.765966
-3.499415,12,8490.590014
-4.523523,12,8491.394748
-2.534004,12,8492.214614
-2.288854,12,8492.962334
-2.836265,12,8493.703528
-1.293568,12,8494.42877
-2.126046,12,8495.165647
-1.483461,12,8495.890113
-1.373086,12,8496.592716
-1.431396,12,8497.3344
-1.423897,12,8498.060621
-1.220286,12,8498.807874
-1.385732,12,8499.512693
-2.813668,12,8500.292525
-0.801431,12,8501.047036
-2.694596,12,8501.794596
-1.344613,12,8502.525588
-1.27887,12,8503.21929
-1.795501,12,8503.948751
-1.139139,12,8504.695917
-1.873927,12,8505.434888
-1.295197,12,8506.181547
-2.757226,12,8506.985268
-1.602372,12,8507.739025
-4.880928,12,8508.974892
-0.898507,12,8509.716554
-1.04896,12,8510.403724
-0.977156,12,8511.117345
-0.640191,12,8511.824815
-1.649306,12,8512.559262
-2.955716,12,8513.323631
-0.809294,12,8514.065365
-2.283808,12,8514.802027
-1.092368,12,8515.487833
-2.169561,12,8516.228356
-2.366877,12,8517.015094
-4.728649,12,8517.808384
-1.241078,12,8518.52551
-0.927906,12,8519.264387
-2.358897,12,8520.034316
-2.138108,12,8520.807758
-2.85082,12,8521.580406
-2.18624,12,8522.305283
-2.291826,12,8523.03001
-0.733586,12,8523.72038
-1.313274,12,8524.453681
-0.836782,12,8525.168677
-0.91928,12,8525.854181
-2.337272,12,8526.611746
-2.297099,12,8527.371017
-1.3996,12,8528.098855
-1.048652,12,8528.795033
-2.062795,12,8529.538217
-2.148035,12,8530.316205
-1.099651,12,8531.033995
-1.865147,12,8531.778061
-3.649543,12,8532.5458
-1.566849,12,8533.286936
-1.54179,12,8533.998289
-1.932947,12,8534.714252
-3.123751,12,8535.493627
-1.758582,12,8536.213066
-1.706944,12,8537.069007
-2.48003,12,8537.83767
-2.586183,12,8538.597821
-6.169965,12,8539.449873
-1.953918,12,8540.184005
-2.827041,12,8541.339908
-1.44473,12,8542.047202
-2.101615,12,8542.764702
-1.431175,12,8543.494617
-2.593399,12,8544.258934
-1.175247,12,8544.963144
-1.985294,12,8545.698282
-1.340611,12,8546.427196
-1.344015,12,8547.126216
-1.382482,12,8547.835347
-1.373085,12,8548.573755
-0.72236,12,8549.274559
-2.944319,12,8550.027023
-3.76209,12,8550.793404
-2.175887,12,8551.586
-2.663926,12,8552.35583
-1.645329,12,8553.089605
-0.655173,12,8553.786998
-1.769716,12,8554.514485
-1.108857,12,8555.243873
-1.095756,12,8555.984064
-1.173468,12,8556.735038
-1.364923,12,8557.445213
-2.513431,12,8558.237777
-0.93187,12,8558.937769
-1.962283,12,8559.680663
-3.13012,12,8560.418545
-5.989103,12,8561.24418
-2.772914,12,8562.00282
-1.678567,12,8562.719159
-1.051712,12,8563.435028
-2.035513,12,8564.167433
-2.203598,12,8564.912177
-1.461024,12,8565.67687
-1.99813,12,8566.415788
-1.518721,12,8567.119044
-2.304664,12,8567.882157
-1.49192,12,8568.573422
-1.14186,12,8569.279181
-2.436161,12,8570.053785
-2.007682,12,8570.79546
-1.279423,12,8571.487993
-2.049415,12,8572.255374
-1.633184,12,8573.404673
-1.300153,12,8574.157769
-3.898401,12,8574.943844
-1.093057,12,8575.682259
-3.395955,12,8576.394332
-1.901819,12,8577.135848
-3.091289,12,8577.885017
-1.660581,12,8578.6257
-2.612608,12,8579.376618
-1.842666,12,8580.116187
-0.60161,12,8580.808557
-1.956391,12,8581.544202
-5.788798,12,8582.34766
-2.906523,12,8583.11187
-2.832632,12,8583.887066
-4.563394,12,8584.674179
-2.185537,12,8585.426744
-1.208685,12,8586.146488
-0.75405,12,8586.855317
-3.238922,12,8587.576258
-1.418707,12,8588.265528
-1.160552,12,8589.004222
-0.716379,12,8589.751364
-0.876612,12,8590.463411
-2.23576,12,8591.220487
-1.634888,12,8591.959808
-2.907312,12,8592.73266
-1.420362,12,8593.43972
-1.133535,12,8594.148674
-1.610579,12,8594.85898
-1.069745,12,8595.592773
-0.939766,12,8596.313877
-3.165749,12,8597.100003
-5.933671,12,8597.904393
-2.144151,12,8598.681109
-0.447545,12,8599.378463
-1.786884,12,8600.11692
-1.504438,12,8600.858209
-2.4816,12,8601.632221
-2.20615,12,8602.365835
-1.990388,12,8603.111229
-0.986423,12,8603.790624
-0.670143,12,8604.927232
-1.666742,12,8605.657551
-1.574245,12,8606.359073
-2.794606,12,8607.085348
-3.331771,12,8607.834228
-1.554959,12,8608.580474
-3.369529,12,8609.368364
-1.91813,12,8610.092834
-0.881928,12,8611.293049
-4.75156,12,8612.071166
-0.731396,12,8612.771603
-1.942104,12,8613.517568
-2.612855,12,8614.28106
-4.224584,12,8615.556505
-0.879663,12,8616.266647
-0.983672,12,8616.937578
-1.315224,12,8617.735029
-1.232075,12,8618.475436
-0.773344,12,8619.272614
-2.046066,12,8620.042991
-4.356839,12,8621.089238
-0.523369,12,8621.783639
-0.700549,12,8622.529601
-1.864376,12,8623.272023
-1.069749,12,8623.996931
-0.970436,12,8624.731771
-1.629458,12,8625.474309
-2.843878,12,8626.256702
-3.655298,12,8627.096665
-1.043026,12,8627.827543
-1.27974,12,8628.632184
-3.420973,12,8629.480778
-1.416466,12,8630.284886
-1.543152,12,8631.016828
-1.611023,12,8631.786626
-2.495537,12,8632.59132
-2.344765,12,8633.381745
-1.358436,12,8634.144332
-0.942184,12,8634.875845
-1.471171,12,8635.619894
-1.98294,12,8636.379056
-1.005633,12,8637.089716
-2.149784,12,8637.915775
-3.195664,12,8639.705124
-1.389005,12,8640.431658
-1.345228,12,8641.231841
-4.434518,12,8642.115484
-1.37742,12,8642.918883
-1.891054,12,8643.71659
-3.262261,12,8644.530691
-4.48011,12,8645.443098
-0.82566,12,8646.257641
-1.546749,12,8647.144998
-3.154733,12,8648.033911
-1.366457,12,8648.857914
-0.538086,12,8649.675801
-2.63252,12,8650.661889
-0.879673,12,8651.547384
-1.343134,12,8652.383073
-1.394073,12,8653.167397
-3.870712,12,8654.17846
-1.240739,12,8656.729152
-1.056293,12,8660.60197
-2.349819,12,8664.829852
-1.149773,12,8668.339783
-1.267857,12,8672.527574
-1.255579,12,8676.734452
-1.561709,12,8681.160025
-0.880664,12,8684.73927
-0.789807,12,8687.906216
-1.446797,12,8691.897735
-1.894391,12,8695.424846
-1.297075,12,8699.988678
-0.829311,12,8704.695324
-1.536768,12,8708.646539
-0.72509,12,8712.732369
-1.713063,12,8717.062432
-1.469093,12,8721.368797
-1.6965,12,8725.545751
-1.770894,12,8728.831595
-2.317249,12,8734.007905
-1.75335,12,8738.516804
-3.087284,12,8743.045846
-0.729911,12,8746.879467
-2.240534,12,8751.246896
-4.580609,12,8757.308642
-1.160969,12,8768.280216
-1.096838,12,8772.334014
-0.997728,12,8775.933695
-2.19152,12,8779.967549
-2.27561,12,8783.99189
-1.222218,12,8787.992156
-1.253612,12,8792.12334
-1.793909,12,8796.253866
-0.911933,12,8799.812782
-1.816062,12,8804.206716
-1.765927,12,8808.369261
-1.944166,12,8812.449443
-1.402336,12,8816.405463
-1.236258,12,8820.153277
-1.131729,12,8823.372728
-1.091754,12,8827.552734
-1.117923,12,8830.769006
-2.401088,12,8835.275382
-1.39017,12,8838.573561
-4.160552,12,8843.481909
-2.593746,12,8848.201401
-0.851517,12,8851.569231
-2.17377,12,8857.200663
-1.475638,12,8861.440091
-1.940094,12,8865.782948
-3.188657,12,8870.734528
-1.245102,12,8874.318621
-2.146246,12,8879.463681
-1.424409,12,8883.046674
-2.432144,12,8887.321704
-3.081792,12,8892.876079
-0.912359,12,8897.158813
-1.835373,12,8901.225912
-2.390459,12,8905.844232
-1.110415,12,8909.508028
-2.84993,12,8914.146607
-2.713874,12,8917.317121
-0.855831,12,8921.018198
-1.376549,12,8924.652835
-1.926172,12,8929.320317
-2.189912,12,8934.36711
-1.494312,12,8939.904841
-1.014508,12,8950.844767
-1.946791,12,8956.240084
-1.296657,12,8960.143691
-2.419493,12,8965.58531
-1.785118,12,8970.016544
-2.22062,12,8975.069448
-0.869431,12,8978.287768
-3.285481,12,8982.943252
-2.746254,12,8987.52845
-2.336576,12,8992.487717
-2.755934,12,8998.093419
-1.339777,12,9002.457987
-1.59705,12,9006.963351
-1.402242,12,9010.947393
-1.191758,12,9015.18642
-2.229452,12,9021.023883
-1.11082,12,9025.351276
-1.485988,12,9030.727313
-2.542067,12,9035.926241
-1.124076,12,9041.006548
-1.79338,12,9045.966125
-2.802107,12,9050.751888
-0.983735,12,9055.156098
-0.879693,12,9060.066188
-3.531048,12,9064.928442
-0.960309,12,9068.944226
-0.851147,12,9074.057031
-0.525081,12,9078.266647
-0.889077,12,9082.378859
-1.488684,12,9086.288439
-0.66257,12,9090.720325
-4.836696,12,9097.151971
-1.843705,12,9102.078143
-0.690838,12,9106.425265
-1.013728,12,9110.861357
-1.500104,12,9116.009066
-2.534942,12,9121.339112
-0.486358,12,9125.161471
-1.40083,12,9128.474804
-0.946227,12,9131.680257
-1.658468,12,9135.743576
-2.260234,12,9141.128051
-0.928781,12,9145.295355
-0.789113,12,9156.849606
-2.975053,12,9161.743658
-0.858207,12,9165.898934
-0.869005,12,9170.003532
-1.952408,12,9173.60912
-1.341183,12,9177.221102
-1.403679,12,9181.565557
-3.177556,12,9186.704199
-0.828885,12,9190.841754
-1.632109,12,9194.428129
-1.339794,12,9197.979086
-2.560965,12,9202.497849
-0.846535,12,9206.235062
-2.879526,12,9211.542253
-1.299367,12,9215.558121
-1.379425,12,9219.154096
-2.011143,12,9222.296094
-0.848207,12,9225.780523
-2.447406,12,9230.150512
-1.05142,12,9233.759077
-3.104275,12,9239.712503
-0.792911,12,9243.438798
-0.84712,12,9247.097697
-2.664983,12,9251.674142
-1.008615,12,9255.512898
-2.286718,12,9259.934593
-0.891716,12,9263.897392
-3.179759,12,9268.874224
-0.369031,12,9273.063504
-0.430543,12,9276.675974
-1.223845,12,9281.434969
-1.316675,12,9285.43716
-1.050523,12,9289.389811
-1.776975,12,9293.407181
-1.079445,12,9298.34727
-1.123206,12,9302.167531
-0.729706,12,9306.250548
-2.835866,12,9311.065466
-1.293354,12,9314.361398
-1.730306,12,9318.302611
-2.644172,12,9323.110346
-1.338502,12,9327.377562
-1.123929,12,9331.550249
-0.958574,12,9342.190011
-1.831005,12,9345.984802
-2.885452,12,9350.811708
-2.642544,12,9356.092583
-0.9557,12,9359.807364
-1.151511,12,9363.229057
-0.248893,12,9366.720557
-2.206537,12,9370.810498
-3.196096,12,9376.464291
-1.55285,12,9380.540427
-0.610314,12,9383.936926
-1.360195,12,9387.859044
-0.856752,12,9391.571733
-1.135998,12,9394.849274
-1.51293,12,9398.569891
-1.809881,12,9402.719119
-1.214739,12,9406.528042
-4.041021,12,9411.900711
-3.258784,12,9416.213594
-2.479567,12,9420.577374
-4.005141,12,9425.492506
-0.881793,12,9428.959887
-1.988677,12,9433.234757
-2.575096,12,9438.570107
-2.750732,12,9443.616879
-2.067572,12,9447.779212
-3.378443,12,9453.060993
-2.376195,12,9458.343607
-1.50649,12,9461.991606
-1.65117,12,9467.230603
-3.611205,12,9473.118663
-1.499128,12,9476.778245
-0.850582,12,9480.27761
-1.271327,12,9484.892541
-1.39655,12,9488.077936
-0.635791,12,9491.35032
-1.786998,12,9495.480815
-2.383089,12,9500.240847
-1.893058,12,9504.595093
-0.707492,12,9509.245122
-3.267548,12,9514.196129
-1.212042,12,9519.790019
-2.40872,12,9542.330145
-0.852513,12,9543.215789
-0.724557,12,9544.140624
-1.475366,12,9544.967632
-1.492053,12,9545.789519
-1.825113,12,9546.544619
-2.313719,12,9547.345272
-1.44464,12,9548.09118
-1.461649,12,9548.861059
-0.495687,12,9549.58097
-2.514778,12,9550.450654
-0.898153,12,9551.330463
-1.748625,12,9552.575101
-0.980007,12,9553.886534
-0.381364,12,9554.824421
-1.12239,12,9555.725976
-1.773266,12,9556.510622
-1.92626,12,9557.570144
-2.102386,12,9558.463413
-2.318601,12,9559.267298
-1.645132,12,9560.085091
-0.998643,12,9560.824621
-2.612019,12,9561.662575
-1.603079,12,9562.458845
-1.424044,12,9563.181058
-2.18594,12,9563.897781
-0.937555,12,9564.617659
-3.324455,12,9565.417984
-0.486977,12,9566.130551
-1.407892,12,9566.881363
-1.146175,12,9567.583808
-2.842719,12,9568.29356
-1.293008,12,9569.127138
-1.051686,12,9569.880548
-2.156039,12,9570.66673
-5.476079,12,9571.571287
-3.209313,12,9572.379827
-0.936414,12,9573.117999
-3.292208,12,9573.914241
-1.382766,12,9574.598814
-1.375906,12,9575.321326
-1.794357,12,9576.068011
-1.388204,12,9576.817859
-1.287911,12,9577.957879
-1.115941,12,9578.65061
-2.505717,12,9579.430625
-2.115558,12,9580.164486
-4.420166,12,9580.98259
-2.062755,12,9581.696427
-2.747233,12,9582.443091
-3.465758,12,9583.253631
-3.236396,12,9584.011034
-2.109331,12,9584.755465
-4.533407,12,9585.583604
-2.168315,12,9586.352591
-2.829177,12,9587.114594
-0.655361,12,9587.808559
-2.50026,12,9588.566715
-1.354904,12,9589.290161
-0.763259,12,9590.042991
-2.301887,12,9590.805806
-1.83887,12,9591.537439
-1.066694,12,9592.252471
-0.866833,12,9592.970908
-0.832265,12,9593.728911
-2.359968,12,9594.443555
-2.279196,12,9595.224603
-1.547708,12,9595.950579
-1.552335,12,9596.700155
-3.209526,12,9597.456216
-1.993842,12,9598.212415
-2.558489,12,9598.972444
-3.130124,12,9599.74565
-1.219957,12,9600.444373
-1.210205,12,9601.151556
-0.743738,12,9601.860748
-2.279494,12,9602.636863
-3.609893,12,9603.401581
-1.299645,12,9604.121871
-1.106345,12,9604.858989
-1.851645,12,9605.568968
-3.592076,12,9606.340836
-2.783636,12,9607.096281
-2.249173,12,9607.831982
-1.357515,12,9608.58809
-1.38,12,9609.352154
-1.800249,12,9610.46143
-1.600691,12,9611.189576
-0.912368,12,9611.915108
-4.501282,12,9612.716649
-1.695413,12,9613.467002
-1.081077,12,9614.194336
-1.434024,12,9614.948238
-2.433489,12,9615.723925
-3.322181,12,9616.471097
-2.863937,12,9617.270453
-2.19104,12,9618.064754
-1.522346,12,9618.835809
-1.538528,12,9619.569812
-1.906752,12,9620.33444
-3.690138,12,9621.125838
-1.26081,12,9621.862265
-2.028036,12,9622.578783
-2.085344,12,9623.324922
-1.945353,12,9624.033001
-2.552106,12,9624.807877
-2.321742,12,9625.570394
-1.974263,12,9626.297991
-2.70919,12,9627.033326
-3.181825,12,9627.802797
-0.951957,12,9628.549775
-1.364485,12,9629.261846
-2.287964,12,9630.006221
-0.7994,12,9630.72439
-0.919797,12,9631.471544
-1.301106,12,9632.190869
-1.899852,12,9632.943637
-1.36119,12,9633.650834
-1.210147,12,9634.367572
-2.343062,12,9635.083196
-1.24341,12,9635.821377
-0.614121,12,9636.5365
-1.11575,12,9637.279301
-2.409366,12,9638.057328
-2.27993,12,9638.857553
-2.750314,12,9639.609099
-0.965186,12,9640.30993
-2.107767,12,9641.042269
-0.916594,12,9642.101803
-1.34131,12,9642.803784
-4.091985,12,9643.622604
-2.302877,12,9644.3537
-0.734391,12,9645.054827
-0.954861,12,9645.771516
-4.82894,12,9646.649247
-1.059867,12,9647.386135
-1.883388,12,9648.135107
-1.864492,12,9648.884882
-1.311359,12,9649.591335
-1.872229,12,9650.312432
-1.802156,12,9651.057409
-3.032305,12,9651.847215
-1.19378,12,9652.597619
-0.862844,12,9653.279789
-0.66452,12,9653.974037
-1.577727,12,9654.697268
-2.562337,12,9655.465969
-2.319085,12,9656.202834
-1.818864,12,9656.974235
-1.700962,12,9657.705814
-0.962749,12,9658.431108
-2.31167,12,9659.19099
-1.853651,12,9659.91273
-1.888435,12,9660.612207
-1.736432,12,9661.342522
-0.941967,12,9662.03187
-2.435147,12,9662.820513
-1.894381,12,9663.570601
-3.159027,12,9664.354515
-3.090972,12,9665.113016
-3.306701,12,9665.878991
-0.686747,12,9666.603719
-1.28499,12,9667.356465
-2.398261,12,9668.061367
-2.880162,12,9668.838824
-0.603382,12,9669.555619
-0.903545,12,9670.2588
-2.119204,12,9671.007563
-1.48434,12,9671.755959
-3.442888,12,9672.563847
-2.842539,12,9673.313437
-2.241556,12,9674.470453
-1.540034,12,9675.213466
-1.408685,12,9675.92863
-2.41193,12,9676.686247
-2.367874,12,9677.457028
-1.847218,12,9678.191365
-3.477345,12,9679.005157
-0.71243,12,9679.7227
-1.361301,12,9680.47836
-2.62663,12,9681.28113
-1.381414,12,9682.016689
-2.632667,12,9682.777314
-2.143174,12,9683.550247
-0.792751,12,9684.300527
-1.102402,12,9685.000484
-0.647492,12,9685.719566
-0.67328,12,9686.460023
-4.160532,12,9687.263492
-0.515694,12,9687.973548
-3.643196,12,9688.825157
-2.17569,12,9689.59124
-4.378558,12,9690.429904
-1.03876,12,9691.129399
-1.706613,12,9691.824412
-1.158415,12,9692.513534
-1.721031,12,9693.219689
-2.801085,12,9694.01337
-0.906804,12,9694.703196
-0.853018,12,9695.38511
-1.856056,12,9696.154587
-2.439366,12,9696.931712
-0.993345,12,9697.635137
-0.403847,12,9698.345963
-0.866343,12,9699.074646
-1.77374,12,9699.827006
-1.31892,12,9700.535758
-0.953613,12,9701.242773
-1.567607,12,9701.967458
-1.037107,12,9702.672115
-0.798088,12,9703.360318
-1.34694,12,9704.087847
-1.147017,12,9704.83802
-1.325417,12,9705.551734
-1.261418,12,9706.670905
-2.179789,12,9707.410293
-3.451365,12,9708.235071
-2.906591,12,9708.949059
-3.687776,12,9709.741227
-0.268729,12,9710.472331
-1.607973,12,9711.171115
-1.098758,12,9711.878623
-2.162181,12,9712.624181
-1.140202,12,9713.331223
-3.876703,12,9714.102383
-1.500137,12,9714.813823
-1.051115,12,9715.541559
-4.562825,12,9716.314989
-2.095292,12,9717.088708
-1.882704,12,9717.827561
-1.939273,12,9718.557707
-1.851601,12,9719.300586
-1.431849,12,9720.027214
-0.834276,12,9720.715205
-0.931684,12,9721.451994
-2.99874,12,9722.219203
-1.047583,12,9722.925074
-1.914023,12,9723.657948
-0.586811,12,9724.328843
-2.329627,12,9725.094064
-2.995814,12,9725.897114
-1.425347,12,9726.587843
-0.819664,12,9727.278699
-1.65373,12,9728.013452
-2.807392,12,9728.828717
-1.068552,12,9729.562634
-3.998618,12,9730.378055
-0.961187,12,9731.060142
-3.8367,12,9731.860818
-4.638893,12,9732.640503
-1.152639,12,9733.330106
-1.93224,12,9734.067701
-0.727265,12,9734.804778
-1.433742,12,9735.536562
-1.116117,12,9736.262002
-1.100142,12,9737.076634
-2.17576,12,9738.181554
-0.577324,12,9738.915467
-2.826355,12,9739.661731
-1.354461,12,9740.388271
-2.380539,12,9741.178536
-4.314428,12,9741.963015
-2.825075,12,9742.759037
-2.550037,12,9743.499069
-0.703717,12,9744.19219
-1.028889,12,9744.904413
-1.786127,12,9745.64173
-3.162867,12,9746.372124
-0.865902,12,9747.088726
-2.655514,12,9747.833878
-1.654873,12,9748.569251
-1.226529,12,9749.307583
-1.000367,12,9750.036876
-0.927797,12,9750.713189
-2.217853,12,9751.488188
-2.790773,12,9752.288782
-1.469312,12,9752.996081
-1.445354,12,9753.748469
-2.64485,12,9754.530492
-1.457678,12,9755.277273
-1.375257,12,9756.02341
-0.653044,12,9756.738859
-0.869393,12,9757.494317
-2.627821,12,9758.245701
-3.504751,12,9759.079215
-0.622465,12,9759.781959
-2.073706,12,9760.518155
-2.145133,12,9761.282987
-1.584189,12,9761.990755
-3.473026,12,9762.772722
-0.184502,12,9763.554069
-0.926704,12,9764.238497
-2.001759,12,9765.003277
-1.383413,12,9765.752221
-2.545288,12,9766.492964
-1.727478,12,9767.226782
-1.401254,12,9767.921178
-1.6185,12,9768.728476
-0.600328,12,9769.489749
-1.375998,12,9770.752332
-3.304849,12,9771.565982
-0.664506,12,9772.312558
-1.495172,12,9773.01378
-3.324521,12,9773.773784
-1.257803,12,9774.496323
-0.968207,12,9775.18959
-1.803314,12,9775.967331
-0.340685,12,9776.697667
-2.04319,12,9777.43689
-1.487239,12,9778.185987
-2.242076,12,9778.936091
-0.491668,12,9779.646743
-1.050505,12,9780.37644
-0.951147,12,9781.107298
-2.753207,12,9781.847269
-1.335374,12,9782.574459
-1.515266,12,9783.292878
-2.89806,12,9784.060753
-0.798783,12,9784.756771
-2.978886,12,9785.554006
-1.249812,12,9786.241432
-1.824551,12,9786.983505
-1.76672,12,9787.679074
-0.940922,12,9788.397696
-2.27176,12,9789.151803
-1.155523,12,9789.860834
-1.305729,12,9790.577195
-2.454701,12,9791.328085
-1.563777,12,9792.037017
-1.00039,12,9792.726043
-2.219909,12,9793.463931
-0.543872,12,9794.203527
-2.153514,12,9794.963709
-4.670954,12,9795.795776
-3.262551,12,9796.579718
-4.075666,12,9797.374389
-1.317724,12,9798.107463
-1.01452,12,9798.792705
-2.775276,12,9799.581524
-2.220945,12,9800.319114
-0.692306,12,9801.01809
-1.879084,12,9801.756088
-0.822284,12,9802.872835
-1.158581,12,9803.588203
-2.337751,12,9804.323306
-1.129888,12,9805.009663
-3.587814,12,9805.796865
-0.732699,12,9806.499104
-3.897965,12,9807.262403
-2.152472,12,9808.01719
-0.831206,12,9808.740368
-1.035068,12,9809.466556
-2.07893,12,9810.204406
-0.934893,12,9810.937337
-1.998986,12,9811.677015
-0.539734,12,9812.430607
-2.851969,12,9813.171304
-1.360078,12,9813.910804
-2.793864,12,9814.651631
-1.454303,12,9815.355633
-1.274934,12,9816.117947
-0.985662,12,9816.850442
-0.897948,12,9817.573858
-1.541876,12,9818.269369
-1.886854,12,9819.026701
-0.770132,12,9819.741717
-3.381683,12,9820.511592
-0.574613,12,9821.207566
-1.632512,12,9821.941799
-3.419225,12,9822.721249
-1.364591,12,9823.40419
-1.748914,12,9824.085773
-3.494175,12,9824.871021
-1.381643,12,9825.587777
-1.99138,12,9826.347401
-0.346417,12,9827.067836
-2.385777,12,9827.83797
-2.349054,12,9828.57781
-2.427381,12,9829.328408
-1.346451,12,9830.067613
-0.774895,12,9830.742884
-2.387166,12,9831.466952
-1.727317,12,9832.178194
-0.633068,12,9832.902902
-0.933848,12,9834.116496
-2.953242,12,9834.911956
-0.89429,12,9835.624558
-2.841706,12,9836.381179
-2.066996,12,9837.096685
-1.12385,12,9837.815043
-2.538136,12,9838.574066
-1.493424,12,9839.315316
-1.421643,12,9840.063878
-3.419775,12,9840.932521
-1.819078,12,9841.656717
-0.443502,12,9842.412728
-1.123016,12,9843.197795
-1.879811,12,9843.98533
-2.678793,12,9844.754035
-2.209262,12,9845.53488
-1.098939,12,9846.279845
-1.285716,12,9847.005444
-2.871378,12,9847.786545
-1.20453,12,9848.500233
-4.962124,12,9849.334268
-1.718793,12,9850.041516
-1.301226,12,9850.752089
-1.258852,12,9851.444058
-2.00865,12,9852.187813
-0.608105,12,9852.946103
-1.110414,12,9853.696722
-2.008057,12,9854.507887
-3.073786,12,9855.365713
-1.107439,12,9856.22803
-1.18962,12,9856.996998
-1.450682,12,9857.762797
-3.582911,12,9858.569131
-2.514748,12,9859.421087
-1.928337,12,9860.198577
-2.010019,12,9860.962776
-3.483884,12,9861.74053
-0.391831,12,9862.470846
-2.805308,12,9863.228951
-1.674962,12,9864.023401
-2.824044,12,9864.866971
-1.397141,12,9865.568741
-4.957302,12,9866.394244
-1.486415,12,9867.684788
-0.735531,12,9868.460224
-3.356475,12,9869.260439
-2.827379,12,9869.973686
-1.290094,12,9870.655406
-2.872831,12,9871.386214
-1.955139,12,9872.153136
-1.74598,12,9872.910951
-1.991237,12,9873.655815
-1.346027,12,9874.416115
-1.673028,12,9875.21939
-2.387921,12,9875.990721
-0.730433,12,9876.736648
-1.636913,12,9877.525649
-2.546572,12,9878.291592
-1.500647,12,9879.065562
-0.41276,12,9879.77104
-1.346865,12,9880.501219
-0.902337,12,9881.187214
-0.768933,12,9881.881525
-1.733881,12,9882.592637
-1.925796,12,9883.318306
-1.43092,12,9884.04591
-1.640302,12,9884.743804
-1.991246,12,9885.487155
-1.034205,12,9886.237578
-2.753641,12,9886.988359
-0.839201,12,9887.708712
-1.751467,12,9888.456074
-1.614337,12,9889.18926
-1.558394,12,9889.946512
-1.020683,12,9890.664321
-1.816865,12,9891.40397
-1.927184,12,9892.129786
-1.767949,12,9892.877342
-1.902303,12,9893.650757
-1.946627,12,9894.482221
-2.502901,12,9895.278404
-2.787747,12,9896.041281
-2.6643,12,9896.85255
-2.240804,12,9897.587624
-2.171129,12,9898.33623
-3.447422,12,9899.210077
-2.581931,12,9900.484195
-0.957041,12,9901.257435
-0.721762,12,9902.062129
-1.623919,12,9902.789086
-1.812211,12,9903.530333
-1.742762,12,9904.280161
-0.595698,12,9904.979873
-0.075,12,9905.695946
-1.122304,12,9906.413419
-1.113607,12,9907.111775
-1.428614,12,9907.856748
-2.395675,12,9908.643579
-3.077456,12,9909.495729
-1.224298,12,9910.259434
-1.122914,12,9910.95543
-3.89946,12,9911.753495
-1.312428,12,9912.487942
-1.424224,12,9913.202529
-2.094466,12,9913.973948
-2.089244,12,9914.732628
-0.811512,12,9915.473963
-2.196258,12,9916.21734
-1.06809,12,9916.918551
-1.46379,12,9917.640942
-1.84654,12,9918.368962
-1.93162,12,9919.088197
-1.163262,12,9919.794199
-1.749338,12,9920.552418
-1.343839,12,9921.26366
-1.681878,12,9922.028687
-0.705175,12,9922.800248
-0.666222,12,9923.477535
-2.625524,12,9924.231928
-1.067551,12,9924.995705
-0.633576,12,9925.704585
-2.380525,12,9926.483413
-1.177798,12,9927.198006
-1.057828,12,9927.894946
-2.003372,12,9928.630482
-1.920155,12,9929.354778
-1.839031,12,9930.10152
-0.618596,12,9930.799084
-2.893952,12,9931.927312
-2.204986,12,9932.718007
-3.081573,12,9933.521646
-1.9061,12,9934.293667
-1.352562,12,9935.017612
-2.442391,12,9935.778913
-2.634545,12,9936.54636
-3.499093,12,9937.332574
-1.190487,12,9938.093029
-1.242261,12,9938.815675
-3.704206,12,9939.621801
-1.889904,12,9940.39659
-1.568418,12,9941.12137
-1.503553,12,9941.83245
-1.72636,12,9942.541319
-1.833727,12,9943.278143
-1.507813,12,9944.0576
-0.574808,12,9944.747726
-1.367541,12,9945.477105
-2.861565,12,9946.265151
-5.145865,12,9947.061854
-1.810718,12,9947.796567
-0.723641,12,9948.502149
-1.844416,12,9949.25814
-0.612483,12,9949.970692
-1.382257,12,9950.685935
-2.873401,12,9951.490503
-1.767681,12,9952.24661
-1.481497,12,9952.973294
-1.094988,12,9953.69513
-0.860515,12,9954.399587
-2.040728,12,9955.148377
-2.824525,12,9955.898124
-1.535564,12,9956.620148
-2.277109,12,9957.381316
-1.267486,12,9958.092057
-2.316719,12,9958.840754
-1.659343,12,9959.546296
-0.959787,12,9960.258327
-1.430134,12,9960.93355
-1.675805,12,9961.692446
-1.200718,12,9962.509481
-1.302785,12,9963.245304
-0.691609,12,9965.093696
-1.578853,12,9965.898466
-2.712349,12,9966.744528
-1.096954,12,9967.448004
-2.713387,12,9968.236433
-0.963424,12,9968.961619
-2.10637,12,9969.875898
-1.102629,12,9970.654316
-1.567033,12,9971.423371
-1.668649,12,9972.183649
-1.326586,12,9972.960861
-0.791304,12,9973.724884
-2.592417,12,9974.495772
-1.547605,12,9975.242017
-0.930449,12,9976.219093
-2.887417,12,9977.140986
-2.108555,12,9977.956426
-1.53525,12,9978.830435
-0.961839,12,9979.565533
-1.208572,12,9980.320588
-1.224178,12,9981.093158
-1.392459,12,9981.873398
-2.904417,12,9982.7826
-1.250934,12,9983.803453
-3.48325,12,9984.652024
-1.693161,12,9985.441129
-2.541016,12,9986.232003
-2.175298,12,9987.027124
-0.744879,12,9987.812228
-0.946818,12,9988.564669
-1.116997,12,9989.54668
-2.165793,12,9990.343333
-1.223475,12,9991.128157
-1.286226,12,9991.88025
-2.291643,12,9992.740124
-1.377902,12,9993.476674
-0.935562,12,9994.219002
-1.951333,12,9994.981055
-0.969578,12,9995.721236
-0.920747,12,9996.485833
-0.763829,12,9997.210625
-2.281126,12,9997.978408
-0.956315,12,9998.720902
-1.082797,12,10000.946204
-3.335955,12,10001.819838
-0.766327,12,10002.570932
-3.76153,12,10003.402797
-1.201877,12,10004.111724
-1.943016,12,10004.895372
-1.863858,12,10005.667801
-3.470957,12,10006.649965
-2.185188,12,10007.736881
-1.273335,12,10008.656273
-2.472449,12,10009.397281
-1.015845,12,10010.163117
-1.989645,12,10010.947213
-2.942452,12,10011.766803
-1.365103,12,10012.508459
-2.736981,12,10013.433878
-1.386617,12,10014.219045
-4.440191,12,10015.155475
-0.960964,12,10015.87165
-1.227565,12,10016.588826
-1.114893,12,10017.330026
-1.590365,12,10018.145577
-1.413398,12,10018.891097
-5.847248,12,10019.829251
-2.049241,12,10020.725539
-1.049214,12,10021.438135
-0.863663,12,10022.403776
-1.470347,12,10023.198596
-1.559127,12,10023.918808
-4.023643,12,10024.786209
-2.233725,12,10025.663975
-0.919093,12,10026.410855
-1.231375,12,10027.128581
-0.628807,12,10027.950329
-0.401544,12,10028.6903
-2.651989,12,10029.532055
-1.59888,12,10030.270828
-3.180821,12,10031.072549
-2.974713,12,10031.856435
-1.213174,12,10032.570302
-2.051258,12,10033.31865
-1.765299,12,10034.072481
-1.290508,12,10036.312282
-1.990924,12,10037.057668
-1.917899,12,10037.793548
-2.434392,12,10038.60559
-2.10521,12,10039.407136
-1.52738,12,10040.185828
-1.128314,12,10040.993168
-2.490382,12,10041.808506
-1.24979,12,10042.605902
-2.975952,12,10043.519863
-1.163861,12,10044.359569
-0.777306,12,10045.110687
-1.419347,12,10045.838626
-1.034213,12,10046.592386
-3.609728,12,10047.494595
-3.248741,12,10048.280231
-1.080042,12,10049.01704
-1.274908,12,10049.861756
-1.543035,12,10050.694361
-0.411679,12,10051.484339
-1.476663,12,10052.221004
-2.19617,12,10053.106617
-2.451372,12,10053.852049
-1.04479,12,10054.57731
-3.816525,12,10055.375602
-1.460747,12,10056.125592
-1.733643,12,10056.927036
-1.362704,12,10057.700499
-3.252374,12,10058.462765
-1.208689,12,10059.157961
-1.217584,12,10059.957866
-1.069905,12,10060.697785
-1.444238,12,10061.567224
-2.652374,12,10062.300964
-2.523349,12,10063.059846
-0.685116,12,10063.802239
-1.392732,12,10064.56371
-3.69602,12,10065.374297
-2.528787,12,10066.179165
-0.970607,12,10066.930493
-2.541808,12,10067.751732
-0.455377,12,10068.458324
-1.233161,12,10069.182471
-3.471386,12,10071.50005
-1.906066,12,10072.278594
-1.136474,12,10073.03776
-2.656825,12,10073.839097
-1.184253,12,10074.658339
-4.054107,12,10075.440615
-1.430955,12,10076.268892
-1.097432,12,10076.993867
-4.302212,12,10078.031031
-0.737283,12,10078.785063
-3.076917,12,10079.560772
-1.706725,12,10080.323242
-2.151385,12,10081.120745
-3.882146,12,10081.935629
-2.739369,12,10082.730687
-1.538795,12,10083.499376
-0.356103,12,10084.264175
-3.42071,12,10085.087504
-0.640798,12,10085.852389
-1.5647,12,10086.641916
-2.490307,12,10087.481116
-0.814656,12,10088.18947
-1.85836,12,10088.956396
-1.515025,12,10089.728559
-4.71529,12,10090.586173
-1.47247,12,10091.301012
-0.352879,12,10092.045771
-1.753299,12,10092.809387
-4.628928,12,10093.721432
-2.661517,12,10094.582833
-0.427785,12,10095.402372
-2.925378,12,10096.186105
-3.219953,12,10097.047202
-1.421993,12,10097.807328
-2.838506,12,10098.637053
-1.21712,12,10099.34378
-1.589136,12,10100.10139
-3.571719,12,10100.913241
-2.169342,12,10101.968653
-0.425928,12,10102.900731
-2.475873,12,10103.723999
-2.517176,12,10104.532564
-1.709145,12,10105.290451
-1.015005,12,10107.607316
-3.573149,12,10108.425673
-1.281439,12,10109.14902
-1.816395,12,10109.944797
-2.254765,12,10110.733991
-0.037825,12,10111.465951
-3.834941,12,10112.296497
-1.029302,12,10113.125979
-1.255775,12,10113.893661
-1.571085,12,10114.69127
-1.274569,12,10115.426334
-2.008527,12,10116.228094
-1.238809,12,10117.037204
-1.237464,12,10117.798088
-1.149544,12,10118.517329
-1.86722,12,10119.289006
-0.757764,12,10120.039942
-2.165081,12,10120.824119
-0.397695,12,10121.557129
-3.865821,12,10122.424341
-2.444009,12,10123.286503
-1.551797,12,10123.981343
-2.412165,12,10124.74433
-1.679761,12,10125.54667
-0.113647,12,10126.413296
-1.575725,12,10127.276394
-1.784869,12,10128.03994
-1.931786,12,10128.828491
-2.18987,12,10129.616066
-2.163943,12,10130.486936
-1.200718,12,10131.204989
-1.603721,12,10131.983948
-0.934642,12,10132.751423
-2.596546,12,10133.572102
-0.864397,12,10134.313861
-1.00569,12,10135.07452
-1.065723,12,10135.814091
-1.270984,12,10136.556463
-4.770576,12,10137.375701
-0.962666,12,10138.117477
-4.144168,12,10138.961396
-3.2857,12,10139.793279
-1.061468,12,10142.134506
-2.141482,12,10142.935045
-2.620363,12,10143.826526
-1.899229,12,10144.675633
-2.437649,12,10145.803644
-0.606159,12,10146.524491
-2.584744,12,10147.353058
-2.616641,12,10148.148629
-3.773395,12,10148.993148
-0.904728,12,10149.775697
-2.273307,12,10150.628619
-1.075638,12,10151.350909
-2.612679,12,10152.429361
-0.551832,12,10153.187451
-1.266466,12,10153.926085
-1.025811,12,10154.676798
-2.47414,12,10155.583354
-3.831361,12,10156.43417
-2.980451,12,10157.334405
-3.746951,12,10158.126223
-1.823668,12,10158.908358
-0.460787,12,10159.674069
-3.325218,12,10160.695193
-1.511114,12,10161.463981
-1.149113,12,10162.240011
-2.63846,12,10163.06971
-0.825919,12,10163.823545
-1.296131,12,10164.575007
-3.536992,12,10165.554317
-1.643967,12,10166.334873
-0.410517,12,10167.082536
-0.255783,12,10167.817407
-1.104142,12,10168.559916
-0.552734,12,10169.295499
-0.617332,12,10170.044098
-1.771382,12,10170.820755
-0.520906,12,10171.569241
-2.400089,12,10172.426404
-1.45666,12,10173.207904
-1.380874,12,10173.975694
-2.843317,12,10174.806196
-0.848269,12,10175.728258
-1.369736,12,10176.493031
-1.4988,12,10178.765407
-1.700033,12,10179.485507
-3.740895,12,10180.288551
-0.767947,12,10181.05804
-4.08239,12,10181.919529
-1.104185,12,10182.788978
-1.7031,12,10183.505361
-1.901126,12,10184.295723
-2.127955,12,10185.065508
-2.561653,12,10185.817255
-0.98968,12,10186.564155
-2.832518,12,10187.407168
-2.611247,12,10188.270922
-1.17669,12,10188.996203
-3.394649,12,10189.803217
-1.593804,12,10190.570133
-1.358724,12,10191.365767
-0.511614,12,10192.080175
-1.598639,12,10192.854566
-3.806706,12,10193.965263
-1.55425,12,10194.716791
-1.562543,12,10195.465064
-1.914132,12,10196.228777
-1.934344,12,10197.007599
-0.90268,12,10197.759582
-1.117259,12,10198.500136
-3.960103,12,10199.444569
-3.568248,12,10200.256942
-1.122878,12,10201.054462
-2.009132,12,10201.843222
-0.890653,12,10202.648734
-1.704368,12,10203.463737
-2.6664,12,10204.239741
-1.126814,12,10204.986763
-2.665419,12,10205.854667
-4.683426,12,10206.682261
-1.616197,12,10207.48683
-2.588267,12,10208.304842
-1.857073,12,10209.063584
-2.471574,12,10209.875148
-1.201772,12,10210.655751
-3.169326,12,10211.463824
-2.695148,12,10212.285121
-1.432636,12,10214.479994
-1.011391,12,10215.225714
-1.694999,12,10215.97636
-2.631767,12,10216.820174
-2.694464,12,10217.690607
-1.794683,12,10218.47248
-0.962747,12,10219.210993
-2.091854,12,10220.026871
-4.152705,12,10220.832161
-0.968127,12,10221.558979
-2.935118,12,10222.346817
-0.938241,12,10223.076952
-1.236815,12,10223.883569
-1.482496,12,10224.613625
-0.714385,12,10225.349926
-2.408644,12,10226.076256
-1.939994,12,10226.845885
-1.587342,12,10227.591525
-2.608256,12,10228.42467
-1.690189,12,10229.219398
-1.352341,12,10229.979657
-1.39168,12,10230.761082
-0.787859,12,10231.512892
-1.214326,12,10232.258911
-1.13784,12,10233.005823
-1.879509,12,10233.789455
-1.211505,12,10234.497053
-3.498969,12,10235.279619
-1.109234,12,10236.018748
-1.414649,12,10236.782456
-0.849314,12,10237.508382
-2.473658,12,10238.335797
-2.065075,12,10239.173046
-0.707851,12,10239.902391
-1.790685,12,10240.687873
-2.724085,12,10241.564996
-1.442224,12,10242.284632
-1.608556,12,10243.068066
-1.304241,12,10243.850941
-1.631699,12,10244.580277
-0.685869,12,10245.292746
-1.197899,12,10246.122354
-3.703744,12,10248.336761
-0.672221,12,10249.359806
-0.47072,12,10250.316062
-2.480629,12,10251.206038
-2.077062,12,10251.970576
-0.490712,12,10252.739985
-2.053031,12,10253.561474
-1.572567,12,10254.332171
-1.103451,12,10255.046983
-3.865655,12,10255.893286
-0.924038,12,10256.726219
-2.362095,12,10257.532452
-1.252213,12,10258.289959
-1.312683,12,10259.048036
-1.372094,12,10259.788081
-1.687371,12,10260.577528
-0.887799,12,10261.335336
-0.972778,12,10262.098833
-0.974885,12,10262.890806
-0.822776,12,10263.706356
-1.123748,12,10264.441098
-2.204174,12,10265.29275
-1.165058,12,10266.084693
-1.70434,12,10266.813967
-0.640904,12,10267.624664
-2.343608,12,10268.497116
-1.267921,12,10269.25531
-0.67263,12,10270.008808
-2.300834,12,10270.791086
-0.718819,12,10271.561761
-1.24986,12,10272.295742
-1.215,12,10273.015276
-1.376875,12,10273.799333
-3.324705,12,10274.6355
-2.504504,12,10275.389609
-4.369611,12,10276.328582
-2.956886,12,10277.078292
-0.756559,12,10277.851008
-1.110203,12,10278.607248
-0.608005,12,10279.351611
-1.502678,12,10280.193586
-1.510421,12,10280.919147
-1.6214,12,10281.692728
-1.958591,12,10283.991598
-2.883109,12,10284.896122
-1.012077,12,10285.703558
-2.063076,12,10286.451419
-1.719417,12,10287.214728
-2.871319,12,10287.996034
-1.160075,12,10288.729417
-2.053193,12,10289.591526
-3.26189,12,10290.456388
-0.80621,12,10291.58186
-3.525238,12,10292.431125
-1.82753,12,10293.305679
-1.627087,12,10294.103808
-1.238838,12,10294.881993
-0.931445,12,10295.674286
-2.146665,12,10296.416326
-0.86805,12,10297.24496
-1.747193,12,10298.009819
-1.724643,12,10298.789717
-1.944912,12,10299.562608
-1.003245,12,10300.276228
-1.027231,12,10301.014102
-2.006674,12,10301.745486
-3.091007,12,10302.55412
-0.718821,12,10303.255484
-0.96463,12,10303.987874
-1.23231,12,10304.771443
-0.984577,12,10305.648076
-1.03363,12,10306.402399
-2.148012,12,10307.240046
-1.31515,12,10308.063257
-0.633782,12,10308.828104
-1.734523,12,10309.754303
-1.578725,12,10310.662256
-3.038047,12,10311.743251
-1.933654,12,10312.943062
-2.455334,12,10314.000764
-1.433343,12,10315.503319
-2.506247,12,10317.587648
-0.509149,12,10319.441986
-1.108845,12,10321.346529
-1.581074,12,10323.335367
-1.003744,12,10324.719533
-0.375203,12,10326.460035
-1.747692,12,10327.461961
-1.03306,12,10328.336746
-2.740023,12,10329.268123
-2.71968,12,10330.197549
-5.097394,12,10331.133136
-1.16476,12,10332.107221
-2.01231,12,10332.986461
-0.734034,12,10333.881973
-0.722657,12,10334.702525
-2.604303,12,10335.458481
-1.638494,12,10336.24268
-2.113018,12,10336.990641
-0.940781,12,10337.760019
-2.477318,12,10338.495741
-3.068895,12,10339.29521
-3.116003,12,10340.069749
-3.204561,12,10340.929733
-2.829368,12,10341.760378
-1.203609,12,10342.472268
-1.094875,12,10343.315897
-1.442654,12,10344.107384
-2.346635,12,10344.860666
-0.779136,12,10345.6189
-2.756211,12,10346.382904
-1.249336,12,10347.118951
-0.394991,12,10347.818448
-0.638484,12,10348.514283
-4.024095,12,10349.259288
-1.523848,12,10349.958688
-1.187713,12,10350.674357
-2.012626,12,10351.444269
-1.867784,12,10352.256019
-2.118046,12,10352.957228
-3.052239,12,10353.735739
-1.959974,12,10354.504672
-1.694742,12,10355.245
-1.847202,12,10356.003012
-1.196069,12,10356.688234
-3.003123,12,10357.436106
-0.756012,12,10358.145353
-2.012582,12,10358.871323
-2.741443,12,10360.237019
-2.229144,12,10360.996883
-5.075251,12,10361.731053
-2.620915,12,10362.535793
-2.709888,12,10363.313498
-2.840682,12,10364.085603
-4.337025,12,10364.859898
-1.437627,12,10365.587353
-0.906825,12,10366.302477
-0.890596,12,10367.022879
-2.568622,12,10367.790916
-1.534039,12,10368.517843
-3.597873,12,10369.3293
-1.667021,12,10370.008652
-0.511852,12,10370.725384
-1.006235,12,10371.426662
-2.46075,12,10372.141851
-3.74516,12,10372.905609
-1.753214,12,10373.765391
-1.488896,12,10374.531922
-1.003948,12,10375.257271
-4.921173,12,10376.041492
-1.077177,12,10376.788077
-1.56607,12,10377.51501
-2.895953,12,10378.316327
-0.640932,12,10379.001319
-0.659363,12,10379.684135
-1.55276,12,10380.41212
-1.19979,12,10381.106336
-1.056508,12,10381.820461
-1.375077,12,10382.603923
-1.644503,12,10383.325805
-1.209519,12,10384.161003
-1.492518,12,10384.927035
-1.82333,12,10385.737657
-3.393521,12,10386.556231
-1.461523,12,10387.24567
-2.266417,12,10387.958359
-0.801571,12,10388.790708
-1.627887,12,10389.720464
-1.767043,12,10390.588949
-1.905254,12,10391.524433
-0.566539,12,10392.542767
-1.91077,12,10394.821219
-0.750797,12,10395.642927
-1.432724,12,10396.52191
-1.464451,12,10397.316417
-4.295977,12,10398.083575
-2.615769,12,10398.946739
-3.374606,12,10399.826793
-2.717117,12,10400.786203
-4.406139,12,10401.697114
-1.560831,12,10402.564216
-3.379558,12,10403.566585
-1.136873,12,10404.379863
-2.74759,12,10405.264884
-1.413709,12,10406.031789
-0.661356,12,10406.781029
-1.557366,12,10407.677644
-1.875049,12,10408.494802
-1.266433,12,10409.253465
-0.856788,12,10410.088812
-0.799421,12,10410.918447
-1.858491,12,10411.791486
-2.45895,12,10412.750441
-3.16168,12,10413.664126
-2.141119,12,10414.439108
-1.341084,12,10415.151165
-2.261768,12,10415.946428
-2.612643,12,10416.815718
-2.066594,12,10417.662794
-1.322105,12,10418.41322
-1.612962,12,10419.251779
-1.02475,12,10420.151556
-3.335134,12,10421.017867
-1.068489,12,10421.789227
-0.726341,12,10422.509392
-1.018846,12,10423.222939
-1.310703,12,10424.072232
-0.358942,12,10424.813025
-0.992031,12,10425.664575
-2.796774,12,10426.477557
-1.780982,12,10427.276767
-1.774855,12,10428.048284
-1.092106,12,10428.751533
-1.142399,12,10429.451247
-0.966531,12,10431.680825
-3.189035,12,10432.505203
-1.459564,12,10433.242635
-0.613997,12,10433.962814
-2.360982,12,10434.902619
-1.043379,12,10435.769828
-2.42526,12,10436.743508
-1.954579,12,10437.52643
-1.839086,12,10438.618606
-0.401328,12,10439.698096
-1.387208,12,10440.609846
-2.475155,12,10441.661557
-0.864117,12,10442.587619
-0.560618,12,10443.432426
-3.088819,12,10444.60519
-2.607759,12,10445.440557
-1.283171,12,10446.324531
-0.718882,12,10447.270632
-1.195849,12,10448.196296
-2.803386,12,10449.145707
-1.290004,12,10450.191266
-1.217426,12,10451.24992
-3.364538,12,10452.326722
-1.304959,12,10453.202578
-1.563916,12,10454.130002
-1.36726,12,10455.014414
-2.212078,12,10456.051542
-1.405993,12,10457.015787
-1.139839,12,10457.919827
-2.432404,12,10458.915613
-1.228622,12,10459.783882
-2.425158,12,10460.694954
-1.35008,12,10461.520141
-1.276842,12,10462.416625
-0.880596,12,10463.426953
-1.565963,12,10464.406796
-0.936266,12,10465.184887
-1.577764,12,10466.074036
-1.708719,12,10466.993127
-3.204398,12,10468.087096
-2.621037,12,10469.069637
-1.190705,12,10470.194875
-2.943509,12,10472.878463
-0.352681,12,10473.757188
-2.779249,12,10474.808341
-1.484889,12,10475.701753
-1.214664,12,10476.594939
-3.185218,12,10477.771309
-1.358782,12,10478.651229
-1.463014,12,10479.465198
-2.127797,12,10480.264743
-2.304847,12,10481.29258
-0.857154,12,10482.249629
-2.131113,12,10483.164181
-1.686677,12,10484.058201
-0.726158,12,10484.821582
-3.947677,12,10485.680816
-1.140968,12,10486.417588
-1.180057,12,10487.183584
-1.274446,12,10488.071865
-1.909823,12,10488.812584
-1.437521,12,10489.611008
-1.008393,12,10490.403335
-1.254786,12,10491.129923
-2.309727,12,10492.035802
-0.570862,12,10492.741569
-1.36244,12,10493.664391
-1.099249,12,10494.503482
-1.030396,12,10495.308162
-2.030525,12,10496.262922
-1.956892,12,10497.16345
-1.296504,12,10498.080445
-0.917034,12,10498.919474
-3.926301,12,10499.799208
-3.040968,12,10500.62474
-2.954781,12,10501.444597
-0.945695,12,10502.191998
-1.816101,12,10503.037241
-0.727181,12,10503.807166
-0.509653,12,10505.356814
-2.258661,12,10506.136848
-3.590562,12,10506.956323
-3.124495,12,10507.731004
-1.017318,12,10508.438156
-2.673853,12,10509.179926
-0.814678,12,10510.32448
-1.410558,12,10511.036021
-1.176276,12,10511.75394
-1.589928,12,10512.50412
-1.62364,12,10513.223044
-0.496353,12,10513.948879
-2.81148,12,10514.773301
-1.441662,12,10515.501136
-2.137369,12,10516.274587
-1.470592,12,10517.019208
-4.819654,12,10517.894143
-0.566081,12,10518.592956
-2.377472,12,10519.376661
-1.530898,12,10520.121606
-1.229528,12,10520.836079
-0.558131,12,10521.543694
-1.662467,12,10522.256402
-0.745458,12,10522.94291
-1.806983,12,10523.713119
-1.727866,12,10524.435754
-1.897183,12,10525.182972
-1.396547,12,10525.900051
-0.847978,12,10526.580247
-0.96011,12,10527.282343
-4.730669,12,10528.091893
-1.022029,12,10528.788118
-0.523827,12,10529.475146
-1.681547,12,10530.188967
-0.669133,12,10530.955344
-1.939835,12,10531.681928
-2.057745,12,10532.428367
-3.1955,12,10533.209094
-1.163745,12,10533.96804
-1.909923,12,10534.703617
-0.401223,12,10535.408511
-1.64423,12,10536.117813
-2.812393,12,10536.876978
-0.813765,12,10537.586928
-3.125159,12,10538.359665
-2.559588,12,10539.200435
-0.726961,12,10539.878155
-4.419773,12,10540.614915
-1.95026,12,10541.355322
-0.856689,12,10542.609151
-2.135424,12,10543.342298
-3.014188,12,10544.083842
-1.158444,12,10544.783198
-1.169537,12,10545.472784
-1.577189,12,10546.209278
-0.770719,12,10546.903608
-0.557175,12,10547.610766
-2.583309,12,10548.389699
-1.298974,12,10549.109504
-2.273166,12,10549.847833
-0.681971,12,10550.548827
-3.135642,12,10551.302624
-2.072371,12,10552.275756
-0.972356,12,10553.062644
-1.143985,12,10553.892296
-1.017774,12,10554.862832
-0.89122,12,10555.670152
-0.795318,12,10556.393085
-2.538442,12,10557.169248
-0.899731,12,10557.914835
-3.459888,12,10558.818586
-1.913802,12,10559.601636
-2.087195,12,10560.500365
-2.932274,12,10561.370282
-1.999556,12,10562.114599
-1.603158,12,10562.878615
-1.275811,12,10563.654616
-0.451396,12,10564.397398
-0.911333,12,10565.209491
-1.144237,12,10565.92602
-3.407508,12,10566.8312
-1.6035,12,10567.618542
-1.66704,12,10568.427542
-1.294724,12,10569.183406
-1.154739,12,10569.889434
-2.205884,12,10570.690935
-1.276286,12,10571.462919
-0.831288,12,10572.32218
-3.173505,12,10573.116133
-1.646883,12,10573.903036
-2.026258,12,10574.757016
-0.448519,12,10575.782702
-1.927553,12,10576.499574
-1.403332,12,10577.293818
-1.72929,12,10578.004444
-2.661588,12,10578.817419
-0.876119,12,10579.56202
-2.675609,12,10580.401225
-3.568966,12,10581.248888
-2.298228,12,10582.128207
-2.619268,12,10582.959088
-0.801371,12,10583.731363
-3.447358,12,10584.595316
-1.077942,12,10585.437224
-0.967158,12,10586.157662
-1.143512,12,10586.928571
-0.772384,12,10587.642454
-1.224406,12,10588.433875
-1.841452,12,10589.222773
-3.308562,12,10590.035296
-1.719134,12,10590.816486
-1.076957,12,10591.641152
-1.586721,12,10592.478237
-0.832342,12,10593.21527
-0.704267,12,10594.002506
-1.108468,12,10594.796327
-1.544505,12,10595.592092
-0.669149,12,10596.33808
-2.498702,12,10597.133204
-1.80786,12,10597.931993
-1.001935,12,10598.701888
-1.298514,12,10599.495871
-2.131882,12,10600.269068
-3.066079,12,10601.128372
-1.572446,12,10601.89936
-3.937786,12,10602.853652
-3.037537,12,10603.68775
-2.003342,12,10604.424238
-1.398728,12,10605.188692
-1.528265,12,10605.983692
-1.727784,12,10606.910702
-1.611409,12,10607.836732
-0.593938,12,10608.665381
-1.474793,12,10609.694118
-1.465218,12,10611.270802
-1.37591,12,10612.136744
-2.080392,12,10612.92328
-1.917361,12,10613.752127
-2.69531,12,10614.633591
-3.344772,12,10615.456543
-1.709017,12,10616.223021
-3.457437,12,10617.1426
-0.7175,12,10617.874731
-2.522291,12,10618.698571
-1.503207,12,10619.494037
-2.288697,12,10620.277636
-1.102655,12,10621.042034
-2.560277,12,10621.774933
-1.116635,12,10622.564656
-2.92717,12,10623.374654
-2.362293,12,10624.162781
-0.817406,12,10624.992817
-1.277849,12,10625.739958
-3.525009,12,10626.511706
-3.666728,12,10627.352862
-1.064257,12,10628.100515
-1.652453,12,10628.798304
-3.676364,12,10629.639155
-1.016857,12,10630.396046
-0.801174,12,10631.175589
-1.391111,12,10631.943914
-2.762484,12,10632.821326
-0.796277,12,10633.559184
-3.387952,12,10634.361417
-0.71343,12,10635.131865
-4.186076,12,10636.039699
-2.656023,12,10636.870036
-1.34639,12,10637.644527
-1.513909,12,10638.399793
-2.002472,12,10639.185631
-1.973639,12,10639.953425
-2.082206,12,10640.768894
-1.308309,12,10641.543877
-4.433609,12,10642.436663
-1.477533,12,10643.230468
-3.447249,12,10644.03518
-1.027819,12,10644.79743
-2.124203,12,10645.945599
-1.289827,12,10646.694952
-0.856305,12,10647.436768
-1.738187,12,10648.226516
-0.45847,12,10648.996046
-1.980796,12,10649.833151
-1.747892,12,10650.641964
-1.105462,12,10651.379139
-2.292092,12,10652.25206
-2.299562,12,10653.014559
-1.164217,12,10653.782414
-0.622581,12,10654.567433
-1.408014,12,10655.361784
-1.729816,12,10656.156842
-3.096666,12,10657.025499
-2.42804,12,10657.873065
-2.418918,12,10658.665892
-2.219563,12,10659.416387
-1.236005,12,10660.154649
-1.722701,12,10661.030129
-3.179756,12,10661.967315
-0.67995,12,10662.731271
-0.997933,12,10663.491171
-0.813012,12,10664.192888
-2.843182,12,10665.005151
-1.493421,12,10665.768256
-0.753308,12,10666.508229
-0.417976,12,10667.264131
-2.775444,12,10668.10694
-3.340191,12,10668.938559
-1.424331,12,10669.740278
-1.998655,12,10670.572776
-1.49899,12,10671.305091
-1.156188,12,10672.025246
0.066062,12,10672.744974
-1.24787,12,10673.507615
-1.529116,12,10674.252015
-1.569272,12,10675.011203
-2.377587,12,10675.797509
-3.500979,12,10676.739098
-1.285859,12,10677.491209
-3.729095,12,10678.292342
-1.170159,12,10679.352634
-1.091166,12,10680.121935
-0.965436,12,10680.823318
-0.762011,12,10681.601954
-2.164821,12,10682.454152
-1.912358,12,10683.179449
-1.595292,12,10683.961842
-2.760719,12,10684.751006
-5.066783,12,10685.634631
-1.069162,12,10686.429333
-2.187545,12,10687.201398
-1.255833,12,10687.963809
-1.052966,12,10688.76802
-0.962034,12,10689.516106
-1.971073,12,10690.338425
-1.987324,12,10691.117484
-1.511362,12,10691.906665
-1.459095,12,10692.736271
-1.588148,12,10693.538298
-1.601913,12,10694.296688
-1.464171,12,10695.161886
-3.020489,12,10696.039308
-1.719751,12,10696.794242
-1.228707,12,10697.581031
-2.089889,12,10698.421403
-1.543701,12,10699.155961
-0.713331,12,10699.949836
-2.794527,12,10700.837512
-0.848896,12,10701.593537
-1.280591,12,10702.317346
-1.725997,12,10703.099085
-1.009486,12,10703.826265
-1.41718,12,10704.625075
-1.25542,12,10705.402005
-1.129553,12,10706.114677
-1.482355,12,10706.86327
-1.2646,12,10707.657306
-0.666975,12,10708.394418
-1.066905,12,10709.144554
-1.577979,12,10709.951871
-1.413948,12,10710.680984
-4.296494,12,10711.502313
-0.447748,12,10712.286751
-1.160804,12,10713.386238
-3.710579,12,10714.26758
-1.128005,12,10714.97507
-1.305232,12,10715.696972
-3.261634,12,10716.487931
-0.483878,12,10717.282285
-1.00271,12,10717.95805
-1.066824,12,10718.710584
-2.755617,12,10719.497385
-1.984179,12,10720.349458
-2.062323,12,10721.141683
-3.764811,12,10721.961794
-1.819287,12,10722.682866
-1.436806,12,10723.489586
-1.550718,12,10724.217366
-3.832327,12,10725.044725
-1.535373,12,10725.818016
-1.346621,12,10726.57831
-0.130003,12,10727.363187
-1.295041,12,10728.139916
-2.128232,12,10728.978794
-1.757554,12,10729.797592
-6.780285,12,10730.718166
-1.201717,12,10731.507033
-2.164032,12,10732.308672
-0.909305,12,10733.07629
-1.7416,12,10733.843732
-2.728459,12,10734.723751
-1.119922,12,10735.473902
-2.064754,12,10736.273374
-0.768952,12,10736.993877
-1.225326,12,10737.740186
-2.092805,12,10738.586334
-2.159393,12,10739.375578
-3.804862,12,10740.24947
-0.841041,12,10741.064461
-0.599138,12,10741.804713
-3.129365,12,10742.648782
-2.777674,12,10743.495103
-2.361077,12,10744.29849
-1.370242,12,10745.048401
-1.178,12,10745.794094
-3.442117,12,10746.625761
-0.707716,12,10747.665701
-2.493369,12,10748.448606
-2.016376,12,10749.287548
-2.767732,12,10750.156202
-1.880568,12,10751.008035
-0.281512,12,10751.722009
-2.141759,12,10752.472125
-1.28383,12,10753.255877
-4.346149,12,10754.141797
-4.039096,12,10755.010334
-1.278927,12,10755.811138
-4.566012,12,10756.673801
-1.614128,12,10757.40532
-0.749176,12,10758.178965
-1.284447,12,10759.003043
-0.914441,12,10759.730421
-2.314658,12,10760.523278
-1.588808,12,10761.263678
-5.553653,12,10762.088315
-1.564433,12,10762.875894
-0.653639,12,10763.608995
-3.568253,12,10764.429168
-0.831948,12,10765.228668
-1.501796,12,10766.036305
-2.956536,12,10766.840194
-1.04576,12,10767.586158
-1.382876,12,10768.370859
-2.837102,12,10769.212622
-2.426776,12,10769.933219
-1.800048,12,10770.714446
-1.136293,12,10771.453538
-1.13573,12,10772.165603
-1.396354,12,10772.960228
-1.125941,12,10773.665957
-1.532003,12,10774.413015
-1.102513,12,10775.189102
-2.335947,12,10775.997721
-2.099588,12,10776.791471
-2.176312,12,10777.593415
-2.929905,12,10778.370903
-3.543529,12,10779.236099
-1.585806,12,10780.037742
-2.023372,12,10781.195211
-1.189392,12,10781.928484
-2.110315,12,10782.727297
-4.227677,12,10783.589142
-0.992838,12,10784.375166
-2.463507,12,10785.184945
-3.362119,12,10786.020233
-0.71428,12,10786.803843
-1.297201,12,10787.520428
-1.510445,12,10788.310019
-1.578252,12,10789.06978
-1.639925,12,10789.875405
-2.45613,12,10790.607506
-2.622572,12,10791.436666
-2.140749,12,10792.228421
-5.352018,12,10793.161759
-1.748322,12,10793.943105
-1.15563,12,10794.670974
-1.331816,12,10795.750169
-0.705796,12,10796.489525
-1.790662,12,10797.313096
-2.352095,12,10798.168791
-2.623853,12,10798.963259
-2.023271,12,10799.923326
-0.559301,12,10800.678411
-1.747602,12,10801.434723
-0.719303,12,10802.26223
-0.564399,12,10802.994782
-2.57932,12,10803.736642
-0.817486,12,10804.461493
-4.895545,12,10805.346834
-5.318988,12,10806.278493
-5.291968,12,10807.097538
-3.116727,12,10807.948435
-1.664855,12,10808.681936
-2.709006,12,10809.533842
-1.712933,12,10810.272606
-1.106343,12,10810.989173
-1.111324,12,10811.731747
-3.750033,12,10812.523942
-2.771031,12,10813.309289
-0.929162,12,10814.091058
-1.99943,12,10814.91962
-2.006286,12,10816.127315
-0.821196,12,10816.858265
-2.704149,12,10817.668611
-3.07616,12,10818.526691
-0.633563,12,10819.251846
-2.418879,12,10820.143033
-3.618326,12,10820.943795
-3.055786,12,10821.828576
-1.78272,12,10822.610798
-1.212872,12,10823.332508
-1.849381,12,10824.098685
-1.531356,12,10824.864206
-2.83943,12,10825.736367
-2.255157,12,10826.556106
-3.584737,12,10827.448184
-1.094863,12,10828.162065
-0.796267,12,10828.978801
-3.349246,12,10829.910772
-2.438664,12,10830.723842
-1.166874,12,10831.409334
-0.74258,12,10832.148637
-2.53342,12,10832.914002
-1.410409,12,10833.68112
-3.023233,12,10834.470282
-1.391671,12,10835.196222
-2.036196,12,10835.992539
-0.865906,12,10836.754101
-1.38252,12,10837.590023
-2.876414,12,10838.419513
-2.300896,12,10839.280602
-1.447464,12,10840.090816
-2.445147,12,10840.905283
-1.259919,12,10841.663049
-1.695894,12,10842.470122
-2.062435,12,10843.261748
-3.545237,12,10844.104833
-2.321547,12,10844.919716
-1.603463,12,10845.766818
-3.124062,12,10846.58536
-3.484581,12,10847.534483
-0.691007,12,10848.330819
-1.780871,12,10849.06218
-2.559762,12,10849.917488
-0.621739,12,10851.063257
-1.408752,12,10851.861374
-1.391471,12,10852.648851
-2.509896,12,10853.45057
-0.959177,12,10854.208203
-0.799288,12,10855.011526
-0.929019,12,10855.789941
-2.416457,12,10856.606388
-0.894591,12,10857.30404
-0.79559,12,10858.047021
-3.187746,12,10858.804539
-2.259869,12,10859.722592
-0.518613,12,10860.460296
-2.677908,12,10861.28005
-0.985229,12,10862.066342
-3.278755,12,10862.883263
-2.300745,12,10863.63562
-1.73138,12,10864.38288
-1.425465,12,10865.225831
-1.003671,12,10866.040983
-0.550631,12,10866.785521
-3.629331,12,10867.621851
-3.01774,12,10868.400337
-0.654019,12,10869.179931
-2.623477,12,10869.958483
-1.656524,12,10870.750667
-1.221949,12,10871.49995
-4.045039,12,10872.433962
-1.733,12,10873.176568
-3.832842,12,10874.06955
-1.393652,12,10874.839376
-1.793588,12,10875.696878
-1.665476,12,10876.457102
-1.18291,12,10877.162472
-1.901184,12,10877.950148
-2.034415,12,10878.749544
-1.616704,12,10879.551008
-2.050207,12,10880.439492
-3.50422,12,10881.251576
-0.900803,12,10882.025114
-1.704067,12,10882.905303
-2.131958,12,10883.720083
-1.440648,12,10884.890005
-2.880477,12,10885.763289
-3.87614,12,10886.628047
-1.455233,12,10887.405264
-1.095184,12,10888.15282
-1.186452,12,10888.954589
-3.75421,12,10889.866331
-2.146814,12,10890.70247
-2.677679,12,10891.529383
-1.213764,12,10892.354382
-2.482004,12,10893.210968
-1.755111,12,10894.066123
-2.015735,12,10894.893527
-2.334467,12,10895.710892
-0.608914,12,10896.442038
-2.129256,12,10897.310943
-0.792004,12,10898.072436
-2.959192,12,10898.988971
-1.204752,12,10899.734134
-2.105986,12,10900.547632
-1.163241,12,10901.322924
-2.100755,12,10902.135813
-0.598185,12,10902.881418
-1.595541,12,10903.676993
-2.492737,12,10904.600046
-4.190375,12,10905.460005
-1.180549,12,10906.23454
-2.353697,12,10907.036054
-1.805202,12,10907.900017
-1.797696,12,10908.714841
-1.996523,12,10909.72291
-2.523127,12,10910.456662
-0.633894,12,10911.201169
-1.068549,12,10911.932068
-1.835891,12,10912.646871
-1.214379,12,10913.372131
-0.581674,12,10914.171121
-1.740414,12,10914.959444
-0.577805,12,10915.732491
-1.77265,12,10916.473104
-4.654093,12,10917.389197
-2.398497,12,10918.138093
-1.664336,12,10918.92638
-1.187535,12,10920.033257
-2.747684,12,10920.863044
-1.583211,12,10921.668036
-1.37845,12,10922.481886
-3.869006,12,10923.367676
-1.247011,12,10924.185188
-1.077397,12,10924.979744
-1.992536,12,10925.769238
-2.087596,12,10926.592496
-3.066091,12,10927.414038
-2.416478,12,10928.197571
-3.75031,12,10929.13204
-1.817898,12,10929.902609
-1.979778,12,10930.717234
-1.016777,12,10931.468971
-1.576693,12,10932.241606
-0.861494,12,10933.007182
-0.741046,12,10933.772171
-2.169311,12,10934.566879
-3.546895,12,10935.393431
-1.398928,12,10936.172992
-2.448858,12,10936.991011
-1.379498,12,10937.78713
-1.251454,12,10938.559281
-1.415842,12,10939.35042
-2.83165,12,10940.236479
-0.815825,12,10940.96842
-1.571932,12,10941.765369
-0.667338,12,10942.526168
-2.555615,12,10943.384644
-1.613198,12,10944.198432
-1.522223,12,10944.916131
-0.5541,12,10945.654546
-1.217144,12,10946.469606
-0.868374,12,10947.218103
-1.527709,12,10947.991261
-0.816543,12,10948.807569
-0.795865,12,10949.541326
-1.502319,12,10950.324237
-0.782676,12,10951.052136
-0.748448,12,10951.819587
-3.226704,12,10952.678162
-1.737562,12,10953.508857
-1.261903,12,10954.529169
-2.281815,12,10955.325773
-3.711769,12,10956.184029
-1.632066,12,10956.960454
-0.622648,12,10957.768583
-1.293807,12,10958.534812
-2.848193,12,10959.36872
-1.644827,12,10960.131095
-0.696093,12,10960.96617
-2.301007,12,10961.759219
-1.466629,12,10962.571045
-1.143875,12,10963.307068
-1.910193,12,10964.06283
-2.10834,12,10964.790385
-1.370354,12,10965.531528
-1.251521,12,10966.359139
-1.071767,12,10967.177676
-1.736331,12,10967.932724
-1.114597,12,10968.748282
-2.732504,12,10969.526674
-2.995842,12,10970.415468
-1.188915,12,10971.185722
-1.916737,12,10971.96364
-2.390476,12,10972.769568
-1.370554,12,10973.532206
-3.440872,12,10974.350399
-1.550963,12,10975.185303
-3.038065,12,10975.97588
-0.862631,12,10976.821691
-2.161824,12,10977.570711
-3.636979,12,10978.425332
-1.383025,12,10979.165459
-2.799299,12,10979.975656
-1.503804,12,10980.763121
-1.964776,12,10981.547845
-1.829298,12,10982.308658
-1.82704,12,10983.085622
-1.254722,12,10983.838022
-1.665592,12,10984.657152
-4.362757,12,10985.533875
-4.380817,12,10986.455794
-1.75157,12,10987.235926
-0.864899,12,10988.379837
-0.811256,12,10989.104901
-2.52015,12,10989.950983
-3.53609,12,10990.815755
-0.9541,12,10991.550845
-2.222423,12,10992.340191
-1.709381,12,10993.102252
-0.903274,12,10993.800637
-1.186906,12,10994.527092
-1.472809,12,10995.307388
-2.680049,12,10996.093192
-0.903223,12,10996.961076
-2.492717,12,10997.748193
-0.716634,12,10998.55585
-2.376934,12,10999.363042
-0.888721,12,11000.05636
-0.622329,12,11000.753829
-0.664569,12,11001.546075
-1.796162,12,11002.36596
-0.437661,12,11003.117846
-0.826062,12,11003.900948
-1.714943,12,11004.591354
-0.532808,12,11005.334083
-1.092106,12,11006.065188
-1.092041,12,11006.770241
-1.490767,12,11007.542611
-1.693891,12,11008.303079
-3.584612,12,11009.162259
-0.863787,12,11009.870741
-3.23141,12,11010.745421
-3.200842,12,11011.603678
-1.290379,12,11012.388982
-2.673298,12,11013.224561
-3.167007,12,11014.099185
-5.264479,12,11014.957662
-1.777086,12,11015.739734
-1.021086,12,11016.507035
-0.888099,12,11017.217586
-2.739537,12,11017.982774
-1.201669,12,11018.759038
-1.093972,12,11019.539477
-2.275661,12,11020.350528
-2.197646,12,11021.138693
-1.648598,12,11022.246043
-3.523256,12,11023.031263
-2.357538,12,11023.831455
-1.75024,12,11024.680145
-2.399947,12,11025.516129
-1.976282,12,11026.268693
-0.664962,12,11027.026908
-2.706505,12,11027.864006
-0.92517,12,11028.581325
-0.699853,12,11029.339048
-0.797333,12,11030.064692
-1.016131,12,11030.812689
-0.906116,12,11031.556189
-4.622057,12,11032.479264
-1.189613,12,11033.25885
-1.065887,12,11033.979948
-2.785165,12,11034.851955
-1.480397,12,11035.619441
-0.94087,12,11036.400773
-2.826667,12,11037.246205
-1.278198,12,11038.027687
-2.534691,12,11038.7535
-2.318459,12,11039.500044
-1.258075,12,11040.319561
-2.759922,12,11041.115207
-3.491726,12,11042.023953
-2.758696,12,11042.81358
-2.020164,12,11043.576836
-1.00127,12,11044.348412
-2.818351,12,11045.102011
-3.886344,12,11045.934825
-2.04917,12,11046.748618
-1.442956,12,11047.485764
-2.536616,12,11048.314601
-5.327156,12,11049.217969
-0.866552,12,11049.98504
-2.139845,12,11050.813313
-2.625868,12,11051.687857
-2.7267,12,11052.505246
-1.078857,12,11053.225388
-1.716238,12,11053.965179
-2.490822,12,11054.741243
-2.498859,12,11055.504242
-2.632519,12,11056.650226
-0.684554,12,11057.397667
-2.254689,12,11058.204771
-0.86751,12,11058.973634
-2.322592,12,11059.745107
-5.438439,12,11060.692428
-3.157808,12,11061.456633
-1.172282,12,11062.169259
-3.01261,12,11063.005912
-1.358584,12,11063.800932
-1.308843,12,11064.561834
-1.445657,12,11065.368058
-0.698128,12,11066.08908
-1.140803,12,11066.816907
-0.309563,12,11067.566471
-0.852485,12,11068.33041
-1.225413,12,11069.034338
-1.091085,12,11069.775744
-0.74511,12,11070.528173
-1.307243,12,11071.289843
-1.556659,12,11072.04533
-1.163395,12,11072.81112
-3.483816,12,11073.611751
-1.282345,12,11074.348703
-2.041257,12,11075.208076
-1.883351,12,11075.977377
-2.271835,12,11076.766466
-1.608041,12,11077.570576
-2.360152,12,11078.375757
-2.204075,12,11079.257175
-1.073239,12,11080.019654
-0.744503,12,11080.779231
-0.76828,12,11081.546589
-0.75922,12,11082.315708
-4.323666,12,11083.168042
-0.757466,12,11083.944182
-0.909629,12,11084.677149
-2.407111,12,11085.481349
-2.982873,12,11086.358094
-0.743153,12,11087.144768
-1.286869,12,11088.25943
-1.285468,12,11089.02057
-4.924397,12,11090.349297
-1.568624,12,11091.100819
-0.793375,12,11091.860522
-1.435132,12,11092.660992
-1.256128,12,11093.400466
-0.379025,12,11094.161892
-0.999295,12,11094.918289
-4.096301,12,11095.799206
-2.726838,12,11096.67403
-1.656826,12,11097.453055
-1.088907,12,11098.200689
-1.365872,12,11099.021116
-1.281038,12,11099.799393
-0.952739,12,11100.541987
-2.502005,12,11101.375966
-1.220553,12,11102.146415
-2.557009,12,11103.001376
-0.723527,12,11103.713591
-1.170857,12,11104.51444
-5.061674,12,11105.315598
-0.750429,12,11106.085112
-0.471809,12,11106.873261
-0.731128,12,11107.578021
-1.386374,12,11108.388601
-1.541253,12,11109.257347
-2.759409,12,11110.026096
-2.412407,12,11110.809339
-1.643451,12,11111.568253
-3.003939,12,11112.466861
-1.654538,12,11113.252018
-3.723732,12,11114.111377
-2.886993,12,11114.936953
-1.958388,12,11115.773859
-0.850782,12,11116.526016
-1.293301,12,11117.377891
-0.909958,12,11118.134373
-3.316415,12,11118.976177
-2.468284,12,11119.774126
-1.04281,12,11120.472011
-2.627106,12,11121.167514
-0.650292,12,11121.885835
-2.90451,12,11122.675459
-1.082205,12,11123.46412
-3.61439,12,11124.6261
-2.664549,12,11125.685111
-1.125874,12,11126.539657
-2.425704,12,11127.499676
-1.119247,12,11128.382244
-1.546246,12,11129.330401
-1.535584,12,11130.183947
-0.787828,12,11131.083044
-1.190878,12,11131.952254
-1.586768,12,11133.035795
-1.856907,12,11134.148815
-0.864226,12,11134.950263
-2.642386,12,11135.768804
-1.0731,12,11136.656007
-1.550854,12,11137.522072
-0.404198,12,11138.369455
-2.315603,12,11139.338492
-1.913072,12,11140.395391
-3.934181,12,11141.466972
-1.37737,12,11142.352024
-1.246682,12,11143.169347
-0.529777,12,11143.96092
-0.854643,12,11144.800642
-1.129027,12,11145.59086
-2.937069,12,11146.511469
-0.513682,12,11147.291964
-1.505126,12,11148.133372
-2.236743,12,11149.060584
-1.011626,12,11149.789622
-1.903773,12,11150.678863
-0.944217,12,11151.501675
-1.891211,12,11152.401616
-1.269378,12,11153.222885
-3.491275,12,11154.121542
-1.496046,12,11155.002246
-1.105131,12,11155.830619
-1.349225,12,11156.599501
-1.377989,12,11157.367137
-0.53824,12,11158.122038
-2.465209,12,11159.039318
-0.846124,12,11159.922103
-0.583731,12,11160.704706
-2.641568,12,11161.609861
-3.02216,12,11163.151443
-2.282995,12,11164.020859
-4.633058,12,11165.067651
-0.94591,12,11166.073557
-3.398541,12,11167.41245
-1.408493,12,11169.518057
-1.221067,12,11173.778995
-2.029809,12,11176.678105
-2.516959,12,11180.290253
-0.563077,12,11182.283445
-2.74485,12,11184.293716
-1.953563,12,11185.42463
-1.284188,12,11186.738859
-4.149079,12,11188.901485
-1.592281,12,11190.858465
-1.375272,12,11192.335861
-1.789305,12,11193.709789
-0.94436,12,11194.852269
-0.981942,12,11195.956245
-3.392102,12,11197.423029
-2.10055,12,11199.181609
-1.753924,12,11200.950247
-0.492214,12,11202.294008
-1.650036,12,11203.788109
-1.929854,12,11205.105969
-0.856653,12,11206.14384
-3.035571,12,11207.546917
-1.701652,12,11208.834239
-0.68136,12,11209.833303
-1.256196,12,11211.172944
-0.702889,12,11213.342299
-1.619737,12,11215.35382
-0.854035,12,11216.629502
-1.201736,12,11217.979337
-3.03803,12,11219.43122
-0.686304,12,11220.853655
-0.982305,12,11222.161278
-1.489123,12,11223.459492
-1.458749,12,11224.885053
-1.352256,12,11226.078683
-2.180239,12,11227.353263
-0.940194,12,11228.433814
-0.487659,12,11231.781748
-2.135847,12,11233.330533
-1.726449,12,11234.686469
-1.537662,12,11235.869762
-4.320572,12,11237.506747
-2.017636,12,11238.668211
-2.391263,12,11239.758182
-1.188927,12,11240.73363
-1.041561,12,11241.72054
-1.542729,12,11243.017682
-2.570816,12,11244.432663
-0.530344,12,11246.208068
-1.191646,12,11247.552815
-0.134991,12,11248.704672
-0.948762,12,11249.920461
-2.035935,12,11251.300117
-1.625726,12,11252.501586
-3.04838,12,11253.771971
-2.657339,12,11255.424641
-2.134054,12,11257.453502
-2.651493,12,11258.969454
-1.097367,12,11260.638516
-1.100412,12,11261.727828
-3.574262,12,11263.254834
-1.848589,12,11264.289475
-2.376853,12,11265.493962
-2.965948,12,11266.857615
-0.799244,12,11268.059675
-3.638976,12,11269.216477
-1.171101,12,11270.230137
-0.991357,12,11271.352612
-0.668048,12,11272.370725
-2.082174,12,11273.464338
-1.096112,12,11274.507766
-1.131379,12,11275.472094
-0.815168,12,11276.395118
-1.358066,12,11277.467113
-0.924519,12,11278.590439
-1.424904,12,11280.036754
-0.54152,12,11281.746528
-2.256563,12,11283.38224
-1.753762,12,11284.851382
-0.948433,12,11286.071263
-1.319552,12,11289.94116
-1.795752,12,11291.796472
-0.777226,12,11292.87954
-1.105941,12,11293.95298
-3.90744,12,11295.553817
-1.690262,12,11296.794454
-2.374918,12,11298.070707
-1.458303,12,11299.268189
-2.46411,12,11300.650634
-0.736284,12,11302.075086
-1.224999,12,11305.725848
-1.319203,12,11310.569472
-0.700366,12,11313.892998
-0.736249,12,11317.893953
-2.664174,12,11320.909266
-2.091661,12,11323.252479
-1.299485,12,11324.634742
-1.860316,12,11325.896413
-1.458089,12,11327.080007
-1.332334,12,11328.04802
-1.781078,12,11329.018279
-2.078299,12,11330.008756
-1.163695,12,11331.062862
-1.505143,12,11332.120854
-2.509701,12,11333.483922
-1.158394,12,11334.439209
-1.380269,12,11335.651334
-4.064025,12,11337.322273
-2.119245,12,11338.727076
-0.56706,12,11340.015826
-0.796396,12,11341.314741
-1.903063,12,11342.561148
-0.528819,12,11343.853696
-1.795822,12,11344.925653
-3.568824,12,11346.440522
-0.788356,12,11347.468202
-2.535529,12,11348.624469
-1.293605,12,11349.855605
-3.108752,12,11351.265172
-2.146454,12,11352.634239
-1.895485,12,11354.212133
-2.302479,12,11355.517621
-5.325587,12,11357.339586
-2.955354,12,11362.206951
-1.331055,12,11363.886811
-2.730463,12,11365.495965
-1.465032,12,11366.610108
-3.536713,12,11368.022504
-0.692154,12,11369.072784
-0.475925,12,11370.193025
-4.587886,12,11371.806129
-1.140728,12,11373.126206
-0.424665,12,11374.538079
-2.852284,12,11375.868212
-1.833474,12,11377.257805
-0.639781,12,11378.375671
-1.246252,12,11379.542364
-1.470193,12,11380.883657
-1.420328,12,11382.116949
-2.855774,12,11383.643653
-2.063381,12,11385.080927
-1.413286,12,11386.126122
-1.599714,12,11387.293533
-1.85937,12,11388.515444
-3.755243,12,11390.193712
-3.02444,12,11391.917194
-3.44511,12,11393.525975
-2.452705,12,11394.839821
-3.493247,12,11396.278418
-1.987682,12,11397.6374
-3.073017,12,11399.06807
-2.192366,12,11400.543791
-1.939277,12,11401.880495
-1.20599,12,11403.723333
-1.336189,12,11405.416557
-1.638218,12,11406.81448
-1.721367,12,11407.898077
-0.803609,12,11409.124382
-1.299677,12,11410.137966
-2.357377,12,11411.404057
-1.288107,12,11412.544666
-3.219694,12,11413.766966
-2.173037,12,11414.893466
-1.919727,12,11416.033544
-2.67748,12,11417.446892
-0.681685,12,11421.195763
-1.233792,12,11423.525691
-1.172986,12,11425.863396
-1.264105,12,11428.934335
-1.41978,12,11430.529519
-1.888182,12,11431.798702
-1.525835,12,11433.060867
-3.558473,12,11434.260334
-1.083481,12,11435.296164
-0.807603,12,11436.271861
-3.635468,12,11437.709365
-1.573631,12,11438.762563
-1.718564,12,11439.961828
-1.223291,12,11441.204007
-1.083761,12,11442.47298
-2.324792,12,11443.651459
-1.034691,12,11444.714343
-0.266283,12,11445.885654
-0.871724,12,11447.133365
-0.663421,12,11448.237534
-0.972515,12,11449.446064
-1.394338,12,11450.548231
-1.41808,12,11451.724295
-1.201663,12,11452.840854
-0.600912,12,11453.956336
-1.822863,12,11455.317202
-1.243877,12,11456.612156
-4.06405,12,11458.337095
-2.312042,12,11459.753611
-1.132876,12,11461.033631
-0.579168,12,11462.441722
-2.03079,12,11463.826682
-1.993144,12,11465.162718
-1.454574,12,11466.451296
-0.935701,12,11467.515739
-1.931958,12,11468.602525
-0.872457,12,11469.741041
-4.16342,12,11471.166248
-0.350122,12,11472.236565
-0.793494,12,11473.229154
-0.813902,12,11474.256489
-1.887343,12,11475.39302
-0.358095,12,11476.372478
-4.531453,12,11480.337044
-4.921601,12,11482.698079
-1.293979,12,11483.869236
-1.076011,12,11485.067731
-0.832372,12,11486.398342
-0.69461,12,11487.618375
-1.536951,12,11489.066206
-1.39379,12,11491.523267
-2.200287,12,11494.158511
-2.13454,12,11496.17456
-2.402413,12,11497.82425
-1.787074,12,11499.147191
-2.105196,12,11500.47426
-1.205919,12,11501.669233
-1.51422,12,11503.056093
-1.545193,12,11504.312886
-0.8356,12,11505.416981
-0.966726,12,11506.430519
-0.869219,12,11507.444654
-3.122693,12,11508.71218
-2.585137,12,11509.987684
-2.52703,12,11511.066222
-2.000274,12,11512.332548
-3.51297,12,11513.74
-2.299512,12,11515.275524
-0.635336,12,11516.360785
-1.073917,12,11517.471597
-1.402978,12,11518.718374
-3.162919,12,11520.441773
-3.747656,12,11522.016909
-1.99344,12,11523.336203
-2.813777,12,11524.706153
-0.849814,12,11526.114688
-1.732818,12,11528.780925
-2.620365,12,11531.122972
-4.707974,12,11532.824143
-1.236665,12,11533.832065
-1.471551,12,11534.829568
-0.649585,12,11535.782149
-0.991721,12,11536.973886
-1.508336,12,11538.068812
-1.930799,12,11539.276731
-2.520025,12,11540.428993
-2.072029,12,11543.920629
-1.710507,12,11545.49771
-1.504582,12,11546.932314
-3.611996,12,11548.811214
-1.043156,12,11549.951162
-2.144386,12,11551.378769
-0.800436,12,11552.607832
-2.257293,12,11554.068615
-2.568918,12,11555.2676
-2.345325,12,11556.666154
-0.943441,12,11557.698847
-1.367443,12,11558.899639
-2.403028,12,11560.235882
-1.586447,12,11561.636154
-2.062137,12,11563.233034
-2.208395,12,11564.772953
-2.54413,12,11566.282799
-3.036247,12,11567.552247
-0.895714,12,11568.547541
-0.542378,12,11569.560236
-1.488017,12,11570.532526
-1.080889,12,11571.540706
-2.578658,12,11572.606958
-5.35872,12,11573.861096
-1.022771,12,11574.976994
-2.558971,12,11576.503519
-0.745919,12,11577.692875
-0.67513,12,11578.989693
-3.65448,12,11580.434005
-2.147675,12,11582.79716
-1.255208,12,11584.105814
-1.000262,12,11585.699583
-1.132079,12,11586.820509
-1.211911,12,11587.850936
-1.045688,12,11589.075869
-1.635301,12,11590.281841
-2.123038,12,11591.569245
-3.284948,12,11593.048048
-2.834336,12,11594.521809
-2.21884,12,11595.805145
-2.749763,12,11597.081097
-1.281392,12,11598.215412
-1.085925,12,11601.759932
-0.443073,12,11603.323644
-1.214374,12,11604.762385
-3.70247,12,11606.198794
-2.618295,12,11607.566667
-2.070474,12,11608.747775
-1.473243,12,11610.003372
-2.739263,12,11611.493816
-0.963055,12,11612.675162
-1.736773,12,11613.680968
-1.504251,12,11614.910031
-1.433521,12,11616.02752
-1.285267,12,11617.077229
-3.089583,12,11618.196478
-1.857401,12,11619.32985
-1.94268,12,11620.565643
-2.240503,12,11621.92361
-0.794088,12,11623.042424
-0.874875,12,11624.097612
-4.570933,12,11625.546982
-1.534116,12,11626.793263
-1.84995,12,11628.077485
-0.853253,12,11629.280093
-1.539036,12,11630.534796
-3.174718,12,11631.980469
-0.995562,12,11633.070683
-0.586152,12,11634.094187
-0.589706,12,11635.286322
-1.488779,12,11636.396232
-0.985049,12,11637.416893
-1.499057,12,11638.632895
-2.099322,12,11640.032711
-1.172364,12,11641.356378
-0.50564,12,11642.617537
-0.941613,12,11643.777835
-3.227276,12,11644.995302
-1.151809,12,11646.261071
-1.002398,12,11647.396433
-2.139035,12,11648.493367
-1.685293,12,11649.611858
-3.16197,12,11650.853862
-0.480488,12,11651.860278
-1.439994,12,11652.959366
-1.030084,12,11656.524091
-0.734814,12,11657.721387
-1.975181,12,11659.021247
-1.672544,12,11660.308296
-0.816185,12,11661.486195
-0.625076,12,11662.632389
-1.167816,12,11663.916529
-2.77892,12,11665.253707
-2.416898,12,11666.788349
-1.407969,12,11668.179887
-0.819063,12,11669.488788
-1.21593,12,11673.360386
-2.951793,12,11677.905441
-2.995675,12,11682.74708
-4.135629,12,11687.842339
-1.406835,12,11692.120537
-0.623611,12,11693.647686
-0.959219,12,11694.718409
-2.913826,12,11696.075329
-1.829751,12,11698.001618
-2.921316,12,11701.262477
-0.563583,12,11703.560034
-1.451714,12,11707.567906
-1.10365,12,11710.925192
-0.993794,12,11714.673986
-2.392765,12,11718.098689
-0.732316,12,11721.842203
-0.7329,12,11725.238326
-1.138237,12,11727.622524
-0.663472,12,11728.914786
-2.262672,12,11730.157758
-1.803181,12,11731.4677
-0.65898,12,11732.673087
-2.954079,12,11733.984684
-2.057635,12,11734.98916
-1.851624,12,11736.091866
-2.725949,12,11737.268331
-1.921688,12,11738.502967
-1.241869,12,11739.567695
-1.987049,12,11740.766303
-1.827051,12,11741.862684
-1.250208,12,11743.116205
-2.385744,12,11745.396383
-1.213922,12,11749.390301
-2.90666,12,11750.894104
-2.351774,12,11752.259596
-1.428815,12,11753.405293
-2.394052,12,11754.708949
-0.806039,12,11755.799986
-1.236569,12,11757.129746
-1.340307,12,11758.432597
-0.803755,12,11759.811311
-1.337389,12,11761.205408
-1.327635,12,11762.831106
-2.196771,12,11764.947342
-1.720505,12,11766.476152
-0.775845,12,11767.593413
-2.926482,12,11769.034303
-2.161371,12,11770.440301
-2.525277,12,11771.977329
-1.318441,12,11773.271013
-4.814268,12,11774.984604
-1.518429,12,11776.353783
-2.033989,12,11777.59564
-1.159258,12,11778.777864
-0.717581,12,11780.295541
-2.125996,12,11782.08006
-3.882992,12,11783.692199
-0.863212,12,11784.854943
-1.704749,12,11786.141566
-2.046646,12,11787.54168
-3.228022,12,11788.848448
-0.971455,12,11789.951641
-2.233224,12,11791.566944
-2.17759,12,11792.907852
-2.32773,12,11794.416071
-2.377825,12,11795.945955
-4.642498,12,11797.531415
-1.158113,12,11798.782223
-2.182501,12,11799.856728
-2.051651,12,11801.131139
-1.859512,12,11802.437017
-0.600538,12,11803.529072
-0.717735,12,11804.813222
-2.075213,12,11806.11324
-1.15262,12,11808.962674
-2.917176,12,11811.368666
-0.45383,12,11812.701109
-1.608074,12,11813.885155
-2.830897,12,11815.122047
-2.788361,12,11816.456954
-2.201267,12,11817.751497
-4.752928,12,11819.169627
-0.979575,12,11820.238521
-1.329617,12,11821.684017
-1.386518,12,11822.979799
-2.187691,12,11824.366905
-5.268585,12,11826.579771
-2.603642,12,11828.465481
-5.23962,12,11830.559201
-2.462122,12,11832.852371
-1.767567,12,11833.956743
-2.030756,12,11835.18468
-1.103648,12,11836.554176
-1.470335,12,11837.697861
-3.879818,12,11839.051955
-0.883674,12,11840.156733
-1.864077,12,11841.517388
-1.730447,12,11842.680731
-2.096402,12,11843.799969
-1.6229,12,11844.875841
-1.313207,12,11845.937442
-2.346011,12,11847.268952
-2.605859,12,11848.43143
-1.168038,12,11849.89414
-0.949527,12,11853.266583
-0.731131,12,11857.236112
-3.442375,12,11861.868658
-3.343306,12,11866.27563
-2.473333,12,11869.688466
-1.637413,12,11873.95517
-1.532888,12,11876.192521
-2.804703,12,11877.729446
-1.532951,12,11878.872675
-1.667453,12,11879.804591
-2.080579,12,11880.924221
-1.511979,12,11882.1148
-0.479751,12,11883.237486
-0.981128,12,11885.821809
-3.265316,12,11887.617659
-2.309649,12,11889.061268
-1.138655,12,11890.087487
-1.354274,12,11891.3318
-3.337564,12,11892.63805
-1.014606,12,11893.764547
-0.470169,12,11895.170115
-2.737567,12,11896.647988
-4.052343,12,11898.394221
-2.49931,12,11899.979046
-1.810428,12,11901.588308
-0.911506,12,11904.119437
-2.812861,12,11909.042877
-2.060149,12,11912.670522
-2.806321,12,11915.007201
-0.896168,12,11916.277171
-1.586805,12,11917.426826
-2.261077,12,11918.614217
-2.078395,12,11919.924526
-1.353866,12,11922.101554
-2.318872,12,11925.705553
-0.257874,12,11927.423583
-1.627215,12,11928.673707
-4.485629,12,11930.023096
-1.327091,12,11931.114109
-2.673336,12,11932.421947
-2.34365,12,11933.7271
-0.766895,12,11934.792625
-1.323158,12,11935.911528
-1.388648,12,11936.976407
-1.28162,12,11938.169345
-1.727861,12,11939.331524
-0.547933,12,11940.587034
-1.275792,12,11941.841997
-2.149381,12,11943.317011
-1.300175,12,11944.736077
-1.743095,12,11946.886249
-2.784898,12,11948.629609
-1.07142,12,11949.903357
-3.177601,12,11951.333572
-1.264615,12,11952.523604
-1.023352,12,11953.631899
-2.64042,12,11957.326838
-1.080052,12,11958.706546
-0.298374,12,11959.845056
-1.010519,12,11961.029186
-2.544393,12,11962.534471
-1.206083,12,11963.69169
-2.145426,12,11964.866038
-1.512927,12,11965.875602
-2.432917,12,11967.106685
-1.601102,12,11968.210945
-0.985449,12,11969.388164
-1.057855,12,11970.760668
-0.425126,12,11972.588153
-1.033702,12,11974.014192
-1.145574,12,11975.24499
-1.943081,12,11976.642356
-0.493706,12,11977.896796
-2.088181,12,11979.178677
-1.459942,12,11980.476902
-2.125998,12,11982.251457
-1.053669,12,11984.007716
-2.755928,12,11985.467741
-1.456641,12,11986.808289
-0.966053,12,11987.944375
-3.876904,12,11989.126276
-2.773702,12,11990.418131
-2.530594,12,11991.765358
-1.969358,12,11996.293424
-1.878392,12,12001.202576
-1.874216,12,12006.282027
-1.094039,12,12011.604832
-0.819378,12,12015.353408
-3.865762,12,12020.261938
-0.278228,12,12023.45915
-0.573179,12,12027.377158
-1.954751,12,12029.574376
-0.859244,12,12030.76583
-0.776271,12,12031.8175
-2.551557,12,12033.084621
-0.938472,12,12034.084421
-3.456037,12,12035.236575
-1.482572,12,12036.304337
-2.650844,12,12038.629321
-1.210278,12,12040.330824
-2.325669,12,12042.544433
-2.038747,12,12043.995613
-1.747705,12,12045.56739
-1.756752,12,12046.93361
-2.09176,12,12048.336812
-3.249909,12,12049.67011
-2.848666,12,12050.788405
-1.022464,12,12052.02923
-2.110208,12,12053.423854
-0.470366,12,12054.660985
-1.032922,12,12055.895848
-3.690814,12,12058.205634
-2.161006,12,12060.64917
-0.790202,12,12062.201527
-1.04089,12,12063.540086
-0.781794,12,12064.73077
-0.685027,12,12065.913076
-1.789103,12,12066.991295
-1.194629,12,12068.077912
-1.625159,12,12069.149456
-0.344136,12,12070.101984
-0.409693,12,12071.168118
-3.547753,12,12072.639208
-1.63559,12,12073.907488
-2.951371,12,12075.133404
-1.007017,12,12076.064121
-1.531423,12,12077.208043
-0.946632,12,12078.235519
-1.74002,12,12079.386153
-3.229843,12,12080.639899
-3.368171,12,12082.120772
-1.854863,12,12083.452564
-1.446013,12,12084.661325
-0.849014,12,12085.679933
-2.412756,12,12087.001222
-1.913114,12,12088.370844
-2.251157,12,12089.84258
-1.785795,12,12092.069114
-0.666794,12,12093.303898
-0.883256,12,12094.4647
-1.14171,12,12095.683708
-2.634634,12,12098.928033
-0.520971,12,12100.45109
-1.918052,12,12101.988779
-1.023071,12,12103.4306
-1.35531,12,12104.56253
-1.233907,12,12105.619328
-0.725045,12,12106.785065
-1.590153,12,12107.853656
-2.92038,12,12109.178458
-2.089531,12,12110.321766
-0.976862,12,12111.368766
-1.800413,12,12112.619928
-3.768883,12,12113.918205
-1.331404,12,12114.996085
-3.731886,12,12116.453102
-0.804027,12,12117.541674
-2.18188,12,12118.892707
-1.970235,12,12120.721168
-0.821074,12,12122.481219
-1.069786,12,12124.666641
-2.835604,12,12126.516507
-0.959809,12,12127.865618
-1.673514,12,12128.970584
-1.243379,12,12130.102932
-3.066811,12,12131.500696
-2.546386,12,12133.362642
-1.333328,12,12135.031868
-1.98767,12,12136.294814
-1.596486,12,12137.510633
-0.505042,12,12138.498488
-0.701397,12,12139.682625
-1.85254,12,12140.898476
-0.990397,12,12142.047725
-2.488395,12,12143.406541
-3.043376,12,12144.804079
-3.457969,12,12146.014382
-1.880102,12,12147.116509
-2.511315,12,12148.305254
-0.840384,12,12149.515042
-2.277475,12,12150.788243
-1.431415,12,12151.965379
-4.529614,12,12153.398404
-1.536686,12,12154.590727
-4.108822,12,12162.431975
-0.906603,12,12164.094005
-0.47947,12,12165.265386
-0.930317,12,12166.256591
-0.622085,12,12167.322492
-1.565099,12,12168.34591
-4.218463,12,12169.638703
-1.333018,12,12170.70588
-1.741515,12,12171.787191
-1.051427,12,12172.89079
-3.296766,12,12174.186948
-1.912589,12,12175.363488
-1.579961,12,12176.593636
-0.682033,12,12177.759709
-3.699817,12,12179.492429
-4.971055,12,12181.072043
-2.338973,12,12182.485367
-3.905244,12,12184.039597
-1.655026,12,12185.236938
-1.079977,12,12186.484068
-4.700598,12,12187.854405
-2.319679,12,12189.239376
-3.28195,12,12190.68076
-3.429259,12,12192.849252
-1.319177,12,12194.360568
-1.679522,12,12195.506806
-0.946339,12,12197.25514
-2.095308,12,12199.058564
-2.350765,12,12201.398744
-1.920319,12,12202.822973
-1.912249,12,12204.277752
-0.337285,12,12205.446019
-2.096938,12,12206.757957
-2.490106,12,12207.824946
-0.356773,12,12208.972394
-1.226804,12,12210.113956
-1.811462,12,12211.396803
-2.116217,12,12212.668274
-0.112266,12,12213.911003
-1.005934,12,12215.045005
-0.854483,12,12216.190228
-2.502799,12,12217.517126
-2.930792,12,12221.461494
-2.5386,12,12223.375477
-1.662559,12,12224.893017
-1.134855,12,12226.062912
-1.178515,12,12227.191199
-3.184836,12,12228.417764
-4.28599,12,12229.863016
-1.702234,12,12230.867238
-1.698547,12,12231.766157
-0.774917,12,12232.777879
-1.126075,12,12233.761843
-1.698132,12,12235.002165
-4.699072,12,12236.398474
-2.608087,12,12237.605632
-1.758555,12,12238.939383
-1.290943,12,12240.103769
-2.404032,12,12241.601832
-2.162877,12,12243.335578
-2.721481,12,12244.633006
-2.465401,12,12246.158152
-3.672467,12,12247.574285
-0.824021,12,12248.617595
-1.799769,12,12249.876141
-1.552903,12,12251.191626
-0.651558,12,12252.260918
-1.257445,12,12253.298352
-0.617407,12,12254.341459
-1.74805,12,12255.522177
-2.269532,12,12256.692812
-1.327688,12,12257.740112
-0.550395,12,12258.807929
-3.513445,12,12260.039104
-1.991,12,12261.256111
-0.750779,12,12262.329489
-2.048864,12,12263.642026
-3.972455,12,12265.266005
-1.583974,12,12266.658208
-0.819069,12,12267.980811
-1.209326,12,12269.117126
-1.011048,12,12270.317273
-2.424731,12,12271.81103
-2.085761,12,12273.16756
-1.230983,12,12274.33048
-0.040472,12,12277.862305
-2.26792,12,12279.408695
-1.16352,12,12280.516791
-1.653403,12,12281.919571
-4.364445,12,12283.47598
-2.830211,12,12284.85199
-1.32712,12,12286.121694
-1.92623,12,12287.380615
-1.379439,12,12288.505387
-0.504098,12,12289.56221
-1.068865,12,12290.801208
-0.755277,12,12291.79975
-1.136366,12,12292.809338
-0.626985,12,12293.80748
-1.079999,12,12294.829787
-2.04731,12,12295.899209
-1.096398,12,12297.107505
-1.591174,12,12298.270899
-0.599919,12,12299.627478
-0.727583,12,12300.896439
-1.733945,12,12302.622361
-0.791783,12,12303.947541
-1.03119,12,12305.308162
-2.340022,12,12306.580122
-3.510448,12,12308.068746
-1.049875,12,12310.223119
-0.624914,12,12311.792691
-2.307598,12,12313.476995
-1.033878,12,12314.561142
-2.239751,12,12315.748878
-1.20866,12,12316.966727
-2.942406,12,12318.340796
-1.270216,12,12319.565579
-1.991527,12,12321.064506
-1.291581,12,12322.180079
-1.380818,12,12323.353455
-1.515305,12,12324.662015
-0.825007,12,12325.846708
-2.252827,12,12327.173185
-2.04209,12,12328.303633
-1.40388,12,12329.3329
-2.366913,12,12330.702018
-1.817113,12,12331.873307
-2.301892,12,12336.994097
-1.043721,12,12338.710145
-2.432945,12,12340.178162
-0.201432,12,12341.375003
-1.270773,12,12342.69669
-0.92882,12,12343.896939
-4.648947,12,12345.395102
-3.987045,12,12346.929791
-1.57252,12,12348.03235
-3.924267,12,12349.349826
-1.744005,12,12350.500548
-0.634841,12,12351.62791
-2.10611,12,12352.714829
-1.685036,12,12353.976337
-0.918412,12,12355.984969
-1.625762,12,12358.355843
-0.791567,12,12360.078418
-1.750591,12,12362.03921
-4.367731,12,12364.121584
-1.405346,12,12365.690108
-1.138431,12,12367.075121
-0.943035,12,12368.563458
-1.9737,12,12370.433357
-1.446225,12,12372.531569
-1.199583,12,12374.24043
-3.284001,12,12376.191799
-1.365204,12,12378.98371
-2.865996,12,12382.621955
-2.409079,12,12385.43386
-0.561956,12,12387.311509
-0.608215,12,12389.59603
-1.505457,12,12392.472615
-2.47299,12,12395.431237
-1.972253,12,12398.136493
-0.620032,12,12400.146053
-1.33842,12,12402.23722
-2.287313,12,12404.778445
-1.679744,12,12406.97225
-3.181656,12,12410.035828
-2.222428,12,12412.400609
-2.357008,12,12413.856863
-0.265087,12,12415.283203
