timestamp,intersection_id,lane_id,vehicle_count,person_count,bicycle_count,car_count,motorcycle_count,bus_count,truck_count,queue_length,density
2026-08-14 02:29:32,Simpang 4,lane_1,2,4,0,0,2,0,0,0,6.060606
2026-08-14 02:29:32,Simpang 4,lane_2,7,5,0,3,4,0,0,0,21.212121
2026-08-14 02:29:32,Simpang 4,lane_3,4,2,0,1,3,0,0,0,11.764706
2026-08-14 02:29:32,Simpang 2,lane_2,2,0,0,1,1,0,0,0,6.060606
2026-08-14 02:29:32,Simpang 2,lane_3,1,1,0,1,0,0,0,0,2.941176
2026-08-14 02:29:32,Simpang 1,lane_2,3,0,0,3,0,0,0,0,9.090909
2026-08-14 02:29:32,Simpang 1,lane_3,1,0,0,1,0,0,0,0,2.941176
2026-08-14 02:29:36,Simpang 4,lane_1,2,2,0,0,2,0,0,0,6.060606
2026-08-14 02:29:36,Simpang 4,lane_2,6,4,0,3,3,0,0,0,18.181818
2026-08-14 02:29:36,Simpang 4,lane_3,4,2,0,1,3,0,0,0,11.764706
2026-08-14 02:29:37,Simpang 2,lane_2,2,0,0,1,1,0,0,0,6.060606
2026-08-14 02:29:37,Simpang 2,lane_3,1,0,0,1,0,0,0,0,2.941176
2026-08-14 02:29:37,Simpang 1,lane_2,3,0,0,3,0,0,0,0,9.090909
2026-08-14 02:29:37,Simpang 1,lane_3,1,0,0,1,0,0,0,0,2.941176
2026-08-14 02:29:40,Simpang 4,lane_1,3,4,0,0,3,0,0,0,9.090909
2026-08-14 02:29:40,Simpang 4,lane_2,6,4,0,3,3,0,0,0,18.181818
2026-08-14 02:29:40,Simpang 4,lane_3,5,2,0,1,4,0,0,0,14.705882
2026-08-14 02:29:41,Simpang 1,lane_2,3,0,0,3,0,0,0,0,9.090909
2026-08-14 02:29:41,Simpang 1,lane_3,1,0,0,1,0,0,0,0,2.941176
2026-08-14 02:29:41,Simpang 2,lane_2,2,0,0,1,1,0,0,0,6.060606
2026-08-14 02:29:41,Simpang 2,lane_3,1,0,0,1,0,0,0,0,2.941176
2026-08-14 02:29:45,Simpang 4,lane_1,2,2,0,0,2,0,0,0,6.060606
2026-08-14 02:29:45,Simpang 4,lane_2,6,2,0,3,3,0,0,0,18.181818
2026-08-14 02:29:45,Simpang 4,lane_3,3,2,0,1,2,0,0,0,8.823529
2026-08-14 02:29:46,Simpang 1,lane_2,3,0,0,3,0,0,0,0,9.090909
2026-08-14 02:29:46,Simpang 1,lane_3,1,0,0,1,0,0,0,0,2.941176
2026-08-14 02:29:46,Simpang 2,lane_2,2,0,0,1,1,0,0,0,6.060606
2026-08-14 02:29:46,Simpang 2,lane_3,1,0,0,1,0,0,0,0,2.941176
2026-08-14 02:29:49,Simpang 4,lane_1,2,4,0,0,2,0,0,0,6.060606
2026-08-14 02:29:49,Simpang 4,lane_2,7,2,0,3,4,0,0,0,21.212121
2026-08-14 02:29:49,Simpang 4,lane_3,4,2,0,2,2,0,0,0,11.764706
2026-08-14 02:29:51,Simpang 2,lane_2,2,0,0,1,1,0,0,0,6.060606
2026-08-14 02:29:51,Simpang 2,lane_3,1,0,0,1,0,0,0,0,2.941176
2026-08-14 02:29:51,Simpang 1,lane_2,3,0,0,3,0,0,0,0,9.090909
2026-08-14 02:29:51,Simpang 1,lane_3,1,0,0,1,0,0,0,0,2.941176
2026-08-14 02:29:55,Simpang 4,lane_1,3,4,0,0,3,0,0,0,9.090909
2026-08-14 02:29:55,Simpang 4,lane_2,6,2,0,3,3,0,0,0,18.181818
2026-08-14 02:29:55,Simpang 4,lane_3,3,2,0,2,1,0,0,0,8.823529
2026-08-14 02:29:56,Simpang 2,lane_2,1,0,0,1,0,0,0,0,3.030303
2026-08-14 02:29:56,Simpang 2,lane_3,2,0,0,1,1,0,0,0,5.882353
2026-08-14 02:29:56,Simpang 1,lane_2,3,0,0,3,0,0,0,0,9.090909
2026-08-14 02:29:56,Simpang 1,lane_3,1,0,0,1,0,0,0,0,2.941176
2026-08-14 02:30:00,Simpang 4,lane_1,3,3,0,0,3,0,0,0,9.090909
2026-08-14 02:30:00,Simpang 4,lane_2,6,2,0,3,3,0,0,0,18.181818
2026-08-14 02:30:00,Simpang 4,lane_3,6,2,0,3,3,0,0,0,17.647059
2026-08-14 02:30:00,Simpang 2,lane_2,1,0,0,1,0,0,0,0,3.030303
2026-08-14 02:30:00,Simpang 2,lane_3,2,0,0,1,1,0,0,0,5.882353
2026-08-14 02:30:00,Simpang 1,lane_2,3,0,0,3,0,0,0,0,9.090909
2026-08-14 02:30:00,Simpang 1,lane_3,1,0,0,1,0,0,0,0,2.941176
2026-08-14 02:30:03,Simpang 4,lane_2,6,2,0,3,3,0,0,0,18.181818
2026-08-14 02:30:03,Simpang 4,lane_1,3,3,0,0,3,0,0,0,9.090909
2026-08-14 02:30:03,Simpang 4,lane_3,4,2,0,1,2,0,1,0,11.764706
2026-08-14 02:30:05,Simpang 2,lane_2,1,0,0,1,0,0,0,0,3.030303
2026-08-14 02:30:05,Simpang 2,lane_3,2,0,0,1,1,0,0,0,5.882353
2026-08-14 02:30:05,Simpang 1,lane_2,3,0,0,3,0,0,0,0,9.090909
2026-08-14 02:30:05,Simpang 1,lane_3,1,0,0,1,0,0,0,0,2.941176
2026-08-14 02:30:07,Simpang 4,lane_2,5,2,0,3,2,0,0,0,15.151515
2026-08-14 02:30:07,Simpang 4,lane_1,2,3,0,0,2,0,0,0,6.060606
2026-08-14 02:30:07,Simpang 4,lane_3,6,2,0,3,2,0,1,0,17.647059
2026-08-14 02:30:09,Simpang 2,lane_2,1,0,0,1,0,0,0,0,3.030303
2026-08-14 02:30:09,Simpang 2,lane_3,2,0,0,1,1,0,0,0,5.882353
2026-08-14 02:30:09,Simpang 1,lane_2,3,0,0,3,0,0,0,0,9.090909
2026-08-14 02:30:09,Simpang 1,lane_3,1,0,0,1,0,0,0,0,2.941176
2026-08-14 02:30:11,Simpang 4,lane_2,5,2,0,3,2,0,0,0,15.151515
2026-08-14 02:30:11,Simpang 4,lane_1,2,2,0,0,2,0,0,0,6.060606
2026-08-14 02:30:11,Simpang 4,lane_3,7,1,0,3,3,0,1,0,20.588235
2026-08-14 02:30:13,Simpang 2,lane_2,1,0,0,1,0,0,0,0,3.030303
2026-08-14 02:30:13,Simpang 2,lane_3,2,0,0,1,1,0,0,0,5.882353
2026-08-14 02:30:14,Simpang 1,lane_2,3,0,0,3,0,0,0,0,9.090909
2026-08-14 02:30:14,Simpang 1,lane_3,1,0,0,1,0,0,0,0,2.941176
2026-08-14 02:30:14,Simpang 4,lane_2,6,2,0,4,2,0,0,0,18.181818
2026-08-14 02:30:14,Simpang 4,lane_1,4,2,0,0,4,0,0,0,12.121212
2026-08-14 02:30:14,Simpang 4,lane_3,4,3,0,2,2,0,0,0,11.764706
2026-08-14 02:30:16,Simpang 2,lane_2,2,0,0,1,1,0,0,0,6.060606
2026-08-14 02:30:16,Simpang 2,lane_3,1,0,0,1,0,0,0,0,2.941176
2026-08-14 02:30:18,Simpang 1,lane_2,3,0,0,3,0,0,0,0,9.090909
2026-08-14 02:30:18,Simpang 1,lane_3,1,0,0,1,0,0,0,0,2.941176
2026-08-14 02:30:19,Simpang 4,lane_2,6,2,0,4,2,0,0,0,18.181818
2026-08-14 02:30:19,Simpang 4,lane_1,4,2,0,0,4,0,0,0,12.121212
2026-08-14 02:30:19,Simpang 4,lane_3,5,3,0,3,2,0,0,0,14.705882
2026-08-14 02:30:22,Simpang 2,lane_2,2,0,0,1,1,0,0,0,6.060606
2026-08-14 02:30:22,Simpang 2,lane_3,1,0,0,1,0,0,0,0,2.941176
2026-08-14 02:30:23,Simpang 1,lane_2,3,0,0,3,0,0,0,0,9.090909
2026-08-14 02:30:23,Simpang 1,lane_3,1,0,0,1,0,0,0,0,2.941176
2026-08-14 02:30:24,Simpang 4,lane_2,5,2,0,3,2,0,0,0,15.151515
2026-08-14 02:30:24,Simpang 4,lane_1,2,1,0,0,2,0,0,0,6.060606
2026-08-14 02:30:24,Simpang 4,lane_3,4,2,0,1,3,0,0,0,11.764706
2026-08-14 02:30:27,Simpang 2,lane_2,1,0,0,1,0,0,0,0,3.030303
2026-08-14 02:30:27,Simpang 2,lane_3,2,0,0,1,1,0,0,0,5.882353
2026-08-14 02:30:28,Simpang 1,lane_2,3,0,0,3,0,0,0,0,9.090909
2026-08-14 02:30:28,Simpang 1,lane_3,1,0,0,1,0,0,0,0,2.941176
2026-08-14 02:30:28,Simpang 4,lane_2,5,2,0,3,2,0,0,0,15.151515
2026-08-14 02:30:28,Simpang 4,lane_1,3,1,0,0,3,0,0,0,9.090909
2026-08-14 02:30:28,Simpang 4,lane_3,6,3,0,1,5,0,0,0,17.647059
2026-08-14 02:30:32,Simpang 2,lane_2,1,0,0,1,0,0,0,0,3.030303
2026-08-14 02:30:32,Simpang 2,lane_3,2,0,0,1,1,0,0,0,5.882353
2026-08-14 02:30:33,Simpang 4,lane_2,5,2,0,3,2,0,0,0,15.151515
2026-08-14 02:30:33,Simpang 4,lane_1,3,1,0,0,3,0,0,0,9.090909
2026-08-14 02:30:33,Simpang 4,lane_3,6,2,0,2,4,0,0,0,17.647059
2026-08-14 02:30:33,Simpang 1,lane_2,3,0,0,3,0,0,0,0,9.090909
2026-08-14 02:30:33,Simpang 1,lane_3,1,0,0,1,0,0,0,0,2.941176
2026-08-14 02:30:37,Simpang 2,lane_2,1,0,0,1,0,0,0,0,3.030303
2026-08-14 02:30:37,Simpang 2,lane_3,2,0,0,1,1,0,0,0,5.882353
2026-08-14 02:30:37,Simpang 4,lane_2,5,2,0,3,2,0,0,0,15.151515
2026-08-14 02:30:37,Simpang 4,lane_1,1,1,0,0,1,0,0,0,3.030303
2026-08-14 02:30:37,Simpang 4,lane_3,2,3,0,1,1,0,0,0,5.882353
2026-08-14 02:30:38,Simpang 1,lane_2,3,0,0,3,0,0,0,0,9.090909
2026-08-14 02:30:38,Simpang 1,lane_3,1,0,0,1,0,0,0,0,2.941176
2026-08-14 02:30:42,Simpang 4,lane_1,2,2,0,0,2,0,0,0,6.060606
2026-08-14 02:30:42,Simpang 4,lane_2,4,1,0,3,1,0,0,0,12.121212
2026-08-14 02:30:42,Simpang 4,lane_3,4,2,0,2,2,0,0,0,11.764706
2026-08-14 02:30:42,Simpang 2,lane_2,1,0,0,1,0,0,0,0,3.030303
2026-08-14 02:30:42,Simpang 2,lane_3,2,0,0,1,1,0,0,0,5.882353
2026-08-14 02:30:43,Simpang 1,lane_2,4,0,0,3,1,0,0,0,12.121212
2026-08-14 02:30:43,Simpang 1,lane_3,1,0,0,1,0,0,0,0,2.941176
2026-08-14 02:30:47,Simpang 4,lane_1,3,3,0,0,3,0,0,0,9.090909
2026-08-14 02:30:47,Simpang 4,lane_2,4,1,0,3,1,0,0,0,12.121212
2026-08-14 02:30:47,Simpang 4,lane_3,6,3,0,2,3,0,1,0,17.647059
2026-08-14 02:30:47,Simpang 2,lane_3,1,0,0,1,0,0,0,0,2.941176
2026-08-14 02:30:48,Simpang 1,lane_2,3,0,0,3,0,0,0,0,9.090909
2026-08-14 02:30:48,Simpang 1,lane_3,1,0,0,1,0,0,0,0,2.941176
2026-08-14 02:30:51,Simpang 4,lane_1,3,2,0,0,3,0,0,0,9.090909
2026-08-14 02:30:51,Simpang 4,lane_2,4,1,0,3,1,0,0,0,12.121212
2026-08-14 02:30:51,Simpang 4,lane_3,6,4,0,2,3,0,1,0,17.647059
2026-08-14 02:30:52,Simpang 2,lane_3,1,0,0,1,0,0,0,0,2.941176
2026-08-14 02:30:53,Simpang 1,lane_2,3,0,0,3,0,0,0,0,9.090909
2026-08-14 02:30:53,Simpang 1,lane_3,1,0,0,1,0,0,0,0,2.941176
2026-08-14 02:30:56,Simpang 4,lane_2,5,1,0,3,2,0,0,0,15.151515
2026-08-14 02:30:56,Simpang 4,lane_1,2,2,0,0,2,0,0,0,6.060606
2026-08-14 02:30:56,Simpang 4,lane_3,3,2,0,1,2,0,0,0,8.823529
2026-08-14 02:30:57,Simpang 2,lane_3,1,0,0,1,0,0,0,0,2.941176
2026-08-14 02:30:58,Simpang 1,lane_2,3,0,0,3,0,0,0,0,9.090909
2026-08-14 02:30:58,Simpang 1,lane_3,1,0,0,1,0,0,0,0,2.941176
2026-08-14 02:31:01,Simpang 4,lane_2,6,1,0,3,3,0,0,0,18.181818
2026-08-14 02:31:01,Simpang 4,lane_1,4,2,0,0,4,0,0,0,12.121212
2026-08-14 02:31:01,Simpang 4,lane_3,3,2,0,1,2,0,0,0,8.823529
2026-08-14 02:31:01,Simpang 2,lane_3,1,0,0,1,0,0,0,0,2.941176
2026-08-14 02:31:01,Simpang 2,lane_2,1,0,0,1,0,0,0,0,3.030303
2026-08-14 02:31:01,Simpang 1,lane_2,3,1,0,3,0,0,0,0,9.090909
2026-08-14 02:31:01,Simpang 1,lane_3,1,0,0,1,0,0,0,0,2.941176
2026-08-14 02:31:04,Simpang 4,lane_2,6,2,0,3,3,0,0,0,18.181818
2026-08-14 02:31:04,Simpang 4,lane_1,2,2,0,0,2,0,0,0,6.060606
2026-08-14 02:31:04,Simpang 4,lane_3,6,2,0,3,3,0,0,0,17.647059
2026-08-14 02:31:05,Simpang 2,lane_3,1,0,0,1,0,0,0,0,2.941176
2026-08-14 02:31:05,Simpang 2,lane_2,1,0,0,1,0,0,0,0,3.030303
2026-08-14 02:31:06,Simpang 1,lane_2,3,1,0,3,0,0,0,0,9.090909
2026-08-14 02:31:06,Simpang 1,lane_3,1,0,0,1,0,0,0,0,2.941176
2026-08-14 02:31:07,Simpang 4,lane_2,6,3,0,3,3,0,0,0,18.181818
2026-08-14 02:31:07,Simpang 4,lane_1,2,3,0,0,2,0,0,0,6.060606
2026-08-14 02:31:07,Simpang 4,lane_3,4,1,0,3,1,0,0,0,11.764706
2026-08-14 02:31:09,Simpang 2,lane_3,2,0,0,1,1,0,0,0,5.882353
2026-08-14 02:31:09,Simpang 2,lane_2,1,0,0,1,0,0,0,0,3.030303
2026-08-14 02:31:10,Simpang 1,lane_2,3,1,0,3,0,0,0,0,9.090909
2026-08-14 02:31:10,Simpang 1,lane_3,1,0,0,1,0,0,0,0,2.941176
2026-08-14 02:31:12,Simpang 4,lane_2,6,3,0,3,3,0,0,0,18.181818
2026-08-14 02:31:12,Simpang 4,lane_1,2,3,0,0,2,0,0,0,6.060606
2026-08-14 02:31:12,Simpang 4,lane_3,5,1,0,4,1,0,0,0,14.705882
2026-08-14 02:31:14,Simpang 2,lane_3,2,0,0,1,1,0,0,0,5.882353
2026-08-14 02:31:14,Simpang 2,lane_2,1,0,0,1,0,0,0,0,3.030303
2026-08-14 02:31:15,Simpang 1,lane_2,3,0,0,3,0,0,0,0,9.090909
2026-08-14 02:31:15,Simpang 1,lane_3,1,0,0,1,0,0,0,0,2.941176
2026-08-14 02:31:16,Simpang 4,lane_2,6,2,0,3,3,0,0,0,18.181818
2026-08-14 02:31:16,Simpang 4,lane_3,4,3,0,3,1,0,0,0,11.764706
2026-08-14 02:31:16,Simpang 4,lane_1,1,1,0,0,1,0,0,0,3.030303
2026-08-14 02:31:19,Simpang 2,lane_3,2,0,0,1,1,0,0,0,5.882353
2026-08-14 02:31:19,Simpang 2,lane_2,1,0,0,1,0,0,0,0,3.030303
2026-08-14 02:31:20,Simpang 1,lane_2,3,0,0,3,0,0,0,0,9.090909
2026-08-14 02:31:20,Simpang 1,lane_3,1,0,0,1,0,0,0,0,2.941176
2026-08-14 02:31:21,Simpang 4,lane_2,7,3,0,4,3,0,0,0,21.212121
2026-08-14 02:31:21,Simpang 4,lane_3,4,3,0,3,1,0,0,0,11.764706
2026-08-14 02:31:21,Simpang 4,lane_1,1,2,0,0,1,0,0,0,3.030303
2026-08-14 02:31:25,Simpang 2,lane_3,1,0,0,1,0,0,0,0,2.941176
2026-08-14 02:31:25,Simpang 2,lane_2,1,0,0,1,0,0,0,0,3.030303
2026-08-14 02:31:26,Simpang 1,lane_2,3,0,0,3,0,0,0,0,9.090909
2026-08-14 02:31:26,Simpang 1,lane_3,1,0,0,1,0,0,0,0,2.941176
2026-08-14 02:31:26,Simpang 4,lane_2,7,3,0,4,3,0,0,0,21.212121
2026-08-14 02:31:26,Simpang 4,lane_3,4,3,0,3,1,0,0,0,11.764706
2026-08-14 02:31:26,Simpang 4,lane_1,0,2,0,0,0,0,0,0,0.0
2026-08-14 02:31:29,Simpang 2,lane_3,1,0,0,1,0,0,0,0,2.941176
2026-08-14 02:31:29,Simpang 2,lane_2,1,0,0,1,0,0,0,0,3.030303
2026-08-14 02:31:30,Simpang 4,lane_2,6,3,0,3,3,0,0,0,18.181818
2026-08-14 02:31:30,Simpang 4,lane_3,3,2,0,2,1,0,0,0,8.823529
2026-08-14 02:31:30,Simpang 4,lane_1,0,2,0,0,0,0,0,0,0.0
2026-08-14 02:31:31,Simpang 1,lane_2,3,1,0,3,0,0,0,0,9.090909
2026-08-14 02:31:31,Simpang 1,lane_3,1,0,0,1,0,0,0,0,2.941176
2026-08-14 02:31:34,Simpang 2,lane_2,1,0,0,1,0,0,0,0,3.030303
2026-08-14 02:31:35,Simpang 4,lane_2,6,3,0,3,3,0,0,0,18.181818
2026-08-14 02:31:35,Simpang 4,lane_3,4,2,0,3,1,0,0,0,11.764706
2026-08-14 02:31:35,Simpang 4,lane_1,0,2,0,0,0,0,0,0,0.0
2026-08-14 02:31:36,Simpang 1,lane_2,3,0,0,3,0,0,0,0,9.090909
2026-08-14 02:31:36,Simpang 1,lane_3,1,0,0,1,0,0,0,0,2.941176
2026-08-14 02:31:39,Simpang 4,lane_2,6,3,0,3,3,0,0,0,18.181818
2026-08-14 02:31:39,Simpang 4,lane_3,5,2,0,3,2,0,0,0,14.705882
2026-08-14 02:31:39,Simpang 4,lane_1,0,1,0,0,0,0,0,0,0.0
2026-08-14 02:31:39,Simpang 2,lane_2,2,0,0,1,1,0,0,0,6.060606
2026-08-14 02:31:40,Simpang 1,lane_2,3,0,0,3,0,0,0,0,9.090909
2026-08-14 02:31:40,Simpang 1,lane_3,1,0,0,1,0,0,0,0,2.941176
2026-08-14 02:31:44,Simpang 4,lane_2,7,3,0,4,3,0,0,0,21.212121
2026-08-14 02:31:44,Simpang 4,lane_3,4,3,0,1,3,0,0,0,11.764706
2026-08-14 02:31:44,Simpang 2,lane_2,2,0,0,1,1,0,0,0,6.060606
2026-08-14 02:31:45,Simpang 1,lane_2,3,1,0,3,0,0,0,0,9.090909
2026-08-14 02:31:45,Simpang 1,lane_3,1,0,0,1,0,0,0,0,2.941176
2026-08-14 02:31:48,Simpang 4,lane_2,7,3,0,4,3,0,0,0,21.212121
2026-08-14 02:31:48,Simpang 4,lane_3,4,2,0,2,2,0,0,0,11.764706
2026-08-14 02:31:48,Simpang 4,lane_1,0,1,0,0,0,0,0,0,0.0
2026-08-14 02:31:49,Simpang 2,lane_2,2,0,0,1,1,0,0,0,6.060606
2026-08-14 02:31:50,Simpang 1,lane_2,3,0,0,3,0,0,0,0,9.090909
2026-08-14 02:31:50,Simpang 1,lane_3,1,0,0,1,0,0,0,0,2.941176
2026-08-14 02:31:53,Simpang 4,lane_2,7,3,0,4,3,0,0,0,21.212121
2026-08-14 02:31:53,Simpang 4,lane_3,4,2,0,2,2,0,0,0,11.764706
2026-08-14 02:31:53,Simpang 4,lane_1,0,1,0,0,0,0,0,0,0.0
2026-08-14 02:31:54,Simpang 2,lane_2,2,0,0,1,1,0,0,0,6.060606
2026-08-14 02:31:55,Simpang 1,lane_2,3,0,0,3,0,0,0,0,9.090909
2026-08-14 02:31:55,Simpang 1,lane_3,1,0,0,1,0,0,0,0,2.941176
2026-08-14 02:31:57,Simpang 4,lane_2,8,4,0,4,4,0,0,0,24.242424
2026-08-14 02:31:57,Simpang 4,lane_3,2,2,0,1,1,0,0,0,5.882353
2026-08-14 02:31:57,Simpang 4,lane_1,0,1,0,0,0,0,0,0,0.0
2026-08-14 02:31:59,Simpang 2,lane_2,2,0,0,1,1,0,0,0,6.060606
2026-08-14 02:31:59,Simpang 2,lane_3,1,0,0,1,0,0,0,0,2.941176
2026-08-14 02:32:01,Simpang 1,lane_2,3,0,0,3,0,0,0,0,9.090909
2026-08-14 02:32:01,Simpang 1,lane_3,1,0,0,1,0,0,0,0,2.941176
2026-08-14 02:32:03,Simpang 4,lane_2,9,4,0,5,4,0,0,0,27.272727
2026-08-14 02:32:03,Simpang 4,lane_3,2,2,0,1,1,0,0,0,5.882353
2026-08-14 02:32:03,Simpang 4,lane_1,0,1,0,0,0,0,0,0,0.0
2026-08-14 02:32:05,Simpang 2,lane_2,2,0,0,1,1,0,0,0,6.060606
2026-08-14 02:32:05,Simpang 2,lane_3,1,0,0,1,0,0,0,0,2.941176
2026-08-14 02:32:07,Simpang 1,lane_2,3,0,0,3,0,0,0,0,9.090909
2026-08-14 02:32:07,Simpang 1,lane_3,1,0,0,1,0,0,0,0,2.941176
2026-08-14 02:32:09,Simpang 4,lane_2,6,3,0,4,2,0,0,0,18.181818
2026-08-14 02:32:09,Simpang 4,lane_3,3,2,0,2,1,0,0,0,8.823529
2026-08-14 02:32:09,Simpang 4,lane_1,1,1,0,0,1,0,0,0,3.030303
2026-08-14 02:32:10,Simpang 2,lane_2,2,0,0,1,1,0,0,0,6.060606
2026-08-14 02:32:10,Simpang 2,lane_3,1,0,0,1,0,0,0,0,2.941176
2026-08-14 02:32:12,Simpang 1,lane_2,3,0,0,3,0,0,0,0,9.090909
2026-08-14 02:32:12,Simpang 1,lane_3,1,0,0,1,0,0,0,0,2.941176
2026-08-14 02:32:13,Simpang 4,lane_2,7,3,0,4,2,0,1,0,21.212121
2026-08-14 02:32:13,Simpang 4,lane_1,1,1,0,0,1,0,0,0,3.030303
2026-08-14 02:32:13,Simpang 4,lane_3,3,2,0,2,1,0,0,0,8.823529
2026-08-14 02:32:15,Simpang 2,lane_2,2,0,0,1,1,0,0,0,6.060606
2026-08-14 02:32:15,Simpang 2,lane_3,1,0,0,1,0,0,0,0,2.941176
2026-08-14 02:32:16,Simpang 1,lane_2,3,0,0,3,0,0,0,0,9.090909
2026-08-14 02:32:16,Simpang 1,lane_3,1,0,0,1,0,0,0,0,2.941176
2026-08-14 02:32:17,Simpang 4,lane_2,7,2,0,4,2,0,1,0,21.212121
2026-08-14 02:32:17,Simpang 4,lane_1,0,2,0,0,0,0,0,0,0.0
2026-08-14 02:32:17,Simpang 4,lane_3,2,3,0,1,1,0,0,0,5.882353
2026-08-14 02:32:19,Simpang 2,lane_2,2,0,0,1,1,0,0,0,6.060606
2026-08-14 02:32:19,Simpang 2,lane_3,1,0,0,1,0,0,0,0,2.941176
2026-08-14 02:32:21,Simpang 1,lane_2,3,0,0,3,0,0,0,0,9.090909
2026-08-14 02:32:21,Simpang 1,lane_3,1,0,0,1,0,0,0,0,2.941176
2026-08-14 02:32:22,Simpang 4,lane_2,6,1,0,4,2,0,0,0,18.181818
2026-08-14 02:32:22,Simpang 4,lane_1,0,2,0,0,0,0,0,0,0.0
2026-08-14 02:32:22,Simpang 4,lane_3,3,2,0,2,1,0,0,0,8.823529
2026-08-14 02:32:25,Simpang 2,lane_2,2,0,0,1,1,0,0,0,6.060606
2026-08-14 02:32:25,Simpang 2,lane_3,2,0,0,1,1,0,0,0,5.882353
2026-08-14 02:32:27,Simpang 1,lane_2,3,0,0,3,0,0,0,0,9.090909
2026-08-14 02:32:27,Simpang 1,lane_3,1,0,0,1,0,0,0,0,2.941176
2026-08-14 02:32:27,Simpang 4,lane_2,6,1,0,4,2,0,0,0,18.181818
2026-08-14 02:32:27,Simpang 4,lane_1,1,2,0,0,1,0,0,0,3.030303
2026-08-14 02:32:27,Simpang 4,lane_3,2,1,0,1,1,0,0,0,5.882353
2026-08-14 02:32:31,Simpang 2,lane_2,2,0,0,1,1,0,0,0,6.060606
2026-08-14 02:32:31,Simpang 2,lane_3,2,0,0,1,1,0,0,0,5.882353
2026-08-14 02:32:33,Simpang 1,lane_2,3,0,0,3,0,0,0,0,9.090909
2026-08-14 02:32:33,Simpang 1,lane_3,1,0,0,1,0,0,0,0,2.941176
2026-08-14 02:32:33,Simpang 4,lane_2,7,1,0,5,2,0,0,0,21.212121
2026-08-14 02:32:33,Simpang 4,lane_1,1,3,0,0,1,0,0,0,3.030303
2026-08-14 02:32:33,Simpang 4,lane_3,3,2,0,1,2,0,0,0,8.823529
2026-08-14 02:32:35,Simpang 2,lane_2,2,0,0,1,1,0,0,0,6.060606
2026-08-14 02:32:35,Simpang 2,lane_3,1,0,0,0,1,0,0,0,2.941176
2026-08-14 02:32:36,Simpang 4,lane_2,7,1,0,5,2,0,0,0,21.212121
2026-08-14 02:32:36,Simpang 4,lane_3,2,2,0,0,2,0,0,0,5.882353
2026-08-14 02:32:36,Simpang 4,lane_1,1,3,0,0,1,0,0,0,3.030303
2026-08-14 02:32:37,Simpang 1,lane_2,3,0,0,3,0,0,0,0,9.090909
2026-08-14 02:32:37,Simpang 1,lane_3,1,0,0,1,0,0,0,0,2.941176
2026-08-14 02:32:40,Simpang 2,lane_2,2,0,0,1,1,0,0,0,6.060606
2026-08-14 02:32:40,Simpang 2,lane_3,1,0,0,0,1,0,0,0,2.941176
2026-08-14 02:32:40,Simpang 4,lane_1,2,3,0,1,1,0,0,0,6.060606
2026-08-14 02:32:40,Simpang 4,lane_2,6,1,0,4,2,0,0,0,18.181818
2026-08-14 02:32:40,Simpang 4,lane_3,3,2,0,0,3,0,0,0,8.823529
2026-08-14 02:32:41,Simpang 1,lane_2,3,0,0,3,0,0,0,0,9.090909
2026-08-14 02:32:41,Simpang 1,lane_3,1,0,0,1,0,0,0,0,2.941176
2026-08-14 02:32:45,Simpang 4,lane_1,2,2,0,1,1,0,0,0,6.060606
2026-08-14 02:32:45,Simpang 4,lane_2,6,1,0,4,2,0,0,0,18.181818
2026-08-14 02:32:45,Simpang 4,lane_3,2,2,0,1,1,0,0,0,5.882353
2026-08-14 02:32:45,Simpang 2,lane_2,2,0,0,1,1,0,0,0,6.060606
2026-08-14 02:32:45,Simpang 2,lane_3,1,0,0,1,0,0,0,0,2.941176
2026-08-14 02:32:46,Simpang 1,lane_2,3,0,0,3,0,0,0,0,9.090909
2026-08-14 02:32:46,Simpang 1,lane_3,1,0,0,1,0,0,0,0,2.941176
2026-08-14 02:32:49,Simpang 4,lane_1,2,0,0,1,0,0,1,0,6.060606
2026-08-14 02:32:49,Simpang 4,lane_2,6,1,0,4,2,0,0,0,18.181818
2026-08-14 02:32:49,Simpang 4,lane_3,1,3,0,0,1,0,0,0,2.941176
2026-08-14 02:32:49,Simpang 2,lane_2,2,0,0,1,1,0,0,0,6.060606
2026-08-14 02:32:49,Simpang 2,lane_3,1,0,0,1,0,0,0,0,2.941176
2026-08-14 02:32:51,Simpang 1,lane_2,3,0,0,3,0,0,0,0,9.090909
2026-08-14 02:32:51,Simpang 1,lane_3,1,0,0,1,0,0,0,0,2.941176
2026-08-14 02:32:54,Simpang 4,lane_1,2,0,0,1,0,0,1,0,6.060606
2026-08-14 02:32:54,Simpang 4,lane_2,7,1,0,4,3,0,0,0,21.212121
2026-08-14 02:32:54,Simpang 4,lane_3,2,3,0,0,2,0,0,0,5.882353
2026-08-14 02:32:55,Simpang 2,lane_2,2,0,0,1,1,0,0,0,6.060606
2026-08-14 02:32:55,Simpang 2,lane_3,1,0,0,1,0,0,0,0,2.941176
2026-08-14 02:32:56,Simpang 1,lane_2,3,0,0,3,0,0,0,0,9.090909
2026-08-14 02:32:56,Simpang 1,lane_3,1,0,0,1,0,0,0,0,2.941176
2026-08-14 02:32:59,Simpang 4,lane_1,1,0,0,1,0,0,0,0,3.030303
2026-08-14 02:32:59,Simpang 4,lane_2,5,1,0,3,2,0,0,0,15.151515
2026-08-14 02:32:59,Simpang 4,lane_3,2,3,0,0,2,0,0,0,5.882353
2026-08-14 02:33:00,Simpang 2,lane_2,2,0,0,1,1,0,0,0,6.060606
2026-08-14 02:33:00,Simpang 2,lane_3,1,0,0,1,0,0,0,0,2.941176
2026-08-14 02:33:02,Simpang 1,lane_2,3,0,0,3,0,0,0,0,9.090909
2026-08-14 02:33:02,Simpang 1,lane_3,1,0,0,1,0,0,0,0,2.941176
2026-08-14 02:33:05,Simpang 4,lane_1,1,1,0,1,0,0,0,0,3.030303
2026-08-14 02:33:05,Simpang 4,lane_2,6,1,0,4,2,0,0,0,18.181818
2026-08-14 02:33:05,Simpang 4,lane_3,3,4,0,0,3,0,0,0,8.823529
2026-08-14 02:33:07,Simpang 2,lane_2,2,0,0,1,1,0,0,0,6.060606
2026-08-14 02:33:07,Simpang 2,lane_3,1,0,0,1,0,0,0,0,2.941176
2026-08-14 02:33:08,Simpang 1,lane_2,3,0,0,3,0,0,0,0,9.090909
2026-08-14 02:33:08,Simpang 1,lane_3,1,0,0,1,0,0,0,0,2.941176
2026-08-14 02:33:10,Simpang 4,lane_1,2,0,0,1,0,0,1,0,6.060606
2026-08-14 02:33:10,Simpang 4,lane_2,6,2,0,3,3,0,0,0,18.181818
2026-08-14 02:33:10,Simpang 4,lane_3,3,0,0,1,2,0,0,0,8.823529
2026-08-14 02:33:12,Simpang 2,lane_2,2,0,0,1,1,0,0,0,6.060606
2026-08-14 02:33:14,Simpang 1,lane_2,3,0,0,3,0,0,0,0,9.090909
2026-08-14 02:33:14,Simpang 1,lane_3,1,0,0,1,0,0,0,0,2.941176
2026-08-14 02:33:15,Simpang 4,lane_1,3,0,0,1,0,0,2,0,9.090909
2026-08-14 02:33:15,Simpang 4,lane_2,6,2,0,3,3,0,0,0,18.181818
2026-08-14 02:33:15,Simpang 4,lane_3,3,1,0,1,2,0,0,0,8.823529
2026-08-14 02:33:17,Simpang 2,lane_2,2,0,0,1,1,0,0,0,6.060606
2026-08-14 02:33:18,Simpang 1,lane_2,3,0,0,3,0,0,0,0,9.090909
2026-08-14 02:33:18,Simpang 1,lane_3,1,0,0,1,0,0,0,0,2.941176
2026-08-14 02:33:19,Simpang 4,lane_1,2,0,0,2,0,0,0,0,6.060606
2026-08-14 02:33:19,Simpang 4,lane_2,6,2,0,3,3,0,0,0,18.181818
2026-08-14 02:33:19,Simpang 4,lane_3,3,4,0,1,2,0,0,0,8.823529
2026-08-14 02:33:21,Simpang 2,lane_2,2,0,0,1,1,0,0,0,6.060606
2026-08-14 02:33:23,Simpang 1,lane_2,3,0,0,3,0,0,0,0,9.090909
2026-08-14 02:33:23,Simpang 1,lane_3,1,0,0,1,0,0,0,0,2.941176
2026-08-14 02:33:23,Simpang 4,lane_1,2,0,0,2,0,0,0,0,6.060606
2026-08-14 02:33:23,Simpang 4,lane_2,7,2,0,3,4,0,0,0,21.212121
2026-08-14 02:33:23,Simpang 4,lane_3,4,4,0,1,3,0,0,0,11.764706
2026-08-14 02:33:27,Simpang 2,lane_2,2,0,0,1,1,0,0,0,6.060606
2026-08-14 02:33:27,Simpang 2,lane_3,1,0,0,1,0,0,0,0,2.941176
2026-08-14 02:33:28,Simpang 4,lane_1,2,0,0,2,0,0,0,0,6.060606
2026-08-14 02:33:28,Simpang 4,lane_2,5,2,0,3,2,0,0,0,15.151515
2026-08-14 02:33:28,Simpang 4,lane_3,4,2,0,1,3,0,0,0,11.764706
2026-08-14 02:33:28,Simpang 1,lane_2,3,0,0,3,0,0,0,0,9.090909
2026-08-14 02:33:28,Simpang 1,lane_3,1,0,0,1,0,0,0,0,2.941176
2026-08-14 02:33:33,Simpang 2,lane_2,2,0,0,1,1,0,0,0,6.060606
2026-08-14 02:33:33,Simpang 2,lane_3,1,0,0,1,0,0,0,0,2.941176
2026-08-14 02:33:34,Simpang 4,lane_1,2,0,0,2,0,0,0,0,6.060606
2026-08-14 02:33:34,Simpang 4,lane_2,5,2,0,3,2,0,0,0,15.151515
2026-08-14 02:33:34,Simpang 4,lane_3,2,2,0,1,1,0,0,0,5.882353
2026-08-14 02:33:35,Simpang 1,lane_2,3,0,0,3,0,0,0,0,9.090909
2026-08-14 02:33:35,Simpang 1,lane_3,1,0,0,1,0,0,0,0,2.941176
2026-08-14 02:33:40,Simpang 2,lane_2,2,0,0,1,1,0,0,0,6.060606
2026-08-14 02:33:40,Simpang 2,lane_3,1,0,0,1,0,0,0,0,2.941176
2026-08-14 02:33:40,Simpang 4,lane_1,2,0,0,2,0,0,0,0,6.060606
2026-08-14 02:33:40,Simpang 4,lane_2,5,2,0,3,2,0,0,0,15.151515
2026-08-14 02:33:40,Simpang 4,lane_3,2,2,0,1,1,0,0,0,5.882353
2026-08-14 02:33:41,Simpang 1,lane_2,3,0,0,3,0,0,0,0,9.090909
2026-08-14 02:33:41,Simpang 1,lane_3,1,0,0,1,0,0,0,0,2.941176
2026-08-14 02:33:44,Simpang 4,lane_1,2,0,0,2,0,0,0,0,6.060606
2026-08-14 02:33:44,Simpang 4,lane_2,6,2,0,3,3,0,0,0,18.181818
2026-08-14 02:33:44,Simpang 4,lane_3,3,2,0,1,2,0,0,0,8.823529
2026-08-14 02:33:44,Simpang 2,lane_2,2,0,0,1,1,0,0,0,6.060606
2026-08-14 02:33:44,Simpang 2,lane_3,1,0,0,1,0,0,0,0,2.941176
2026-08-14 02:33:46,Simpang 1,lane_2,3,0,0,3,0,0,0,0,9.090909
2026-08-14 02:33:46,Simpang 1,lane_3,1,0,0,1,0,0,0,0,2.941176
2026-08-14 02:33:49,Simpang 4,lane_1,2,1,0,2,0,0,0,0,6.060606
2026-08-14 02:33:49,Simpang 4,lane_2,6,3,0,3,3,0,0,0,18.181818
2026-08-14 02:33:49,Simpang 4,lane_3,3,3,0,1,2,0,0,0,8.823529
2026-08-14 02:33:49,Simpang 2,lane_2,2,0,0,1,1,0,0,0,6.060606
2026-08-14 02:33:49,Simpang 2,lane_3,1,0,0,1,0,0,0,0,2.941176
2026-08-14 02:33:52,Simpang 1,lane_2,3,0,0,3,0,0,0,0,9.090909
2026-08-14 02:33:52,Simpang 1,lane_3,1,0,0,1,0,0,0,0,2.941176
2026-08-14 02:33:55,Simpang 4,lane_1,2,0,0,2,0,0,0,0,6.060606
2026-08-14 02:33:55,Simpang 4,lane_2,6,1,0,3,3,0,0,0,18.181818
2026-08-14 02:33:55,Simpang 4,lane_3,3,2,0,1,2,0,0,0,8.823529
2026-08-14 02:33:56,Simpang 2,lane_2,1,0,0,1,0,0,0,0,3.030303
2026-08-14 02:33:56,Simpang 2,lane_3,1,0,0,1,0,0,0,0,2.941176
2026-08-14 02:33:59,Simpang 1,lane_2,3,0,0,3,0,0,0,0,9.090909
2026-08-14 02:33:59,Simpang 1,lane_3,1,0,0,1,0,0,0,0,2.941176
2026-08-14 02:34:01,Simpang 4,lane_1,2,0,0,2,0,0,0,0,6.060606
2026-08-14 02:34:01,Simpang 4,lane_2,7,2,0,3,4,0,0,0,21.212121
2026-08-14 02:34:01,Simpang 4,lane_3,4,2,0,1,3,0,0,0,11.764706
2026-08-14 02:34:03,Simpang 2,lane_2,1,0,0,1,0,0,0,0,3.030303
2026-08-14 02:34:03,Simpang 2,lane_3,1,1,0,1,0,0,0,0,2.941176
2026-08-14 02:34:05,Simpang 1,lane_2,3,0,0,3,0,0,0,0,9.090909
2026-08-14 02:34:05,Simpang 1,lane_3,1,0,0,1,0,0,0,0,2.941176
2026-08-14 02:34:06,Simpang 4,lane_1,2,0,0,2,0,0,0,0,6.060606
2026-08-14 02:34:06,Simpang 4,lane_2,7,2,0,3,4,0,0,0,21.212121
2026-08-14 02:34:06,Simpang 4,lane_3,4,2,0,1,3,0,0,0,11.764706
2026-08-14 02:34:08,Simpang 2,lane_2,1,0,0,1,0,0,0,0,3.030303
2026-08-14 02:34:08,Simpang 2,lane_3,1,1,0,1,0,0,0,0,2.941176
2026-08-14 02:34:11,Simpang 1,lane_2,3,0,0,3,0,0,0,0,9.090909
2026-08-14 02:34:11,Simpang 1,lane_3,1,0,0,1,0,0,0,0,2.941176
2026-08-14 02:34:12,Simpang 4,lane_1,2,0,0,2,0,0,0,0,6.060606
2026-08-14 02:34:12,Simpang 4,lane_2,6,2,0,3,3,0,0,0,18.181818
2026-08-14 02:34:12,Simpang 4,lane_3,3,2,0,1,2,0,0,0,8.823529
2026-08-14 02:34:14,Simpang 2,lane_2,1,0,0,1,0,0,0,0,3.030303
2026-08-14 02:34:14,Simpang 2,lane_3,1,1,0,1,0,0,0,0,2.941176
2026-08-14 02:34:17,Simpang 1,lane_2,3,0,0,3,0,0,0,0,9.090909
2026-08-14 02:34:17,Simpang 1,lane_3,1,0,0,1,0,0,0,0,2.941176
2026-08-14 02:34:17,Simpang 4,lane_1,2,0,0,2,0,0,0,0,6.060606
2026-08-14 02:34:17,Simpang 4,lane_2,6,2,0,3,3,0,0,0,18.181818
2026-08-14 02:34:17,Simpang 4,lane_3,5,2,0,1,4,0,0,0,14.705882
2026-08-14 02:34:20,Simpang 2,lane_2,1,0,0,1,0,0,0,0,3.030303
2026-08-14 02:34:20,Simpang 2,lane_3,1,0,0,1,0,0,0,0,2.941176
2026-08-14 02:34:22,Simpang 4,lane_1,2,0,0,2,0,0,0,0,6.060606
2026-08-14 02:34:22,Simpang 4,lane_2,6,2,0,3,3,0,0,0,18.181818
2026-08-14 02:34:22,Simpang 4,lane_3,6,2,0,2,4,0,0,0,17.647059
2026-08-14 02:34:23,Simpang 1,lane_2,3,0,0,3,0,0,0,0,9.090909
2026-08-14 02:34:25,Simpang 2,lane_2,1,0,0,1,0,0,0,0,3.030303
2026-08-14 02:34:25,Simpang 2,lane_3,1,0,0,1,0,0,0,0,2.941176
2026-08-14 02:34:27,Simpang 4,lane_1,2,0,0,2,0,0,0,0,6.060606
2026-08-14 02:34:27,Simpang 4,lane_2,6,2,0,3,3,0,0,0,18.181818
2026-08-14 02:34:27,Simpang 4,lane_3,7,3,0,3,4,0,0,0,20.588235
2026-08-14 02:34:29,Simpang 1,lane_2,3,0,0,3,0,0,0,0,9.090909
2026-08-14 02:34:29,Simpang 1,lane_3,1,0,0,1,0,0,0,0,2.941176
2026-08-14 02:34:32,Simpang 2,lane_2,1,0,0,1,0,0,0,0,3.030303
2026-08-14 02:34:34,Simpang 4,lane_1,2,0,0,2,0,0,0,0,6.060606
2026-08-14 02:34:34,Simpang 4,lane_2,7,1,0,3,4,0,0,0,21.212121
2026-08-14 02:34:34,Simpang 4,lane_3,5,2,0,2,3,0,0,0,14.705882
2026-08-14 02:34:36,Simpang 1,lane_2,3,0,0,3,0,0,0,0,9.090909
2026-08-14 02:34:36,Simpang 1,lane_3,1,0,0,1,0,0,0,0,2.941176
2026-08-14 02:34:39,Simpang 2,lane_2,1,0,0,1,0,0,0,0,3.030303
2026-08-14 02:34:40,Simpang 4,lane_1,2,0,0,2,0,0,0,0,6.060606
2026-08-14 02:34:40,Simpang 4,lane_2,7,1,0,3,4,0,0,0,21.212121
2026-08-14 02:34:40,Simpang 4,lane_3,4,2,0,1,3,0,0,0,11.764706
2026-08-14 02:34:42,Simpang 1,lane_2,3,0,0,3,0,0,0,0,9.090909
2026-08-14 02:34:42,Simpang 1,lane_3,1,0,0,1,0,0,0,0,2.941176
2026-08-14 02:34:44,Simpang 2,lane_2,1,0,0,1,0,0,0,0,3.030303
2026-08-14 02:34:44,Simpang 4,lane_1,2,0,0,2,0,0,0,0,6.060606
2026-08-14 02:34:44,Simpang 4,lane_2,7,2,0,3,4,0,0,0,21.212121
2026-08-14 02:34:44,Simpang 4,lane_3,4,3,0,1,3,0,0,0,11.764706
2026-08-14 02:34:46,Simpang 1,lane_2,3,1,0,3,0,0,0,0,9.090909
2026-08-14 02:34:46,Simpang 1,lane_3,1,0,0,1,0,0,0,0,2.941176
2026-08-14 02:34:48,Simpang 2,lane_2,2,0,0,2,0,0,0,0,6.060606
2026-08-14 02:34:48,Simpang 4,lane_1,2,0,0,2,0,0,0,0,6.060606
2026-08-14 02:34:48,Simpang 4,lane_2,7,1,0,3,4,0,0,0,21.212121
2026-08-14 02:34:48,Simpang 4,lane_3,4,3,0,1,3,0,0,0,11.764706
2026-08-14 02:34:51,Simpang 1,lane_2,3,0,0,3,0,0,0,0,9.090909
2026-08-14 02:34:51,Simpang 1,lane_3,1,0,0,1,0,0,0,0,2.941176
2026-08-14 02:34:54,Simpang 4,lane_1,3,0,0,2,1,0,0,0,9.090909
2026-08-14 02:34:54,Simpang 4,lane_2,6,3,0,3,3,0,0,0,18.181818
2026-08-14 02:34:54,Simpang 4,lane_3,4,1,0,2,2,0,0,0,11.764706
2026-08-14 02:34:54,Simpang 2,lane_2,1,0,0,1,0,0,0,0,3.030303
2026-08-14 02:34:57,Simpang 1,lane_2,3,0,0,3,0,0,0,0,9.090909
2026-08-14 02:34:57,Simpang 1,lane_3,1,0,0,1,0,0,0,0,2.941176
2026-08-14 02:35:00,Simpang 4,lane_1,3,0,0,2,1,0,0,0,9.090909
2026-08-14 02:35:00,Simpang 4,lane_2,6,3,0,3,3,0,0,0,18.181818
2026-08-14 02:35:00,Simpang 4,lane_3,4,1,0,2,2,0,0,0,11.764706
2026-08-14 02:35:00,Simpang 2,lane_2,1,0,0,1,0,0,0,0,3.030303
2026-08-14 02:35:04,Simpang 1,lane_2,3,0,0,3,0,0,0,0,9.090909
2026-08-14 02:35:04,Simpang 1,lane_3,1,0,0,1,0,0,0,0,2.941176
2026-08-14 02:35:05,Simpang 4,lane_1,3,0,0,2,1,0,0,0,9.090909
2026-08-14 02:35:05,Simpang 4,lane_2,6,2,0,3,3,0,0,0,18.181818
2026-08-14 02:35:05,Simpang 4,lane_3,3,1,0,1,2,0,0,0,8.823529
2026-08-14 02:35:06,Simpang 2,lane_2,1,0,0,1,0,0,0,0,3.030303
2026-08-14 02:35:09,Simpang 1,lane_2,4,0,0,4,0,0,0,0,12.121212
2026-08-14 02:35:09,Simpang 1,lane_3,1,0,0,1,0,0,0,0,2.941176
2026-08-14 02:35:09,Simpang 4,lane_1,3,0,0,2,1,0,0,0,9.090909
2026-08-14 02:35:09,Simpang 4,lane_2,6,5,0,3,3,0,0,0,18.181818
2026-08-14 02:35:09,Simpang 4,lane_3,3,0,0,1,2,0,0,0,8.823529
2026-08-14 02:35:11,Simpang 2,lane_2,1,0,0,1,0,0,0,0,3.030303
2026-08-14 02:35:13,Simpang 1,lane_2,4,0,0,4,0,0,0,0,12.121212
2026-08-14 02:35:13,Simpang 1,lane_3,1,0,0,1,0,0,0,0,2.941176
2026-08-14 02:35:13,Simpang 4,lane_1,3,0,0,2,1,0,0,0,9.090909
2026-08-14 02:35:13,Simpang 4,lane_2,5,4,0,3,2,0,0,0,15.151515
2026-08-14 02:35:13,Simpang 4,lane_3,3,0,0,1,2,0,0,0,8.823529
2026-08-14 02:35:15,Simpang 2,lane_2,2,0,0,2,0,0,0,0,6.060606
2026-08-14 02:35:17,Simpang 4,lane_1,3,0,0,2,1,0,0,0,9.090909
2026-08-14 02:35:17,Simpang 4,lane_2,6,3,0,3,3,0,0,0,18.181818
2026-08-14 02:35:17,Simpang 4,lane_3,4,0,0,2,2,0,0,0,11.764706
2026-08-14 02:35:18,Simpang 1,lane_2,2,0,0,2,0,0,0,0,6.060606
2026-08-14 02:35:18,Simpang 1,lane_3,1,0,0,1,0,0,0,0,2.941176
2026-08-14 02:35:20,Simpang 2,lane_2,2,0,0,2,0,0,0,0,6.060606
2026-08-14 02:35:23,Simpang 4,lane_1,3,0,0,2,1,0,0,0,9.090909
2026-08-14 02:35:23,Simpang 4,lane_2,5,4,0,3,2,0,0,0,15.151515
2026-08-14 02:35:23,Simpang 4,lane_3,3,0,0,1,2,0,0,0,8.823529
2026-08-14 02:35:24,Simpang 1,lane_2,3,0,0,3,0,0,0,0,9.090909
2026-08-14 02:35:24,Simpang 1,lane_3,1,0,0,1,0,0,0,0,2.941176
2026-08-14 02:35:26,Simpang 2,lane_2,2,0,0,2,0,0,0,0,6.060606
2026-08-14 02:35:28,Simpang 4,lane_1,3,0,0,2,1,0,0,0,9.090909
2026-08-14 02:35:28,Simpang 4,lane_2,5,3,0,3,2,0,0,0,15.151515
2026-08-14 02:35:28,Simpang 4,lane_3,3,0,0,1,2,0,0,0,8.823529
2026-08-14 02:35:29,Simpang 1,lane_2,3,0,0,3,0,0,0,0,9.090909
2026-08-14 02:35:29,Simpang 1,lane_3,1,0,0,1,0,0,0,0,2.941176
2026-08-14 02:35:31,Simpang 2,lane_2,2,0,0,2,0,0,0,0,6.060606
2026-08-14 02:35:33,Simpang 4,lane_1,2,0,0,1,1,0,0,0,6.060606
2026-08-14 02:35:33,Simpang 4,lane_2,4,4,0,3,1,0,0,0,12.121212
2026-08-14 02:35:33,Simpang 4,lane_3,3,0,0,1,2,0,0,0,8.823529
2026-08-14 02:35:35,Simpang 1,lane_2,3,0,0,3,0,0,0,0,9.090909
2026-08-14 02:35:35,Simpang 1,lane_3,1,0,0,1,0,0,0,0,2.941176
2026-08-14 02:35:37,Simpang 2,lane_2,2,0,0,2,0,0,0,0,6.060606
2026-08-14 02:35:38,Simpang 4,lane_1,3,0,0,2,1,0,0,0,9.090909
2026-08-14 02:35:38,Simpang 4,lane_2,5,4,0,3,2,0,0,0,15.151515
2026-08-14 02:35:38,Simpang 4,lane_3,3,1,0,1,2,0,0,0,8.823529
2026-08-14 02:35:40,Simpang 1,lane_2,2,0,0,2,0,0,0,0,6.060606
2026-08-14 02:35:40,Simpang 1,lane_3,1,0,0,1,0,0,0,0,2.941176
2026-08-14 02:35:42,Simpang 2,lane_2,2,0,0,2,0,0,0,0,6.060606
2026-08-14 02:35:43,Simpang 4,lane_1,2,0,0,1,1,0,0,0,6.060606
2026-08-14 02:35:43,Simpang 4,lane_2,5,4,0,3,2,0,0,0,15.151515
2026-08-14 02:35:43,Simpang 4,lane_3,3,1,0,1,2,0,0,0,8.823529
2026-08-14 02:35:46,Simpang 1,lane_2,2,0,0,2,0,0,0,0,6.060606
2026-08-14 02:35:46,Simpang 1,lane_3,1,0,0,1,0,0,0,0,2.941176
2026-08-14 02:35:47,Simpang 2,lane_2,2,0,0,2,0,0,0,0,6.060606
2026-08-14 02:35:48,Simpang 4,lane_1,3,0,0,2,1,0,0,0,9.090909
2026-08-14 02:35:48,Simpang 4,lane_2,5,1,0,3,2,0,0,0,15.151515
2026-08-14 02:35:48,Simpang 4,lane_3,3,0,0,1,2,0,0,0,8.823529
2026-08-14 02:35:50,Simpang 1,lane_2,2,0,0,2,0,0,0,0,6.060606
2026-08-14 02:35:50,Simpang 1,lane_3,1,0,0,1,0,0,0,0,2.941176
2026-08-14 02:35:53,Simpang 4,lane_1,3,0,0,2,1,0,0,0,9.090909
2026-08-14 02:35:53,Simpang 4,lane_2,6,4,0,3,3,0,0,0,18.181818
2026-08-14 02:35:53,Simpang 4,lane_3,3,1,0,1,2,0,0,0,8.823529
2026-08-14 02:35:53,Simpang 2,lane_2,2,0,0,2,0,0,0,0,6.060606
2026-08-14 02:35:55,Simpang 1,lane_2,2,0,0,2,0,0,0,0,6.060606
2026-08-14 02:35:55,Simpang 1,lane_3,1,0,0,1,0,0,0,0,2.941176
2026-08-14 02:35:58,Simpang 4,lane_1,3,0,0,2,1,0,0,0,9.090909
2026-08-14 02:35:58,Simpang 4,lane_2,5,2,0,3,2,0,0,0,15.151515
2026-08-14 02:35:58,Simpang 4,lane_3,3,1,0,1,2,0,0,0,8.823529
2026-08-14 02:35:58,Simpang 2,lane_2,2,0,0,2,0,0,0,0,6.060606
2026-08-14 02:36:02,Simpang 1,lane_2,2,0,0,2,0,0,0,0,6.060606
2026-08-14 02:36:02,Simpang 1,lane_3,1,0,0,1,0,0,0,0,2.941176
2026-08-14 02:36:04,Simpang 4,lane_1,3,0,0,2,1,0,0,0,9.090909
2026-08-14 02:36:04,Simpang 4,lane_2,5,3,0,3,2,0,0,0,15.151515
2026-08-14 02:36:04,Simpang 4,lane_3,4,1,0,2,2,0,0,0,11.764706
2026-08-14 02:36:04,Simpang 2,lane_2,2,0,0,2,0,0,0,0,6.060606
2026-08-14 02:36:08,Simpang 1,lane_2,2,0,0,2,0,0,0,0,6.060606
2026-08-14 02:36:08,Simpang 1,lane_3,1,0,0,1,0,0,0,0,2.941176
2026-08-14 02:36:09,Simpang 4,lane_1,3,0,0,2,1,0,0,0,9.090909
2026-08-14 02:36:09,Simpang 4,lane_2,5,3,0,3,2,0,0,0,15.151515
2026-08-14 02:36:09,Simpang 4,lane_3,4,5,0,2,2,0,0,0,11.764706
2026-08-14 02:36:10,Simpang 2,lane_2,2,0,0,2,0,0,0,0,6.060606
2026-08-14 02:36:12,Simpang 1,lane_2,2,0,0,2,0,0,0,0,6.060606
2026-08-14 02:36:12,Simpang 1,lane_3,1,0,0,1,0,0,0,0,2.941176
2026-08-14 02:36:13,Simpang 4,lane_1,3,0,0,2,1,0,0,0,9.090909
2026-08-14 02:36:13,Simpang 4,lane_2,6,3,0,3,3,0,0,0,18.181818
2026-08-14 02:36:13,Simpang 4,lane_3,3,3,0,2,1,0,0,0,8.823529
2026-08-14 02:36:14,Simpang 2,lane_2,2,0,0,2,0,0,0,0,6.060606
2026-08-14 02:36:17,Simpang 1,lane_2,2,1,0,2,0,0,0,0,6.060606
2026-08-14 02:36:17,Simpang 1,lane_3,1,0,0,1,0,0,0,0,2.941176
2026-08-14 02:36:17,Simpang 4,lane_1,3,0,0,2,1,0,0,0,9.090909
2026-08-14 02:36:17,Simpang 4,lane_2,6,3,0,3,3,0,0,0,18.181818
2026-08-14 02:36:17,Simpang 4,lane_3,4,1,0,2,2,0,0,0,11.764706
2026-08-14 02:36:19,Simpang 2,lane_2,2,0,0,2,0,0,0,0,6.060606
2026-08-14 02:36:22,Simpang 4,lane_1,4,0,0,3,1,0,0,0,12.121212
2026-08-14 02:36:22,Simpang 4,lane_2,6,4,0,3,3,0,0,0,18.181818
2026-08-14 02:36:22,Simpang 4,lane_3,4,1,0,2,2,0,0,0,11.764706
2026-08-14 02:36:23,Simpang 1,lane_2,2,0,0,2,0,0,0,0,6.060606
2026-08-14 02:36:23,Simpang 1,lane_3,1,0,0,1,0,0,0,0,2.941176
2026-08-14 02:36:25,Simpang 2,lane_2,2,0,0,2,0,0,0,0,6.060606
2026-08-14 02:36:29,Simpang 4,lane_1,4,0,0,3,1,0,0,0,12.121212
2026-08-14 02:36:29,Simpang 4,lane_2,6,4,0,3,3,0,0,0,18.181818
2026-08-14 02:36:29,Simpang 4,lane_3,4,1,0,2,2,0,0,0,11.764706
2026-08-14 02:36:30,Simpang 1,lane_2,2,0,0,2,0,0,0,0,6.060606
2026-08-14 02:36:30,Simpang 1,lane_3,1,0,0,1,0,0,0,0,2.941176
2026-08-14 02:36:32,Simpang 2,lane_2,2,0,0,2,0,0,0,0,6.060606
2026-08-14 02:36:34,Simpang 4,lane_1,3,0,0,2,1,0,0,0,9.090909
2026-08-14 02:36:34,Simpang 4,lane_2,6,3,0,3,3,0,0,0,18.181818
2026-08-14 02:36:34,Simpang 4,lane_3,4,1,0,2,2,0,0,0,11.764706
2026-08-14 02:36:35,Simpang 1,lane_2,2,0,0,2,0,0,0,0,6.060606
2026-08-14 02:36:35,Simpang 1,lane_3,1,0,0,1,0,0,0,0,2.941176
2026-08-14 02:36:36,Simpang 2,lane_2,2,0,0,2,0,0,0,0,6.060606
2026-08-14 02:36:38,Simpang 4,lane_1,4,0,0,3,1,0,0,0,12.121212
2026-08-14 02:36:38,Simpang 4,lane_2,5,4,0,2,3,0,0,0,15.151515
2026-08-14 02:36:38,Simpang 4,lane_3,4,1,0,2,2,0,0,0,11.764706
2026-08-14 02:36:39,Simpang 1,lane_2,2,0,0,2,0,0,0,0,6.060606
2026-08-14 02:36:39,Simpang 1,lane_3,1,0,0,1,0,0,0,0,2.941176
2026-08-14 02:36:41,Simpang 2,lane_2,2,0,0,2,0,0,0,0,6.060606
2026-08-14 02:36:43,Simpang 4,lane_1,5,0,0,4,1,0,0,0,15.151515
2026-08-14 02:36:43,Simpang 4,lane_2,4,4,0,2,2,0,0,0,12.121212
2026-08-14 02:36:43,Simpang 4,lane_3,3,1,1,2,1,0,0,0,8.823529
2026-08-14 02:36:44,Simpang 1,lane_2,2,0,0,2,0,0,0,0,6.060606
2026-08-14 02:36:44,Simpang 1,lane_3,1,0,0,1,0,0,0,0,2.941176
2026-08-14 02:36:46,Simpang 2,lane_2,2,0,0,2,0,0,0,0,6.060606
2026-08-14 02:36:48,Simpang 4,lane_1,4,0,0,3,1,0,0,0,12.121212
2026-08-14 02:36:48,Simpang 4,lane_2,6,4,0,2,4,0,0,0,18.181818
2026-08-14 02:36:48,Simpang 4,lane_3,2,1,0,2,0,0,0,0,5.882353
2026-08-14 02:36:51,Simpang 1,lane_2,2,0,0,2,0,0,0,0,6.060606
2026-08-14 02:36:51,Simpang 1,lane_3,1,0,0,1,0,0,0,0,2.941176
2026-08-14 02:36:53,Simpang 2,lane_2,2,0,0,2,0,0,0,0,6.060606
2026-08-14 02:36:54,Simpang 4,lane_1,4,0,0,3,1,0,0,0,12.121212
2026-08-14 02:36:54,Simpang 4,lane_2,5,5,0,2,3,0,0,0,15.151515
2026-08-14 02:36:54,Simpang 4,lane_3,1,0,0,1,0,0,0,0,2.941176
2026-08-14 02:36:58,Simpang 1,lane_2,3,0,0,3,0,0,0,0,9.090909
2026-08-14 02:36:58,Simpang 1,lane_3,1,0,0,1,0,0,0,0,2.941176
2026-08-14 02:36:59,Simpang 2,lane_2,2,0,0,2,0,0,0,0,6.060606
2026-08-14 02:37:01,Simpang 4,lane_1,4,0,0,3,1,0,0,0,12.121212
2026-08-14 02:37:01,Simpang 4,lane_2,5,6,0,1,3,0,1,0,15.151515
2026-08-14 02:37:01,Simpang 4,lane_3,2,2,0,1,1,0,0,0,5.882353
2026-08-14 02:37:05,Simpang 1,lane_2,3,0,0,3,0,0,0,0,9.090909
2026-08-14 02:37:05,Simpang 1,lane_3,1,0,0,1,0,0,0,0,2.941176
2026-08-14 02:37:06,Simpang 2,lane_2,3,0,0,3,0,0,0,0,9.090909
2026-08-14 02:37:07,Simpang 4,lane_1,5,0,0,4,1,0,0,0,15.151515
2026-08-14 02:37:07,Simpang 4,lane_2,5,6,0,1,3,0,1,0,15.151515
2026-08-14 02:37:07,Simpang 4,lane_3,3,2,0,1,2,0,0,0,8.823529
2026-08-14 02:37:10,Simpang 1,lane_2,3,1,0,3,0,0,0,0,9.090909
2026-08-14 02:37:10,Simpang 1,lane_3,1,0,0,1,0,0,0,0,2.941176
2026-08-14 02:37:12,Simpang 2,lane_2,2,0,0,2,0,0,0,0,6.060606
2026-08-14 02:37:12,Simpang 4,lane_1,4,0,0,3,1,0,0,0,12.121212
2026-08-14 02:37:12,Simpang 4,lane_2,4,4,0,2,2,0,0,0,12.121212
2026-08-14 02:37:12,Simpang 4,lane_3,3,2,0,1,2,0,0,0,8.823529
2026-08-14 02:37:18,Simpang 1,lane_2,3,0,0,3,0,0,0,0,9.090909
2026-08-14 02:37:18,Simpang 1,lane_3,1,0,0,1,0,0,0,0,2.941176
2026-08-14 02:37:19,Simpang 2,lane_2,2,0,0,2,0,0,0,0,6.060606
2026-08-14 02:37:22,Simpang 4,lane_1,3,0,0,2,1,0,0,0,9.090909
2026-08-14 02:37:22,Simpang 4,lane_2,4,4,1,2,2,0,0,0,12.121212
2026-08-14 02:37:22,Simpang 4,lane_3,4,3,0,2,2,0,0,0,11.764706
2026-08-14 02:37:26,Simpang 1,lane_2,3,0,0,3,0,0,0,0,9.090909
2026-08-14 02:37:26,Simpang 1,lane_3,1,0,0,1,0,0,0,0,2.941176
2026-08-14 02:37:27,Simpang 4,lane_1,5,0,0,3,2,0,0,0,15.151515
2026-08-14 02:37:27,Simpang 4,lane_2,4,4,0,2,2,0,0,0,12.121212
2026-08-14 02:37:27,Simpang 4,lane_3,4,1,0,2,2,0,0,0,11.764706
2026-08-14 02:37:27,Simpang 2,lane_2,2,0,0,2,0,0,0,0,6.060606
2026-08-14 02:37:34,Simpang 1,lane_2,3,0,0,3,0,0,0,0,9.090909
2026-08-14 02:37:34,Simpang 1,lane_3,1,0,0,1,0,0,0,0,2.941176
2026-08-14 02:37:35,Simpang 4,lane_1,6,0,0,4,2,0,0,0,18.181818
2026-08-14 02:37:35,Simpang 4,lane_2,6,4,0,2,4,0,0,0,18.181818
2026-08-14 02:37:35,Simpang 4,lane_3,5,1,0,2,3,0,0,0,14.705882
2026-08-14 02:37:35,Simpang 2,lane_2,2,0,0,2,0,0,0,0,6.060606
2026-08-14 02:37:41,Simpang 1,lane_2,3,0,0,3,0,0,0,0,9.090909
2026-08-14 02:37:41,Simpang 1,lane_3,1,0,0,1,0,0,0,0,2.941176
2026-08-14 02:37:41,Simpang 4,lane_1,6,0,0,4,2,0,0,0,18.181818
2026-08-14 02:37:41,Simpang 4,lane_2,6,4,0,2,4,0,0,0,18.181818
2026-08-14 02:37:41,Simpang 4,lane_3,5,1,0,2,3,0,0,0,14.705882
2026-08-14 02:37:42,Simpang 2,lane_2,2,0,0,2,0,0,0,0,6.060606
2026-08-14 02:37:46,Simpang 4,lane_1,5,0,0,3,2,0,0,0,15.151515
2026-08-14 02:37:46,Simpang 4,lane_2,5,4,0,2,3,0,0,0,15.151515
2026-08-14 02:37:46,Simpang 4,lane_3,4,2,0,2,2,0,0,0,11.764706
2026-08-14 02:37:46,Simpang 1,lane_2,3,0,0,3,0,0,0,0,9.090909
2026-08-14 02:37:46,Simpang 1,lane_3,1,0,0,1,0,0,0,0,2.941176
2026-08-14 02:37:47,Simpang 2,lane_2,2,0,0,2,0,0,0,0,6.060606
2026-08-14 02:37:52,Simpang 4,lane_1,5,1,0,3,2,0,0,0,15.151515
2026-08-14 02:37:52,Simpang 4,lane_2,6,4,0,2,4,0,0,0,18.181818
2026-08-14 02:37:52,Simpang 4,lane_3,4,2,0,2,2,0,0,0,11.764706
2026-08-14 02:37:53,Simpang 1,lane_2,3,0,0,3,0,0,0,0,9.090909
2026-08-14 02:37:53,Simpang 1,lane_3,1,0,0,1,0,0,0,0,2.941176
2026-08-14 02:37:55,Simpang 2,lane_2,2,0,0,2,0,0,0,0,6.060606
2026-08-14 02:37:58,Simpang 4,lane_1,5,1,0,3,2,0,0,0,15.151515
2026-08-14 02:37:58,Simpang 4,lane_2,6,4,0,2,4,0,0,0,18.181818
2026-08-14 02:37:58,Simpang 4,lane_3,4,2,0,2,2,0,0,0,11.764706
2026-08-14 02:37:59,Simpang 1,lane_2,3,0,0,3,0,0,0,0,9.090909
2026-08-14 02:37:59,Simpang 1,lane_3,1,0,0,1,0,0,0,0,2.941176
2026-08-14 02:38:01,Simpang 2,lane_2,2,0,0,2,0,0,0,0,6.060606
2026-08-14 02:38:02,Simpang 4,lane_1,5,1,0,3,2,0,0,0,15.151515
2026-08-14 02:38:02,Simpang 4,lane_2,7,4,0,2,5,0,0,0,21.212121
2026-08-14 02:38:02,Simpang 4,lane_3,4,2,0,2,2,0,0,0,11.764706
2026-08-14 02:38:03,Simpang 2,lane_2,2,0,0,2,0,0,0,0,6.060606
2026-08-14 02:38:03,Simpang 1,lane_2,3,0,0,3,0,0,0,0,9.090909
2026-08-14 02:38:03,Simpang 1,lane_3,1,0,0,1,0,0,0,0,2.941176
2026-08-14 02:38:04,Simpang 4,lane_1,5,1,0,3,2,0,0,0,15.151515
2026-08-14 02:38:04,Simpang 4,lane_2,6,5,0,2,4,0,0,0,18.181818
2026-08-14 02:38:04,Simpang 4,lane_3,4,2,0,2,2,0,0,0,11.764706
2026-08-14 02:38:04,Simpang 2,lane_2,2,0,0,2,0,0,0,0,6.060606
2026-08-14 02:38:04,Simpang 1,lane_2,3,0,0,3,0,0,0,0,9.090909
2026-08-14 02:38:04,Simpang 1,lane_3,1,0,0,1,0,0,0,0,2.941176
2026-08-14 02:38:05,Simpang 4,lane_1,4,1,0,3,1,0,0,0,12.121212
2026-08-14 02:38:05,Simpang 4,lane_2,5,4,0,2,3,0,0,0,15.151515
2026-08-14 02:38:05,Simpang 4,lane_3,3,2,0,2,1,0,0,0,8.823529
2026-08-14 02:38:05,Simpang 2,lane_2,2,0,0,2,0,0,0,0,6.060606
2026-08-14 02:38:05,Simpang 1,lane_2,3,0,0,3,0,0,0,0,9.090909
2026-08-14 02:38:05,Simpang 1,lane_3,1,0,0,1,0,0,0,0,2.941176
2026-08-14 02:38:06,Simpang 4,lane_1,4,2,0,3,1,0,0,0,12.121212
2026-08-14 02:38:06,Simpang 4,lane_2,5,5,0,2,3,0,0,0,15.151515
2026-08-14 02:38:06,Simpang 4,lane_3,4,3,0,2,2,0,0,0,11.764706
2026-08-14 02:38:06,Simpang 2,lane_2,2,0,0,2,0,0,0,0,6.060606
2026-08-14 02:38:07,Simpang 1,lane_2,3,0,0,3,0,0,0,0,9.090909
2026-08-14 02:38:07,Simpang 1,lane_3,1,0,0,1,0,0,0,0,2.941176
2026-08-14 02:38:07,Simpang 4,lane_1,3,1,0,3,0,0,0,0,9.090909
2026-08-14 02:38:07,Simpang 4,lane_2,4,3,0,2,2,0,0,0,12.121212
2026-08-14 02:38:07,Simpang 4,lane_3,5,2,0,2,3,0,0,0,14.705882
2026-08-14 02:38:07,Simpang 2,lane_2,2,0,0,2,0,0,0,0,6.060606
2026-08-14 02:38:08,Simpang 1,lane_2,3,0,0,3,0,0,0,0,9.090909
2026-08-14 02:38:08,Simpang 1,lane_3,1,0,0,1,0,0,0,0,2.941176
2026-08-14 02:38:08,Simpang 4,lane_1,3,1,0,2,1,0,0,0,9.090909
2026-08-14 02:38:08,Simpang 4,lane_2,5,1,0,3,2,0,0,0,15.151515
2026-08-14 02:38:08,Simpang 4,lane_3,4,3,0,2,2,0,0,0,11.764706
2026-08-14 02:38:09,Simpang 2,lane_2,2,0,0,2,0,0,0,0,6.060606
2026-08-14 02:38:09,Simpang 1,lane_2,3,0,0,3,0,0,0,0,9.090909
2026-08-14 02:38:09,Simpang 1,lane_3,1,0,0,1,0,0,0,0,2.941176
2026-08-14 02:38:10,Simpang 2,lane_2,2,0,0,2,0,0,0,0,6.060606
2026-08-14 02:38:10,Simpang 4,lane_1,3,1,0,2,1,0,0,0,9.090909
2026-08-14 02:38:10,Simpang 4,lane_2,6,2,0,3,3,0,0,0,18.181818
2026-08-14 02:38:10,Simpang 4,lane_3,2,2,0,1,1,0,0,0,5.882353
2026-08-14 02:38:10,Simpang 1,lane_2,3,0,0,3,0,0,0,0,9.090909
2026-08-14 02:38:10,Simpang 1,lane_3,1,0,0,1,0,0,0,0,2.941176
2026-08-14 02:38:11,Simpang 2,lane_2,2,0,0,2,0,0,0,0,6.060606
2026-08-14 02:38:11,Simpang 4,lane_1,3,1,0,2,1,0,0,0,9.090909
2026-08-14 02:38:11,Simpang 4,lane_2,6,4,0,3,3,0,0,0,18.181818
2026-08-14 02:38:11,Simpang 4,lane_3,2,0,0,1,1,0,0,0,5.882353
2026-08-14 02:38:12,Simpang 1,lane_2,3,0,0,3,0,0,0,0,9.090909
2026-08-14 02:38:12,Simpang 1,lane_3,1,0,0,1,0,0,0,0,2.941176
2026-08-14 02:38:12,Simpang 2,lane_2,2,0,0,2,0,0,0,0,6.060606
2026-08-14 02:38:13,Simpang 4,lane_1,2,1,0,2,0,0,0,0,6.060606
2026-08-14 02:38:13,Simpang 4,lane_2,7,4,0,3,4,0,0,0,21.212121
2026-08-14 02:38:13,Simpang 4,lane_3,2,0,0,1,1,0,0,0,5.882353
2026-08-14 02:38:13,Simpang 1,lane_2,3,0,0,3,0,0,0,0,9.090909
2026-08-14 02:38:13,Simpang 1,lane_3,1,0,0,1,0,0,0,0,2.941176
2026-08-14 02:38:13,Simpang 2,lane_2,2,0,0,2,0,0,0,0,6.060606
2026-08-14 02:38:14,Simpang 4,lane_2,7,4,0,3,4,0,0,0,21.212121
2026-08-14 02:38:14,Simpang 4,lane_1,1,0,0,1,0,0,0,0,3.030303
2026-08-14 02:38:14,Simpang 4,lane_3,2,1,0,1,1,0,0,0,5.882353
2026-08-14 02:38:14,Simpang 1,lane_2,3,1,0,3,0,0,0,0,9.090909
2026-08-14 02:38:14,Simpang 1,lane_3,1,0,0,1,0,0,0,0,2.941176
2026-08-14 02:38:14,Simpang 2,lane_2,2,0,0,2,0,0,0,0,6.060606
2026-08-14 02:38:15,Simpang 4,lane_2,6,3,0,3,3,0,0,0,18.181818
2026-08-14 02:38:15,Simpang 4,lane_1,1,1,0,1,0,0,0,0,3.030303
2026-08-14 02:38:15,Simpang 4,lane_3,2,2,0,1,1,0,0,0,5.882353
2026-08-14 02:38:15,Simpang 2,lane_2,2,0,0,2,0,0,0,0,6.060606
2026-08-14 02:38:15,Simpang 1,lane_2,3,0,0,3,0,0,0,0,9.090909
2026-08-14 02:38:15,Simpang 1,lane_3,1,0,0,1,0,0,0,0,2.941176
2026-08-14 02:38:17,Simpang 2,lane_2,2,0,0,2,0,0,0,0,6.060606
2026-08-14 02:38:17,Simpang 2,lane_1,1,0,0,1,0,0,0,0,3.030303
2026-08-14 02:38:17,Simpang 4,lane_1,2,1,0,2,0,0,0,0,6.060606
2026-08-14 02:38:17,Simpang 4,lane_2,5,4,0,2,3,0,0,0,15.151515
2026-08-14 02:38:17,Simpang 4,lane_3,2,2,0,1,1,0,0,0,5.882353
2026-08-14 02:38:17,Simpang 1,lane_2,3,0,0,3,0,0,0,0,9.090909
2026-08-14 02:38:17,Simpang 1,lane_3,1,0,0,1,0,0,0,0,2.941176
2026-08-14 02:38:18,Simpang 2,lane_2,2,0,0,2,0,0,0,0,6.060606
2026-08-14 02:38:18,Simpang 4,lane_1,2,0,0,2,0,0,0,0,6.060606
2026-08-14 02:38:18,Simpang 4,lane_2,5,6,0,1,4,0,0,0,15.151515
2026-08-14 02:38:18,Simpang 4,lane_3,3,2,0,2,1,0,0,0,8.823529
2026-08-14 02:38:18,Simpang 1,lane_2,3,0,0,3,0,0,0,0,9.090909
2026-08-14 02:38:18,Simpang 1,lane_3,1,0,0,1,0,0,0,0,2.941176
2026-08-14 02:38:19,Simpang 4,lane_1,2,0,0,2,0,0,0,0,6.060606
2026-08-14 02:38:19,Simpang 4,lane_2,5,6,0,1,4,0,0,0,15.151515
2026-08-14 02:38:19,Simpang 4,lane_3,3,2,0,2,1,0,0,0,8.823529
2026-08-14 02:38:20,Simpang 1,lane_2,3,0,0,3,0,0,0,0,9.090909
2026-08-14 02:38:20,Simpang 1,lane_3,1,0,0,1,0,0,0,0,2.941176
2026-08-14 02:38:20,Simpang 2,lane_2,2,0,0,2,0,0,0,0,6.060606
2026-08-14 02:38:21,Simpang 4,lane_1,2,0,0,2,0,0,0,0,6.060606
2026-08-14 02:38:21,Simpang 4,lane_2,5,7,0,1,4,0,0,0,15.151515
2026-08-14 02:38:21,Simpang 4,lane_3,2,2,0,1,1,0,0,0,5.882353
2026-08-14 02:38:22,Simpang 1,lane_2,3,0,0,3,0,0,0,0,9.090909
2026-08-14 02:38:22,Simpang 1,lane_3,1,0,0,1,0,0,0,0,2.941176
2026-08-14 02:38:23,Simpang 2,lane_2,2,0,0,2,0,0,0,0,6.060606
2026-08-14 02:38:23,Simpang 2,lane_1,1,0,0,0,1,0,0,0,3.030303
2026-08-14 02:38:26,Simpang 4,lane_1,2,0,0,2,0,0,0,0,6.060606
2026-08-14 02:38:26,Simpang 4,lane_2,5,6,0,1,4,0,0,0,15.151515
2026-08-14 02:38:26,Simpang 4,lane_3,3,1,0,2,1,0,0,0,8.823529
2026-08-14 02:38:28,Simpang 1,lane_2,3,0,0,3,0,0,0,0,9.090909
2026-08-14 02:38:28,Simpang 1,lane_3,1,0,0,1,0,0,0,0,2.941176
2026-08-14 02:38:29,Simpang 2,lane_2,2,0,0,2,0,0,0,0,6.060606
2026-08-14 02:38:29,Simpang 2,lane_1,1,0,0,0,1,0,0,0,3.030303
2026-08-14 02:38:32,Simpang 4,lane_1,2,0,0,2,0,0,0,0,6.060606
2026-08-14 02:38:32,Simpang 4,lane_2,5,5,0,1,4,0,0,0,15.151515
2026-08-14 02:38:32,Simpang 4,lane_3,2,1,0,1,1,0,0,0,5.882353
2026-08-14 02:38:35,Simpang 1,lane_2,3,0,0,3,0,0,0,0,9.090909
2026-08-14 02:38:35,Simpang 1,lane_3,1,0,0,1,0,0,0,0,2.941176
2026-08-14 02:38:36,Simpang 2,lane_2,2,0,0,2,0,0,0,0,6.060606
2026-08-14 02:38:36,Simpang 2,lane_1,1,0,0,0,1,0,0,0,3.030303
2026-08-14 02:38:40,Simpang 4,lane_1,2,0,0,2,0,0,0,0,6.060606
2026-08-14 02:38:40,Simpang 4,lane_2,6,7,0,1,5,0,0,0,18.181818
2026-08-14 02:38:40,Simpang 4,lane_3,3,1,0,1,2,0,0,0,8.823529
2026-08-14 02:38:43,Simpang 1,lane_2,3,0,0,3,0,0,0,0,9.090909
2026-08-14 02:38:43,Simpang 1,lane_3,1,0,0,1,0,0,0,0,2.941176
2026-08-14 02:38:44,Simpang 2,lane_2,2,0,0,2,0,0,0,0,6.060606
2026-08-14 02:38:44,Simpang 2,lane_1,1,0,0,0,1,0,0,0,3.030303
2026-08-14 02:38:49,Simpang 4,lane_1,2,0,0,2,0,0,0,0,6.060606
2026-08-14 02:38:49,Simpang 4,lane_2,6,6,0,2,4,0,0,0,18.181818
2026-08-14 02:38:49,Simpang 4,lane_3,1,1,0,1,0,0,0,0,2.941176
2026-08-14 02:38:52,Simpang 1,lane_2,3,0,0,3,0,0,0,0,9.090909
2026-08-14 02:38:52,Simpang 1,lane_3,1,0,0,1,0,0,0,0,2.941176
2026-08-14 02:38:53,Simpang 2,lane_2,2,0,0,2,0,0,0,0,6.060606
2026-08-14 02:38:53,Simpang 2,lane_1,1,0,0,0,1,0,0,0,3.030303
2026-08-14 02:38:53,Simpang 4,lane_1,2,0,0,2,0,0,0,0,6.060606
2026-08-14 02:38:53,Simpang 4,lane_2,7,8,0,2,5,0,0,0,21.212121
2026-08-14 02:38:53,Simpang 4,lane_3,1,2,0,1,0,0,0,0,2.941176
2026-08-14 02:38:54,Simpang 2,lane_2,2,0,0,2,0,0,0,0,6.060606
2026-08-14 02:38:54,Simpang 2,lane_1,1,0,0,0,1,0,0,0,3.030303
2026-08-14 02:38:54,Simpang 1,lane_2,3,1,0,3,0,0,0,0,9.090909
2026-08-14 02:38:54,Simpang 1,lane_3,1,0,0,1,0,0,0,0,2.941176
2026-08-14 02:38:55,Simpang 4,lane_1,3,1,0,3,0,0,0,0,9.090909
2026-08-14 02:38:55,Simpang 4,lane_2,4,7,0,1,3,0,0,0,12.121212
2026-08-14 02:38:55,Simpang 4,lane_3,1,2,0,1,0,0,0,0,2.941176
2026-08-14 02:38:55,Simpang 2,lane_2,2,0,0,2,0,0,0,0,6.060606
2026-08-14 02:38:55,Simpang 2,lane_1,1,0,0,0,1,0,0,0,3.030303
2026-08-14 02:38:55,Simpang 1,lane_2,3,1,0,3,0,0,0,0,9.090909
2026-08-14 02:38:55,Simpang 1,lane_3,1,0,0,1,0,0,0,0,2.941176
2026-08-14 02:38:56,Simpang 2,lane_2,2,0,0,2,0,0,0,0,6.060606
2026-08-14 02:38:56,Simpang 2,lane_1,1,0,0,0,1,0,0,0,3.030303
2026-08-14 02:38:56,Simpang 4,lane_1,3,3,0,3,0,0,0,0,9.090909
2026-08-14 02:38:56,Simpang 4,lane_2,5,6,0,1,4,0,0,0,15.151515
2026-08-14 02:38:56,Simpang 4,lane_3,1,2,0,1,0,0,0,0,2.941176
2026-08-14 02:38:56,Simpang 1,lane_2,3,0,0,3,0,0,0,0,9.090909
2026-08-14 02:38:56,Simpang 1,lane_3,1,0,0,1,0,0,0,0,2.941176
2026-08-14 02:38:57,Simpang 2,lane_2,2,0,0,2,0,0,0,0,6.060606
2026-08-14 02:38:57,Simpang 2,lane_1,1,0,0,0,1,0,0,0,3.030303
2026-08-14 02:38:58,Simpang 4,lane_1,3,0,0,3,0,0,0,0,9.090909
2026-08-14 02:38:58,Simpang 4,lane_2,5,7,0,1,4,0,0,0,15.151515
2026-08-14 02:38:58,Simpang 4,lane_3,3,0,0,3,0,0,0,0,8.823529
2026-08-14 02:38:58,Simpang 1,lane_2,3,0,0,3,0,0,0,0,9.090909
2026-08-14 02:38:58,Simpang 1,lane_3,1,0,0,1,0,0,0,0,2.941176
2026-08-14 02:38:58,Simpang 2,lane_2,2,0,0,2,0,0,0,0,6.060606
2026-08-14 02:38:58,Simpang 2,lane_1,1,0,0,0,1,0,0,0,3.030303
2026-08-14 02:38:59,Simpang 4,lane_1,3,0,0,3,0,0,0,0,9.090909
2026-08-14 02:38:59,Simpang 4,lane_2,5,7,0,1,4,0,0,0,15.151515
2026-08-14 02:38:59,Simpang 4,lane_3,5,0,1,3,2,0,0,0,14.705882
2026-08-14 02:38:59,Simpang 2,lane_2,2,0,0,2,0,0,0,0,6.060606
2026-08-14 02:38:59,Simpang 2,lane_1,1,0,0,0,1,0,0,0,3.030303
2026-08-14 02:38:59,Simpang 1,lane_2,3,0,0,3,0,0,0,0,9.090909
2026-08-14 02:38:59,Simpang 1,lane_3,1,0,0,1,0,0,0,0,2.941176
2026-08-14 02:39:00,Simpang 2,lane_2,2,0,0,2,0,0,0,0,6.060606
2026-08-14 02:39:00,Simpang 2,lane_1,1,0,0,0,1,0,0,0,3.030303
2026-08-14 02:39:00,Simpang 4,lane_1,5,1,0,3,2,0,0,0,15.151515
2026-08-14 02:39:00,Simpang 4,lane_2,3,6,0,1,2,0,0,0,9.090909
2026-08-14 02:39:00,Simpang 4,lane_3,5,0,0,3,2,0,0,0,14.705882
2026-08-14 02:39:01,Simpang 1,lane_2,3,0,0,3,0,0,0,0,9.090909
2026-08-14 02:39:01,Simpang 1,lane_3,1,0,0,1,0,0,0,0,2.941176
2026-08-14 02:39:02,Simpang 4,lane_1,4,2,0,3,1,0,0,0,12.121212
2026-08-14 02:39:02,Simpang 4,lane_2,4,5,0,1,3,0,0,0,12.121212
2026-08-14 02:39:02,Simpang 4,lane_3,4,0,0,3,1,0,0,0,11.764706
2026-08-14 02:39:02,Simpang 2,lane_2,2,0,0,2,0,0,0,0,6.060606
2026-08-14 02:39:02,Simpang 2,lane_1,1,0,0,0,1,0,0,0,3.030303
2026-08-14 02:39:02,Simpang 1,lane_2,3,0,0,3,0,0,0,0,9.090909
2026-08-14 02:39:02,Simpang 1,lane_3,1,0,0,1,0,0,0,0,2.941176
2026-08-14 02:39:03,Simpang 1,lane_2,3,0,0,3,0,0,0,0,9.090909
2026-08-14 02:39:03,Simpang 1,lane_3,1,0,0,1,0,0,0,0,2.941176
2026-08-14 02:39:03,Simpang 4,lane_1,2,2,0,2,0,0,0,0,6.060606
2026-08-14 02:39:03,Simpang 4,lane_2,4,5,0,2,2,0,0,0,12.121212
2026-08-14 02:39:03,Simpang 4,lane_3,4,1,0,2,2,0,0,0,11.764706
2026-08-14 02:39:03,Simpang 2,lane_2,2,0,0,2,0,0,0,0,6.060606
2026-08-14 02:39:03,Simpang 2,lane_1,1,0,0,0,1,0,0,0,3.030303
2026-08-14 02:39:04,Simpang 1,lane_2,3,0,0,3,0,0,0,0,9.090909
2026-08-14 02:39:04,Simpang 1,lane_3,1,0,0,1,0,0,0,0,2.941176
2026-08-14 02:39:04,Simpang 4,lane_1,2,2,0,2,0,0,0,0,6.060606
2026-08-14 02:39:04,Simpang 4,lane_2,3,6,0,1,2,0,0,0,9.090909
2026-08-14 02:39:04,Simpang 4,lane_3,5,2,0,2,3,0,0,0,14.705882
2026-08-14 02:39:05,Simpang 2,lane_2,2,0,0,2,0,0,0,0,6.060606
2026-08-14 02:39:05,Simpang 2,lane_1,1,0,0,0,1,0,0,0,3.030303
2026-08-14 02:39:06,Simpang 1,lane_2,3,0,0,3,0,0,0,0,9.090909
2026-08-14 02:39:06,Simpang 1,lane_3,1,0,0,1,0,0,0,0,2.941176
2026-08-14 02:39:06,Simpang 4,lane_1,2,2,0,2,0,0,0,0,6.060606
2026-08-14 02:39:06,Simpang 4,lane_2,4,2,0,2,2,0,0,0,12.121212
2026-08-14 02:39:06,Simpang 4,lane_3,3,3,0,2,1,0,0,0,8.823529
2026-08-14 02:39:06,Simpang 2,lane_2,2,0,0,2,0,0,0,0,6.060606
2026-08-14 02:39:06,Simpang 2,lane_1,1,0,0,0,1,0,0,0,3.030303
2026-08-14 02:39:07,Simpang 1,lane_2,3,0,0,3,0,0,0,0,9.090909
2026-08-14 02:39:07,Simpang 1,lane_3,1,0,0,1,0,0,0,0,2.941176
2026-08-14 02:39:07,Simpang 4,lane_1,3,1,0,2,1,0,0,0,9.090909
2026-08-14 02:39:07,Simpang 4,lane_2,2,1,0,1,1,0,0,0,6.060606
2026-08-14 02:39:07,Simpang 4,lane_3,3,3,0,2,1,0,0,0,8.823529
2026-08-14 02:39:07,Simpang 2,lane_2,2,0,0,2,0,0,0,0,6.060606
2026-08-14 02:39:07,Simpang 2,lane_1,1,0,0,0,1,0,0,0,3.030303
2026-08-14 02:39:08,Simpang 1,lane_2,3,0,0,3,0,0,0,0,9.090909
2026-08-14 02:39:08,Simpang 1,lane_3,1,0,0,1,0,0,0,0,2.941176
2026-08-14 02:39:08,Simpang 4,lane_1,3,1,0,2,1,0,0,0,9.090909
2026-08-14 02:39:08,Simpang 4,lane_2,3,1,0,2,1,0,0,0,9.090909
2026-08-14 02:39:08,Simpang 4,lane_3,4,3,0,2,2,0,0,0,11.764706
2026-08-14 02:39:09,Simpang 2,lane_2,2,0,0,2,0,0,0,0,6.060606
2026-08-14 02:39:09,Simpang 2,lane_1,1,0,0,0,1,0,0,0,3.030303
2026-08-14 02:39:09,Simpang 1,lane_2,3,0,0,3,0,0,0,0,9.090909
2026-08-14 02:39:09,Simpang 1,lane_3,1,0,0,1,0,0,0,0,2.941176
2026-08-14 02:39:10,Simpang 4,lane_1,3,1,0,2,1,0,0,0,9.090909
2026-08-14 02:39:10,Simpang 4,lane_2,4,1,0,3,1,0,0,0,12.121212
2026-08-14 02:39:10,Simpang 4,lane_3,4,3,0,1,3,0,0,0,11.764706
2026-08-14 02:39:10,Simpang 2,lane_2,2,0,0,2,0,0,0,0,6.060606
2026-08-14 02:39:10,Simpang 2,lane_1,1,0,0,0,1,0,0,0,3.030303
2026-08-14 02:39:10,Simpang 1,lane_2,3,0,0,3,0,0,0,0,9.090909
2026-08-14 02:39:10,Simpang 1,lane_3,1,0,0,1,0,0,0,0,2.941176
2026-08-14 02:39:11,Simpang 4,lane_1,3,1,0,2,1,0,0,0,9.090909
2026-08-14 02:39:11,Simpang 4,lane_2,4,1,0,3,1,0,0,0,12.121212
2026-08-14 02:39:11,Simpang 4,lane_3,3,2,0,1,2,0,0,0,8.823529
2026-08-14 02:39:12,Simpang 1,lane_2,3,0,0,3,0,0,0,0,9.090909
2026-08-14 02:39:12,Simpang 1,lane_3,1,0,0,1,0,0,0,0,2.941176
2026-08-14 02:39:12,Simpang 2,lane_2,2,0,0,2,0,0,0,0,6.060606
2026-08-14 02:39:12,Simpang 2,lane_1,1,0,0,0,1,0,0,0,3.030303
2026-08-14 02:39:12,Simpang 4,lane_1,2,0,0,2,0,0,0,0,6.060606
2026-08-14 02:39:12,Simpang 4,lane_2,4,1,0,3,1,0,0,0,12.121212
2026-08-14 02:39:12,Simpang 4,lane_3,2,4,0,1,1,0,0,0,5.882353
2026-08-14 02:39:13,Simpang 1,lane_2,3,0,0,3,0,0,0,0,9.090909
2026-08-14 02:39:13,Simpang 1,lane_3,1,0,0,1,0,0,0,0,2.941176
2026-08-14 02:39:13,Simpang 2,lane_2,2,0,0,2,0,0,0,0,6.060606
2026-08-14 02:39:13,Simpang 2,lane_1,1,0,0,0,1,0,0,0,3.030303
2026-08-14 02:39:14,Simpang 4,lane_1,3,1,0,2,1,0,0,0,9.090909
2026-08-14 02:39:14,Simpang 4,lane_2,4,1,0,3,1,0,0,0,12.121212
2026-08-14 02:39:14,Simpang 4,lane_3,3,3,0,1,2,0,0,0,8.823529
2026-08-14 02:39:14,Simpang 1,lane_2,3,0,0,3,0,0,0,0,9.090909
2026-08-14 02:39:14,Simpang 1,lane_3,1,0,0,1,0,0,0,0,2.941176
2026-08-14 02:39:15,Simpang 2,lane_2,2,0,0,2,0,0,0,0,6.060606
2026-08-14 02:39:15,Simpang 2,lane_1,1,0,0,0,1,0,0,0,3.030303
2026-08-14 02:39:15,Simpang 4,lane_1,3,0,0,2,1,0,0,0,9.090909
2026-08-14 02:39:15,Simpang 4,lane_2,5,2,0,3,2,0,0,0,15.151515
2026-08-14 02:39:15,Simpang 4,lane_3,3,1,0,1,2,0,0,0,8.823529
2026-08-14 02:39:15,Simpang 1,lane_2,3,0,0,3,0,0,0,0,9.090909
2026-08-14 02:39:15,Simpang 1,lane_3,1,0,0,1,0,0,0,0,2.941176
2026-08-14 02:39:16,Simpang 2,lane_2,2,0,0,2,0,0,0,0,6.060606
2026-08-14 02:39:16,Simpang 2,lane_1,1,0,0,0,1,0,0,0,3.030303
2026-08-14 02:39:16,Simpang 4,lane_1,3,0,0,3,0,0,0,0,9.090909
2026-08-14 02:39:16,Simpang 4,lane_2,5,2,0,3,2,0,0,0,15.151515
2026-08-14 02:39:16,Simpang 4,lane_3,3,3,0,1,2,0,0,0,8.823529
2026-08-14 02:39:17,Simpang 1,lane_2,3,0,0,3,0,0,0,0,9.090909
2026-08-14 02:39:17,Simpang 1,lane_3,1,0,0,1,0,0,0,0,2.941176
2026-08-14 02:39:18,Simpang 4,lane_1,2,0,0,2,0,0,0,0,6.060606
2026-08-14 02:39:18,Simpang 4,lane_2,4,2,0,3,1,0,0,0,12.121212
2026-08-14 02:39:18,Simpang 4,lane_3,1,3,0,1,0,0,0,0,2.941176
2026-08-14 02:39:18,Simpang 2,lane_2,2,0,0,2,0,0,0,0,6.060606
2026-08-14 02:39:18,Simpang 2,lane_1,1,0,0,0,1,0,0,0,3.030303
2026-08-14 02:39:18,Simpang 1,lane_2,3,0,0,3,0,0,0,0,9.090909
2026-08-14 02:39:18,Simpang 1,lane_3,1,0,0,1,0,0,0,0,2.941176
2026-08-14 02:39:19,Simpang 4,lane_2,4,2,0,3,1,0,0,0,12.121212
2026-08-14 02:39:19,Simpang 4,lane_3,3,3,0,1,2,0,0,0,8.823529
2026-08-14 02:39:19,Simpang 4,lane_1,2,0,0,2,0,0,0,0,6.060606
2026-08-14 02:39:19,Simpang 2,lane_2,2,0,0,2,0,0,0,0,6.060606
2026-08-14 02:39:19,Simpang 2,lane_1,1,0,0,0,1,0,0,0,3.030303
2026-08-14 02:39:19,Simpang 1,lane_2,3,0,0,3,0,0,0,0,9.090909
2026-08-14 02:39:19,Simpang 1,lane_3,1,0,0,1,0,0,0,0,2.941176
2026-08-14 02:39:20,Simpang 4,lane_2,4,3,0,3,1,0,0,0,12.121212
2026-08-14 02:39:20,Simpang 4,lane_3,2,2,0,1,1,0,0,0,5.882353
2026-08-14 02:39:20,Simpang 4,lane_1,1,0,0,1,0,0,0,0,3.030303
2026-08-14 02:39:20,Simpang 2,lane_2,2,0,0,2,0,0,0,0,6.060606
2026-08-14 02:39:20,Simpang 2,lane_1,1,0,0,0,1,0,0,0,3.030303
2026-08-14 02:39:20,Simpang 1,lane_2,3,0,0,3,0,0,0,0,9.090909
2026-08-14 02:39:20,Simpang 1,lane_3,1,0,0,1,0,0,0,0,2.941176
2026-08-14 02:39:21,Simpang 2,lane_2,2,0,0,2,0,0,0,0,6.060606
2026-08-14 02:39:21,Simpang 2,lane_1,1,0,0,0,1,0,0,0,3.030303
2026-08-14 02:39:21,Simpang 4,lane_2,5,3,0,3,2,0,0,0,15.151515
2026-08-14 02:39:21,Simpang 4,lane_3,2,3,0,1,1,0,0,0,5.882353
2026-08-14 02:39:21,Simpang 4,lane_1,2,1,0,2,0,0,0,0,6.060606
2026-08-14 02:39:22,Simpang 1,lane_2,3,0,0,3,0,0,0,0,9.090909
2026-08-14 02:39:22,Simpang 1,lane_3,1,0,0,1,0,0,0,0,2.941176
2026-08-14 02:39:23,Simpang 2,lane_2,2,0,0,2,0,0,0,0,6.060606
2026-08-14 02:39:23,Simpang 2,lane_1,1,0,0,0,1,0,0,0,3.030303
2026-08-14 02:39:23,Simpang 4,lane_2,5,3,0,3,2,0,0,0,15.151515
2026-08-14 02:39:23,Simpang 4,lane_3,2,3,0,2,0,0,0,0,5.882353
2026-08-14 02:39:23,Simpang 4,lane_1,2,0,0,2,0,0,0,0,6.060606
2026-08-14 02:39:23,Simpang 1,lane_2,3,0,0,3,0,0,0,0,9.090909
2026-08-14 02:39:23,Simpang 1,lane_3,1,0,0,1,0,0,0,0,2.941176
2026-08-14 02:39:24,Simpang 4,lane_2,5,4,0,3,2,0,0,0,15.151515
2026-08-14 02:39:24,Simpang 4,lane_3,3,3,0,1,2,0,0,0,8.823529
2026-08-14 02:39:24,Simpang 4,lane_1,2,0,0,1,1,0,0,0,6.060606
2026-08-14 02:39:24,Simpang 1,lane_2,3,0,0,3,0,0,0,0,9.090909
2026-08-14 02:39:24,Simpang 1,lane_3,1,0,0,1,0,0,0,0,2.941176
2026-08-14 02:39:24,Simpang 2,lane_2,2,0,0,2,0,0,0,0,6.060606
2026-08-14 02:39:24,Simpang 2,lane_1,1,0,0,0,1,0,0,0,3.030303
2026-08-14 02:39:25,Simpang 1,lane_2,3,0,0,3,0,0,0,0,9.090909
2026-08-14 02:39:25,Simpang 1,lane_3,1,0,0,1,0,0,0,0,2.941176
2026-08-14 02:39:25,Simpang 4,lane_2,5,3,1,3,2,0,0,0,15.151515
2026-08-14 02:39:25,Simpang 4,lane_3,1,3,0,0,1,0,0,0,2.941176
2026-08-14 02:39:25,Simpang 4,lane_1,2,0,0,2,0,0,0,0,6.060606
2026-08-14 02:39:25,Simpang 2,lane_2,2,0,0,2,0,0,0,0,6.060606
2026-08-14 02:39:25,Simpang 2,lane_1,1,0,0,0,1,0,0,0,3.030303
2026-08-14 02:39:26,Simpang 4,lane_2,4,4,0,3,1,0,0,0,12.121212
2026-08-14 02:39:26,Simpang 4,lane_3,3,1,0,1,2,0,0,0,8.823529
2026-08-14 02:39:26,Simpang 4,lane_1,3,0,0,2,0,0,1,0,9.090909
2026-08-14 02:39:26,Simpang 1,lane_2,3,0,0,3,0,0,0,0,9.090909
2026-08-14 02:39:26,Simpang 1,lane_3,1,0,0,1,0,0,0,0,2.941176
2026-08-14 02:39:27,Simpang 2,lane_2,2,0,0,2,0,0,0,0,6.060606
2026-08-14 02:39:27,Simpang 2,lane_1,1,0,0,0,1,0,0,0,3.030303
2026-08-14 02:39:28,Simpang 1,lane_2,3,0,0,3,0,0,0,0,9.090909
2026-08-14 02:39:28,Simpang 1,lane_3,1,0,0,1,0,0,0,0,2.941176
2026-08-14 02:39:28,Simpang 4,lane_2,5,4,0,4,1,0,0,0,15.151515
2026-08-14 02:39:28,Simpang 4,lane_3,3,2,0,0,3,0,0,0,8.823529
2026-08-14 02:39:28,Simpang 4,lane_1,3,0,0,2,1,0,0,0,9.090909
2026-08-14 02:39:28,Simpang 2,lane_2,2,0,0,2,0,0,0,0,6.060606
2026-08-14 02:39:28,Simpang 2,lane_1,1,0,0,0,1,0,0,0,3.030303
2026-08-14 02:39:29,Simpang 1,lane_2,3,0,0,3,0,0,0,0,9.090909
2026-08-14 02:39:29,Simpang 1,lane_3,1,0,0,1,0,0,0,0,2.941176
2026-08-14 02:39:29,Simpang 4,lane_2,6,2,0,4,2,0,0,0,18.181818
2026-08-14 02:39:29,Simpang 4,lane_3,2,3,0,0,2,0,0,0,5.882353
2026-08-14 02:39:29,Simpang 4,lane_1,3,0,0,2,1,0,0,0,9.090909
2026-08-14 02:39:29,Simpang 2,lane_2,2,0,0,2,0,0,0,0,6.060606
2026-08-14 02:39:29,Simpang 2,lane_1,1,0,0,0,1,0,0,0,3.030303
2026-08-14 02:39:30,Simpang 1,lane_2,3,0,0,3,0,0,0,0,9.090909
2026-08-14 02:39:30,Simpang 1,lane_3,1,0,0,1,0,0,0,0,2.941176
2026-08-14 02:39:30,Simpang 4,lane_2,6,2,0,4,2,0,0,0,18.181818
2026-08-14 02:39:30,Simpang 4,lane_3,3,2,0,0,3,0,0,0,8.823529
2026-08-14 02:39:30,Simpang 4,lane_1,2,0,0,2,0,0,0,0,6.060606
2026-08-14 02:39:30,Simpang 2,lane_2,2,0,0,2,0,0,0,0,6.060606
2026-08-14 02:39:30,Simpang 2,lane_1,1,0,0,0,1,0,0,0,3.030303
2026-08-14 02:39:31,Simpang 1,lane_2,3,0,0,3,0,0,0,0,9.090909
2026-08-14 02:39:31,Simpang 1,lane_3,1,0,0,1,0,0,0,0,2.941176
2026-08-14 02:39:31,Simpang 4,lane_2,6,2,0,4,2,0,0,0,18.181818
2026-08-14 02:39:31,Simpang 4,lane_3,4,2,0,0,4,0,0,0,11.764706
2026-08-14 02:39:31,Simpang 4,lane_1,2,0,0,1,0,0,1,0,6.060606
2026-08-14 02:39:31,Simpang 2,lane_2,2,0,0,2,0,0,0,0,6.060606
2026-08-14 02:39:31,Simpang 2,lane_1,1,0,0,0,1,0,0,0,3.030303
2026-08-14 02:39:32,Simpang 1,lane_2,3,0,0,3,0,0,0,0,9.090909
2026-08-14 02:39:32,Simpang 1,lane_3,1,0,0,1,0,0,0,0,2.941176
2026-08-14 02:39:33,Simpang 4,lane_2,8,3,0,4,4,0,0,0,24.242424
2026-08-14 02:39:33,Simpang 4,lane_3,2,1,0,0,2,0,0,0,5.882353
2026-08-14 02:39:33,Simpang 4,lane_1,2,0,0,2,0,0,0,0,6.060606
2026-08-14 02:39:33,Simpang 2,lane_2,2,0,0,2,0,0,0,0,6.060606
2026-08-14 02:39:33,Simpang 2,lane_1,1,0,0,0,1,0,0,0,3.030303
2026-08-14 02:39:34,Simpang 1,lane_2,3,0,0,3,0,0,0,0,9.090909
2026-08-14 02:39:34,Simpang 1,lane_3,1,0,0,1,0,0,0,0,2.941176
2026-08-14 02:39:34,Simpang 2,lane_2,2,0,0,2,0,0,0,0,6.060606
2026-08-14 02:39:34,Simpang 2,lane_1,1,0,0,0,1,0,0,0,3.030303
2026-08-14 02:39:34,Simpang 4,lane_2,6,3,0,3,3,0,0,0,18.181818
2026-08-14 02:39:34,Simpang 4,lane_3,2,3,0,0,2,0,0,0,5.882353
2026-08-14 02:39:35,Simpang 1,lane_2,3,0,0,3,0,0,0,0,9.090909
2026-08-14 02:39:35,Simpang 1,lane_3,1,0,0,1,0,0,0,0,2.941176
2026-08-14 02:39:35,Simpang 4,lane_2,7,3,0,4,3,0,0,0,21.212121
2026-08-14 02:39:35,Simpang 4,lane_3,2,2,0,0,2,0,0,0,5.882353
2026-08-14 02:39:35,Simpang 4,lane_1,1,0,0,1,0,0,0,0,3.030303
2026-08-14 02:39:35,Simpang 2,lane_2,2,0,0,2,0,0,0,0,6.060606
2026-08-14 02:39:35,Simpang 2,lane_1,1,0,0,0,1,0,0,0,3.030303
2026-08-14 02:39:36,Simpang 1,lane_2,3,0,0,3,0,0,0,0,9.090909
2026-08-14 02:39:36,Simpang 1,lane_3,1,0,0,1,0,0,0,0,2.941176
2026-08-14 02:39:37,Simpang 4,lane_1,1,0,0,1,0,0,0,0,3.030303
2026-08-14 02:39:37,Simpang 4,lane_2,6,3,0,2,3,0,1,0,18.181818
2026-08-14 02:39:37,Simpang 4,lane_3,1,2,0,0,1,0,0,0,2.941176
2026-08-14 02:39:37,Simpang 2,lane_2,2,0,0,2,0,0,0,0,6.060606
2026-08-14 02:39:37,Simpang 2,lane_1,1,0,0,0,1,0,0,0,3.030303
2026-08-14 02:39:37,Simpang 1,lane_2,3,0,0,3,0,0,0,0,9.090909
2026-08-14 02:39:37,Simpang 1,lane_3,1,0,0,1,0,0,0,0,2.941176
2026-08-14 02:39:38,Simpang 4,lane_1,1,1,0,1,0,0,0,0,3.030303
2026-08-14 02:39:38,Simpang 4,lane_2,5,2,0,3,2,0,0,0,15.151515
2026-08-14 02:39:38,Simpang 4,lane_3,3,3,0,0,3,0,0,0,8.823529
2026-08-14 02:39:38,Simpang 2,lane_2,2,0,0,2,0,0,0,0,6.060606
2026-08-14 02:39:38,Simpang 2,lane_1,1,0,0,0,1,0,0,0,3.030303
2026-08-14 02:39:39,Simpang 1,lane_2,3,0,0,3,0,0,0,0,9.090909
2026-08-14 02:39:39,Simpang 1,lane_3,1,0,0,1,0,0,0,0,2.941176
2026-08-14 02:39:39,Simpang 2,lane_2,2,0,0,2,0,0,0,0,6.060606
2026-08-14 02:39:39,Simpang 2,lane_1,1,0,0,0,1,0,0,0,3.030303
2026-08-14 02:39:39,Simpang 4,lane_1,1,1,0,1,0,0,0,0,3.030303
2026-08-14 02:39:39,Simpang 4,lane_2,6,2,0,3,2,0,1,0,18.181818
2026-08-14 02:39:39,Simpang 4,lane_3,3,2,0,0,3,0,0,0,8.823529
2026-08-14 02:39:40,Simpang 1,lane_2,3,0,0,3,0,0,0,0,9.090909
2026-08-14 02:39:40,Simpang 1,lane_3,1,0,0,1,0,0,0,0,2.941176
2026-08-14 02:39:40,Simpang 2,lane_2,2,0,0,2,0,0,0,0,6.060606
2026-08-14 02:39:40,Simpang 2,lane_1,1,0,0,0,1,0,0,0,3.030303
2026-08-14 02:39:40,Simpang 4,lane_1,4,0,0,3,0,0,1,0,12.121212
2026-08-14 02:39:40,Simpang 4,lane_2,4,5,0,2,2,0,0,0,12.121212
2026-08-14 02:39:40,Simpang 4,lane_3,2,2,0,0,2,0,0,0,5.882353
2026-08-14 02:39:41,Simpang 1,lane_2,3,0,0,3,0,0,0,0,9.090909
2026-08-14 02:39:41,Simpang 1,lane_3,1,0,0,1,0,0,0,0,2.941176
2026-08-14 02:39:41,Simpang 2,lane_2,2,0,0,2,0,0,0,0,6.060606
2026-08-14 02:39:41,Simpang 2,lane_1,1,0,0,0,1,0,0,0,3.030303
2026-08-14 02:39:42,Simpang 4,lane_1,3,0,0,1,0,0,2,0,9.090909
2026-08-14 02:39:42,Simpang 4,lane_2,5,4,0,2,3,0,0,0,15.151515
2026-08-14 02:39:42,Simpang 4,lane_3,2,2,0,0,2,0,0,0,5.882353
2026-08-14 02:39:42,Simpang 1,lane_2,3,0,0,3,0,0,0,0,9.090909
2026-08-14 02:39:42,Simpang 1,lane_3,1,0,0,1,0,0,0,0,2.941176
2026-08-14 02:39:42,Simpang 2,lane_2,2,0,0,2,0,0,0,0,6.060606
2026-08-14 02:39:42,Simpang 2,lane_1,1,0,0,0,1,0,0,0,3.030303
2026-08-14 02:39:43,Simpang 4,lane_1,4,1,0,3,0,0,1,0,12.121212
2026-08-14 02:39:43,Simpang 4,lane_2,5,3,0,2,3,0,0,0,15.151515
2026-08-14 02:39:43,Simpang 4,lane_3,0,2,0,0,0,0,0,0,0.0
2026-08-14 02:39:43,Simpang 1,lane_2,3,0,0,3,0,0,0,0,9.090909
2026-08-14 02:39:43,Simpang 1,lane_3,1,0,0,1,0,0,0,0,2.941176
2026-08-14 02:39:44,Simpang 2,lane_2,2,0,0,2,0,0,0,0,6.060606
2026-08-14 02:39:44,Simpang 2,lane_1,1,0,0,0,1,0,0,0,3.030303
2026-08-14 02:39:44,Simpang 4,lane_1,6,1,0,2,2,0,2,0,18.181818
2026-08-14 02:39:44,Simpang 4,lane_2,4,4,0,2,2,0,0,0,12.121212
2026-08-14 02:39:44,Simpang 4,lane_3,1,3,0,1,0,0,0,0,2.941176
2026-08-14 02:39:45,Simpang 2,lane_2,2,0,0,2,0,0,0,0,6.060606
2026-08-14 02:39:45,Simpang 2,lane_1,1,0,0,0,1,0,0,0,3.030303
2026-08-14 02:39:45,Simpang 1,lane_2,3,0,0,3,0,0,0,0,9.090909
2026-08-14 02:39:45,Simpang 1,lane_3,1,0,0,1,0,0,0,0,2.941176
2026-08-14 02:39:46,Simpang 2,lane_2,2,0,0,2,0,0,0,0,6.060606
2026-08-14 02:39:46,Simpang 2,lane_1,1,0,0,0,1,0,0,0,3.030303
2026-08-14 02:39:46,Simpang 4,lane_1,3,2,0,1,1,0,1,0,9.090909
2026-08-14 02:39:46,Simpang 4,lane_2,4,4,0,1,3,0,0,0,12.121212
2026-08-14 02:39:46,Simpang 4,lane_3,1,2,0,1,0,0,0,0,2.941176
2026-08-14 02:39:46,Simpang 1,lane_2,3,0,0,3,0,0,0,0,9.090909
2026-08-14 02:39:46,Simpang 1,lane_3,1,0,0,1,0,0,0,0,2.941176
2026-08-14 02:39:47,Simpang 4,lane_1,3,3,0,2,0,0,1,0,9.090909
2026-08-14 02:39:47,Simpang 4,lane_2,4,4,0,2,2,0,0,0,12.121212
2026-08-14 02:39:47,Simpang 4,lane_3,2,2,0,1,1,0,0,0,5.882353
2026-08-14 02:39:47,Simpang 2,lane_2,2,0,0,2,0,0,0,0,6.060606
2026-08-14 02:39:47,Simpang 2,lane_1,1,0,0,0,1,0,0,0,3.030303
2026-08-14 02:39:47,Simpang 1,lane_2,3,0,0,3,0,0,0,0,9.090909
2026-08-14 02:39:47,Simpang 1,lane_3,1,0,0,1,0,0,0,0,2.941176
2026-08-14 02:39:48,Simpang 4,lane_1,2,2,0,1,0,0,1,0,6.060606
2026-08-14 02:39:48,Simpang 4,lane_2,3,4,0,1,2,0,0,0,9.090909
2026-08-14 02:39:48,Simpang 4,lane_3,2,2,0,1,1,0,0,0,5.882353
2026-08-14 02:39:48,Simpang 1,lane_2,3,0,0,3,0,0,0,0,9.090909
2026-08-14 02:39:48,Simpang 1,lane_3,1,0,0,1,0,0,0,0,2.941176
2026-08-14 02:39:48,Simpang 2,lane_2,2,0,0,2,0,0,0,0,6.060606
2026-08-14 02:39:48,Simpang 2,lane_1,1,0,0,0,1,0,0,0,3.030303
2026-08-14 02:39:49,Simpang 4,lane_1,3,1,0,1,1,0,1,0,9.090909
2026-08-14 02:39:49,Simpang 4,lane_2,5,3,0,2,3,0,0,0,15.151515
2026-08-14 02:39:49,Simpang 4,lane_3,2,4,0,1,1,0,0,0,5.882353
2026-08-14 02:39:50,Simpang 2,lane_2,2,0,0,2,0,0,0,0,6.060606
2026-08-14 02:39:50,Simpang 2,lane_1,1,0,0,0,1,0,0,0,3.030303
2026-08-14 02:39:50,Simpang 1,lane_2,3,0,0,3,0,0,0,0,9.090909
2026-08-14 02:39:50,Simpang 1,lane_3,1,0,0,1,0,0,0,0,2.941176
2026-08-14 02:39:50,Simpang 4,lane_1,3,2,0,0,1,0,2,0,9.090909
2026-08-14 02:39:50,Simpang 4,lane_2,3,3,0,1,2,0,0,0,9.090909
2026-08-14 02:39:50,Simpang 4,lane_3,3,1,0,1,2,0,0,0,8.823529
2026-08-14 02:39:51,Simpang 2,lane_2,2,0,0,2,0,0,0,0,6.060606
2026-08-14 02:39:51,Simpang 2,lane_1,1,0,0,0,1,0,0,0,3.030303
2026-08-14 02:39:51,Simpang 1,lane_2,3,0,0,3,0,0,0,0,9.090909
2026-08-14 02:39:51,Simpang 1,lane_3,1,0,0,1,0,0,0,0,2.941176
2026-08-14 02:39:51,Simpang 4,lane_1,2,0,0,1,0,0,1,0,6.060606
2026-08-14 02:39:51,Simpang 4,lane_2,4,2,0,2,2,0,0,0,12.121212
2026-08-14 02:39:51,Simpang 4,lane_3,2,1,0,1,1,0,0,0,5.882353
2026-08-14 02:39:52,Simpang 2,lane_2,2,0,0,2,0,0,0,0,6.060606
2026-08-14 02:39:52,Simpang 2,lane_1,1,0,0,0,1,0,0,0,3.030303
2026-08-14 02:39:52,Simpang 1,lane_2,3,0,0,3,0,0,0,0,9.090909
2026-08-14 02:39:52,Simpang 1,lane_3,1,0,0,1,0,0,0,0,2.941176
2026-08-14 02:39:53,Simpang 4,lane_1,2,0,0,1,0,0,1,0,6.060606
2026-08-14 02:39:53,Simpang 4,lane_2,4,3,0,2,2,0,0,0,12.121212
2026-08-14 02:39:53,Simpang 4,lane_3,4,1,0,2,2,0,0,0,11.764706
2026-08-14 02:39:53,Simpang 2,lane_2,2,0,0,2,0,0,0,0,6.060606
2026-08-14 02:39:53,Simpang 2,lane_1,1,0,0,0,1,0,0,0,3.030303
2026-08-14 02:39:54,Simpang 1,lane_2,3,0,0,3,0,0,0,0,9.090909
2026-08-14 02:39:54,Simpang 1,lane_3,1,0,0,1,0,0,0,0,2.941176
2026-08-14 02:39:54,Simpang 4,lane_1,1,0,0,1,0,0,0,0,3.030303
2026-08-14 02:39:54,Simpang 4,lane_2,4,3,0,2,2,0,0,0,12.121212
2026-08-14 02:39:54,Simpang 4,lane_3,4,1,0,3,1,0,0,0,11.764706
2026-08-14 02:39:54,Simpang 2,lane_2,2,0,0,2,0,0,0,0,6.060606
2026-08-14 02:39:54,Simpang 2,lane_1,1,0,0,0,1,0,0,0,3.030303
2026-08-14 02:39:55,Simpang 1,lane_2,3,0,0,3,0,0,0,0,9.090909
2026-08-14 02:39:55,Simpang 1,lane_3,1,0,0,1,0,0,0,0,2.941176
2026-08-14 02:39:56,Simpang 2,lane_2,2,0,0,2,0,0,0,0,6.060606
2026-08-14 02:39:56,Simpang 2,lane_1,1,0,0,0,1,0,0,0,3.030303
2026-08-14 02:39:56,Simpang 4,lane_1,1,0,0,1,0,0,0,0,3.030303
2026-08-14 02:39:56,Simpang 4,lane_2,5,2,0,2,3,0,0,0,15.151515
2026-08-14 02:39:56,Simpang 4,lane_3,3,2,0,2,1,0,0,0,8.823529
2026-08-14 02:39:56,Simpang 1,lane_2,3,0,0,3,0,0,0,0,9.090909
2026-08-14 02:39:56,Simpang 1,lane_3,1,0,0,1,0,0,0,0,2.941176
2026-08-14 02:39:57,Simpang 2,lane_2,2,0,0,2,0,0,0,0,6.060606
2026-08-14 02:39:57,Simpang 2,lane_1,1,0,0,0,1,0,0,0,3.030303
2026-08-14 02:39:57,Simpang 4,lane_1,2,0,0,1,0,0,1,0,6.060606
2026-08-14 02:39:57,Simpang 4,lane_2,4,1,0,2,2,0,0,0,12.121212
2026-08-14 02:39:57,Simpang 4,lane_3,4,1,0,1,3,0,0,0,11.764706
2026-08-14 02:39:57,Simpang 1,lane_2,3,0,0,3,0,0,0,0,9.090909
2026-08-14 02:39:57,Simpang 1,lane_3,1,0,0,1,0,0,0,0,2.941176
2026-08-14 02:39:58,Simpang 2,lane_2,2,0,0,2,0,0,0,0,6.060606
2026-08-14 02:39:58,Simpang 2,lane_1,1,0,0,0,1,0,0,0,3.030303
2026-08-14 02:39:58,Simpang 4,lane_1,2,0,0,1,0,0,1,0,6.060606
2026-08-14 02:39:58,Simpang 4,lane_2,4,3,0,2,2,0,0,0,12.121212
2026-08-14 02:39:58,Simpang 4,lane_3,4,2,0,1,3,0,0,0,11.764706
2026-08-14 02:39:59,Simpang 1,lane_2,3,0,0,3,0,0,0,0,9.090909
2026-08-14 02:39:59,Simpang 1,lane_3,1,0,0,1,0,0,0,0,2.941176
2026-08-14 02:39:59,Simpang 2,lane_2,2,0,0,2,0,0,0,0,6.060606
2026-08-14 02:39:59,Simpang 2,lane_1,1,0,0,0,1,0,0,0,3.030303
2026-08-14 02:40:00,Simpang 4,lane_1,2,0,0,1,0,0,1,0,6.060606
2026-08-14 02:40:00,Simpang 4,lane_2,5,1,0,2,3,0,0,0,15.151515
2026-08-14 02:40:00,Simpang 4,lane_3,2,1,0,1,1,0,0,0,5.882353
2026-08-14 02:40:00,Simpang 1,lane_2,3,0,0,3,0,0,0,0,9.090909
2026-08-14 02:40:00,Simpang 1,lane_3,1,0,0,1,0,0,0,0,2.941176
2026-08-14 02:40:00,Simpang 2,lane_2,2,0,0,2,0,0,0,0,6.060606
2026-08-14 02:40:00,Simpang 2,lane_1,1,0,0,0,1,0,0,0,3.030303
2026-08-14 02:40:01,Simpang 4,lane_1,3,0,0,2,0,0,1,0,9.090909
2026-08-14 02:40:01,Simpang 4,lane_3,3,1,0,1,2,0,0,0,8.823529
2026-08-14 02:40:01,Simpang 4,lane_2,4,1,0,1,3,0,0,0,12.121212
2026-08-14 02:40:01,Simpang 2,lane_2,2,0,0,2,0,0,0,0,6.060606
2026-08-14 02:40:01,Simpang 2,lane_1,1,0,0,0,1,0,0,0,3.030303
2026-08-14 02:40:01,Simpang 1,lane_2,3,0,0,3,0,0,0,0,9.090909
2026-08-14 02:40:01,Simpang 1,lane_3,1,0,0,1,0,0,0,0,2.941176
2026-08-14 02:40:02,Simpang 4,lane_1,2,0,0,2,0,0,0,0,6.060606
2026-08-14 02:40:02,Simpang 4,lane_3,3,3,0,1,2,0,0,0,8.823529
2026-08-14 02:40:02,Simpang 4,lane_2,4,2,0,1,3,0,0,0,12.121212
2026-08-14 02:40:03,Simpang 2,lane_2,2,0,0,2,0,0,0,0,6.060606
2026-08-14 02:40:03,Simpang 2,lane_1,1,0,0,0,1,0,0,0,3.030303
2026-08-14 02:40:03,Simpang 1,lane_2,3,0,0,3,0,0,0,0,9.090909
2026-08-14 02:40:03,Simpang 1,lane_3,1,0,0,1,0,0,0,0,2.941176
2026-08-14 02:40:04,Simpang 4,lane_1,3,0,0,3,0,0,0,0,9.090909
2026-08-14 02:40:04,Simpang 4,lane_3,3,2,0,1,2,0,0,0,8.823529
2026-08-14 02:40:04,Simpang 4,lane_2,4,3,0,1,3,0,0,0,12.121212
2026-08-14 02:40:04,Simpang 2,lane_2,2,0,0,2,0,0,0,0,6.060606
2026-08-14 02:40:04,Simpang 2,lane_1,1,0,0,0,1,0,0,0,3.030303
2026-08-14 02:40:04,Simpang 1,lane_2,3,0,0,3,0,0,0,0,9.090909
2026-08-14 02:40:04,Simpang 1,lane_3,1,0,0,1,0,0,0,0,2.941176
2026-08-14 02:40:05,Simpang 2,lane_2,2,0,0,2,0,0,0,0,6.060606
2026-08-14 02:40:05,Simpang 2,lane_1,1,0,0,0,1,0,0,0,3.030303
2026-08-14 02:40:05,Simpang 4,lane_1,4,0,0,2,2,0,0,0,12.121212
2026-08-14 02:40:05,Simpang 4,lane_3,4,2,0,2,2,0,0,0,11.764706
2026-08-14 02:40:05,Simpang 4,lane_2,4,2,0,1,3,0,0,0,12.121212
2026-08-14 02:40:05,Simpang 1,lane_2,3,0,0,3,0,0,0,0,9.090909
2026-08-14 02:40:05,Simpang 1,lane_3,1,0,0,1,0,0,0,0,2.941176
2026-08-14 02:40:06,Simpang 2,lane_2,2,0,0,2,0,0,0,0,6.060606
2026-08-14 02:40:06,Simpang 2,lane_1,1,0,0,0,1,0,0,0,3.030303
2026-08-14 02:40:06,Simpang 1,lane_2,3,0,0,3,0,0,0,0,9.090909
2026-08-14 02:40:06,Simpang 1,lane_3,1,0,0,1,0,0,0,0,2.941176
2026-08-14 02:40:06,Simpang 4,lane_1,4,0,0,3,1,0,0,0,12.121212
2026-08-14 02:40:06,Simpang 4,lane_3,2,1,0,1,1,0,0,0,5.882353
2026-08-14 02:40:06,Simpang 4,lane_2,4,3,0,1,3,0,0,0,12.121212
2026-08-14 02:40:07,Simpang 2,lane_2,2,0,0,2,0,0,0,0,6.060606
2026-08-14 02:40:07,Simpang 2,lane_1,1,0,0,0,1,0,0,0,3.030303
2026-08-14 02:40:08,Simpang 1,lane_2,3,0,0,3,0,0,0,0,9.090909
2026-08-14 02:40:08,Simpang 1,lane_3,1,0,0,1,0,0,0,0,2.941176
2026-08-14 02:40:08,Simpang 4,lane_1,5,0,0,3,2,0,0,0,15.151515
2026-08-14 02:40:08,Simpang 4,lane_3,4,0,0,1,3,0,0,0,11.764706
2026-08-14 02:40:08,Simpang 4,lane_2,5,7,0,1,4,0,0,0,15.151515
2026-08-14 02:40:08,Simpang 2,lane_2,2,0,0,2,0,0,0,0,6.060606
2026-08-14 02:40:08,Simpang 2,lane_1,1,0,0,0,1,0,0,0,3.030303
2026-08-14 02:40:09,Simpang 1,lane_2,3,0,0,3,0,0,0,0,9.090909
2026-08-14 02:40:09,Simpang 1,lane_3,1,0,0,1,0,0,0,0,2.941176
2026-08-14 02:40:09,Simpang 4,lane_1,3,0,0,3,0,0,0,0,9.090909
2026-08-14 02:40:09,Simpang 4,lane_3,1,0,0,1,0,0,0,0,2.941176
2026-08-14 02:40:09,Simpang 4,lane_2,4,3,0,1,3,0,0,0,12.121212
2026-08-14 02:40:09,Simpang 2,lane_2,2,0,0,2,0,0,0,0,6.060606
2026-08-14 02:40:09,Simpang 2,lane_1,1,0,0,0,1,0,0,0,3.030303
2026-08-14 02:40:10,Simpang 1,lane_2,3,0,0,3,0,0,0,0,9.090909
2026-08-14 02:40:10,Simpang 1,lane_3,1,0,0,1,0,0,0,0,2.941176
2026-08-14 02:40:10,Simpang 2,lane_2,2,0,0,2,0,0,0,0,6.060606
2026-08-14 02:40:10,Simpang 2,lane_1,1,0,0,0,1,0,0,0,3.030303
2026-08-14 02:40:10,Simpang 4,lane_1,5,1,0,3,2,0,0,0,15.151515
2026-08-14 02:40:10,Simpang 4,lane_3,2,0,0,1,1,0,0,0,5.882353
2026-08-14 02:40:10,Simpang 4,lane_2,5,5,0,1,4,0,0,0,15.151515
2026-08-14 02:40:11,Simpang 1,lane_2,3,0,0,3,0,0,0,0,9.090909
2026-08-14 02:40:11,Simpang 1,lane_3,1,0,0,1,0,0,0,0,2.941176
2026-08-14 02:40:12,Simpang 4,lane_1,6,1,0,4,2,0,0,0,18.181818
2026-08-14 02:40:12,Simpang 4,lane_3,2,0,0,1,1,0,0,0,5.882353
2026-08-14 02:40:12,Simpang 4,lane_2,4,3,0,0,4,0,0,0,12.121212
2026-08-14 02:40:12,Simpang 2,lane_2,2,0,0,2,0,0,0,0,6.060606
2026-08-14 02:40:12,Simpang 2,lane_1,1,0,0,0,1,0,0,0,3.030303
2026-08-14 02:40:13,Simpang 4,lane_1,5,1,0,3,2,0,0,0,15.151515
2026-08-14 02:40:13,Simpang 4,lane_2,5,3,0,1,4,0,0,0,15.151515
2026-08-14 02:40:13,Simpang 4,lane_3,1,0,0,0,1,0,0,0,2.941176
2026-08-14 02:40:13,Simpang 2,lane_2,2,0,0,2,0,0,0,0,6.060606
2026-08-14 02:40:13,Simpang 2,lane_1,1,0,0,0,1,0,0,0,3.030303
2026-08-14 02:40:13,Simpang 1,lane_2,3,0,0,3,0,0,0,0,9.090909
2026-08-14 02:40:13,Simpang 1,lane_3,1,0,0,1,0,0,0,0,2.941176
2026-08-14 02:40:14,Simpang 2,lane_2,2,0,0,2,0,0,0,0,6.060606
2026-08-14 02:40:14,Simpang 2,lane_1,1,0,0,0,1,0,0,0,3.030303
2026-08-14 02:40:14,Simpang 1,lane_2,3,0,0,3,0,0,0,0,9.090909
2026-08-14 02:40:14,Simpang 1,lane_3,1,0,0,1,0,0,0,0,2.941176
2026-08-14 02:40:14,Simpang 4,lane_1,7,3,0,3,4,0,0,0,21.212121
2026-08-14 02:40:14,Simpang 4,lane_2,4,4,0,1,3,0,0,0,12.121212
2026-08-14 02:40:14,Simpang 4,lane_3,2,2,0,0,2,0,0,0,5.882353
2026-08-14 02:40:15,Simpang 2,lane_2,2,0,0,2,0,0,0,0,6.060606
2026-08-14 02:40:15,Simpang 2,lane_1,1,0,0,0,1,0,0,0,3.030303
2026-08-14 02:40:15,Simpang 1,lane_2,3,0,0,3,0,0,0,0,9.090909
2026-08-14 02:40:15,Simpang 1,lane_3,1,0,0,1,0,0,0,0,2.941176
2026-08-14 02:40:15,Simpang 4,lane_1,6,3,0,4,2,0,0,0,18.181818
2026-08-14 02:40:15,Simpang 4,lane_2,3,2,0,1,2,0,0,0,9.090909
2026-08-14 02:40:15,Simpang 4,lane_3,1,3,0,0,1,0,0,0,2.941176
2026-08-14 02:40:16,Simpang 2,lane_2,2,0,0,2,0,0,0,0,6.060606
2026-08-14 02:40:16,Simpang 2,lane_1,1,0,0,0,1,0,0,0,3.030303
2026-08-14 02:40:16,Simpang 1,lane_2,3,0,0,3,0,0,0,0,9.090909
2026-08-14 02:40:16,Simpang 1,lane_3,1,0,0,1,0,0,0,0,2.941176
2026-08-14 02:40:17,Simpang 4,lane_2,4,4,0,1,3,0,0,0,12.121212
2026-08-14 02:40:17,Simpang 4,lane_1,3,1,0,1,2,0,0,0,9.090909
2026-08-14 02:40:17,Simpang 4,lane_3,3,2,0,0,3,0,0,0,8.823529
2026-08-14 02:40:17,Simpang 2,lane_2,2,0,0,2,0,0,0,0,6.060606
2026-08-14 02:40:17,Simpang 2,lane_1,1,0,0,0,1,0,0,0,3.030303
2026-08-14 02:40:18,Simpang 1,lane_2,3,0,0,3,0,0,0,0,9.090909
2026-08-14 02:40:18,Simpang 1,lane_3,1,0,0,1,0,0,0,0,2.941176
2026-08-14 02:40:18,Simpang 4,lane_2,6,4,0,1,5,0,0,0,18.181818
2026-08-14 02:40:18,Simpang 4,lane_1,4,1,0,1,3,0,0,0,12.121212
2026-08-14 02:40:18,Simpang 4,lane_3,4,1,0,2,2,0,0,0,11.764706
2026-08-14 02:40:18,Simpang 2,lane_2,2,0,0,2,0,0,0,0,6.060606
2026-08-14 02:40:18,Simpang 2,lane_1,1,0,0,0,1,0,0,0,3.030303
2026-08-14 02:40:19,Simpang 1,lane_2,3,0,0,3,0,0,0,0,9.090909
2026-08-14 02:40:19,Simpang 1,lane_3,1,0,0,1,0,0,0,0,2.941176
2026-08-14 02:40:19,Simpang 2,lane_2,2,0,0,2,0,0,0,0,6.060606
2026-08-14 02:40:19,Simpang 2,lane_1,1,0,0,0,1,0,0,0,3.030303
2026-08-14 02:40:19,Simpang 4,lane_2,7,6,0,1,6,0,0,0,21.212121
2026-08-14 02:40:19,Simpang 4,lane_1,5,2,0,3,2,0,0,0,15.151515
2026-08-14 02:40:19,Simpang 4,lane_3,3,2,0,1,2,0,0,0,8.823529
2026-08-14 02:40:20,Simpang 1,lane_2,3,0,0,3,0,0,0,0,9.090909
2026-08-14 02:40:20,Simpang 1,lane_3,1,0,0,1,0,0,0,0,2.941176
2026-08-14 02:40:20,Simpang 2,lane_2,2,0,0,2,0,0,0,0,6.060606
2026-08-14 02:40:20,Simpang 2,lane_1,1,0,0,0,1,0,0,0,3.030303
2026-08-14 02:40:21,Simpang 4,lane_2,7,3,0,1,6,0,0,0,21.212121
2026-08-14 02:40:21,Simpang 4,lane_1,1,3,0,1,0,0,0,0,3.030303
2026-08-14 02:40:21,Simpang 4,lane_3,3,2,0,0,3,0,0,0,8.823529
2026-08-14 02:40:21,Simpang 1,lane_2,3,0,0,3,0,0,0,0,9.090909
2026-08-14 02:40:21,Simpang 1,lane_3,1,0,0,1,0,0,0,0,2.941176
2026-08-14 02:40:21,Simpang 2,lane_2,2,0,0,2,0,0,0,0,6.060606
2026-08-14 02:40:21,Simpang 2,lane_1,1,0,0,0,1,0,0,0,3.030303
2026-08-14 02:40:22,Simpang 4,lane_2,4,5,0,1,3,0,0,0,12.121212
2026-08-14 02:40:22,Simpang 4,lane_1,2,0,0,1,1,0,0,0,6.060606
2026-08-14 02:40:22,Simpang 4,lane_3,2,2,0,0,2,0,0,0,5.882353
2026-08-14 02:40:23,Simpang 2,lane_2,2,0,0,2,0,0,0,0,6.060606
2026-08-14 02:40:23,Simpang 2,lane_1,1,0,0,0,1,0,0,0,3.030303
2026-08-14 02:40:23,Simpang 1,lane_2,3,0,0,3,0,0,0,0,9.090909
2026-08-14 02:40:23,Simpang 1,lane_3,1,0,0,1,0,0,0,0,2.941176
2026-08-14 02:40:23,Simpang 4,lane_2,3,4,0,1,2,0,0,0,9.090909
2026-08-14 02:40:23,Simpang 4,lane_1,3,1,0,1,2,0,0,0,9.090909
2026-08-14 02:40:23,Simpang 4,lane_3,4,2,0,1,3,0,0,0,11.764706
2026-08-14 02:40:24,Simpang 2,lane_2,2,0,0,2,0,0,0,0,6.060606
2026-08-14 02:40:24,Simpang 2,lane_1,1,0,0,0,1,0,0,0,3.030303
2026-08-14 02:40:24,Simpang 1,lane_2,3,0,0,3,0,0,0,0,9.090909
2026-08-14 02:40:24,Simpang 1,lane_3,1,0,0,1,0,0,0,0,2.941176
2026-08-14 02:40:25,Simpang 4,lane_2,4,4,0,1,3,0,0,0,12.121212
2026-08-14 02:40:25,Simpang 4,lane_1,3,1,0,1,2,0,0,0,9.090909
2026-08-14 02:40:25,Simpang 4,lane_3,3,2,0,1,2,0,0,0,8.823529
2026-08-14 02:40:25,Simpang 2,lane_2,2,0,0,2,0,0,0,0,6.060606
2026-08-14 02:40:25,Simpang 2,lane_1,1,0,0,0,1,0,0,0,3.030303
2026-08-14 02:40:25,Simpang 1,lane_2,3,0,0,3,0,0,0,0,9.090909
2026-08-14 02:40:25,Simpang 1,lane_3,1,0,0,1,0,0,0,0,2.941176
2026-08-14 02:40:26,Simpang 2,lane_2,2,0,0,2,0,0,0,0,6.060606
2026-08-14 02:40:26,Simpang 2,lane_1,1,0,0,0,1,0,0,0,3.030303
2026-08-14 02:40:26,Simpang 4,lane_2,3,4,0,1,2,0,0,0,9.090909
2026-08-14 02:40:26,Simpang 4,lane_1,3,3,0,1,2,0,0,0,9.090909
2026-08-14 02:40:26,Simpang 4,lane_3,4,3,0,2,2,0,0,0,11.764706
2026-08-14 02:40:27,Simpang 1,lane_2,3,0,0,3,0,0,0,0,9.090909
2026-08-14 02:40:27,Simpang 1,lane_3,1,0,0,1,0,0,0,0,2.941176
2026-08-14 02:40:27,Simpang 2,lane_2,2,0,0,2,0,0,0,0,6.060606
2026-08-14 02:40:27,Simpang 2,lane_1,1,0,0,0,1,0,0,0,3.030303
2026-08-14 02:40:28,Simpang 4,lane_2,2,1,0,1,1,0,0,0,6.060606
2026-08-14 02:40:28,Simpang 4,lane_1,5,2,0,2,3,0,0,0,15.151515
2026-08-14 02:40:28,Simpang 4,lane_3,5,1,0,2,3,0,0,0,14.705882
2026-08-14 02:40:28,Simpang 1,lane_2,3,0,0,3,0,0,0,0,9.090909
2026-08-14 02:40:28,Simpang 1,lane_3,1,0,0,1,0,0,0,0,2.941176
2026-08-14 02:40:28,Simpang 2,lane_2,2,0,0,2,0,0,0,0,6.060606
2026-08-14 02:40:28,Simpang 2,lane_1,1,0,0,0,1,0,0,0,3.030303
2026-08-14 02:40:29,Simpang 4,lane_1,4,2,0,1,3,0,0,0,12.121212
2026-08-14 02:40:29,Simpang 4,lane_3,5,2,0,2,3,0,0,0,14.705882
2026-08-14 02:40:29,Simpang 4,lane_2,2,3,0,0,2,0,0,0,6.060606
2026-08-14 02:40:29,Simpang 1,lane_2,3,0,0,3,0,0,0,0,9.090909
2026-08-14 02:40:29,Simpang 1,lane_3,1,0,0,1,0,0,0,0,2.941176
2026-08-14 02:40:30,Simpang 2,lane_2,2,0,0,2,0,0,0,0,6.060606
2026-08-14 02:40:30,Simpang 2,lane_1,1,0,0,0,1,0,0,0,3.030303
2026-08-14 02:40:30,Simpang 4,lane_1,2,2,0,1,1,0,0,0,6.060606
2026-08-14 02:40:30,Simpang 4,lane_2,5,3,0,1,4,0,0,0,15.151515
2026-08-14 02:40:30,Simpang 4,lane_3,2,1,0,2,0,0,0,0,5.882353
2026-08-14 02:40:30,Simpang 1,lane_2,3,0,0,3,0,0,0,0,9.090909
2026-08-14 02:40:30,Simpang 1,lane_3,1,0,0,1,0,0,0,0,2.941176
2026-08-14 02:40:31,Simpang 2,lane_2,2,0,0,2,0,0,0,0,6.060606
2026-08-14 02:40:31,Simpang 2,lane_1,1,0,0,0,1,0,0,0,3.030303
2026-08-14 02:40:32,Simpang 1,lane_2,3,0,0,3,0,0,0,0,9.090909
2026-08-14 02:40:32,Simpang 1,lane_3,1,0,0,1,0,0,0,0,2.941176
2026-08-14 02:40:32,Simpang 4,lane_1,2,2,0,1,1,0,0,0,6.060606
2026-08-14 02:40:32,Simpang 4,lane_2,4,5,0,1,3,0,0,0,12.121212
2026-08-14 02:40:32,Simpang 4,lane_3,3,0,0,2,1,0,0,0,8.823529
2026-08-14 02:40:32,Simpang 2,lane_2,2,0,0,2,0,0,0,0,6.060606
2026-08-14 02:40:32,Simpang 2,lane_1,1,0,0,0,1,0,0,0,3.030303
2026-08-14 02:40:33,Simpang 1,lane_2,3,0,0,3,0,0,0,0,9.090909
2026-08-14 02:40:33,Simpang 1,lane_3,1,0,0,1,0,0,0,0,2.941176
2026-08-14 02:40:33,Simpang 2,lane_2,2,0,0,2,0,0,0,0,6.060606
2026-08-14 02:40:33,Simpang 2,lane_1,1,0,0,0,1,0,0,0,3.030303
2026-08-14 02:40:33,Simpang 4,lane_1,2,1,0,1,1,0,0,0,6.060606
2026-08-14 02:40:33,Simpang 4,lane_2,4,5,0,1,3,0,0,0,12.121212
2026-08-14 02:40:33,Simpang 4,lane_3,5,0,0,3,2,0,0,0,14.705882
2026-08-14 02:40:34,Simpang 2,lane_2,2,0,0,2,0,0,0,0,6.060606
2026-08-14 02:40:34,Simpang 2,lane_1,1,0,0,0,1,0,0,0,3.030303
2026-08-14 02:40:34,Simpang 1,lane_2,3,0,0,3,0,0,0,0,9.090909
2026-08-14 02:40:34,Simpang 1,lane_3,1,0,0,1,0,0,0,0,2.941176
2026-08-14 02:40:34,Simpang 4,lane_1,2,1,0,1,1,0,0,0,6.060606
2026-08-14 02:40:34,Simpang 4,lane_2,5,5,0,1,4,0,0,0,15.151515
2026-08-14 02:40:34,Simpang 4,lane_3,5,0,0,3,2,0,0,0,14.705882
2026-08-14 02:40:35,Simpang 2,lane_2,2,0,0,2,0,0,0,0,6.060606
2026-08-14 02:40:35,Simpang 2,lane_1,1,0,0,0,1,0,0,0,3.030303
2026-08-14 02:40:35,Simpang 4,lane_1,2,1,0,1,1,0,0,0,6.060606
2026-08-14 02:40:35,Simpang 4,lane_2,4,5,1,1,3,0,0,0,12.121212
2026-08-14 02:40:35,Simpang 4,lane_3,5,1,0,3,2,0,0,0,14.705882
2026-08-14 02:40:35,Simpang 1,lane_2,3,0,0,3,0,0,0,0,9.090909
2026-08-14 02:40:35,Simpang 1,lane_3,1,0,0,1,0,0,0,0,2.941176
2026-08-14 02:40:36,Simpang 4,lane_1,2,1,0,1,0,0,1,0,6.060606
2026-08-14 02:40:36,Simpang 4,lane_2,5,5,0,1,4,0,0,0,15.151515
2026-08-14 02:40:36,Simpang 4,lane_3,5,1,0,3,2,0,0,0,14.705882
2026-08-14 02:40:37,Simpang 2,lane_2,2,0,0,2,0,0,0,0,6.060606
2026-08-14 02:40:37,Simpang 2,lane_1,1,0,0,0,1,0,0,0,3.030303
2026-08-14 02:40:37,Simpang 1,lane_2,3,0,0,3,0,0,0,0,9.090909
2026-08-14 02:40:37,Simpang 1,lane_3,1,0,0,1,0,0,0,0,2.941176
2026-08-14 02:40:37,Simpang 4,lane_1,3,1,0,1,1,0,1,0,9.090909
2026-08-14 02:40:37,Simpang 4,lane_2,6,5,0,1,5,0,0,0,18.181818
2026-08-14 02:40:37,Simpang 4,lane_3,5,1,0,3,2,0,0,0,14.705882
2026-08-14 02:40:38,Simpang 2,lane_2,2,0,0,2,0,0,0,0,6.060606
2026-08-14 02:40:38,Simpang 2,lane_1,1,0,0,0,1,0,0,0,3.030303
2026-08-14 02:40:38,Simpang 1,lane_2,3,0,0,3,0,0,0,0,9.090909
2026-08-14 02:40:38,Simpang 1,lane_3,1,0,0,1,0,0,0,0,2.941176
2026-08-14 02:40:39,Simpang 4,lane_1,2,1,0,1,1,0,0,0,6.060606
2026-08-14 02:40:39,Simpang 4,lane_2,5,4,0,1,4,0,0,0,15.151515
2026-08-14 02:40:39,Simpang 4,lane_3,4,1,0,2,2,0,0,0,11.764706
2026-08-14 02:40:39,Simpang 2,lane_2,2,0,0,2,0,0,0,0,6.060606
2026-08-14 02:40:39,Simpang 2,lane_1,1,0,0,0,1,0,0,0,3.030303
2026-08-14 02:40:39,Simpang 1,lane_2,3,0,0,3,0,0,0,0,9.090909
2026-08-14 02:40:39,Simpang 1,lane_3,1,0,0,1,0,0,0,0,2.941176
2026-08-14 02:40:40,Simpang 4,lane_1,2,1,0,1,1,0,0,0,6.060606
2026-08-14 02:40:40,Simpang 4,lane_2,4,4,0,1,3,0,0,0,12.121212
2026-08-14 02:40:40,Simpang 4,lane_3,3,1,0,1,2,0,0,0,8.823529
2026-08-14 02:40:40,Simpang 2,lane_2,2,0,0,2,0,0,0,0,6.060606
2026-08-14 02:40:40,Simpang 2,lane_1,1,0,0,0,1,0,0,0,3.030303
2026-08-14 02:40:40,Simpang 1,lane_2,3,0,0,3,0,0,0,0,9.090909
2026-08-14 02:40:40,Simpang 1,lane_3,1,0,0,1,0,0,0,0,2.941176
2026-08-14 02:40:41,Simpang 4,lane_2,4,4,0,1,3,0,0,0,12.121212
2026-08-14 02:40:41,Simpang 4,lane_3,3,1,0,2,1,0,0,0,8.823529
2026-08-14 02:40:41,Simpang 4,lane_1,3,2,0,0,2,0,1,0,9.090909
2026-08-14 02:40:41,Simpang 2,lane_2,2,0,0,2,0,0,0,0,6.060606
2026-08-14 02:40:41,Simpang 2,lane_1,1,0,0,0,1,0,0,0,3.030303
2026-08-14 02:40:42,Simpang 1,lane_2,3,0,0,3,0,0,0,0,9.090909
2026-08-14 02:40:42,Simpang 1,lane_3,1,0,0,1,0,0,0,0,2.941176
2026-08-14 02:40:43,Simpang 2,lane_2,2,0,0,2,0,0,0,0,6.060606
2026-08-14 02:40:43,Simpang 2,lane_1,1,0,0,0,1,0,0,0,3.030303
2026-08-14 02:40:43,Simpang 4,lane_3,3,1,0,2,1,0,0,0,8.823529
2026-08-14 02:40:43,Simpang 4,lane_1,4,2,0,1,2,0,1,0,12.121212
2026-08-14 02:40:43,Simpang 4,lane_2,4,3,0,1,3,0,0,0,12.121212
2026-08-14 02:40:43,Simpang 1,lane_2,3,0,0,3,0,0,0,0,9.090909
2026-08-14 02:40:43,Simpang 1,lane_3,1,0,0,1,0,0,0,0,2.941176
2026-08-14 02:40:44,Simpang 2,lane_2,2,0,0,2,0,0,0,0,6.060606
2026-08-14 02:40:44,Simpang 2,lane_1,1,0,0,0,1,0,0,0,3.030303
2026-08-14 02:40:44,Simpang 4,lane_3,3,1,0,2,1,0,0,0,8.823529
2026-08-14 02:40:44,Simpang 4,lane_1,3,2,0,0,2,0,1,0,9.090909
2026-08-14 02:40:44,Simpang 4,lane_2,5,4,0,1,4,0,0,0,15.151515
2026-08-14 02:40:44,Simpang 1,lane_2,3,0,0,3,0,0,0,0,9.090909
2026-08-14 02:40:44,Simpang 1,lane_3,1,0,0,1,0,0,0,0,2.941176
2026-08-14 02:40:45,Simpang 2,lane_2,2,0,0,2,0,0,0,0,6.060606
2026-08-14 02:40:45,Simpang 2,lane_1,1,0,0,0,1,0,0,0,3.030303
2026-08-14 02:40:45,Simpang 4,lane_3,3,0,0,2,1,0,0,0,8.823529
2026-08-14 02:40:45,Simpang 4,lane_1,1,1,0,0,0,0,1,0,3.030303
2026-08-14 02:40:45,Simpang 4,lane_2,5,5,0,1,4,0,0,0,15.151515
2026-08-14 02:40:45,Simpang 1,lane_2,3,0,0,3,0,0,0,0,9.090909
2026-08-14 02:40:45,Simpang 1,lane_3,1,0,0,1,0,0,0,0,2.941176
2026-08-14 02:40:46,Simpang 2,lane_2,2,0,0,2,0,0,0,0,6.060606
2026-08-14 02:40:46,Simpang 2,lane_1,1,0,0,0,1,0,0,0,3.030303
2026-08-14 02:40:47,Simpang 1,lane_2,3,0,0,3,0,0,0,0,9.090909
2026-08-14 02:40:47,Simpang 1,lane_3,1,0,0,1,0,0,0,0,2.941176
2026-08-14 02:40:47,Simpang 4,lane_3,5,1,0,3,2,0,0,0,14.705882
2026-08-14 02:40:47,Simpang 4,lane_2,5,6,0,1,4,0,0,0,15.151515
2026-08-14 02:40:47,Simpang 2,lane_2,2,0,0,2,0,0,0,0,6.060606
2026-08-14 02:40:47,Simpang 2,lane_1,1,0,0,0,1,0,0,0,3.030303
2026-08-14 02:40:48,Simpang 1,lane_2,3,0,0,3,0,0,0,0,9.090909
2026-08-14 02:40:48,Simpang 1,lane_3,1,0,0,1,0,0,0,0,2.941176
2026-08-14 02:40:48,Simpang 4,lane_3,4,1,0,2,2,0,0,0,11.764706
2026-08-14 02:40:48,Simpang 4,lane_2,6,5,0,1,5,0,0,0,18.181818
2026-08-14 02:40:48,Simpang 4,lane_1,1,0,0,1,0,0,0,0,3.030303
2026-08-14 02:40:48,Simpang 2,lane_2,2,0,0,2,0,0,0,0,6.060606
2026-08-14 02:40:48,Simpang 2,lane_1,1,0,0,0,1,0,0,0,3.030303
2026-08-14 02:40:49,Simpang 4,lane_3,3,0,0,2,0,0,1,0,8.823529
2026-08-14 02:40:49,Simpang 4,lane_2,7,6,0,1,6,0,0,0,21.212121
2026-08-14 02:40:49,Simpang 4,lane_1,2,1,0,1,1,0,0,0,6.060606
2026-08-14 02:40:49,Simpang 1,lane_2,3,0,0,3,0,0,0,0,9.090909
2026-08-14 02:40:49,Simpang 1,lane_3,1,0,0,1,0,0,0,0,2.941176
2026-08-14 02:40:49,Simpang 2,lane_2,2,0,0,2,0,0,0,0,6.060606
2026-08-14 02:40:49,Simpang 2,lane_1,1,0,0,0,1,0,0,0,3.030303
2026-08-14 02:40:51,Simpang 4,lane_3,3,1,0,3,0,0,0,0,8.823529
2026-08-14 02:40:51,Simpang 4,lane_2,6,5,0,1,5,0,0,0,18.181818
2026-08-14 02:40:51,Simpang 4,lane_1,2,2,0,1,1,0,0,0,6.060606
2026-08-14 02:40:51,Simpang 2,lane_2,2,0,0,2,0,0,0,0,6.060606
2026-08-14 02:40:51,Simpang 2,lane_1,1,0,0,0,1,0,0,0,3.030303
2026-08-14 02:40:51,Simpang 1,lane_2,3,0,0,3,0,0,0,0,9.090909
2026-08-14 02:40:51,Simpang 1,lane_3,1,0,0,1,0,0,0,0,2.941176
2026-08-14 02:40:52,Simpang 4,lane_3,3,1,0,2,1,0,0,0,8.823529
2026-08-14 02:40:52,Simpang 4,lane_2,7,6,0,1,6,0,0,0,21.212121
2026-08-14 02:40:52,Simpang 4,lane_1,2,2,0,1,1,0,0,0,6.060606
2026-08-14 02:40:52,Simpang 2,lane_2,2,0,0,2,0,0,0,0,6.060606
2026-08-14 02:40:52,Simpang 2,lane_1,1,0,0,0,1,0,0,0,3.030303
2026-08-14 02:40:52,Simpang 1,lane_2,3,0,0,3,0,0,0,0,9.090909
2026-08-14 02:40:52,Simpang 1,lane_3,1,0,0,1,0,0,0,0,2.941176
2026-08-14 02:40:53,Simpang 4,lane_3,3,1,0,2,1,0,0,0,8.823529
2026-08-14 02:40:53,Simpang 4,lane_2,6,5,0,1,5,0,0,0,18.181818
2026-08-14 02:40:53,Simpang 4,lane_1,2,2,0,1,1,0,0,0,6.060606
2026-08-14 02:40:53,Simpang 2,lane_2,2,0,0,2,0,0,0,0,6.060606
2026-08-14 02:40:53,Simpang 2,lane_1,1,0,0,0,1,0,0,0,3.030303
2026-08-14 02:40:53,Simpang 1,lane_2,3,0,0,3,0,0,0,0,9.090909
2026-08-14 02:40:53,Simpang 1,lane_3,1,0,0,1,0,0,0,0,2.941176
2026-08-14 02:40:54,Simpang 4,lane_3,3,2,0,3,0,0,0,0,8.823529
2026-08-14 02:40:54,Simpang 4,lane_2,6,6,0,1,5,0,0,0,18.181818
2026-08-14 02:40:54,Simpang 4,lane_1,3,3,0,1,2,0,0,0,9.090909
2026-08-14 02:40:54,Simpang 2,lane_2,2,0,0,2,0,0,0,0,6.060606
2026-08-14 02:40:54,Simpang 2,lane_1,1,0,0,0,1,0,0,0,3.030303
2026-08-14 02:40:55,Simpang 1,lane_2,3,0,0,3,0,0,0,0,9.090909
2026-08-14 02:40:55,Simpang 1,lane_3,1,0,0,1,0,0,0,0,2.941176
2026-08-14 02:40:55,Simpang 4,lane_3,1,2,0,1,0,0,0,0,2.941176
2026-08-14 02:40:55,Simpang 4,lane_2,5,5,0,1,4,0,0,0,15.151515
2026-08-14 02:40:55,Simpang 4,lane_1,2,3,0,1,0,0,1,0,6.060606
2026-08-14 02:40:56,Simpang 2,lane_2,2,0,0,2,0,0,0,0,6.060606
2026-08-14 02:40:56,Simpang 2,lane_1,1,0,0,0,1,0,0,0,3.030303
2026-08-14 02:40:56,Simpang 1,lane_2,3,0,0,3,0,0,0,0,9.090909
2026-08-14 02:40:56,Simpang 1,lane_3,1,0,0,1,0,0,0,0,2.941176
2026-08-14 02:40:57,Simpang 4,lane_3,2,2,0,2,0,0,0,0,5.882353
2026-08-14 02:40:57,Simpang 4,lane_2,4,5,0,1,3,0,0,0,12.121212
2026-08-14 02:40:57,Simpang 4,lane_1,2,3,0,1,0,1,0,0,6.060606
2026-08-14 02:40:57,Simpang 2,lane_2,2,0,0,2,0,0,0,0,6.060606
2026-08-14 02:40:57,Simpang 2,lane_1,1,0,0,0,1,0,0,0,3.030303
2026-08-14 02:40:57,Simpang 1,lane_2,3,0,0,3,0,0,0,0,9.090909
2026-08-14 02:40:57,Simpang 1,lane_3,1,0,0,1,0,0,0,0,2.941176
2026-08-14 02:40:58,Simpang 2,lane_2,2,0,0,2,0,0,0,0,6.060606
2026-08-14 02:40:58,Simpang 2,lane_1,1,0,0,0,1,0,0,0,3.030303
2026-08-14 02:40:58,Simpang 4,lane_2,4,4,1,2,2,0,0,0,12.121212
2026-08-14 02:40:58,Simpang 4,lane_1,3,2,0,1,1,1,0,0,9.090909
2026-08-14 02:40:58,Simpang 4,lane_3,2,1,0,1,1,0,0,0,5.882353
2026-08-14 02:40:58,Simpang 1,lane_2,3,0,0,3,0,0,0,0,9.090909
2026-08-14 02:40:58,Simpang 1,lane_3,1,0,0,1,0,0,0,0,2.941176
2026-08-14 02:40:59,Simpang 2,lane_2,2,0,0,2,0,0,0,0,6.060606
2026-08-14 02:40:59,Simpang 2,lane_1,1,0,0,0,1,0,0,0,3.030303
2026-08-14 02:40:59,Simpang 4,lane_2,5,3,1,2,3,0,0,0,15.151515
2026-08-14 02:40:59,Simpang 4,lane_1,4,3,0,1,1,1,1,0,12.121212
2026-08-14 02:40:59,Simpang 4,lane_3,2,1,0,0,1,1,0,0,5.882353
2026-08-14 02:41:00,Simpang 1,lane_2,3,0,0,3,0,0,0,0,9.090909
2026-08-14 02:41:00,Simpang 1,lane_3,1,0,0,1,0,0,0,0,2.941176
2026-08-14 02:41:00,Simpang 2,lane_2,2,0,0,2,0,0,0,0,6.060606
2026-08-14 02:41:00,Simpang 2,lane_1,1,0,0,0,1,0,0,0,3.030303
2026-08-14 02:41:01,Simpang 4,lane_2,5,2,0,2,3,0,0,0,15.151515
2026-08-14 02:41:01,Simpang 4,lane_1,3,1,0,1,1,1,0,0,9.090909
2026-08-14 02:41:01,Simpang 4,lane_3,3,1,0,2,0,1,0,0,8.823529
2026-08-14 02:41:01,Simpang 1,lane_2,3,0,0,3,0,0,0,0,9.090909
2026-08-14 02:41:01,Simpang 1,lane_3,1,0,0,1,0,0,0,0,2.941176
2026-08-14 02:41:01,Simpang 2,lane_2,2,0,0,2,0,0,0,0,6.060606
2026-08-14 02:41:01,Simpang 2,lane_1,1,0,0,0,1,0,0,0,3.030303
2026-08-14 02:41:02,Simpang 1,lane_2,3,0,0,3,0,0,0,0,9.090909
2026-08-14 02:41:02,Simpang 1,lane_3,1,0,0,1,0,0,0,0,2.941176
2026-08-14 02:41:02,Simpang 4,lane_2,5,4,1,2,3,0,0,0,15.151515
2026-08-14 02:41:02,Simpang 4,lane_1,3,2,0,1,1,1,0,0,9.090909
2026-08-14 02:41:02,Simpang 4,lane_3,5,1,0,2,2,1,0,0,14.705882
2026-08-14 02:41:02,Simpang 2,lane_2,2,0,0,2,0,0,0,0,6.060606
2026-08-14 02:41:02,Simpang 2,lane_1,1,0,0,0,1,0,0,0,3.030303
2026-08-14 02:41:03,Simpang 4,lane_2,5,3,0,2,3,0,0,0,15.151515
2026-08-14 02:41:03,Simpang 4,lane_1,3,1,0,1,1,1,0,0,9.090909
2026-08-14 02:41:03,Simpang 4,lane_3,3,1,0,1,1,1,0,0,8.823529
2026-08-14 02:41:03,Simpang 1,lane_2,3,0,0,3,0,0,0,0,9.090909
2026-08-14 02:41:03,Simpang 1,lane_3,1,0,0,1,0,0,0,0,2.941176
2026-08-14 02:41:03,Simpang 2,lane_2,2,0,0,2,0,0,0,0,6.060606
2026-08-14 02:41:03,Simpang 2,lane_1,1,0,0,0,1,0,0,0,3.030303
2026-08-14 02:41:05,Simpang 4,lane_2,5,3,0,2,3,0,0,0,15.151515
2026-08-14 02:41:05,Simpang 4,lane_1,2,2,0,1,0,1,0,0,6.060606
2026-08-14 02:41:05,Simpang 4,lane_3,3,0,0,2,0,1,0,0,8.823529
2026-08-14 02:41:05,Simpang 2,lane_2,2,0,0,2,0,0,0,0,6.060606
2026-08-14 02:41:05,Simpang 2,lane_1,1,0,0,0,1,0,0,0,3.030303
2026-08-14 02:41:05,Simpang 1,lane_2,3,0,0,3,0,0,0,0,9.090909
2026-08-14 02:41:05,Simpang 1,lane_3,1,0,0,1,0,0,0,0,2.941176
2026-08-14 02:41:06,Simpang 4,lane_2,5,3,0,2,3,0,0,0,15.151515
2026-08-14 02:41:06,Simpang 4,lane_1,3,2,0,1,1,1,0,0,9.090909
2026-08-14 02:41:06,Simpang 4,lane_3,2,0,0,1,0,1,0,0,5.882353
2026-08-14 02:41:06,Simpang 2,lane_2,2,0,0,2,0,0,0,0,6.060606
2026-08-14 02:41:06,Simpang 2,lane_1,1,0,0,0,1,0,0,0,3.030303
2026-08-14 02:41:06,Simpang 1,lane_2,3,0,0,3,0,0,0,0,9.090909
2026-08-14 02:41:06,Simpang 1,lane_3,1,0,0,1,0,0,0,0,2.941176
2026-08-14 02:41:07,Simpang 4,lane_2,5,3,0,2,3,0,0,0,15.151515
2026-08-14 02:41:07,Simpang 4,lane_1,2,1,0,1,0,1,0,0,6.060606
2026-08-14 02:41:07,Simpang 4,lane_3,2,0,0,1,0,1,0,0,5.882353
2026-08-14 02:41:07,Simpang 2,lane_2,2,0,0,2,0,0,0,0,6.060606
2026-08-14 02:41:07,Simpang 2,lane_1,1,0,0,0,1,0,0,0,3.030303
2026-08-14 02:41:07,Simpang 1,lane_2,3,0,0,3,0,0,0,0,9.090909
2026-08-14 02:41:07,Simpang 1,lane_3,1,0,0,1,0,0,0,0,2.941176
2026-08-14 02:41:08,Simpang 4,lane_2,5,4,0,2,3,0,0,0,15.151515
2026-08-14 02:41:08,Simpang 4,lane_1,2,1,0,1,0,1,0,0,6.060606
2026-08-14 02:41:08,Simpang 4,lane_3,3,0,0,2,0,1,0,0,8.823529
2026-08-14 02:41:08,Simpang 2,lane_2,2,0,0,2,0,0,0,0,6.060606
2026-08-14 02:41:08,Simpang 2,lane_1,1,0,0,0,1,0,0,0,3.030303
2026-08-14 02:41:09,Simpang 1,lane_2,3,0,0,3,0,0,0,0,9.090909
2026-08-14 02:41:09,Simpang 1,lane_3,1,0,0,1,0,0,0,0,2.941176
2026-08-14 02:41:09,Simpang 2,lane_2,2,0,0,2,0,0,0,0,6.060606
2026-08-14 02:41:09,Simpang 2,lane_1,1,0,0,0,1,0,0,0,3.030303
2026-08-14 02:41:10,Simpang 4,lane_2,5,4,0,2,3,0,0,0,15.151515
2026-08-14 02:41:10,Simpang 4,lane_1,2,0,0,1,0,1,0,0,6.060606
2026-08-14 02:41:10,Simpang 4,lane_3,3,0,0,2,0,1,0,0,8.823529
2026-08-14 02:41:10,Simpang 1,lane_2,2,0,0,2,0,0,0,0,6.060606
2026-08-14 02:41:10,Simpang 1,lane_3,1,0,0,1,0,0,0,0,2.941176
2026-08-14 02:41:10,Simpang 2,lane_2,2,0,0,2,0,0,0,0,6.060606
2026-08-14 02:41:10,Simpang 2,lane_1,1,0,0,0,1,0,0,0,3.030303
2026-08-14 02:41:11,Simpang 4,lane_2,6,3,0,2,4,0,0,0,18.181818
2026-08-14 02:41:11,Simpang 4,lane_1,2,1,0,1,0,1,0,0,6.060606
2026-08-14 02:41:11,Simpang 4,lane_3,3,1,0,2,0,1,0,0,8.823529
2026-08-14 02:41:11,Simpang 1,lane_2,2,0,0,2,0,0,0,0,6.060606
2026-08-14 02:41:11,Simpang 1,lane_3,1,0,0,1,0,0,0,0,2.941176
2026-08-14 02:41:12,Simpang 2,lane_2,2,0,0,2,0,0,0,0,6.060606
2026-08-14 02:41:12,Simpang 2,lane_1,1,0,0,0,1,0,0,0,3.030303
2026-08-14 02:41:12,Simpang 4,lane_2,5,2,0,2,3,0,0,0,15.151515
2026-08-14 02:41:12,Simpang 4,lane_1,3,1,0,1,1,0,1,0,9.090909
2026-08-14 02:41:12,Simpang 4,lane_3,5,0,0,4,0,1,0,0,14.705882
2026-08-14 02:41:12,Simpang 1,lane_2,2,0,0,2,0,0,0,0,6.060606
2026-08-14 02:41:12,Simpang 1,lane_3,1,0,0,1,0,0,0,0,2.941176
2026-08-14 02:41:13,Simpang 2,lane_2,2,0,0,2,0,0,0,0,6.060606
2026-08-14 02:41:13,Simpang 2,lane_1,1,0,0,0,1,0,0,0,3.030303
2026-08-14 02:41:14,Simpang 4,lane_2,5,3,0,2,3,0,0,0,15.151515
2026-08-14 02:41:14,Simpang 4,lane_1,3,1,0,1,1,1,0,0,9.090909
2026-08-14 02:41:14,Simpang 4,lane_3,5,0,0,4,0,1,0,0,14.705882
2026-08-14 02:41:14,Simpang 1,lane_2,3,0,0,3,0,0,0,0,9.090909
2026-08-14 02:41:14,Simpang 1,lane_3,1,0,0,1,0,0,0,0,2.941176
2026-08-14 02:41:14,Simpang 2,lane_2,2,0,0,2,0,0,0,0,6.060606
2026-08-14 02:41:14,Simpang 2,lane_1,1,0,0,0,1,0,0,0,3.030303
2026-08-14 02:41:15,Simpang 4,lane_2,5,2,0,2,3,0,0,0,15.151515
2026-08-14 02:41:15,Simpang 4,lane_1,1,1,0,1,0,0,0,0,3.030303
2026-08-14 02:41:15,Simpang 4,lane_3,3,0,0,3,0,0,0,0,8.823529
2026-08-14 02:41:15,Simpang 1,lane_2,3,0,0,3,0,0,0,0,9.090909
2026-08-14 02:41:15,Simpang 1,lane_3,1,0,0,1,0,0,0,0,2.941176
2026-08-14 02:41:15,Simpang 2,lane_2,2,0,0,2,0,0,0,0,6.060606
2026-08-14 02:41:15,Simpang 2,lane_1,1,0,0,0,1,0,0,0,3.030303
2026-08-14 02:41:16,Simpang 2,lane_2,2,0,0,2,0,0,0,0,6.060606
2026-08-14 02:41:16,Simpang 2,lane_1,1,0,0,0,1,0,0,0,3.030303
2026-08-14 02:41:16,Simpang 1,lane_2,3,0,0,3,0,0,0,0,9.090909
2026-08-14 02:41:16,Simpang 1,lane_3,1,0,0,1,0,0,0,0,2.941176
2026-08-14 02:41:16,Simpang 4,lane_2,4,0,0,2,2,0,0,0,12.121212
2026-08-14 02:41:16,Simpang 4,lane_1,4,2,0,1,2,1,0,0,12.121212
2026-08-14 02:41:16,Simpang 4,lane_3,2,2,0,2,0,0,0,0,5.882353
2026-08-14 02:41:17,Simpang 4,lane_2,4,1,0,2,2,0,0,0,12.121212
2026-08-14 02:41:17,Simpang 4,lane_1,4,1,0,1,2,1,0,0,12.121212
2026-08-14 02:41:17,Simpang 4,lane_3,2,2,0,2,0,0,0,0,5.882353
2026-08-14 02:41:18,Simpang 2,lane_2,2,0,0,2,0,0,0,0,6.060606
2026-08-14 02:41:18,Simpang 2,lane_1,1,0,0,0,1,0,0,0,3.030303
2026-08-14 02:41:18,Simpang 1,lane_2,3,0,0,3,0,0,0,0,9.090909
2026-08-14 02:41:18,Simpang 1,lane_3,1,0,0,1,0,0,0,0,2.941176
2026-08-14 02:41:19,Simpang 4,lane_2,2,1,0,1,1,0,0,0,6.060606
2026-08-14 02:41:19,Simpang 4,lane_1,3,0,0,1,2,0,0,0,9.090909
2026-08-14 02:41:19,Simpang 4,lane_3,2,1,0,2,0,0,0,0,5.882353
2026-08-14 02:41:19,Simpang 2,lane_2,2,0,0,2,0,0,0,0,6.060606
2026-08-14 02:41:19,Simpang 2,lane_1,1,0,0,0,1,0,0,0,3.030303
2026-08-14 02:41:19,Simpang 1,lane_2,3,0,0,3,0,0,0,0,9.090909
2026-08-14 02:41:19,Simpang 1,lane_3,1,0,0,1,0,0,0,0,2.941176
2026-08-14 02:41:20,Simpang 4,lane_2,4,2,0,2,2,0,0,0,12.121212
2026-08-14 02:41:20,Simpang 4,lane_1,4,1,0,2,2,0,0,0,12.121212
2026-08-14 02:41:20,Simpang 4,lane_3,4,1,0,4,0,0,0,0,11.764706
2026-08-14 02:41:20,Simpang 2,lane_2,2,0,0,2,0,0,0,0,6.060606
2026-08-14 02:41:20,Simpang 2,lane_1,1,0,0,0,1,0,0,0,3.030303
2026-08-14 02:41:20,Simpang 1,lane_2,3,0,0,3,0,0,0,0,9.090909
2026-08-14 02:41:20,Simpang 1,lane_3,1,0,0,1,0,0,0,0,2.941176
2026-08-14 02:41:21,Simpang 4,lane_2,4,1,0,2,2,0,0,0,12.121212
2026-08-14 02:41:21,Simpang 4,lane_1,4,0,0,1,2,1,0,0,12.121212
2026-08-14 02:41:21,Simpang 4,lane_3,4,1,0,4,0,0,0,0,11.764706
2026-08-14 02:41:21,Simpang 2,lane_2,2,0,0,2,0,0,0,0,6.060606
2026-08-14 02:41:21,Simpang 2,lane_1,1,0,0,0,1,0,0,0,3.030303
2026-08-14 02:41:22,Simpang 1,lane_2,3,0,0,3,0,0,0,0,9.090909
2026-08-14 02:41:22,Simpang 1,lane_3,1,0,0,1,0,0,0,0,2.941176
2026-08-14 02:41:23,Simpang 2,lane_2,2,0,0,2,0,0,0,0,6.060606
2026-08-14 02:41:23,Simpang 2,lane_1,1,0,0,0,1,0,0,0,3.030303
2026-08-14 02:41:23,Simpang 4,lane_1,6,1,0,3,2,1,0,0,18.181818
2026-08-14 02:41:23,Simpang 4,lane_3,2,1,0,2,0,0,0,0,5.882353
2026-08-14 02:41:23,Simpang 4,lane_2,2,2,0,1,1,0,0,0,6.060606
2026-08-14 02:41:23,Simpang 1,lane_2,3,0,0,3,0,0,0,0,9.090909
2026-08-14 02:41:23,Simpang 1,lane_3,1,0,0,1,0,0,0,0,2.941176
2026-08-14 02:41:24,Simpang 2,lane_2,2,0,0,2,0,0,0,0,6.060606
2026-08-14 02:41:24,Simpang 2,lane_1,1,0,0,0,1,0,0,0,3.030303
2026-08-14 02:41:24,Simpang 4,lane_1,4,1,0,3,0,1,0,0,12.121212
2026-08-14 02:41:24,Simpang 4,lane_3,2,1,0,2,0,0,0,0,5.882353
2026-08-14 02:41:24,Simpang 4,lane_2,3,1,0,2,1,0,0,0,9.090909
2026-08-14 02:41:24,Simpang 1,lane_2,3,0,0,3,0,0,0,0,9.090909
2026-08-14 02:41:24,Simpang 1,lane_3,1,0,0,1,0,0,0,0,2.941176
2026-08-14 02:41:25,Simpang 2,lane_2,2,0,0,2,0,0,0,0,6.060606
2026-08-14 02:41:25,Simpang 2,lane_1,1,0,0,0,1,0,0,0,3.030303
2026-08-14 02:41:25,Simpang 1,lane_2,3,0,0,3,0,0,0,0,9.090909
2026-08-14 02:41:25,Simpang 1,lane_3,1,0,0,1,0,0,0,0,2.941176
2026-08-14 02:41:25,Simpang 4,lane_1,4,2,0,2,1,1,0,0,12.121212
2026-08-14 02:41:25,Simpang 4,lane_3,1,1,0,1,0,0,0,0,2.941176
2026-08-14 02:41:25,Simpang 4,lane_2,3,0,0,2,1,0,0,0,9.090909
2026-08-14 02:41:26,Simpang 2,lane_2,2,0,0,2,0,0,0,0,6.060606
2026-08-14 02:41:26,Simpang 2,lane_1,1,0,0,0,1,0,0,0,3.030303
2026-08-14 02:41:27,Simpang 1,lane_2,3,0,0,3,0,0,0,0,9.090909
2026-08-14 02:41:27,Simpang 1,lane_3,1,0,0,1,0,0,0,0,2.941176
2026-08-14 02:41:27,Simpang 4,lane_1,2,1,0,2,0,0,0,0,6.060606
2026-08-14 02:41:27,Simpang 4,lane_3,1,1,0,1,0,0,0,0,2.941176
2026-08-14 02:41:27,Simpang 4,lane_2,2,0,0,2,0,0,0,0,6.060606
2026-08-14 02:41:27,Simpang 2,lane_2,2,0,0,2,0,0,0,0,6.060606
2026-08-14 02:41:27,Simpang 2,lane_1,1,0,0,0,1,0,0,0,3.030303
2026-08-14 02:41:28,Simpang 1,lane_2,3,0,0,3,0,0,0,0,9.090909
2026-08-14 02:41:28,Simpang 1,lane_3,1,0,0,1,0,0,0,0,2.941176
2026-08-14 02:41:28,Simpang 4,lane_1,3,0,0,2,0,1,0,0,9.090909
2026-08-14 02:41:28,Simpang 4,lane_3,1,1,0,1,0,0,0,0,2.941176
2026-08-14 02:41:28,Simpang 4,lane_2,2,0,0,2,0,0,0,0,6.060606
2026-08-14 02:41:28,Simpang 2,lane_2,2,0,0,2,0,0,0,0,6.060606
2026-08-14 02:41:28,Simpang 2,lane_1,1,0,0,0,1,0,0,0,3.030303
2026-08-14 02:41:29,Simpang 1,lane_2,3,0,0,3,0,0,0,0,9.090909
2026-08-14 02:41:29,Simpang 1,lane_3,1,0,0,1,0,0,0,0,2.941176
2026-08-14 02:41:29,Simpang 2,lane_2,2,0,0,2,0,0,0,0,6.060606
2026-08-14 02:41:29,Simpang 2,lane_1,1,0,0,0,1,0,0,0,3.030303
2026-08-14 02:41:29,Simpang 4,lane_1,3,0,0,2,1,0,0,0,9.090909
2026-08-14 02:41:29,Simpang 4,lane_3,1,1,0,1,0,0,0,0,2.941176
2026-08-14 02:41:29,Simpang 4,lane_2,2,0,0,2,0,0,0,0,6.060606
2026-08-14 02:41:30,Simpang 1,lane_2,3,0,0,3,0,0,0,0,9.090909
2026-08-14 02:41:30,Simpang 1,lane_3,1,0,0,1,0,0,0,0,2.941176
2026-08-14 02:41:30,Simpang 2,lane_2,2,0,0,2,0,0,0,0,6.060606
2026-08-14 02:41:30,Simpang 2,lane_1,1,0,0,0,1,0,0,0,3.030303
2026-08-14 02:41:31,Simpang 4,lane_1,4,0,0,3,1,0,0,0,12.121212
2026-08-14 02:41:31,Simpang 4,lane_3,1,1,0,1,0,0,0,0,2.941176
2026-08-14 02:41:31,Simpang 4,lane_2,2,0,0,2,0,0,0,0,6.060606
2026-08-14 02:41:32,Simpang 2,lane_2,2,0,0,2,0,0,0,0,6.060606
2026-08-14 02:41:32,Simpang 2,lane_1,1,0,0,0,1,0,0,0,3.030303
2026-08-14 02:41:32,Simpang 1,lane_2,3,0,0,3,0,0,0,0,9.090909
2026-08-14 02:41:32,Simpang 1,lane_3,1,0,0,1,0,0,0,0,2.941176
2026-08-14 02:41:32,Simpang 4,lane_1,3,0,0,2,1,0,0,0,9.090909
2026-08-14 02:41:32,Simpang 4,lane_3,1,1,0,1,0,0,0,0,2.941176
2026-08-14 02:41:32,Simpang 4,lane_2,3,0,0,2,1,0,0,0,9.090909
2026-08-14 02:41:33,Simpang 1,lane_2,3,0,0,3,0,0,0,0,9.090909
2026-08-14 02:41:33,Simpang 1,lane_3,1,0,0,1,0,0,0,0,2.941176
2026-08-14 02:41:33,Simpang 4,lane_1,4,0,0,3,1,0,0,0,12.121212
2026-08-14 02:41:33,Simpang 4,lane_3,1,2,0,1,0,0,0,0,2.941176
2026-08-14 02:41:33,Simpang 4,lane_2,3,0,0,2,1,0,0,0,9.090909
2026-08-14 02:41:33,Simpang 2,lane_2,2,0,0,2,0,0,0,0,6.060606
2026-08-14 02:41:33,Simpang 2,lane_1,1,0,0,0,1,0,0,0,3.030303
2026-08-14 02:41:34,Simpang 1,lane_2,3,0,0,3,0,0,0,0,9.090909
2026-08-14 02:41:34,Simpang 1,lane_3,1,0,0,1,0,0,0,0,2.941176
2026-08-14 02:41:34,Simpang 2,lane_2,2,0,0,2,0,0,0,0,6.060606
2026-08-14 02:41:34,Simpang 2,lane_1,1,0,0,0,1,0,0,0,3.030303
2026-08-14 02:41:34,Simpang 4,lane_1,3,0,0,2,1,0,0,0,9.090909
2026-08-14 02:41:34,Simpang 4,lane_3,2,2,0,2,0,0,0,0,5.882353
2026-08-14 02:41:34,Simpang 4,lane_2,2,0,0,2,0,0,0,0,6.060606
2026-08-14 02:41:35,Simpang 1,lane_2,3,0,0,3,0,0,0,0,9.090909
2026-08-14 02:41:35,Simpang 1,lane_3,1,0,0,1,0,0,0,0,2.941176
2026-08-14 02:41:35,Simpang 2,lane_2,2,0,0,2,0,0,0,0,6.060606
2026-08-14 02:41:35,Simpang 2,lane_1,1,0,0,0,1,0,0,0,3.030303
2026-08-14 02:41:36,Simpang 4,lane_1,3,0,0,2,1,0,0,0,9.090909
2026-08-14 02:41:36,Simpang 4,lane_3,3,1,0,2,1,0,0,0,8.823529
2026-08-14 02:41:36,Simpang 4,lane_2,3,0,0,2,0,0,1,0,9.090909
2026-08-14 02:41:36,Simpang 1,lane_2,3,0,0,3,0,0,0,0,9.090909
2026-08-14 02:41:36,Simpang 1,lane_3,1,0,0,1,0,0,0,0,2.941176
2026-08-14 02:41:37,Simpang 2,lane_2,2,0,0,2,0,0,0,0,6.060606
2026-08-14 02:41:37,Simpang 2,lane_1,1,0,0,0,1,0,0,0,3.030303
2026-08-14 02:41:37,Simpang 4,lane_1,3,0,0,2,1,0,0,0,9.090909
2026-08-14 02:41:37,Simpang 4,lane_3,1,1,0,1,0,0,0,0,2.941176
2026-08-14 02:41:37,Simpang 4,lane_2,2,0,0,2,0,0,0,0,6.060606
2026-08-14 02:41:37,Simpang 1,lane_2,3,0,0,3,0,0,0,0,9.090909
2026-08-14 02:41:37,Simpang 1,lane_3,1,0,0,1,0,0,0,0,2.941176
2026-08-14 02:41:38,Simpang 2,lane_2,2,0,0,2,0,0,0,0,6.060606
2026-08-14 02:41:38,Simpang 2,lane_1,1,0,0,0,1,0,0,0,3.030303
2026-08-14 02:41:38,Simpang 4,lane_1,3,0,1,2,1,0,0,0,9.090909
2026-08-14 02:41:38,Simpang 4,lane_3,1,2,0,1,0,0,0,0,2.941176
2026-08-14 02:41:38,Simpang 4,lane_2,2,0,0,2,0,0,0,0,6.060606
2026-08-14 02:41:39,Simpang 1,lane_2,3,0,0,3,0,0,0,0,9.090909
2026-08-14 02:41:39,Simpang 1,lane_3,1,0,0,1,0,0,0,0,2.941176
2026-08-14 02:41:39,Simpang 2,lane_2,2,0,0,2,0,0,0,0,6.060606
2026-08-14 02:41:39,Simpang 2,lane_1,1,0,0,0,1,0,0,0,3.030303
2026-08-14 02:41:40,Simpang 4,lane_1,4,0,0,2,2,0,0,0,12.121212
2026-08-14 02:41:40,Simpang 4,lane_3,2,1,0,2,0,0,0,0,5.882353
2026-08-14 02:41:40,Simpang 4,lane_2,4,0,0,3,0,0,1,0,12.121212
2026-08-14 02:41:40,Simpang 2,lane_2,2,0,0,2,0,0,0,0,6.060606
2026-08-14 02:41:40,Simpang 2,lane_1,1,0,0,0,1,0,0,0,3.030303
2026-08-14 02:41:40,Simpang 1,lane_2,3,0,0,3,0,0,0,0,9.090909
2026-08-14 02:41:40,Simpang 1,lane_3,1,0,0,1,0,0,0,0,2.941176
2026-08-14 02:41:41,Simpang 2,lane_2,2,0,0,2,0,0,0,0,6.060606
2026-08-14 02:41:41,Simpang 2,lane_1,1,0,0,0,1,0,0,0,3.030303
2026-08-14 02:41:41,Simpang 4,lane_1,4,0,0,2,2,0,0,0,12.121212
2026-08-14 02:41:41,Simpang 4,lane_3,2,1,0,1,1,0,0,0,5.882353
2026-08-14 02:41:41,Simpang 4,lane_2,3,0,0,3,0,0,0,0,9.090909
2026-08-14 02:41:41,Simpang 1,lane_2,3,0,0,3,0,0,0,0,9.090909
2026-08-14 02:41:41,Simpang 1,lane_3,1,0,0,1,0,0,0,0,2.941176
2026-08-14 02:41:42,Simpang 2,lane_2,2,0,0,2,0,0,0,0,6.060606
2026-08-14 02:41:42,Simpang 2,lane_1,1,0,0,0,1,0,0,0,3.030303
2026-08-14 02:41:42,Simpang 1,lane_2,3,0,0,3,0,0,0,0,9.090909
2026-08-14 02:41:42,Simpang 1,lane_3,1,0,0,1,0,0,0,0,2.941176
2026-08-14 02:41:42,Simpang 4,lane_1,3,0,0,2,1,0,0,0,9.090909
2026-08-14 02:41:42,Simpang 4,lane_3,3,1,0,1,1,1,0,0,8.823529
2026-08-14 02:41:42,Simpang 4,lane_2,4,0,0,3,0,0,1,0,12.121212
2026-08-14 02:41:43,Simpang 2,lane_2,2,0,0,2,0,0,0,0,6.060606
2026-08-14 02:41:43,Simpang 2,lane_1,1,0,0,0,1,0,0,0,3.030303
2026-08-14 02:41:43,Simpang 1,lane_2,3,0,0,3,0,0,0,0,9.090909
2026-08-14 02:41:43,Simpang 1,lane_3,1,0,0,1,0,0,0,0,2.941176
2026-08-14 02:41:43,Simpang 4,lane_1,3,1,0,2,1,0,0,0,9.090909
2026-08-14 02:41:43,Simpang 4,lane_3,3,1,0,1,1,1,0,0,8.823529
2026-08-14 02:41:43,Simpang 4,lane_2,4,1,0,3,0,0,1,0,12.121212
2026-08-14 02:41:44,Simpang 4,lane_1,2,0,0,2,0,0,0,0,6.060606
2026-08-14 02:41:44,Simpang 4,lane_3,3,1,0,1,1,1,0,0,8.823529
2026-08-14 02:41:44,Simpang 4,lane_2,4,0,0,3,0,0,1,0,12.121212
2026-08-14 02:41:45,Simpang 2,lane_2,2,0,0,2,0,0,0,0,6.060606
2026-08-14 02:41:45,Simpang 2,lane_1,1,0,0,0,1,0,0,0,3.030303
2026-08-14 02:41:45,Simpang 1,lane_2,3,0,0,3,0,0,0,0,9.090909
2026-08-14 02:41:45,Simpang 1,lane_3,1,0,0,1,0,0,0,0,2.941176
2026-08-14 02:41:45,Simpang 4,lane_1,3,0,0,2,1,0,0,0,9.090909
2026-08-14 02:41:45,Simpang 4,lane_3,2,2,0,1,1,0,0,0,5.882353
2026-08-14 02:41:45,Simpang 4,lane_2,4,0,0,3,0,0,1,0,12.121212
2026-08-14 02:41:46,Simpang 2,lane_2,2,0,0,2,0,0,0,0,6.060606
2026-08-14 02:41:46,Simpang 2,lane_1,1,0,0,0,1,0,0,0,3.030303
2026-08-14 02:41:46,Simpang 1,lane_2,3,0,0,3,0,0,0,0,9.090909
2026-08-14 02:41:46,Simpang 1,lane_3,1,0,0,1,0,0,0,0,2.941176
2026-08-14 02:41:47,Simpang 4,lane_1,4,0,0,2,2,0,0,0,12.121212
2026-08-14 02:41:47,Simpang 4,lane_3,2,2,0,1,1,0,0,0,5.882353
2026-08-14 02:41:47,Simpang 4,lane_2,5,0,0,3,0,1,1,0,15.151515
2026-08-14 02:41:47,Simpang 2,lane_2,2,0,0,2,0,0,0,0,6.060606
2026-08-14 02:41:47,Simpang 2,lane_1,1,0,0,0,1,0,0,0,3.030303
2026-08-14 02:41:47,Simpang 1,lane_2,3,0,0,3,0,0,0,0,9.090909
2026-08-14 02:41:47,Simpang 1,lane_3,1,0,0,1,0,0,0,0,2.941176
2026-08-14 02:41:48,Simpang 2,lane_2,2,0,0,2,0,0,0,0,6.060606
2026-08-14 02:41:48,Simpang 2,lane_1,1,0,0,0,1,0,0,0,3.030303
2026-08-14 02:41:48,Simpang 4,lane_1,2,0,0,2,0,0,0,0,6.060606
2026-08-14 02:41:48,Simpang 4,lane_3,2,2,1,1,1,0,0,0,5.882353
2026-08-14 02:41:48,Simpang 4,lane_2,3,0,0,3,0,0,0,0,9.090909
2026-08-14 02:41:49,Simpang 1,lane_2,3,0,0,3,0,0,0,0,9.090909
2026-08-14 02:41:49,Simpang 1,lane_3,1,0,0,1,0,0,0,0,2.941176
2026-08-14 02:41:49,Simpang 4,lane_1,3,0,0,2,1,0,0,0,9.090909
2026-08-14 02:41:49,Simpang 4,lane_3,2,2,0,1,1,0,0,0,5.882353
2026-08-14 02:41:49,Simpang 4,lane_2,4,0,0,3,0,1,0,0,12.121212
2026-08-14 02:41:49,Simpang 2,lane_2,2,0,0,2,0,0,0,0,6.060606
2026-08-14 02:41:49,Simpang 2,lane_1,1,0,0,0,1,0,0,0,3.030303
2026-08-14 02:41:50,Simpang 1,lane_2,3,0,0,3,0,0,0,0,9.090909
2026-08-14 02:41:50,Simpang 1,lane_3,1,0,0,1,0,0,0,0,2.941176
2026-08-14 02:41:50,Simpang 2,lane_2,2,0,0,2,0,0,0,0,6.060606
2026-08-14 02:41:50,Simpang 2,lane_1,1,0,0,0,1,0,0,0,3.030303
2026-08-14 02:41:50,Simpang 4,lane_1,2,0,0,2,0,0,0,0,6.060606
2026-08-14 02:41:50,Simpang 4,lane_3,2,1,0,1,1,0,0,0,5.882353
2026-08-14 02:41:50,Simpang 4,lane_2,4,0,0,3,0,1,0,0,12.121212
2026-08-14 02:41:51,Simpang 1,lane_2,3,0,0,3,0,0,0,0,9.090909
2026-08-14 02:41:51,Simpang 1,lane_3,1,0,0,1,0,0,0,0,2.941176
2026-08-14 02:41:51,Simpang 2,lane_2,2,0,0,2,0,0,0,0,6.060606
2026-08-14 02:41:51,Simpang 2,lane_1,1,0,0,0,1,0,0,0,3.030303
2026-08-14 02:41:52,Simpang 4,lane_1,2,0,0,2,0,0,0,0,6.060606
2026-08-14 02:41:52,Simpang 4,lane_2,5,1,0,3,0,1,1,0,15.151515
2026-08-14 02:41:52,Simpang 4,lane_3,3,0,0,1,1,1,0,0,8.823529
2026-08-14 02:41:52,Simpang 1,lane_2,3,0,0,3,0,0,0,0,9.090909
2026-08-14 02:41:52,Simpang 1,lane_3,1,0,0,1,0,0,0,0,2.941176
2026-08-14 02:41:53,Simpang 2,lane_2,2,0,0,2,0,0,0,0,6.060606
2026-08-14 02:41:53,Simpang 2,lane_1,1,0,0,0,1,0,0,0,3.030303
2026-08-14 02:41:53,Simpang 4,lane_1,2,0,0,2,0,0,0,0,6.060606
2026-08-14 02:41:53,Simpang 4,lane_2,4,1,0,3,0,1,0,0,12.121212
2026-08-14 02:41:53,Simpang 4,lane_3,2,0,0,0,1,0,1,0,5.882353
2026-08-14 02:41:54,Simpang 1,lane_2,3,0,0,3,0,0,0,0,9.090909
2026-08-14 02:41:54,Simpang 1,lane_3,1,0,0,1,0,0,0,0,2.941176
2026-08-14 02:41:54,Simpang 2,lane_2,2,0,0,2,0,0,0,0,6.060606
2026-08-14 02:41:54,Simpang 2,lane_1,1,0,0,0,1,0,0,0,3.030303
2026-08-14 02:41:54,Simpang 4,lane_1,3,0,0,3,0,0,0,0,9.090909
2026-08-14 02:41:54,Simpang 4,lane_2,4,1,1,3,0,1,0,0,12.121212
2026-08-14 02:41:54,Simpang 4,lane_3,3,0,1,0,1,1,1,0,8.823529
2026-08-14 02:41:55,Simpang 2,lane_2,2,0,0,2,0,0,0,0,6.060606
2026-08-14 02:41:55,Simpang 2,lane_1,1,0,0,0,1,0,0,0,3.030303
2026-08-14 02:41:55,Simpang 1,lane_2,3,0,0,3,0,0,0,0,9.090909
2026-08-14 02:41:55,Simpang 1,lane_3,1,0,0,1,0,0,0,0,2.941176
2026-08-14 02:41:56,Simpang 4,lane_1,3,0,0,3,0,0,0,0,9.090909
2026-08-14 02:41:56,Simpang 4,lane_2,3,1,0,3,0,0,0,0,9.090909
2026-08-14 02:41:56,Simpang 4,lane_3,2,0,0,0,1,1,0,0,5.882353
2026-08-14 02:41:56,Simpang 2,lane_2,2,0,0,2,0,0,0,0,6.060606
2026-08-14 02:41:56,Simpang 2,lane_1,1,0,0,0,1,0,0,0,3.030303
2026-08-14 02:41:56,Simpang 1,lane_2,3,0,0,3,0,0,0,0,9.090909
2026-08-14 02:41:56,Simpang 1,lane_3,1,0,0,1,0,0,0,0,2.941176
2026-08-14 02:41:57,Simpang 4,lane_1,3,0,0,3,0,0,0,0,9.090909
2026-08-14 02:41:57,Simpang 4,lane_2,4,1,0,3,1,0,0,0,12.121212
2026-08-14 02:41:57,Simpang 4,lane_3,2,1,0,0,1,1,0,0,5.882353
2026-08-14 02:41:57,Simpang 2,lane_2,2,0,0,2,0,0,0,0,6.060606
2026-08-14 02:41:57,Simpang 2,lane_1,1,0,0,0,1,0,0,0,3.030303
2026-08-14 02:41:58,Simpang 1,lane_2,3,0,0,3,0,0,0,0,9.090909
2026-08-14 02:41:58,Simpang 1,lane_3,1,0,0,1,0,0,0,0,2.941176
2026-08-14 02:41:58,Simpang 4,lane_1,4,0,0,3,1,0,0,0,12.121212
2026-08-14 02:41:58,Simpang 4,lane_2,5,1,0,3,1,0,1,0,15.151515
2026-08-14 02:41:58,Simpang 4,lane_3,3,0,0,1,1,1,0,0,8.823529
2026-08-14 02:41:59,Simpang 2,lane_2,2,0,0,2,0,0,0,0,6.060606
2026-08-14 02:41:59,Simpang 2,lane_1,1,0,0,0,1,0,0,0,3.030303
2026-08-14 02:41:59,Simpang 1,lane_2,3,0,0,3,0,0,0,0,9.090909
2026-08-14 02:41:59,Simpang 1,lane_3,1,0,0,1,0,0,0,0,2.941176
2026-08-14 02:41:59,Simpang 4,lane_1,5,0,0,4,1,0,0,0,15.151515
2026-08-14 02:41:59,Simpang 4,lane_2,3,1,1,2,0,0,1,0,9.090909
2026-08-14 02:41:59,Simpang 4,lane_3,2,0,0,0,1,1,0,0,5.882353
2026-08-14 02:42:00,Simpang 2,lane_2,2,0,0,2,0,0,0,0,6.060606
2026-08-14 02:42:00,Simpang 2,lane_1,1,0,0,0,1,0,0,0,3.030303
2026-08-14 02:42:00,Simpang 1,lane_2,3,0,0,3,0,0,0,0,9.090909
2026-08-14 02:42:00,Simpang 1,lane_3,1,0,0,1,0,0,0,0,2.941176
2026-08-14 02:42:01,Simpang 4,lane_1,5,0,0,4,1,0,0,0,15.151515
2026-08-14 02:42:01,Simpang 4,lane_2,4,1,0,1,1,0,2,0,12.121212
2026-08-14 02:42:01,Simpang 4,lane_3,3,2,0,1,1,1,0,0,8.823529
2026-08-14 02:42:01,Simpang 2,lane_2,2,0,0,2,0,0,0,0,6.060606
2026-08-14 02:42:01,Simpang 2,lane_1,1,0,0,0,1,0,0,0,3.030303
2026-08-14 02:42:01,Simpang 1,lane_2,3,0,0,3,0,0,0,0,9.090909
2026-08-14 02:42:01,Simpang 1,lane_3,1,0,0,1,0,0,0,0,2.941176
2026-08-14 02:42:02,Simpang 2,lane_2,2,0,0,2,0,0,0,0,6.060606
2026-08-14 02:42:02,Simpang 2,lane_1,1,0,0,0,1,0,0,0,3.030303
2026-08-14 02:42:02,Simpang 4,lane_1,4,0,0,4,0,0,0,0,12.121212
2026-08-14 02:42:02,Simpang 4,lane_2,4,1,0,1,1,0,2,0,12.121212
2026-08-14 02:42:02,Simpang 4,lane_3,5,1,0,1,3,1,0,0,14.705882
2026-08-14 02:42:02,Simpang 1,lane_2,3,0,0,3,0,0,0,0,9.090909
2026-08-14 02:42:02,Simpang 1,lane_3,1,0,0,1,0,0,0,0,2.941176
2026-08-14 02:42:03,Simpang 2,lane_2,2,0,0,2,0,0,0,0,6.060606
2026-08-14 02:42:03,Simpang 2,lane_1,1,0,0,0,1,0,0,0,3.030303
2026-08-14 02:42:04,Simpang 4,lane_1,5,0,0,4,1,0,0,0,15.151515
2026-08-14 02:42:04,Simpang 4,lane_2,4,2,0,2,2,0,0,0,12.121212
2026-08-14 02:42:04,Simpang 4,lane_3,3,0,0,1,1,1,0,0,8.823529
2026-08-14 02:42:04,Simpang 1,lane_2,3,0,0,3,0,0,0,0,9.090909
2026-08-14 02:42:04,Simpang 1,lane_3,1,0,0,1,0,0,0,0,2.941176
2026-08-14 02:42:04,Simpang 2,lane_2,2,0,0,2,0,0,0,0,6.060606
2026-08-14 02:42:04,Simpang 2,lane_1,1,0,0,0,1,0,0,0,3.030303
2026-08-14 02:42:05,Simpang 4,lane_1,5,0,0,4,1,0,0,0,15.151515
2026-08-14 02:42:05,Simpang 4,lane_2,6,1,0,0,4,0,2,0,18.181818
2026-08-14 02:42:05,Simpang 4,lane_3,3,1,0,1,2,0,0,0,8.823529
2026-08-14 02:42:05,Simpang 1,lane_2,3,0,0,3,0,0,0,0,9.090909
2026-08-14 02:42:05,Simpang 1,lane_3,2,0,0,2,0,0,0,0,5.882353
2026-08-14 02:42:05,Simpang 2,lane_2,2,0,0,2,0,0,0,0,6.060606
2026-08-14 02:42:05,Simpang 2,lane_1,1,0,0,0,1,0,0,0,3.030303
2026-08-14 02:42:06,Simpang 4,lane_1,6,0,0,5,1,0,0,0,18.181818
2026-08-14 02:42:06,Simpang 4,lane_2,6,2,0,1,4,0,1,0,18.181818
2026-08-14 02:42:06,Simpang 4,lane_3,3,0,0,1,1,1,0,0,8.823529
2026-08-14 02:42:06,Simpang 1,lane_2,3,0,0,3,0,0,0,0,9.090909
2026-08-14 02:42:06,Simpang 1,lane_3,2,0,0,2,0,0,0,0,5.882353
2026-08-14 02:42:07,Simpang 2,lane_2,2,0,0,2,0,0,0,0,6.060606
2026-08-14 02:42:07,Simpang 2,lane_1,1,0,0,0,1,0,0,0,3.030303
2026-08-14 02:42:07,Simpang 4,lane_1,6,0,0,5,1,0,0,0,18.181818
2026-08-14 02:42:07,Simpang 4,lane_2,7,1,0,1,5,0,1,0,21.212121
2026-08-14 02:42:07,Simpang 4,lane_3,3,2,0,1,1,1,0,0,8.823529
2026-08-14 02:42:08,Simpang 1,lane_2,3,0,0,3,0,0,0,0,9.090909
2026-08-14 02:42:08,Simpang 1,lane_3,1,0,0,1,0,0,0,0,2.941176
2026-08-14 02:42:08,Simpang 2,lane_2,2,0,0,2,0,0,0,0,6.060606
2026-08-14 02:42:08,Simpang 2,lane_1,1,0,0,0,1,0,0,0,3.030303
2026-08-14 02:42:09,Simpang 4,lane_1,4,0,0,3,1,0,0,0,12.121212
2026-08-14 02:42:09,Simpang 4,lane_2,7,2,0,1,4,0,2,0,21.212121
2026-08-14 02:42:09,Simpang 4,lane_3,2,2,0,1,1,0,0,0,5.882353
2026-08-14 02:42:09,Simpang 1,lane_2,3,0,0,3,0,0,0,0,9.090909
2026-08-14 02:42:09,Simpang 1,lane_3,2,0,0,2,0,0,0,0,5.882353
2026-08-14 02:42:09,Simpang 2,lane_2,2,0,0,2,0,0,0,0,6.060606
2026-08-14 02:42:09,Simpang 2,lane_1,1,0,0,0,1,0,0,0,3.030303
2026-08-14 02:42:10,Simpang 4,lane_1,5,0,0,4,1,0,0,0,15.151515
2026-08-14 02:42:10,Simpang 4,lane_2,9,3,0,1,6,0,2,0,27.272727
2026-08-14 02:42:10,Simpang 4,lane_3,2,2,0,1,1,0,0,0,5.882353
2026-08-14 02:42:10,Simpang 1,lane_2,3,0,0,3,0,0,0,0,9.090909
2026-08-14 02:42:10,Simpang 1,lane_3,2,0,0,2,0,0,0,0,5.882353
2026-08-14 02:42:10,Simpang 2,lane_2,2,0,0,2,0,0,0,0,6.060606
2026-08-14 02:42:10,Simpang 2,lane_1,1,0,0,0,1,0,0,0,3.030303
2026-08-14 02:42:11,Simpang 4,lane_1,5,1,0,4,1,0,0,0,15.151515
2026-08-14 02:42:11,Simpang 4,lane_2,7,3,0,0,6,0,1,0,21.212121
2026-08-14 02:42:11,Simpang 4,lane_3,2,3,0,1,1,0,0,0,5.882353
2026-08-14 02:42:11,Simpang 1,lane_2,3,0,0,3,0,0,0,0,9.090909
2026-08-14 02:42:11,Simpang 1,lane_3,2,0,0,2,0,0,0,0,5.882353
2026-08-14 02:42:11,Simpang 2,lane_2,2,0,0,2,0,0,0,0,6.060606
2026-08-14 02:42:11,Simpang 2,lane_1,1,0,0,0,1,0,0,0,3.030303
2026-08-14 02:42:13,Simpang 2,lane_2,2,0,0,2,0,0,0,0,6.060606
2026-08-14 02:42:13,Simpang 2,lane_1,1,0,0,0,1,0,0,0,3.030303
2026-08-14 02:42:13,Simpang 1,lane_2,3,0,0,3,0,0,0,0,9.090909
2026-08-14 02:42:13,Simpang 1,lane_3,2,0,0,2,0,0,0,0,5.882353
2026-08-14 02:42:13,Simpang 4,lane_1,5,0,0,4,1,0,0,0,15.151515
2026-08-14 02:42:13,Simpang 4,lane_2,6,3,0,0,5,1,0,0,18.181818
2026-08-14 02:42:13,Simpang 4,lane_3,3,1,0,1,2,0,0,0,8.823529
2026-08-14 02:42:14,Simpang 2,lane_2,2,0,0,2,0,0,0,0,6.060606
2026-08-14 02:42:14,Simpang 2,lane_1,1,0,0,0,1,0,0,0,3.030303
2026-08-14 02:42:14,Simpang 1,lane_2,3,0,0,3,0,0,0,0,9.090909
2026-08-14 02:42:14,Simpang 1,lane_3,2,0,0,2,0,0,0,0,5.882353
2026-08-14 02:42:14,Simpang 4,lane_1,6,0,0,5,1,0,0,0,18.181818
2026-08-14 02:42:14,Simpang 4,lane_2,5,4,1,1,3,1,0,0,15.151515
2026-08-14 02:42:14,Simpang 4,lane_3,5,1,0,1,4,0,0,0,14.705882
2026-08-14 02:42:15,Simpang 2,lane_2,2,0,0,2,0,0,0,0,6.060606
2026-08-14 02:42:15,Simpang 2,lane_1,1,0,0,0,1,0,0,0,3.030303
2026-08-14 02:42:15,Simpang 1,lane_2,3,0,0,3,0,0,0,0,9.090909
2026-08-14 02:42:15,Simpang 1,lane_3,2,0,0,2,0,0,0,0,5.882353
2026-08-14 02:42:15,Simpang 4,lane_1,4,1,0,3,1,0,0,0,12.121212
2026-08-14 02:42:15,Simpang 4,lane_3,1,1,0,1,0,0,0,0,2.941176
2026-08-14 02:42:15,Simpang 4,lane_2,6,2,0,1,5,0,0,0,18.181818
2026-08-14 02:42:16,Simpang 2,lane_2,2,0,0,2,0,0,0,0,6.060606
2026-08-14 02:42:16,Simpang 2,lane_1,1,0,0,0,1,0,0,0,3.030303
2026-08-14 02:42:16,Simpang 1,lane_2,3,0,0,3,0,0,0,0,9.090909
2026-08-14 02:42:16,Simpang 1,lane_3,2,0,0,2,0,0,0,0,5.882353
2026-08-14 02:42:17,Simpang 4,lane_1,3,0,0,2,0,0,1,0,9.090909
2026-08-14 02:42:17,Simpang 4,lane_3,4,2,0,1,2,1,0,0,11.764706
2026-08-14 02:42:17,Simpang 4,lane_2,5,2,1,1,3,1,0,0,15.151515
2026-08-14 02:42:17,Simpang 2,lane_2,2,0,0,2,0,0,0,0,6.060606
2026-08-14 02:42:17,Simpang 2,lane_1,1,0,0,0,1,0,0,0,3.030303
2026-08-14 02:42:18,Simpang 1,lane_2,3,0,0,3,0,0,0,0,9.090909
2026-08-14 02:42:18,Simpang 1,lane_3,2,0,0,2,0,0,0,0,5.882353
2026-08-14 02:42:18,Simpang 4,lane_1,4,1,0,1,2,0,1,0,12.121212
2026-08-14 02:42:18,Simpang 4,lane_3,4,2,0,2,2,0,0,0,11.764706
2026-08-14 02:42:18,Simpang 4,lane_2,5,2,0,0,4,1,0,0,15.151515
2026-08-14 02:42:18,Simpang 2,lane_2,2,0,0,2,0,0,0,0,6.060606
2026-08-14 02:42:18,Simpang 2,lane_1,1,0,0,0,1,0,0,0,3.030303
2026-08-14 02:42:19,Simpang 1,lane_2,3,0,0,3,0,0,0,0,9.090909
2026-08-14 02:42:19,Simpang 1,lane_3,2,0,0,2,0,0,0,0,5.882353
2026-08-14 02:42:19,Simpang 4,lane_1,5,1,0,3,2,0,0,0,15.151515
2026-08-14 02:42:19,Simpang 4,lane_3,3,1,0,2,1,0,0,0,8.823529
2026-08-14 02:42:19,Simpang 4,lane_2,5,2,0,1,4,0,0,0,15.151515
2026-08-14 02:42:19,Simpang 2,lane_2,2,0,0,2,0,0,0,0,6.060606
2026-08-14 02:42:19,Simpang 2,lane_1,1,0,0,0,1,0,0,0,3.030303
2026-08-14 02:42:20,Simpang 1,lane_2,3,0,0,3,0,0,0,0,9.090909
2026-08-14 02:42:20,Simpang 1,lane_3,2,0,0,2,0,0,0,0,5.882353
2026-08-14 02:42:21,Simpang 2,lane_2,2,0,0,2,0,0,0,0,6.060606
2026-08-14 02:42:21,Simpang 2,lane_1,1,0,0,0,1,0,0,0,3.030303
2026-08-14 02:42:21,Simpang 4,lane_1,3,1,0,2,1,0,0,0,9.090909
2026-08-14 02:42:21,Simpang 4,lane_3,2,2,0,0,2,0,0,0,5.882353
2026-08-14 02:42:21,Simpang 4,lane_2,5,1,0,1,3,1,0,0,15.151515
2026-08-14 02:42:21,Simpang 1,lane_2,3,0,0,3,0,0,0,0,9.090909
2026-08-14 02:42:21,Simpang 1,lane_3,2,0,0,2,0,0,0,0,5.882353
2026-08-14 02:42:22,Simpang 2,lane_2,2,0,0,2,0,0,0,0,6.060606
2026-08-14 02:42:22,Simpang 2,lane_1,1,0,0,0,1,0,0,0,3.030303
2026-08-14 02:42:22,Simpang 4,lane_1,4,1,0,4,0,0,0,0,12.121212
2026-08-14 02:42:22,Simpang 4,lane_3,3,1,0,1,2,0,0,0,8.823529
2026-08-14 02:42:22,Simpang 4,lane_2,4,2,0,1,3,0,0,0,12.121212
2026-08-14 02:42:23,Simpang 1,lane_2,3,0,0,3,0,0,0,0,9.090909
2026-08-14 02:42:23,Simpang 1,lane_3,2,0,0,2,0,0,0,0,5.882353
2026-08-14 02:42:23,Simpang 2,lane_2,2,0,0,2,0,0,0,0,6.060606
2026-08-14 02:42:23,Simpang 2,lane_1,1,0,0,0,1,0,0,0,3.030303
2026-08-14 02:42:23,Simpang 4,lane_1,4,1,0,4,0,0,0,0,12.121212
2026-08-14 02:42:23,Simpang 4,lane_3,2,1,0,1,0,0,1,0,5.882353
2026-08-14 02:42:23,Simpang 4,lane_2,4,2,0,0,4,0,0,0,12.121212
2026-08-14 02:42:24,Simpang 2,lane_2,2,0,0,2,0,0,0,0,6.060606
2026-08-14 02:42:24,Simpang 2,lane_1,1,0,0,0,1,0,0,0,3.030303
2026-08-14 02:42:24,Simpang 1,lane_2,3,0,0,3,0,0,0,0,9.090909
2026-08-14 02:42:24,Simpang 1,lane_3,1,0,0,1,0,0,0,0,2.941176
2026-08-14 02:42:25,Simpang 4,lane_2,5,3,0,0,5,0,0,0,15.151515
2026-08-14 02:42:25,Simpang 4,lane_1,1,0,0,1,0,0,0,0,3.030303
2026-08-14 02:42:25,Simpang 4,lane_3,3,2,0,2,1,0,0,0,8.823529
2026-08-14 02:42:25,Simpang 2,lane_2,2,0,0,2,0,0,0,0,6.060606
2026-08-14 02:42:25,Simpang 2,lane_1,1,0,0,0,1,0,0,0,3.030303
2026-08-14 02:42:25,Simpang 1,lane_2,3,0,0,3,0,0,0,0,9.090909
2026-08-14 02:42:25,Simpang 1,lane_3,1,0,0,1,0,0,0,0,2.941176
2026-08-14 02:42:26,Simpang 2,lane_2,2,0,0,2,0,0,0,0,6.060606
2026-08-14 02:42:26,Simpang 2,lane_1,1,0,0,0,1,0,0,0,3.030303
2026-08-14 02:42:26,Simpang 4,lane_2,4,3,0,0,4,0,0,0,12.121212
2026-08-14 02:42:26,Simpang 4,lane_1,4,1,0,2,2,0,0,0,12.121212
2026-08-14 02:42:26,Simpang 4,lane_3,3,2,0,1,1,0,1,0,8.823529
2026-08-14 02:42:26,Simpang 1,lane_2,3,0,0,3,0,0,0,0,9.090909
2026-08-14 02:42:26,Simpang 1,lane_3,1,0,0,1,0,0,0,0,2.941176
2026-08-14 02:42:27,Simpang 2,lane_2,2,0,0,2,0,0,0,0,6.060606
2026-08-14 02:42:27,Simpang 2,lane_1,1,0,0,0,1,0,0,0,3.030303
2026-08-14 02:42:28,Simpang 4,lane_2,2,2,0,0,2,0,0,0,6.060606
2026-08-14 02:42:28,Simpang 4,lane_1,1,0,0,1,0,0,0,0,3.030303
2026-08-14 02:42:28,Simpang 4,lane_3,5,1,0,2,2,0,1,0,14.705882
2026-08-14 02:42:28,Simpang 1,lane_2,3,0,0,3,0,0,0,0,9.090909
2026-08-14 02:42:28,Simpang 1,lane_3,1,0,0,1,0,0,0,0,2.941176
2026-08-14 02:42:28,Simpang 2,lane_2,2,0,0,2,0,0,0,0,6.060606
2026-08-14 02:42:28,Simpang 2,lane_1,1,0,0,0,1,0,0,0,3.030303
2026-08-14 02:42:29,Simpang 1,lane_2,3,0,0,3,0,0,0,0,9.090909
2026-08-14 02:42:29,Simpang 1,lane_3,1,0,0,1,0,0,0,0,2.941176
2026-08-14 02:42:29,Simpang 4,lane_2,2,4,0,0,2,0,0,0,6.060606
2026-08-14 02:42:29,Simpang 4,lane_1,3,0,0,2,0,0,1,0,9.090909
2026-08-14 02:42:29,Simpang 4,lane_3,4,3,0,1,2,0,1,0,11.764706
2026-08-14 02:42:29,Simpang 2,lane_2,2,0,0,2,0,0,0,0,6.060606
2026-08-14 02:42:29,Simpang 2,lane_1,1,0,0,0,1,0,0,0,3.030303
2026-08-14 02:42:30,Simpang 1,lane_2,3,0,0,3,0,0,0,0,9.090909
2026-08-14 02:42:30,Simpang 1,lane_3,1,0,0,1,0,0,0,0,2.941176
2026-08-14 02:42:30,Simpang 4,lane_2,2,3,0,0,2,0,0,0,6.060606
2026-08-14 02:42:30,Simpang 4,lane_1,4,0,0,2,1,0,1,0,12.121212
2026-08-14 02:42:30,Simpang 4,lane_3,3,2,0,1,1,0,1,0,8.823529
2026-08-14 02:42:31,Simpang 2,lane_2,2,0,0,2,0,0,0,0,6.060606
2026-08-14 02:42:31,Simpang 2,lane_1,1,0,0,0,1,0,0,0,3.030303
2026-08-14 02:42:31,Simpang 4,lane_2,2,4,0,0,2,0,0,0,6.060606
2026-08-14 02:42:31,Simpang 4,lane_1,4,0,0,2,1,0,1,0,12.121212
2026-08-14 02:42:31,Simpang 4,lane_3,4,2,0,1,2,0,1,0,11.764706
2026-08-14 02:42:31,Simpang 1,lane_2,3,0,0,3,0,0,0,0,9.090909
2026-08-14 02:42:32,Simpang 2,lane_2,2,0,0,2,0,0,0,0,6.060606
2026-08-14 02:42:32,Simpang 2,lane_1,1,0,0,0,1,0,0,0,3.030303
2026-08-14 02:42:32,Simpang 4,lane_2,2,4,0,0,2,0,0,0,6.060606
2026-08-14 02:42:32,Simpang 4,lane_1,4,0,0,2,1,0,1,0,12.121212
2026-08-14 02:42:32,Simpang 4,lane_3,2,2,0,1,0,0,1,0,5.882353
2026-08-14 02:42:33,Simpang 1,lane_2,3,0,0,3,0,0,0,0,9.090909
2026-08-14 02:42:33,Simpang 4,lane_2,4,3,0,0,3,1,0,0,12.121212
2026-08-14 02:42:33,Simpang 4,lane_1,3,0,0,2,1,0,0,0,9.090909
2026-08-14 02:42:33,Simpang 4,lane_3,5,2,0,3,2,0,0,0,14.705882
2026-08-14 02:42:33,Simpang 2,lane_2,2,0,0,2,0,0,0,0,6.060606
2026-08-14 02:42:33,Simpang 2,lane_1,1,0,0,0,1,0,0,0,3.030303
2026-08-14 02:42:34,Simpang 1,lane_2,3,0,0,3,0,0,0,0,9.090909
2026-08-14 02:42:35,Simpang 2,lane_2,2,0,0,2,0,0,0,0,6.060606
2026-08-14 02:42:35,Simpang 2,lane_1,1,0,0,0,1,0,0,0,3.030303
2026-08-14 02:42:35,Simpang 4,lane_2,4,2,0,1,2,1,0,0,12.121212
2026-08-14 02:42:35,Simpang 4,lane_3,6,2,0,2,3,0,1,0,17.647059
2026-08-14 02:42:35,Simpang 4,lane_1,5,1,0,2,2,1,0,0,15.151515
2026-08-14 02:42:36,Simpang 2,lane_2,2,0,0,2,0,0,0,0,6.060606
2026-08-14 02:42:36,Simpang 2,lane_1,1,0,0,0,1,0,0,0,3.030303
2026-08-14 02:42:36,Simpang 1,lane_2,3,0,0,3,0,0,0,0,9.090909
2026-08-14 02:42:36,Simpang 1,lane_1,0,1,0,0,0,0,0,0,0.0
2026-08-14 02:42:36,Simpang 4,lane_3,5,1,0,3,2,0,0,0,14.705882
2026-08-14 02:42:36,Simpang 4,lane_2,3,4,0,0,2,0,1,0,9.090909
2026-08-14 02:42:36,Simpang 4,lane_1,4,0,0,2,2,0,0,0,12.121212
2026-08-14 02:42:37,Simpang 2,lane_2,2,0,0,2,0,0,0,0,6.060606
2026-08-14 02:42:37,Simpang 2,lane_1,1,0,0,0,1,0,0,0,3.030303
2026-08-14 02:42:37,Simpang 1,lane_2,3,0,0,3,0,0,0,0,9.090909
2026-08-14 02:42:38,Simpang 4,lane_2,5,3,0,1,4,0,0,0,15.151515
2026-08-14 02:42:38,Simpang 4,lane_3,2,1,0,0,1,0,1,0,5.882353
2026-08-14 02:42:38,Simpang 4,lane_1,2,0,0,1,1,0,0,0,6.060606
2026-08-14 02:42:38,Simpang 2,lane_2,2,0,0,2,0,0,0,0,6.060606
2026-08-14 02:42:38,Simpang 2,lane_1,1,0,0,0,1,0,0,0,3.030303
2026-08-14 02:42:38,Simpang 1,lane_2,3,0,0,3,0,0,0,0,9.090909
2026-08-14 02:42:39,Simpang 4,lane_2,4,3,0,1,3,0,0,0,12.121212
2026-08-14 02:42:39,Simpang 4,lane_3,2,1,0,0,1,0,1,0,5.882353
2026-08-14 02:42:39,Simpang 4,lane_1,1,0,0,0,1,0,0,0,3.030303
2026-08-14 02:42:39,Simpang 2,lane_2,2,0,0,2,0,0,0,0,6.060606
2026-08-14 02:42:39,Simpang 2,lane_1,1,0,0,0,1,0,0,0,3.030303
2026-08-14 02:42:39,Simpang 1,lane_2,3,0,0,3,0,0,0,0,9.090909
2026-08-14 02:42:40,Simpang 2,lane_2,2,0,0,2,0,0,0,0,6.060606
2026-08-14 02:42:40,Simpang 2,lane_1,1,0,0,0,1,0,0,0,3.030303
2026-08-14 02:42:40,Simpang 4,lane_2,5,2,0,1,4,0,0,0,15.151515
2026-08-14 02:42:40,Simpang 4,lane_3,4,1,0,0,3,0,1,0,11.764706
2026-08-14 02:42:40,Simpang 4,lane_1,1,0,0,0,1,0,0,0,3.030303
2026-08-14 02:42:41,Simpang 1,lane_2,3,0,0,3,0,0,0,0,9.090909
2026-08-14 02:42:41,Simpang 2,lane_2,2,0,0,2,0,0,0,0,6.060606
2026-08-14 02:42:41,Simpang 2,lane_1,1,0,0,0,1,0,0,0,3.030303
2026-08-14 02:42:42,Simpang 4,lane_2,6,4,0,1,4,0,1,0,18.181818
2026-08-14 02:42:42,Simpang 4,lane_1,2,0,0,0,2,0,0,0,6.060606
2026-08-14 02:42:42,Simpang 4,lane_3,3,0,0,0,1,0,2,0,8.823529
2026-08-14 02:42:42,Simpang 1,lane_2,3,0,0,3,0,0,0,0,9.090909
2026-08-14 02:42:42,Simpang 2,lane_2,2,0,0,2,0,0,0,0,6.060606
2026-08-14 02:42:42,Simpang 2,lane_1,1,0,0,0,1,0,0,0,3.030303
2026-08-14 02:42:43,Simpang 4,lane_2,3,2,0,1,2,0,0,0,9.090909
2026-08-14 02:42:43,Simpang 4,lane_1,3,0,0,0,3,0,0,0,9.090909
2026-08-14 02:42:43,Simpang 4,lane_3,5,0,0,2,2,0,1,0,14.705882
2026-08-14 02:42:43,Simpang 1,lane_2,3,0,0,3,0,0,0,0,9.090909
2026-08-14 02:42:44,Simpang 2,lane_2,2,0,0,2,0,0,0,0,6.060606
2026-08-14 02:42:44,Simpang 2,lane_1,1,0,0,0,1,0,0,0,3.030303
2026-08-14 02:42:44,Simpang 4,lane_2,3,2,0,1,2,0,0,0,9.090909
2026-08-14 02:42:44,Simpang 4,lane_3,5,0,0,2,1,0,2,0,14.705882
2026-08-14 02:42:44,Simpang 4,lane_1,1,1,0,0,1,0,0,0,3.030303
2026-08-14 02:42:45,Simpang 1,lane_2,3,0,0,3,0,0,0,0,9.090909
2026-08-14 02:42:45,Simpang 4,lane_2,2,2,0,1,1,0,0,0,6.060606
2026-08-14 02:42:45,Simpang 4,lane_3,4,0,0,2,1,0,1,0,11.764706
2026-08-14 02:42:45,Simpang 4,lane_1,1,1,0,0,1,0,0,0,3.030303
2026-08-14 02:42:45,Simpang 2,lane_2,2,0,0,2,0,0,0,0,6.060606
2026-08-14 02:42:45,Simpang 2,lane_1,1,0,0,0,1,0,0,0,3.030303
2026-08-14 02:42:46,Simpang 1,lane_2,3,0,0,3,0,0,0,0,9.090909
2026-08-14 02:42:46,Simpang 4,lane_2,4,2,0,2,2,0,0,0,12.121212
2026-08-14 02:42:46,Simpang 4,lane_3,3,0,0,1,1,0,1,0,8.823529
2026-08-14 02:42:46,Simpang 4,lane_1,3,1,0,0,3,0,0,0,9.090909
2026-08-14 02:42:47,Simpang 2,lane_2,2,0,0,2,0,0,0,0,6.060606
2026-08-14 02:42:47,Simpang 2,lane_1,1,0,0,0,1,0,0,0,3.030303
2026-08-14 02:42:47,Simpang 4,lane_2,4,1,0,2,2,0,0,0,12.121212
2026-08-14 02:42:47,Simpang 4,lane_3,3,0,0,1,1,0,1,0,8.823529
2026-08-14 02:42:47,Simpang 4,lane_1,3,1,0,0,3,0,0,0,9.090909
2026-08-14 02:42:47,Simpang 1,lane_2,3,0,0,3,0,0,0,0,9.090909
2026-08-14 02:42:48,Simpang 2,lane_2,2,0,0,2,0,0,0,0,6.060606
2026-08-14 02:42:48,Simpang 2,lane_1,1,0,0,0,1,0,0,0,3.030303
2026-08-14 02:42:48,Simpang 4,lane_2,3,1,0,2,1,0,0,0,9.090909
2026-08-14 02:42:48,Simpang 4,lane_3,3,0,0,1,1,0,1,0,8.823529
2026-08-14 02:42:48,Simpang 4,lane_1,2,1,0,0,2,0,0,0,6.060606
2026-08-14 02:42:49,Simpang 1,lane_2,3,0,0,3,0,0,0,0,9.090909
2026-08-14 02:42:49,Simpang 2,lane_2,2,0,0,2,0,0,0,0,6.060606
2026-08-14 02:42:49,Simpang 2,lane_1,1,0,0,0,1,0,0,0,3.030303
2026-08-14 02:42:50,Simpang 4,lane_2,5,1,0,2,2,0,1,0,15.151515
2026-08-14 02:42:50,Simpang 4,lane_3,4,0,0,1,2,0,1,0,11.764706
2026-08-14 02:42:50,Simpang 4,lane_1,2,1,0,0,2,0,0,0,6.060606
2026-08-14 02:42:50,Simpang 2,lane_2,2,0,0,2,0,0,0,0,6.060606
2026-08-14 02:42:50,Simpang 2,lane_1,1,0,0,0,1,0,0,0,3.030303
2026-08-14 02:42:50,Simpang 1,lane_2,3,0,0,3,0,0,0,0,9.090909
2026-08-14 02:42:50,Simpang 1,lane_1,1,0,0,1,0,0,0,0,3.030303
2026-08-14 02:42:51,Simpang 4,lane_2,5,1,0,3,2,0,0,0,15.151515
2026-08-14 02:42:51,Simpang 4,lane_3,4,0,0,1,2,0,1,0,11.764706
2026-08-14 02:42:51,Simpang 4,lane_1,1,0,0,0,1,0,0,0,3.030303
2026-08-14 02:42:51,Simpang 2,lane_2,2,0,0,2,0,0,0,0,6.060606
2026-08-14 02:42:51,Simpang 2,lane_1,1,0,0,0,1,0,0,0,3.030303
2026-08-14 02:42:51,Simpang 1,lane_2,3,0,0,3,0,0,0,0,9.090909
2026-08-14 02:42:51,Simpang 1,lane_3,1,0,0,1,0,0,0,0,2.941176
2026-08-14 02:42:52,Simpang 4,lane_2,3,2,0,2,1,0,0,0,9.090909
2026-08-14 02:42:52,Simpang 4,lane_1,3,0,0,1,2,0,0,0,9.090909
2026-08-14 02:42:52,Simpang 4,lane_3,2,0,0,1,0,0,1,0,5.882353
2026-08-14 02:42:52,Simpang 2,lane_2,2,0,0,2,0,0,0,0,6.060606
2026-08-14 02:42:52,Simpang 2,lane_1,1,0,0,0,1,0,0,0,3.030303
2026-08-14 02:42:53,Simpang 1,lane_2,3,0,0,3,0,0,0,0,9.090909
2026-08-14 02:42:53,Simpang 1,lane_3,1,0,0,1,0,0,0,0,2.941176
2026-08-14 02:42:53,Simpang 4,lane_2,2,2,0,2,0,0,0,0,6.060606
2026-08-14 02:42:53,Simpang 4,lane_1,3,1,0,2,1,0,0,0,9.090909
2026-08-14 02:42:53,Simpang 4,lane_3,3,0,0,1,1,0,1,0,8.823529
2026-08-14 02:42:53,Simpang 2,lane_2,2,0,0,2,0,0,0,0,6.060606
2026-08-14 02:42:53,Simpang 2,lane_1,1,0,0,0,1,0,0,0,3.030303
2026-08-14 02:42:54,Simpang 1,lane_2,3,0,0,3,0,0,0,0,9.090909
2026-08-14 02:42:54,Simpang 1,lane_3,1,0,0,1,0,0,0,0,2.941176
2026-08-14 02:42:54,Simpang 4,lane_2,2,1,0,2,0,0,0,0,6.060606
2026-08-14 02:42:54,Simpang 4,lane_1,2,0,0,1,1,0,0,0,6.060606
2026-08-14 02:42:54,Simpang 4,lane_3,4,1,0,1,2,0,1,0,11.764706
2026-08-14 02:42:54,Simpang 2,lane_2,2,0,0,2,0,0,0,0,6.060606
2026-08-14 02:42:54,Simpang 2,lane_1,1,0,0,0,1,0,0,0,3.030303
2026-08-14 02:42:55,Simpang 1,lane_2,4,0,0,4,0,0,0,0,12.121212
2026-08-14 02:42:55,Simpang 1,lane_3,1,0,0,1,0,0,0,0,2.941176
2026-08-14 02:42:56,Simpang 2,lane_2,2,0,0,2,0,0,0,0,6.060606
2026-08-14 02:42:56,Simpang 2,lane_1,1,0,0,0,1,0,0,0,3.030303
2026-08-14 02:42:56,Simpang 4,lane_2,3,0,0,2,1,0,0,0,9.090909
2026-08-14 02:42:56,Simpang 4,lane_1,3,0,0,1,2,0,0,0,9.090909
2026-08-14 02:42:56,Simpang 4,lane_3,4,1,0,1,2,0,1,0,11.764706
2026-08-14 02:42:56,Simpang 1,lane_2,4,0,0,3,1,0,0,0,12.121212
2026-08-14 02:42:56,Simpang 1,lane_3,1,0,0,1,0,0,0,0,2.941176
2026-08-14 02:42:57,Simpang 2,lane_2,2,0,0,2,0,0,0,0,6.060606
2026-08-14 02:42:57,Simpang 2,lane_1,1,0,0,0,1,0,0,0,3.030303
2026-08-14 02:42:57,Simpang 4,lane_2,4,0,0,2,2,0,0,0,12.121212
2026-08-14 02:42:57,Simpang 4,lane_1,2,0,0,1,1,0,0,0,6.060606
2026-08-14 02:42:57,Simpang 4,lane_3,3,1,0,0,2,0,1,0,8.823529
2026-08-14 02:42:58,Simpang 1,lane_2,4,0,0,3,1,0,0,0,12.121212
2026-08-14 02:42:58,Simpang 1,lane_3,1,0,0,1,0,0,0,0,2.941176
2026-08-14 02:42:58,Simpang 2,lane_2,2,0,0,2,0,0,0,0,6.060606
2026-08-14 02:42:58,Simpang 2,lane_1,1,0,0,0,1,0,0,0,3.030303
2026-08-14 02:42:58,Simpang 4,lane_2,4,0,0,2,2,0,0,0,12.121212
2026-08-14 02:42:58,Simpang 4,lane_1,3,0,0,1,2,0,0,0,9.090909
2026-08-14 02:42:58,Simpang 4,lane_3,4,1,0,0,3,0,1,0,11.764706
2026-08-14 02:42:59,Simpang 1,lane_2,3,0,0,3,0,0,0,0,9.090909
2026-08-14 02:42:59,Simpang 1,lane_3,1,0,0,1,0,0,0,0,2.941176
2026-08-14 02:42:59,Simpang 2,lane_2,2,0,0,2,0,0,0,0,6.060606
2026-08-14 02:42:59,Simpang 2,lane_1,1,0,0,0,1,0,0,0,3.030303
2026-08-14 02:42:59,Simpang 4,lane_2,3,0,0,2,1,0,0,0,9.090909
2026-08-14 02:42:59,Simpang 4,lane_1,3,0,0,1,2,0,0,0,9.090909
2026-08-14 02:42:59,Simpang 4,lane_3,3,2,0,0,2,0,1,0,8.823529
2026-08-14 02:43:00,Simpang 1,lane_2,4,0,0,4,0,0,0,0,12.121212
2026-08-14 02:43:00,Simpang 1,lane_3,1,0,0,1,0,0,0,0,2.941176
2026-08-14 02:43:00,Simpang 2,lane_2,2,0,0,2,0,0,0,0,6.060606
2026-08-14 02:43:00,Simpang 2,lane_1,1,0,0,0,1,0,0,0,3.030303
2026-08-14 02:43:01,Simpang 4,lane_2,3,0,0,2,1,0,0,0,9.090909
2026-08-14 02:43:01,Simpang 4,lane_1,2,0,0,1,1,0,0,0,6.060606
2026-08-14 02:43:01,Simpang 4,lane_3,3,2,0,0,2,0,1,0,8.823529
2026-08-14 02:43:01,Simpang 1,lane_2,4,0,0,4,0,0,0,0,12.121212
2026-08-14 02:43:01,Simpang 1,lane_3,1,0,0,1,0,0,0,0,2.941176
2026-08-14 02:43:01,Simpang 2,lane_2,2,0,0,2,0,0,0,0,6.060606
2026-08-14 02:43:01,Simpang 2,lane_1,1,0,0,0,1,0,0,0,3.030303
2026-08-14 02:43:02,Simpang 4,lane_2,2,0,0,2,0,0,0,0,6.060606
2026-08-14 02:43:02,Simpang 4,lane_1,3,0,0,1,2,0,0,0,9.090909
2026-08-14 02:43:02,Simpang 4,lane_3,3,1,0,0,2,0,1,0,8.823529
2026-08-14 02:43:02,Simpang 1,lane_2,4,0,0,4,0,0,0,0,12.121212
2026-08-14 02:43:02,Simpang 1,lane_3,1,0,0,1,0,0,0,0,2.941176
2026-08-14 02:43:03,Simpang 2,lane_2,2,0,0,2,0,0,0,0,6.060606
2026-08-14 02:43:03,Simpang 2,lane_1,1,0,0,0,1,0,0,0,3.030303
2026-08-14 02:43:03,Simpang 4,lane_2,2,0,0,2,0,0,0,0,6.060606
2026-08-14 02:43:03,Simpang 4,lane_1,2,0,0,1,1,0,0,0,6.060606
2026-08-14 02:43:03,Simpang 4,lane_3,5,0,0,0,4,0,1,0,14.705882
2026-08-14 02:43:04,Simpang 1,lane_2,4,0,0,4,0,0,0,0,12.121212
2026-08-14 02:43:04,Simpang 1,lane_3,1,0,0,1,0,0,0,0,2.941176
2026-08-14 02:43:04,Simpang 2,lane_2,2,0,0,2,0,0,0,0,6.060606
2026-08-14 02:43:04,Simpang 2,lane_1,1,0,0,0,1,0,0,0,3.030303
2026-08-14 02:43:05,Simpang 4,lane_2,2,0,0,2,0,0,0,0,6.060606
2026-08-14 02:43:05,Simpang 4,lane_1,2,0,0,1,1,0,0,0,6.060606
2026-08-14 02:43:05,Simpang 4,lane_3,4,3,0,0,3,0,1,0,11.764706
2026-08-14 02:43:06,Simpang 1,lane_2,4,0,0,4,0,0,0,0,12.121212
2026-08-14 02:43:06,Simpang 1,lane_3,1,0,0,1,0,0,0,0,2.941176
2026-08-14 02:43:06,Simpang 4,lane_2,3,0,0,2,1,0,0,0,9.090909
2026-08-14 02:43:06,Simpang 4,lane_1,2,0,0,1,1,0,0,0,6.060606
2026-08-14 02:43:06,Simpang 4,lane_3,4,2,0,0,3,0,1,0,11.764706
2026-08-14 02:43:06,Simpang 2,lane_2,2,0,0,2,0,0,0,0,6.060606
2026-08-14 02:43:06,Simpang 2,lane_1,1,0,0,0,1,0,0,0,3.030303
2026-08-14 02:43:07,Simpang 4,lane_2,2,0,0,2,0,0,0,0,6.060606
2026-08-14 02:43:07,Simpang 4,lane_1,2,0,0,1,1,0,0,0,6.060606
2026-08-14 02:43:07,Simpang 4,lane_3,3,3,0,1,1,0,1,0,8.823529
2026-08-14 02:43:07,Simpang 1,lane_2,3,0,0,3,0,0,0,0,9.090909
2026-08-14 02:43:07,Simpang 1,lane_3,1,0,0,1,0,0,0,0,2.941176
2026-08-14 02:43:07,Simpang 2,lane_2,2,0,0,2,0,0,0,0,6.060606
2026-08-14 02:43:07,Simpang 2,lane_1,1,0,0,0,1,0,0,0,3.030303
2026-08-14 02:43:08,Simpang 4,lane_2,4,1,0,3,1,0,0,0,12.121212
2026-08-14 02:43:08,Simpang 4,lane_3,3,3,0,0,2,0,1,0,8.823529
2026-08-14 02:43:08,Simpang 4,lane_1,2,0,0,1,1,0,0,0,6.060606
2026-08-14 02:43:09,Simpang 1,lane_2,4,0,0,4,0,0,0,0,12.121212
2026-08-14 02:43:09,Simpang 1,lane_3,1,0,0,1,0,0,0,0,2.941176
2026-08-14 02:43:09,Simpang 2,lane_2,2,0,0,2,0,0,0,0,6.060606
2026-08-14 02:43:09,Simpang 2,lane_1,1,0,0,0,1,0,0,0,3.030303
2026-08-14 02:43:09,Simpang 4,lane_2,3,0,0,2,1,0,0,0,9.090909
2026-08-14 02:43:09,Simpang 4,lane_3,3,4,0,0,2,0,1,0,8.823529
2026-08-14 02:43:09,Simpang 4,lane_1,2,0,0,1,1,0,0,0,6.060606
2026-08-14 02:43:10,Simpang 2,lane_2,2,0,0,2,0,0,0,0,6.060606
2026-08-14 02:43:10,Simpang 2,lane_1,1,0,0,0,1,0,0,0,3.030303
2026-08-14 02:43:10,Simpang 1,lane_2,4,0,0,4,0,0,0,0,12.121212
2026-08-14 02:43:10,Simpang 1,lane_3,1,0,0,1,0,0,0,0,2.941176
2026-08-14 02:43:10,Simpang 4,lane_2,4,1,0,3,1,0,0,0,12.121212
2026-08-14 02:43:10,Simpang 4,lane_3,3,3,0,0,2,0,1,0,8.823529
2026-08-14 02:43:10,Simpang 4,lane_1,1,0,0,1,0,0,0,0,3.030303
2026-08-14 02:43:11,Simpang 1,lane_2,4,0,0,4,0,0,0,0,12.121212
2026-08-14 02:43:11,Simpang 1,lane_3,1,0,0,1,0,0,0,0,2.941176
2026-08-14 02:43:12,Simpang 2,lane_2,2,0,0,2,0,0,0,0,6.060606
2026-08-14 02:43:12,Simpang 2,lane_1,1,0,0,0,1,0,0,0,3.030303
2026-08-14 02:43:12,Simpang 4,lane_2,4,0,0,3,1,0,0,0,12.121212
2026-08-14 02:43:12,Simpang 4,lane_3,4,3,0,1,2,0,1,0,11.764706
2026-08-14 02:43:12,Simpang 4,lane_1,4,0,0,2,2,0,0,0,12.121212
2026-08-14 02:43:12,Simpang 1,lane_2,3,0,0,3,0,0,0,0,9.090909
2026-08-14 02:43:12,Simpang 1,lane_3,1,0,0,1,0,0,0,0,2.941176
2026-08-14 02:43:13,Simpang 4,lane_2,3,1,0,2,1,0,0,0,9.090909
2026-08-14 02:43:13,Simpang 4,lane_3,5,4,0,1,3,0,1,0,14.705882
2026-08-14 02:43:13,Simpang 4,lane_1,4,0,0,2,2,0,0,0,12.121212
2026-08-14 02:43:13,Simpang 2,lane_2,2,0,0,2,0,0,0,0,6.060606
2026-08-14 02:43:13,Simpang 2,lane_1,1,0,0,0,1,0,0,0,3.030303
2026-08-14 02:43:14,Simpang 1,lane_2,3,0,0,3,0,0,0,0,9.090909
2026-08-14 02:43:14,Simpang 1,lane_3,1,0,0,1,0,0,0,0,2.941176
2026-08-14 02:43:14,Simpang 4,lane_1,5,0,0,3,2,0,0,0,15.151515
2026-08-14 02:43:14,Simpang 4,lane_3,6,3,0,1,4,0,1,0,17.647059
2026-08-14 02:43:14,Simpang 4,lane_2,3,2,0,2,1,0,0,0,9.090909
2026-08-14 02:43:15,Simpang 2,lane_2,2,0,0,2,0,0,0,0,6.060606
2026-08-14 02:43:15,Simpang 2,lane_1,1,0,0,0,1,0,0,0,3.030303
2026-08-14 02:43:15,Simpang 4,lane_1,4,0,0,3,1,0,0,0,12.121212
2026-08-14 02:43:15,Simpang 4,lane_3,4,4,0,1,2,0,1,0,11.764706
2026-08-14 02:43:15,Simpang 4,lane_2,4,1,0,3,1,0,0,0,12.121212
2026-08-14 02:43:16,Simpang 1,lane_2,3,0,0,3,0,0,0,0,9.090909
2026-08-14 02:43:16,Simpang 1,lane_3,1,0,0,1,0,0,0,0,2.941176
2026-08-14 02:43:16,Simpang 2,lane_2,2,0,0,2,0,0,0,0,6.060606
2026-08-14 02:43:16,Simpang 2,lane_1,1,0,0,0,1,0,0,0,3.030303
2026-08-14 02:43:17,Simpang 4,lane_1,4,0,0,3,1,0,0,0,12.121212
2026-08-14 02:43:17,Simpang 4,lane_3,5,2,0,1,3,0,1,0,14.705882
2026-08-14 02:43:17,Simpang 4,lane_2,5,3,0,1,4,0,0,0,15.151515
2026-08-14 02:43:17,Simpang 1,lane_2,3,0,0,3,0,0,0,0,9.090909
2026-08-14 02:43:17,Simpang 1,lane_3,1,0,0,1,0,0,0,0,2.941176
2026-08-14 02:43:18,Simpang 2,lane_2,2,0,0,2,0,0,0,0,6.060606
2026-08-14 02:43:18,Simpang 2,lane_1,1,0,0,0,1,0,0,0,3.030303
2026-08-14 02:43:18,Simpang 4,lane_1,4,0,0,3,1,0,0,0,12.121212
2026-08-14 02:43:18,Simpang 4,lane_3,3,1,0,1,1,0,1,0,8.823529
2026-08-14 02:43:18,Simpang 4,lane_2,4,4,0,2,2,0,0,0,12.121212
2026-08-14 02:43:19,Simpang 1,lane_2,3,0,0,3,0,0,0,0,9.090909
2026-08-14 02:43:19,Simpang 1,lane_3,1,1,0,1,0,0,0,0,2.941176
2026-08-14 02:43:19,Simpang 2,lane_2,2,0,0,2,0,0,0,0,6.060606
2026-08-14 02:43:19,Simpang 2,lane_1,1,0,0,0,1,0,0,0,3.030303
2026-08-14 02:43:19,Simpang 4,lane_1,3,0,0,3,0,0,0,0,9.090909
2026-08-14 02:43:19,Simpang 4,lane_3,4,1,0,1,2,0,1,0,11.764706
2026-08-14 02:43:19,Simpang 4,lane_2,3,3,0,1,2,0,0,0,9.090909
2026-08-14 02:43:20,Simpang 4,lane_1,3,0,0,2,1,0,0,0,9.090909
2026-08-14 02:43:20,Simpang 4,lane_3,3,1,0,1,1,0,1,0,8.823529
2026-08-14 02:43:20,Simpang 4,lane_2,4,4,0,2,2,0,0,0,12.121212
2026-08-14 02:43:20,Simpang 1,lane_2,3,0,0,3,0,0,0,0,9.090909
2026-08-14 02:43:20,Simpang 1,lane_3,1,1,0,1,0,0,0,0,2.941176
2026-08-14 02:43:21,Simpang 2,lane_2,2,0,0,2,0,0,0,0,6.060606
2026-08-14 02:43:21,Simpang 2,lane_1,1,0,0,0,1,0,0,0,3.030303
2026-08-14 02:43:21,Simpang 4,lane_1,3,0,0,3,0,0,0,0,9.090909
2026-08-14 02:43:21,Simpang 4,lane_3,3,2,0,1,1,0,1,0,8.823529
2026-08-14 02:43:21,Simpang 4,lane_2,4,3,0,2,2,0,0,0,12.121212
2026-08-14 02:43:22,Simpang 1,lane_2,3,0,0,3,0,0,0,0,9.090909
2026-08-14 02:43:22,Simpang 1,lane_3,1,1,0,1,0,0,0,0,2.941176
2026-08-14 02:43:22,Simpang 1,lane_1,1,0,0,1,0,0,0,0,3.030303
2026-08-14 02:43:22,Simpang 2,lane_2,2,0,0,2,0,0,0,0,6.060606
2026-08-14 02:43:22,Simpang 2,lane_1,1,0,0,0,1,0,0,0,3.030303
2026-08-14 02:43:23,Simpang 4,lane_1,3,0,0,2,1,0,0,0,9.090909
2026-08-14 02:43:23,Simpang 4,lane_3,3,2,0,1,1,0,1,0,8.823529
2026-08-14 02:43:23,Simpang 4,lane_2,6,4,0,2,4,0,0,0,18.181818
2026-08-14 02:43:23,Simpang 1,lane_2,3,0,0,3,0,0,0,0,9.090909
2026-08-14 02:43:23,Simpang 1,lane_3,1,1,0,1,0,0,0,0,2.941176
2026-08-14 02:43:23,Simpang 2,lane_2,2,0,0,2,0,0,0,0,6.060606
2026-08-14 02:43:23,Simpang 2,lane_1,1,0,0,0,1,0,0,0,3.030303
2026-08-14 02:43:24,Simpang 4,lane_1,3,0,0,2,1,0,0,0,9.090909
2026-08-14 02:43:24,Simpang 4,lane_3,3,2,0,1,1,0,1,0,8.823529
2026-08-14 02:43:24,Simpang 4,lane_2,6,5,0,2,4,0,0,0,18.181818
2026-08-14 02:43:25,Simpang 2,lane_2,2,0,0,2,0,0,0,0,6.060606
2026-08-14 02:43:25,Simpang 2,lane_1,1,0,0,0,1,0,0,0,3.030303
2026-08-14 02:43:25,Simpang 1,lane_2,4,0,0,4,0,0,0,0,12.121212
2026-08-14 02:43:25,Simpang 1,lane_3,1,1,0,1,0,0,0,0,2.941176
2026-08-14 02:43:25,Simpang 4,lane_1,3,0,0,2,1,0,0,0,9.090909
2026-08-14 02:43:25,Simpang 4,lane_2,7,4,0,2,5,0,0,0,21.212121
2026-08-14 02:43:25,Simpang 4,lane_3,2,1,0,1,0,0,1,0,5.882353
2026-08-14 02:43:27,Simpang 4,lane_1,3,0,0,2,1,0,0,0,9.090909
2026-08-14 02:43:27,Simpang 4,lane_2,6,4,0,2,4,0,0,0,18.181818
2026-08-14 02:43:27,Simpang 4,lane_3,3,2,0,1,0,1,1,0,8.823529
2026-08-14 02:43:27,Simpang 2,lane_2,2,0,0,2,0,0,0,0,6.060606
2026-08-14 02:43:27,Simpang 2,lane_1,1,0,0,0,1,0,0,0,3.030303
2026-08-14 02:43:27,Simpang 1,lane_2,3,0,0,3,0,0,0,0,9.090909
2026-08-14 02:43:27,Simpang 1,lane_3,1,0,0,1,0,0,0,0,2.941176
2026-08-14 02:43:28,Simpang 4,lane_1,3,0,0,2,1,0,0,0,9.090909
2026-08-14 02:43:28,Simpang 4,lane_2,5,4,0,0,4,0,1,0,15.151515
2026-08-14 02:43:28,Simpang 4,lane_3,3,2,0,1,0,1,1,0,8.823529
2026-08-14 02:43:28,Simpang 2,lane_2,2,0,0,2,0,0,0,0,6.060606
2026-08-14 02:43:28,Simpang 2,lane_1,1,0,0,0,1,0,0,0,3.030303
2026-08-14 02:43:28,Simpang 1,lane_2,5,0,0,5,0,0,0,0,15.151515
2026-08-14 02:43:28,Simpang 1,lane_3,1,0,0,1,0,0,0,0,2.941176
2026-08-14 02:43:29,Simpang 4,lane_1,4,0,0,3,1,0,0,0,12.121212
2026-08-14 02:43:29,Simpang 4,lane_2,4,4,0,0,3,0,1,0,12.121212
2026-08-14 02:43:29,Simpang 4,lane_3,1,2,0,0,0,1,0,0,2.941176
2026-08-14 02:43:30,Simpang 2,lane_2,2,0,0,2,0,0,0,0,6.060606
2026-08-14 02:43:30,Simpang 2,lane_1,1,0,0,0,1,0,0,0,3.030303
2026-08-14 02:43:30,Simpang 1,lane_2,5,0,0,5,0,0,0,0,15.151515
2026-08-14 02:43:30,Simpang 1,lane_3,1,0,0,1,0,0,0,0,2.941176
2026-08-14 02:43:31,Simpang 4,lane_1,4,0,0,3,1,0,0,0,12.121212
2026-08-14 02:43:31,Simpang 4,lane_2,5,4,0,0,4,0,1,0,15.151515
2026-08-14 02:43:31,Simpang 4,lane_3,2,2,0,1,0,0,1,0,5.882353
2026-08-14 02:43:32,Simpang 2,lane_2,2,0,0,2,0,0,0,0,6.060606
2026-08-14 02:43:32,Simpang 2,lane_1,1,0,0,0,1,0,0,0,3.030303
2026-08-14 02:43:32,Simpang 1,lane_2,5,0,0,5,0,0,0,0,15.151515
2026-08-14 02:43:32,Simpang 1,lane_3,1,0,0,1,0,0,0,0,2.941176
2026-08-14 02:43:33,Simpang 4,lane_1,4,0,0,2,2,0,0,0,12.121212
2026-08-14 02:43:33,Simpang 4,lane_2,6,4,0,1,4,0,1,0,18.181818
2026-08-14 02:43:33,Simpang 4,lane_3,4,1,0,1,2,1,0,0,11.764706
2026-08-14 02:43:33,Simpang 2,lane_2,2,0,0,2,0,0,0,0,6.060606
2026-08-14 02:43:33,Simpang 2,lane_1,1,0,0,0,1,0,0,0,3.030303
2026-08-14 02:43:33,Simpang 1,lane_2,5,0,0,5,0,0,0,0,15.151515
2026-08-14 02:43:33,Simpang 1,lane_3,1,0,0,1,0,0,0,0,2.941176
2026-08-14 02:43:34,Simpang 4,lane_1,4,1,0,2,2,0,0,0,12.121212
2026-08-14 02:43:34,Simpang 4,lane_2,8,3,0,2,5,0,1,0,24.242424
2026-08-14 02:43:34,Simpang 4,lane_3,5,1,0,1,2,1,1,0,14.705882
2026-08-14 02:43:35,Simpang 1,lane_2,5,0,0,5,0,0,0,0,15.151515
2026-08-14 02:43:35,Simpang 1,lane_3,1,0,0,1,0,0,0,0,2.941176
2026-08-14 02:43:35,Simpang 2,lane_2,2,0,0,2,0,0,0,0,6.060606
2026-08-14 02:43:35,Simpang 2,lane_1,1,0,0,0,1,0,0,0,3.030303
2026-08-14 02:43:36,Simpang 4,lane_1,4,1,0,2,2,0,0,0,12.121212
2026-08-14 02:43:36,Simpang 4,lane_2,5,3,0,1,4,0,0,0,15.151515
2026-08-14 02:43:36,Simpang 4,lane_3,4,1,0,0,2,1,1,0,11.764706
2026-08-14 02:43:38,Simpang 1,lane_2,5,0,0,5,0,0,0,0,15.151515
2026-08-14 02:43:38,Simpang 1,lane_3,1,0,0,1,0,0,0,0,2.941176
2026-08-14 02:43:38,Simpang 2,lane_2,2,0,0,2,0,0,0,0,6.060606
2026-08-14 02:43:38,Simpang 2,lane_1,1,0,0,0,1,0,0,0,3.030303
2026-08-14 02:43:41,Simpang 4,lane_1,3,0,0,2,1,0,0,0,9.090909
2026-08-14 02:43:41,Simpang 4,lane_2,7,3,0,1,5,0,1,0,21.212121
2026-08-14 02:43:41,Simpang 4,lane_3,2,2,0,0,0,1,1,0,5.882353
2026-08-14 02:43:46,Simpang 1,lane_2,5,0,0,5,0,0,0,0,15.151515
2026-08-14 02:43:46,Simpang 1,lane_3,1,0,0,1,0,0,0,0,2.941176
2026-08-14 02:43:46,Simpang 2,lane_2,2,0,0,2,0,0,0,0,6.060606
2026-08-14 02:43:46,Simpang 2,lane_1,1,0,0,0,1,0,0,0,3.030303
2026-08-14 02:43:47,Simpang 4,lane_1,2,0,0,2,0,0,0,0,6.060606
2026-08-14 02:43:47,Simpang 4,lane_2,7,3,0,1,5,0,1,0,21.212121
2026-08-14 02:43:47,Simpang 4,lane_3,2,2,0,1,1,0,0,0,5.882353
2026-08-14 02:43:49,Simpang 2,lane_2,2,0,0,2,0,0,0,0,6.060606
2026-08-14 02:43:49,Simpang 2,lane_1,1,0,0,0,1,0,0,0,3.030303
2026-08-14 02:43:49,Simpang 1,lane_2,5,0,0,5,0,0,0,0,15.151515
2026-08-14 02:43:49,Simpang 1,lane_3,1,0,0,1,0,0,0,0,2.941176
2026-08-14 02:43:51,Simpang 4,lane_1,3,0,0,2,1,0,0,0,9.090909
2026-08-14 02:43:51,Simpang 4,lane_2,7,3,0,1,5,0,1,0,21.212121
2026-08-14 02:43:51,Simpang 4,lane_3,3,2,0,1,1,1,0,0,8.823529
2026-08-14 02:43:57,Simpang 2,lane_2,2,0,0,2,0,0,0,0,6.060606
2026-08-14 02:43:57,Simpang 2,lane_1,1,0,0,0,1,0,0,0,3.030303
2026-08-14 02:43:57,Simpang 1,lane_2,5,0,0,5,0,0,0,0,15.151515
2026-08-14 02:43:57,Simpang 1,lane_3,1,0,0,1,0,0,0,0,2.941176
2026-08-14 02:43:59,Simpang 4,lane_1,3,0,0,2,1,0,0,0,9.090909
2026-08-14 02:43:59,Simpang 4,lane_2,6,3,0,1,4,0,1,0,18.181818
2026-08-14 02:43:59,Simpang 4,lane_3,3,2,0,1,1,1,0,0,8.823529
2026-08-14 02:44:03,Simpang 2,lane_2,2,0,0,2,0,0,0,0,6.060606
2026-08-14 02:44:03,Simpang 2,lane_1,1,0,0,0,1,0,0,0,3.030303
2026-08-14 02:44:04,Simpang 1,lane_2,5,0,0,5,0,0,0,0,15.151515
2026-08-14 02:44:04,Simpang 1,lane_3,1,0,0,1,0,0,0,0,2.941176
2026-08-14 02:44:04,Simpang 4,lane_1,2,0,0,2,0,0,0,0,6.060606
2026-08-14 02:44:04,Simpang 4,lane_2,6,2,0,1,4,0,1,0,18.181818
2026-08-14 02:44:04,Simpang 4,lane_3,3,2,0,1,1,1,0,0,8.823529
2026-08-14 02:44:05,Simpang 2,lane_2,2,0,0,2,0,0,0,0,6.060606
2026-08-14 02:44:05,Simpang 2,lane_1,1,0,0,0,1,0,0,0,3.030303
2026-08-14 02:44:05,Simpang 4,lane_1,2,0,0,2,0,0,0,0,6.060606
2026-08-14 02:44:05,Simpang 4,lane_2,6,3,0,1,4,0,1,0,18.181818
2026-08-14 02:44:05,Simpang 4,lane_3,4,2,0,1,2,1,0,0,11.764706
2026-08-14 02:44:05,Simpang 1,lane_2,5,0,0,5,0,0,0,0,15.151515
2026-08-14 02:44:05,Simpang 1,lane_3,1,0,0,1,0,0,0,0,2.941176
2026-08-14 02:44:08,Simpang 4,lane_1,3,0,0,2,1,0,0,0,9.090909
2026-08-14 02:44:08,Simpang 4,lane_2,6,4,0,1,4,0,1,0,18.181818
2026-08-14 02:44:08,Simpang 4,lane_3,2,1,0,1,0,1,0,0,5.882353
2026-08-14 02:44:08,Simpang 2,lane_2,2,0,0,2,0,0,0,0,6.060606
2026-08-14 02:44:08,Simpang 2,lane_1,1,0,0,0,1,0,0,0,3.030303
2026-08-14 02:44:09,Simpang 1,lane_2,5,0,0,5,0,0,0,0,15.151515
2026-08-14 02:44:09,Simpang 1,lane_3,1,0,0,1,0,0,0,0,2.941176
2026-08-14 02:44:14,Simpang 4,lane_1,2,0,0,2,0,0,0,0,6.060606
2026-08-14 02:44:14,Simpang 4,lane_2,7,4,0,1,5,0,1,0,21.212121
2026-08-14 02:44:14,Simpang 4,lane_3,4,2,0,1,2,1,0,0,11.764706
2026-08-14 02:44:15,Simpang 2,lane_2,2,0,0,2,0,0,0,0,6.060606
2026-08-14 02:44:15,Simpang 2,lane_1,1,0,0,0,1,0,0,0,3.030303
2026-08-14 02:44:16,Simpang 1,lane_2,6,0,0,6,0,0,0,0,18.181818
2026-08-14 02:44:16,Simpang 1,lane_3,1,0,0,1,0,0,0,0,2.941176
2026-08-14 02:44:18,Simpang 4,lane_1,2,0,0,2,0,0,0,0,6.060606
2026-08-14 02:44:18,Simpang 4,lane_2,7,4,0,1,5,0,1,0,21.212121
2026-08-14 02:44:18,Simpang 4,lane_3,5,2,0,1,3,1,0,0,14.705882
2026-08-14 02:44:18,Simpang 2,lane_2,2,0,0,2,0,0,0,0,6.060606
2026-08-14 02:44:18,Simpang 2,lane_1,1,0,0,0,1,0,0,0,3.030303
2026-08-14 02:44:19,Simpang 1,lane_2,6,0,0,6,0,0,0,0,18.181818
2026-08-14 02:44:19,Simpang 1,lane_3,1,0,0,1,0,0,0,0,2.941176
2026-08-14 02:44:20,Simpang 4,lane_1,3,0,0,2,1,0,0,0,9.090909
2026-08-14 02:44:20,Simpang 4,lane_2,7,4,0,1,5,0,1,0,21.212121
2026-08-14 02:44:20,Simpang 4,lane_3,4,2,0,1,2,1,0,0,11.764706
2026-08-14 02:44:20,Simpang 2,lane_2,2,0,0,2,0,0,0,0,6.060606
2026-08-14 02:44:20,Simpang 2,lane_1,1,0,0,0,1,0,0,0,3.030303
2026-08-14 02:44:20,Simpang 1,lane_2,3,0,0,3,0,0,0,0,9.090909
2026-08-14 02:44:20,Simpang 1,lane_3,1,0,0,1,0,0,0,0,2.941176
2026-08-14 02:44:21,Simpang 4,lane_1,2,0,0,2,0,0,0,0,6.060606
2026-08-14 02:44:21,Simpang 4,lane_2,7,4,0,1,5,0,1,0,21.212121
2026-08-14 02:44:21,Simpang 4,lane_3,4,1,0,1,2,1,0,0,11.764706
2026-08-14 02:44:21,Simpang 2,lane_2,2,0,0,2,0,0,0,0,6.060606
2026-08-14 02:44:21,Simpang 2,lane_1,1,0,0,0,1,0,0,0,3.030303
2026-08-14 02:44:22,Simpang 1,lane_2,3,0,0,3,0,0,0,0,9.090909
2026-08-14 02:44:22,Simpang 1,lane_3,1,0,0,1,0,0,0,0,2.941176
2026-08-14 02:44:23,Simpang 4,lane_1,2,0,0,2,0,0,0,0,6.060606
2026-08-14 02:44:23,Simpang 4,lane_2,8,5,0,1,6,0,1,0,24.242424
2026-08-14 02:44:23,Simpang 4,lane_3,4,0,0,1,2,1,0,0,11.764706
2026-08-14 02:44:26,Simpang 2,lane_2,2,0,0,2,0,0,0,0,6.060606
2026-08-14 02:44:26,Simpang 2,lane_1,1,0,0,0,1,0,0,0,3.030303
2026-08-14 02:44:27,Simpang 1,lane_2,3,0,0,3,0,0,0,0,9.090909
2026-08-14 02:44:27,Simpang 1,lane_3,1,0,0,1,0,0,0,0,2.941176
2026-08-14 02:44:28,Simpang 4,lane_1,3,0,0,2,1,0,0,0,9.090909
2026-08-14 02:44:28,Simpang 4,lane_2,7,4,0,1,5,0,1,0,21.212121
2026-08-14 02:44:28,Simpang 4,lane_3,3,2,0,1,1,0,1,0,8.823529
2026-08-14 03:07:32,Simpang 1,lane_2,3,0,0,3,0,0,0,0,9.090909
2026-08-14 03:07:32,Simpang 1,lane_3,1,0,0,1,0,0,0,0,2.941176
2026-08-14 03:07:33,Simpang 2,lane_2,2,0,0,1,1,0,0,0,6.060606
2026-08-14 03:07:33,Simpang 2,lane_3,1,1,0,1,0,0,0,0,2.941176
2026-08-14 03:07:33,Simpang 3,lane_2,3,0,0,3,0,0,0,0,9.090909
2026-08-14 03:07:33,Simpang 3,lane_3,2,2,0,1,1,0,0,0,5.882353
2026-08-14 03:07:33,Simpang 4,lane_1,2,4,0,0,2,0,0,0,6.060606
2026-08-14 03:07:33,Simpang 4,lane_2,7,5,0,3,4,0,0,0,21.212121
2026-08-14 03:07:33,Simpang 4,lane_3,4,2,0,1,3,0,0,0,11.764706
2026-08-14 03:07:34,Simpang 2,lane_2,2,0,0,1,1,0,0,0,6.060606
2026-08-14 03:07:34,Simpang 2,lane_3,1,0,0,1,0,0,0,0,2.941176
2026-08-14 03:07:34,Simpang 1,lane_2,3,0,0,3,0,0,0,0,9.090909
2026-08-14 03:07:34,Simpang 1,lane_3,1,0,0,1,0,0,0,0,2.941176
2026-08-14 03:07:35,Simpang 4,lane_1,3,4,0,0,3,0,0,0,9.090909
2026-08-14 03:07:35,Simpang 4,lane_2,6,4,0,3,3,0,0,0,18.181818
2026-08-14 03:07:35,Simpang 4,lane_3,5,2,0,1,4,0,0,0,14.705882
2026-08-14 03:07:35,Simpang 3,lane_2,3,0,0,3,0,0,0,0,9.090909
2026-08-14 03:07:35,Simpang 3,lane_3,2,2,0,1,1,0,0,0,5.882353
2026-08-14 03:07:36,Simpang 1,lane_2,3,0,0,3,0,0,0,0,9.090909
2026-08-14 03:07:36,Simpang 1,lane_3,1,0,0,1,0,0,0,0,2.941176
2026-08-14 03:07:36,Simpang 2,lane_2,2,0,0,1,1,0,0,0,6.060606
2026-08-14 03:07:36,Simpang 2,lane_3,1,0,0,1,0,0,0,0,2.941176
2026-08-14 03:07:37,Simpang 4,lane_1,2,4,0,0,2,0,0,0,6.060606
2026-08-14 03:07:37,Simpang 4,lane_2,7,2,0,3,4,0,0,0,21.212121
2026-08-14 03:07:37,Simpang 4,lane_3,4,2,0,2,2,0,0,0,11.764706
2026-08-14 03:07:37,Simpang 3,lane_2,3,0,0,3,0,0,0,0,9.090909
2026-08-14 03:07:37,Simpang 3,lane_3,3,2,0,1,2,0,0,0,8.823529
2026-08-14 03:07:38,Simpang 4,lane_1,3,4,0,0,3,0,0,0,9.090909
2026-08-14 03:07:38,Simpang 4,lane_2,6,2,0,3,3,0,0,0,18.181818
2026-08-14 03:07:38,Simpang 4,lane_3,3,2,0,2,1,0,0,0,8.823529
2026-08-14 03:07:38,Simpang 3,lane_2,3,0,0,3,0,0,0,0,9.090909
2026-08-14 03:07:38,Simpang 3,lane_3,2,3,0,0,2,0,0,1,5.882353
2026-08-14 03:07:38,Simpang 1,lane_2,3,0,0,3,0,0,0,0,9.090909
2026-08-14 03:07:38,Simpang 1,lane_3,1,0,0,1,0,0,0,0,2.941176
2026-08-14 03:07:39,Simpang 2,lane_2,1,0,0,1,0,0,0,0,3.030303
2026-08-14 03:07:39,Simpang 2,lane_3,2,0,0,1,1,0,0,0,5.882353
2026-08-14 03:07:41,Simpang 4,lane_1,3,3,0,0,3,0,0,0,9.090909
2026-08-14 03:07:41,Simpang 4,lane_2,6,2,0,3,3,0,0,0,18.181818
2026-08-14 03:07:41,Simpang 4,lane_3,6,2,0,3,3,0,0,0,17.647059
2026-08-14 03:07:42,Simpang 3,lane_2,5,0,0,5,0,0,0,0,15.151515
2026-08-14 03:07:42,Simpang 3,lane_3,2,2,0,0,2,0,0,1,5.882353
2026-08-14 03:07:44,Simpang 1,lane_2,3,0,0,3,0,0,0,0,9.090909
2026-08-14 03:07:44,Simpang 1,lane_3,1,0,0,1,0,0,0,0,2.941176
2026-08-14 03:07:46,Simpang 2,lane_2,1,0,0,1,0,0,0,0,3.030303
2026-08-14 03:07:46,Simpang 2,lane_3,2,0,0,1,1,0,0,0,5.882353
2026-08-14 03:07:50,Simpang 4,lane_2,6,2,0,3,3,0,0,0,18.181818
2026-08-14 03:07:50,Simpang 4,lane_1,3,3,0,0,3,0,0,0,9.090909
2026-08-14 03:07:50,Simpang 4,lane_3,4,2,0,1,2,0,1,0,11.764706
2026-08-14 03:07:50,Simpang 3,lane_2,4,0,0,4,0,0,0,0,12.121212
2026-08-14 03:07:50,Simpang 3,lane_3,2,2,0,0,2,0,0,1,5.882353
2026-08-14 03:07:52,Simpang 1,lane_2,3,0,0,3,0,0,0,0,9.090909
2026-08-14 03:07:52,Simpang 1,lane_3,1,0,0,1,0,0,0,0,2.941176
2026-08-14 03:07:54,Simpang 2,lane_2,1,0,0,1,0,0,0,0,3.030303
2026-08-14 03:07:54,Simpang 2,lane_3,2,0,0,1,1,0,0,0,5.882353
2026-08-14 03:07:57,Simpang 4,lane_2,5,2,0,3,2,0,0,0,15.151515
2026-08-14 03:07:57,Simpang 4,lane_1,2,3,0,0,2,0,0,0,6.060606
2026-08-14 03:07:57,Simpang 4,lane_3,6,2,0,3,2,0,1,0,17.647059
2026-08-14 03:07:57,Simpang 3,lane_2,5,0,0,5,0,0,0,0,15.151515
2026-08-14 03:07:57,Simpang 3,lane_3,2,2,0,0,2,0,0,2,5.882353
2026-08-14 03:07:59,Simpang 1,lane_2,3,0,0,3,0,0,0,0,9.090909
2026-08-14 03:07:59,Simpang 1,lane_3,1,0,0,1,0,0,0,0,2.941176
2026-08-14 03:08:01,Simpang 2,lane_2,1,0,0,1,0,0,0,0,3.030303
2026-08-14 03:08:01,Simpang 2,lane_3,2,0,0,1,1,0,0,0,5.882353
2026-08-14 03:08:04,Simpang 3,lane_2,5,0,0,5,0,0,0,0,15.151515
2026-08-14 03:08:04,Simpang 3,lane_3,2,2,0,0,2,0,0,2,5.882353
2026-08-14 03:08:04,Simpang 4,lane_2,5,2,0,3,2,0,0,0,15.151515
2026-08-14 03:08:04,Simpang 4,lane_1,2,2,0,0,2,0,0,0,6.060606
2026-08-14 03:08:04,Simpang 4,lane_3,7,1,0,3,3,0,1,0,20.588235
2026-08-14 11:45:28,Simpang 2,lane_2,2,0,0,1,1,0,0,0,6.060606
2026-08-14 11:45:28,Simpang 2,lane_3,1,1,0,1,0,0,0,0,2.941176
2026-08-14 11:45:28,Simpang 1,lane_2,3,0,0,3,0,0,0,0,9.090909
2026-08-14 11:45:28,Simpang 1,lane_3,1,0,0,1,0,0,0,0,2.941176
2026-08-14 11:45:28,Simpang 4,lane_1,6,0,0,0,6,0,0,0,18.181818
2026-08-14 11:45:28,Simpang 4,lane_2,11,1,0,3,8,0,0,0,33.333333
2026-08-14 11:45:28,Simpang 4,lane_3,6,0,0,1,5,0,0,0,17.647059
2026-08-14 11:45:28,Simpang 3,lane_2,3,0,0,3,0,0,0,0,9.090909
2026-08-14 11:45:28,Simpang 3,lane_3,3,1,0,1,2,0,0,0,8.823529
2026-08-14 11:45:29,Simpang 4,lane_1,4,0,0,0,4,0,0,0,12.121212
2026-08-14 11:45:29,Simpang 4,lane_2,10,0,0,3,7,0,0,0,30.30303
2026-08-14 11:45:29,Simpang 4,lane_3,6,0,0,1,5,0,0,0,17.647059
2026-08-14 11:45:29,Simpang 1,lane_2,3,0,0,3,0,0,0,0,9.090909
2026-08-14 11:45:29,Simpang 1,lane_3,1,0,0,1,0,0,0,0,2.941176
2026-08-14 11:45:29,Simpang 2,lane_2,2,0,0,1,1,0,0,0,6.060606
2026-08-14 11:45:29,Simpang 2,lane_3,1,0,0,1,0,0,0,0,2.941176
2026-08-14 11:45:30,Simpang 3,lane_2,3,0,0,3,0,0,0,0,9.090909
2026-08-14 11:45:30,Simpang 3,lane_3,3,1,0,1,2,0,0,0,8.823529
2026-08-14 11:45:30,Simpang 4,lane_1,5,0,0,0,5,0,0,0,15.151515
2026-08-14 11:45:30,Simpang 4,lane_2,8,0,0,3,5,0,0,0,24.242424
2026-08-14 11:45:30,Simpang 4,lane_3,6,0,0,2,4,0,0,0,17.647059
2026-08-14 11:45:31,Simpang 1,lane_2,3,0,0,3,0,0,0,0,9.090909
2026-08-14 11:45:31,Simpang 1,lane_3,1,0,0,1,0,0,0,0,2.941176
2026-08-14 11:45:31,Simpang 2,lane_2,2,0,0,1,1,0,0,0,6.060606
2026-08-14 11:45:31,Simpang 2,lane_3,1,0,0,1,0,0,0,0,2.941176
2026-08-14 11:45:31,Simpang 3,lane_2,3,0,0,3,0,0,0,0,9.090909
2026-08-14 11:45:31,Simpang 3,lane_3,5,0,0,1,4,0,0,0,14.705882
2026-08-14 11:45:31,Simpang 4,lane_1,6,0,0,0,6,0,0,0,18.181818
2026-08-14 11:45:31,Simpang 4,lane_2,8,0,0,3,5,0,0,0,24.242424
2026-08-14 11:45:31,Simpang 4,lane_3,7,0,0,3,4,0,0,0,20.588235
2026-08-14 11:45:32,Simpang 3,lane_2,5,0,0,5,0,0,0,0,15.151515
2026-08-14 11:45:32,Simpang 3,lane_3,4,0,0,0,4,0,0,1,11.764706
2026-08-14 11:45:32,Simpang 1,lane_2,3,0,0,3,0,0,0,0,9.090909
2026-08-14 11:45:32,Simpang 1,lane_3,1,0,0,1,0,0,0,0,2.941176
2026-08-14 11:45:32,Simpang 2,lane_2,1,0,0,1,0,0,0,0,3.030303
2026-08-14 11:45:32,Simpang 2,lane_3,2,0,0,1,1,0,0,0,5.882353
2026-08-14 11:45:33,Simpang 4,lane_2,7,0,0,3,4,0,0,0,21.212121
2026-08-14 11:45:33,Simpang 4,lane_1,3,1,0,0,3,0,0,0,9.090909
2026-08-14 11:45:33,Simpang 4,lane_3,8,0,0,3,4,0,1,0,23.529412
2026-08-14 11:45:33,Simpang 3,lane_2,5,0,0,5,0,0,0,0,15.151515
2026-08-14 11:45:33,Simpang 3,lane_3,4,0,0,0,4,0,0,2,11.764706
2026-08-14 11:45:33,Simpang 2,lane_2,1,0,0,1,0,0,0,0,3.030303
2026-08-14 11:45:33,Simpang 2,lane_3,2,0,0,1,1,0,0,0,5.882353
2026-08-14 11:45:33,Simpang 1,lane_2,3,0,0,3,0,0,0,0,9.090909
2026-08-14 11:45:33,Simpang 1,lane_3,1,0,0,1,0,0,0,0,2.941176
2026-08-14 11:45:34,Simpang 4,lane_2,8,0,0,4,4,0,0,0,24.242424
2026-08-14 11:45:34,Simpang 4,lane_1,5,1,0,0,5,0,0,0,15.151515
2026-08-14 11:45:34,Simpang 4,lane_3,6,1,0,2,4,0,0,0,17.647059
2026-08-14 11:45:34,Simpang 3,lane_2,5,0,0,5,0,0,0,0,15.151515
2026-08-14 11:45:34,Simpang 3,lane_3,4,0,0,0,4,0,0,2,11.764706
2026-08-14 11:45:35,Simpang 4,lane_2,7,0,0,3,4,0,0,0,21.212121
2026-08-14 11:45:35,Simpang 4,lane_1,3,0,0,0,3,0,0,0,9.090909
2026-08-14 11:45:35,Simpang 4,lane_3,6,0,0,1,5,0,0,0,17.647059
2026-08-14 11:45:35,Simpang 1,lane_2,3,0,0,3,0,0,0,0,9.090909
2026-08-14 11:45:35,Simpang 1,lane_3,1,0,0,1,0,0,0,0,2.941176
2026-08-14 11:45:35,Simpang 2,lane_2,2,0,0,1,1,0,0,0,6.060606
2026-08-14 11:45:35,Simpang 2,lane_3,1,0,0,1,0,0,0,0,2.941176
2026-08-14 11:45:35,Simpang 3,lane_2,4,0,0,4,0,0,0,0,12.121212
2026-08-14 11:45:35,Simpang 3,lane_3,5,0,0,1,4,0,0,2,14.705882
2026-08-14 11:45:36,Simpang 4,lane_2,7,0,0,3,4,0,0,0,21.212121
2026-08-14 11:45:36,Simpang 4,lane_1,4,0,0,0,4,0,0,0,12.121212
2026-08-14 11:45:36,Simpang 4,lane_3,8,0,0,2,6,0,0,0,23.529412
2026-08-14 11:45:36,Simpang 3,lane_2,4,0,0,4,0,0,0,0,12.121212
2026-08-14 11:45:36,Simpang 3,lane_3,3,0,0,0,3,0,0,2,8.823529
2026-08-14 11:45:36,Simpang 1,lane_2,3,0,0,3,0,0,0,0,9.090909
2026-08-14 11:45:36,Simpang 1,lane_3,1,0,0,1,0,0,0,0,2.941176
2026-08-14 11:45:36,Simpang 2,lane_2,1,0,0,1,0,0,0,0,3.030303
2026-08-14 11:45:36,Simpang 2,lane_3,2,0,0,1,1,0,0,0,5.882353
2026-08-14 11:45:37,Simpang 4,lane_1,4,0,0,0,4,0,0,0,12.121212
2026-08-14 11:45:37,Simpang 4,lane_2,5,0,0,3,2,0,0,0,15.151515
2026-08-14 11:45:37,Simpang 4,lane_3,6,0,0,2,4,0,0,0,17.647059
2026-08-14 11:45:37,Simpang 3,lane_2,4,0,0,4,0,0,0,0,12.121212
2026-08-14 11:45:37,Simpang 3,lane_3,4,0,0,0,4,0,0,2,11.764706
2026-08-14 11:45:38,Simpang 2,lane_2,1,0,0,1,0,0,0,0,3.030303
2026-08-14 11:45:38,Simpang 2,lane_3,2,0,0,1,1,0,0,0,5.882353
2026-08-14 11:45:38,Simpang 1,lane_2,3,0,0,3,0,0,0,0,9.090909
2026-08-14 11:45:38,Simpang 1,lane_3,1,0,0,1,0,0,0,0,2.941176
2026-08-14 11:45:38,Simpang 4,lane_1,5,0,0,0,5,0,0,0,15.151515
2026-08-14 11:45:38,Simpang 4,lane_2,5,0,0,3,2,0,0,0,15.151515
2026-08-14 11:45:38,Simpang 4,lane_3,9,1,0,2,6,0,1,0,26.470588
2026-08-14 11:45:39,Simpang 3,lane_2,4,0,0,4,0,0,0,0,12.121212
2026-08-14 11:45:39,Simpang 3,lane_3,4,0,0,0,4,0,0,2,11.764706
2026-08-14 11:45:39,Simpang 1,lane_2,3,0,0,3,0,0,0,0,9.090909
2026-08-14 11:45:39,Simpang 1,lane_3,1,0,0,1,0,0,0,0,2.941176
2026-08-14 11:45:39,Simpang 2,lane_3,1,0,0,1,0,0,0,0,2.941176
2026-08-14 11:45:40,Simpang 4,lane_2,7,0,0,3,4,0,0,0,21.212121
2026-08-14 11:45:40,Simpang 4,lane_1,6,0,0,0,6,0,0,0,18.181818
2026-08-14 11:45:40,Simpang 4,lane_3,5,0,0,1,4,0,0,0,14.705882
2026-08-14 11:45:40,Simpang 3,lane_2,4,0,0,4,0,0,0,0,12.121212
2026-08-14 11:45:40,Simpang 3,lane_3,5,0,0,1,4,0,0,2,14.705882
2026-08-14 11:45:40,Simpang 2,lane_3,1,0,0,1,0,0,0,0,2.941176
2026-08-14 11:45:40,Simpang 1,lane_2,3,0,0,3,0,0,0,0,9.090909
2026-08-14 11:45:40,Simpang 1,lane_3,1,0,0,1,0,0,0,0,2.941176
2026-08-14 11:45:41,Simpang 4,lane_2,8,0,0,3,5,0,0,0,24.242424
2026-08-14 11:45:41,Simpang 4,lane_1,3,2,0,0,3,0,0,0,9.090909
2026-08-14 11:45:41,Simpang 4,lane_3,5,0,0,3,2,0,0,0,14.705882
2026-08-14 11:45:41,Simpang 3,lane_2,4,0,0,4,0,0,0,0,12.121212
2026-08-14 11:45:41,Simpang 3,lane_3,4,0,0,0,4,0,0,2,11.764706
2026-08-14 11:45:42,Simpang 4,lane_2,8,0,0,3,5,0,0,0,24.242424
2026-08-14 11:45:42,Simpang 4,lane_3,5,2,0,3,2,0,0,0,14.705882
2026-08-14 11:45:42,Simpang 4,lane_1,1,1,0,0,1,0,0,0,3.030303
2026-08-14 11:45:42,Simpang 2,lane_3,1,0,0,1,0,0,0,0,2.941176
2026-08-14 11:45:42,Simpang 2,lane_2,1,0,0,1,0,0,0,0,3.030303
2026-08-14 11:45:42,Simpang 1,lane_2,3,1,0,3,0,0,0,0,9.090909
2026-08-14 11:45:42,Simpang 1,lane_3,1,0,0,1,0,0,0,0,2.941176
2026-08-14 11:45:42,Simpang 3,lane_2,2,0,0,2,0,0,0,0,6.060606
2026-08-14 11:45:42,Simpang 3,lane_3,6,0,0,2,4,0,0,2,17.647059
2026-08-14 11:45:43,Simpang 4,lane_2,10,0,0,4,6,0,0,0,30.30303
2026-08-14 11:45:43,Simpang 4,lane_3,5,2,0,3,2,0,0,0,14.705882
2026-08-14 11:45:43,Simpang 4,lane_1,0,2,0,0,0,0,0,0,0.0
2026-08-14 11:45:43,Simpang 2,lane_3,2,0,0,1,1,0,0,0,5.882353
2026-08-14 11:45:43,Simpang 2,lane_2,1,0,0,1,0,0,0,0,3.030303
2026-08-14 11:45:43,Simpang 1,lane_2,3,0,0,3,0,0,0,0,9.090909
2026-08-14 11:45:43,Simpang 1,lane_3,1,0,0,1,0,0,0,0,2.941176
2026-08-14 11:45:44,Simpang 3,lane_2,4,0,0,4,0,0,0,0,12.121212
2026-08-14 11:45:44,Simpang 3,lane_3,5,0,0,1,4,0,0,2,14.705882
2026-08-14 11:45:44,Simpang 4,lane_2,9,0,0,3,6,0,0,0,27.272727
2026-08-14 11:45:44,Simpang 4,lane_3,6,1,0,3,3,0,0,0,17.647059
2026-08-14 11:45:44,Simpang 4,lane_1,0,1,0,0,0,0,0,0,0.0
2026-08-14 11:45:45,Simpang 2,lane_3,1,0,0,1,0,0,0,0,2.941176
2026-08-14 11:45:45,Simpang 2,lane_2,1,0,0,1,0,0,0,0,3.030303
2026-08-14 11:45:45,Simpang 1,lane_2,3,0,0,3,0,0,0,0,9.090909
2026-08-14 11:45:45,Simpang 1,lane_3,1,0,0,1,0,0,0,0,2.941176
2026-08-14 11:45:45,Simpang 3,lane_2,4,0,0,4,0,0,0,0,12.121212
2026-08-14 11:45:45,Simpang 3,lane_3,6,0,0,2,4,0,0,2,17.647059
2026-08-14 11:45:46,Simpang 4,lane_2,10,0,0,4,6,0,0,0,30.30303
2026-08-14 11:45:46,Simpang 4,lane_3,6,0,0,2,4,0,0,0,17.647059
2026-08-14 11:45:46,Simpang 4,lane_1,0,1,0,0,0,0,0,0,0.0
2026-08-14 11:45:46,Simpang 3,lane_2,4,0,0,4,0,0,0,0,12.121212
2026-08-14 11:45:46,Simpang 3,lane_3,5,0,0,1,4,0,0,2,14.705882
2026-08-14 11:45:46,Simpang 2,lane_2,1,0,0,1,0,0,0,0,3.030303
2026-08-14 11:45:46,Simpang 1,lane_2,3,0,0,3,0,0,0,0,9.090909
2026-08-14 11:45:46,Simpang 1,lane_3,1,0,0,1,0,0,0,0,2.941176
2026-08-14 11:45:47,Simpang 4,lane_2,12,0,0,4,8,0,0,0,36.363636
2026-08-14 11:45:47,Simpang 4,lane_3,3,1,0,1,2,0,0,0,8.823529
2026-08-14 11:45:47,Simpang 4,lane_1,0,1,0,0,0,0,0,0,0.0
2026-08-14 11:45:47,Simpang 3,lane_2,5,0,0,5,0,0,0,0,15.151515
2026-08-14 11:45:47,Simpang 3,lane_3,5,0,0,1,4,0,0,2,14.705882
2026-08-14 11:45:47,Simpang 2,lane_2,2,0,0,1,1,0,0,0,6.060606
2026-08-14 11:45:47,Simpang 1,lane_2,3,1,0,3,0,0,0,0,9.090909
2026-08-14 11:45:47,Simpang 1,lane_3,1,0,0,1,0,0,0,0,2.941176
2026-08-14 11:45:48,Simpang 4,lane_2,7,2,0,4,3,0,0,0,21.212121
2026-08-14 11:45:48,Simpang 4,lane_3,4,1,0,2,2,0,0,0,11.764706
2026-08-14 11:45:48,Simpang 4,lane_1,1,1,0,0,1,0,0,0,3.030303
2026-08-14 11:45:48,Simpang 3,lane_2,4,0,0,4,0,0,0,0,12.121212
2026-08-14 11:45:48,Simpang 3,lane_3,5,0,0,1,4,0,0,2,14.705882
2026-08-14 11:45:49,Simpang 2,lane_2,2,0,0,1,1,0,0,0,6.060606
2026-08-14 11:45:49,Simpang 1,lane_2,3,0,0,3,0,0,0,0,9.090909
2026-08-14 11:45:49,Simpang 1,lane_3,1,0,0,1,0,0,0,0,2.941176
2026-08-14 11:45:49,Simpang 4,lane_2,8,1,0,4,3,0,1,0,24.242424
2026-08-14 11:45:49,Simpang 4,lane_1,0,2,0,0,0,0,0,0,0.0
2026-08-14 11:45:49,Simpang 4,lane_3,3,2,0,1,2,0,0,0,8.823529
2026-08-14 11:45:49,Simpang 3,lane_2,3,0,0,3,0,0,0,0,9.090909
2026-08-14 11:45:49,Simpang 3,lane_3,5,0,0,1,4,0,0,2,14.705882
2026-08-14 11:45:50,Simpang 4,lane_2,7,0,0,4,3,0,0,0,21.212121
2026-08-14 11:45:50,Simpang 4,lane_1,1,2,0,0,1,0,0,0,3.030303
2026-08-14 11:45:50,Simpang 4,lane_3,3,1,0,1,2,0,0,0,8.823529
2026-08-14 11:45:50,Simpang 2,lane_2,2,0,0,1,1,0,0,0,6.060606
2026-08-14 11:45:50,Simpang 2,lane_3,1,0,0,1,0,0,0,0,2.941176
2026-08-14 11:45:50,Simpang 1,lane_2,3,0,0,3,0,0,0,0,9.090909
2026-08-14 11:45:50,Simpang 1,lane_3,1,0,0,1,0,0,0,0,2.941176
2026-08-14 11:45:51,Simpang 3,lane_2,4,0,0,4,0,0,0,0,12.121212
2026-08-14 11:45:51,Simpang 3,lane_3,5,0,0,1,4,0,0,2,14.705882
2026-08-14 11:45:51,Simpang 4,lane_2,8,0,0,5,3,0,0,0,24.242424
2026-08-14 11:45:51,Simpang 4,lane_3,5,0,0,0,5,0,0,0,14.705882
2026-08-14 11:45:51,Simpang 4,lane_1,2,2,0,0,2,0,0,0,6.060606
2026-08-14 11:45:51,Simpang 2,lane_2,2,0,0,1,1,0,0,0,6.060606
2026-08-14 11:45:51,Simpang 2,lane_3,1,0,0,1,0,0,0,0,2.941176
2026-08-14 11:45:51,Simpang 1,lane_2,3,0,0,3,0,0,0,0,9.090909
2026-08-14 11:45:51,Simpang 1,lane_3,1,0,0,1,0,0,0,0,2.941176
2026-08-14 11:45:52,Simpang 3,lane_2,3,0,0,3,0,0,0,0,9.090909
2026-08-14 11:45:52,Simpang 3,lane_3,6,0,0,2,4,0,0,2,17.647059
2026-08-14 11:45:53,Simpang 4,lane_1,2,0,0,1,0,0,1,0,6.060606
2026-08-14 11:45:53,Simpang 4,lane_2,7,0,0,4,3,0,0,0,21.212121
2026-08-14 11:45:53,Simpang 4,lane_3,2,2,0,0,2,0,0,0,5.882353
2026-08-14 11:45:53,Simpang 2,lane_2,2,0,0,1,1,0,0,0,6.060606
2026-08-14 11:45:53,Simpang 2,lane_3,2,0,0,1,1,0,0,0,5.882353
2026-08-14 11:45:53,Simpang 1,lane_2,3,0,0,3,0,0,0,0,9.090909
2026-08-14 11:45:53,Simpang 1,lane_3,1,0,0,1,0,0,0,0,2.941176
2026-08-14 11:45:53,Simpang 3,lane_2,4,0,0,4,0,0,0,0,12.121212
2026-08-14 11:45:53,Simpang 3,lane_3,6,0,0,2,4,0,0,1,17.647059
2026-08-14 11:45:54,Simpang 4,lane_1,1,0,0,1,0,0,0,0,3.030303
2026-08-14 11:45:54,Simpang 4,lane_2,6,0,0,3,3,0,0,0,18.181818
2026-08-14 11:45:54,Simpang 4,lane_3,3,2,0,0,3,0,0,0,8.823529
2026-08-14 11:45:54,Simpang 2,lane_2,2,0,0,1,1,0,0,0,6.060606
2026-08-14 11:45:54,Simpang 2,lane_3,1,0,0,0,1,0,0,0,2.941176
2026-08-14 11:45:54,Simpang 1,lane_2,3,0,0,3,0,0,0,0,9.090909
2026-08-14 11:45:54,Simpang 1,lane_3,1,0,0,1,0,0,0,0,2.941176
2026-08-14 11:45:55,Simpang 4,lane_1,2,0,0,1,0,0,1,0,6.060606
2026-08-14 11:45:55,Simpang 4,lane_2,8,0,0,3,5,0,0,0,24.242424
2026-08-14 11:45:55,Simpang 4,lane_3,4,0,0,1,3,0,0,0,11.764706
2026-08-14 11:45:55,Simpang 3,lane_2,4,0,0,4,0,0,0,0,12.121212
2026-08-14 11:45:55,Simpang 3,lane_3,5,0,0,2,3,0,0,1,14.705882
2026-08-14 11:45:56,Simpang 2,lane_2,2,0,0,1,1,0,0,0,6.060606
2026-08-14 11:45:56,Simpang 2,lane_3,1,0,0,0,1,0,0,0,2.941176
2026-08-14 11:45:56,Simpang 1,lane_2,3,0,0,3,0,0,0,0,9.090909
2026-08-14 11:45:56,Simpang 1,lane_3,1,0,0,1,0,0,0,0,2.941176
2026-08-14 11:45:59,Simpang 3,lane_2,4,0,0,4,0,0,0,0,12.121212
2026-08-14 11:45:59,Simpang 3,lane_3,5,0,0,2,3,0,0,1,14.705882
2026-08-14 11:45:59,Simpang 4,lane_1,3,0,0,1,0,0,2,0,9.090909
2026-08-14 11:45:59,Simpang 4,lane_2,8,0,0,3,5,0,0,0,24.242424
2026-08-14 11:45:59,Simpang 4,lane_3,4,0,0,1,3,0,0,0,11.764706
2026-08-14 11:46:00,Simpang 2,lane_2,2,0,0,1,1,0,0,0,6.060606
2026-08-14 11:46:00,Simpang 2,lane_3,1,0,0,1,0,0,0,0,2.941176
2026-08-14 11:46:02,Simpang 1,lane_2,3,0,0,3,0,0,0,0,9.090909
2026-08-14 11:46:02,Simpang 1,lane_3,1,0,0,1,0,0,0,0,2.941176
2026-08-14 11:46:05,Simpang 3,lane_2,4,0,0,4,0,0,0,0,12.121212
2026-08-14 11:46:05,Simpang 3,lane_3,5,0,0,2,3,0,0,1,14.705882
2026-08-14 11:46:05,Simpang 4,lane_1,2,0,0,2,0,0,0,0,6.060606
2026-08-14 11:46:05,Simpang 4,lane_2,8,0,0,3,5,0,0,0,24.242424
2026-08-14 11:46:05,Simpang 4,lane_3,5,2,0,1,4,0,0,0,14.705882
2026-08-14 11:46:05,Simpang 2,lane_2,2,0,0,1,1,0,0,0,6.060606
2026-08-14 11:46:05,Simpang 2,lane_3,1,0,0,1,0,0,0,0,2.941176
2026-08-14 11:46:06,Simpang 1,lane_2,3,0,0,3,0,0,0,0,9.090909
2026-08-14 11:46:06,Simpang 1,lane_3,1,0,0,1,0,0,0,0,2.941176
2026-08-14 11:46:06,Simpang 3,lane_2,4,0,0,4,0,0,0,0,12.121212
2026-08-14 11:46:06,Simpang 3,lane_3,4,0,0,1,3,0,0,1,11.764706
2026-08-14 11:46:06,Simpang 4,lane_1,2,0,0,2,0,0,0,0,6.060606
2026-08-14 11:46:06,Simpang 4,lane_2,9,0,0,3,6,0,0,0,27.272727
2026-08-14 11:46:06,Simpang 4,lane_3,8,0,0,1,7,0,0,0,23.529412
2026-08-14 11:46:07,Simpang 2,lane_2,2,0,0,1,1,0,0,0,6.060606
2026-08-14 11:46:07,Simpang 2,lane_3,1,0,0,1,0,0,0,0,2.941176
2026-08-14 11:46:07,Simpang 1,lane_2,3,0,0,3,0,0,0,0,9.090909
2026-08-14 11:46:07,Simpang 1,lane_3,1,0,0,1,0,0,0,0,2.941176
2026-08-14 11:46:08,Simpang 3,lane_2,4,0,0,4,0,0,0,0,12.121212
2026-08-14 11:46:08,Simpang 3,lane_3,4,0,0,1,3,0,0,1,11.764706
2026-08-14 11:46:08,Simpang 4,lane_1,2,0,0,2,0,0,0,0,6.060606
2026-08-14 11:46:08,Simpang 4,lane_2,7,0,0,3,4,0,0,0,21.212121
2026-08-14 11:46:08,Simpang 4,lane_3,6,0,0,1,5,0,0,0,17.647059
2026-08-14 11:46:09,Simpang 2,lane_2,2,0,0,1,1,0,0,0,6.060606
2026-08-14 11:46:09,Simpang 2,lane_3,1,0,0,1,0,0,0,0,2.941176
2026-08-14 11:46:09,Simpang 1,lane_2,3,0,0,3,0,0,0,0,9.090909
2026-08-14 11:46:09,Simpang 1,lane_3,1,0,0,1,0,0,0,0,2.941176
2026-08-14 11:46:09,Simpang 4,lane_1,2,0,0,2,0,0,0,0,6.060606
2026-08-14 11:46:09,Simpang 4,lane_2,7,0,0,3,4,0,0,0,21.212121
2026-08-14 11:46:09,Simpang 4,lane_3,3,1,0,1,2,0,0,0,8.823529
2026-08-14 11:46:09,Simpang 3,lane_2,4,0,0,4,0,0,0,0,12.121212
2026-08-14 11:46:09,Simpang 3,lane_3,4,0,0,1,3,0,0,1,11.764706
2026-08-14 11:46:10,Simpang 2,lane_2,2,0,0,1,1,0,0,0,6.060606
2026-08-14 11:46:10,Simpang 2,lane_3,1,0,0,1,0,0,0,0,2.941176
2026-08-14 11:46:10,Simpang 1,lane_2,3,0,0,3,0,0,0,0,9.090909
2026-08-14 11:46:10,Simpang 1,lane_3,1,0,0,1,0,0,0,0,2.941176
2026-08-14 11:46:11,Simpang 3,lane_2,4,0,0,4,0,0,0,0,12.121212
2026-08-14 11:46:11,Simpang 3,lane_3,4,0,0,1,3,0,0,1,11.764706
2026-08-14 11:46:11,Simpang 4,lane_1,2,0,0,2,0,0,0,0,6.060606
2026-08-14 11:46:11,Simpang 4,lane_2,7,0,0,3,4,0,0,0,21.212121
2026-08-14 11:46:11,Simpang 4,lane_3,3,1,0,1,2,0,0,0,8.823529
2026-08-14 11:46:12,Simpang 2,lane_2,2,0,0,1,1,0,0,0,6.060606
2026-08-14 11:46:12,Simpang 1,lane_2,3,0,0,3,0,0,0,0,9.090909
2026-08-14 11:46:12,Simpang 1,lane_3,1,0,0,1,0,0,0,0,2.941176
2026-08-14 11:46:12,Simpang 3,lane_2,4,0,0,4,0,0,0,0,12.121212
2026-08-14 11:46:12,Simpang 3,lane_3,4,0,0,1,3,0,0,1,11.764706
2026-08-14 11:46:12,Simpang 4,lane_1,2,0,0,2,0,0,0,0,6.060606
2026-08-14 11:46:12,Simpang 4,lane_2,8,0,0,3,5,0,0,0,24.242424
2026-08-14 11:46:12,Simpang 4,lane_3,4,1,0,1,3,0,0,0,11.764706
2026-08-14 11:46:14,Simpang 4,lane_1,2,1,0,2,0,0,0,0,6.060606
2026-08-14 11:46:14,Simpang 4,lane_2,9,0,0,3,6,0,0,0,27.272727
2026-08-14 11:46:14,Simpang 4,lane_3,4,2,0,1,3,0,0,0,11.764706
2026-08-14 11:46:14,Simpang 3,lane_2,4,0,0,4,0,0,0,0,12.121212
2026-08-14 11:46:14,Simpang 3,lane_3,4,0,0,1,3,0,0,1,11.764706
2026-08-14 11:46:14,Simpang 2,lane_2,2,0,0,1,1,0,0,0,6.060606
2026-08-14 11:46:14,Simpang 1,lane_2,3,0,0,3,0,0,0,0,9.090909
2026-08-14 11:46:14,Simpang 1,lane_3,1,0,0,1,0,0,0,0,2.941176
2026-08-14 11:46:15,Simpang 4,lane_1,2,0,0,2,0,0,0,0,6.060606
2026-08-14 11:46:15,Simpang 4,lane_2,8,0,0,3,5,0,0,0,24.242424
2026-08-14 11:46:15,Simpang 4,lane_3,4,1,0,1,3,0,0,0,11.764706
2026-08-14 11:46:15,Simpang 3,lane_2,4,0,0,4,0,0,0,0,12.121212
2026-08-14 11:46:15,Simpang 3,lane_3,4,0,0,1,3,0,0,1,11.764706
2026-08-14 11:46:17,Simpang 2,lane_2,2,0,0,1,1,0,0,0,6.060606
2026-08-14 11:46:17,Simpang 1,lane_2,3,0,0,3,0,0,0,0,9.090909
2026-08-14 11:46:17,Simpang 1,lane_3,1,0,0,1,0,0,0,0,2.941176
2026-08-14 11:46:22,Simpang 4,lane_1,2,0,0,2,0,0,0,0,6.060606
2026-08-14 11:46:22,Simpang 4,lane_2,9,0,0,3,6,0,0,0,27.272727
2026-08-14 11:46:22,Simpang 4,lane_3,6,0,0,1,5,0,0,0,17.647059
2026-08-14 11:46:22,Simpang 3,lane_2,4,0,0,4,0,0,0,0,12.121212
2026-08-14 11:46:22,Simpang 3,lane_3,4,0,0,1,3,0,0,1,11.764706
2026-08-14 11:46:24,Simpang 2,lane_2,2,0,0,1,1,0,0,0,6.060606
2026-08-14 11:46:24,Simpang 2,lane_3,1,0,0,1,0,0,0,0,2.941176
2026-08-14 11:46:24,Simpang 1,lane_2,3,0,0,3,0,0,0,0,9.090909
2026-08-14 11:46:24,Simpang 1,lane_3,1,0,0,1,0,0,0,0,2.941176
2026-08-14 11:46:24,Simpang 3,lane_2,4,0,0,4,0,0,0,0,12.121212
2026-08-14 11:46:24,Simpang 3,lane_3,4,0,0,1,3,0,0,1,11.764706
2026-08-14 11:46:24,Simpang 4,lane_1,2,0,0,2,0,0,0,0,6.060606
2026-08-14 11:46:24,Simpang 4,lane_2,9,0,0,3,6,0,0,0,27.272727
2026-08-14 11:46:24,Simpang 4,lane_3,6,0,0,1,5,0,0,0,17.647059
2026-08-14 11:46:26,Simpang 3,lane_2,4,0,0,4,0,0,0,0,12.121212
2026-08-14 11:46:26,Simpang 3,lane_3,4,0,0,1,3,0,0,1,11.764706
2026-08-14 11:46:26,Simpang 4,lane_1,2,0,0,2,0,0,0,0,6.060606
2026-08-14 11:46:26,Simpang 4,lane_2,7,1,0,3,4,0,0,0,21.212121
2026-08-14 11:46:26,Simpang 4,lane_3,7,0,0,1,6,0,0,0,20.588235
2026-08-14 11:46:26,Simpang 2,lane_2,2,0,0,1,1,0,0,0,6.060606
2026-08-14 11:46:26,Simpang 2,lane_3,1,0,0,1,0,0,0,0,2.941176
2026-08-14 11:46:26,Simpang 1,lane_2,3,0,0,3,0,0,0,0,9.090909
2026-08-14 11:46:26,Simpang 1,lane_3,1,0,0,1,0,0,0,0,2.941176
2026-08-14 11:46:27,Simpang 3,lane_2,4,0,0,4,0,0,0,0,12.121212
2026-08-14 11:46:27,Simpang 3,lane_3,4,0,0,1,3,0,0,1,11.764706
2026-08-14 11:46:27,Simpang 4,lane_1,2,0,0,2,0,0,0,0,6.060606
2026-08-14 11:46:27,Simpang 4,lane_2,7,1,0,3,4,0,0,0,21.212121
2026-08-14 11:46:27,Simpang 4,lane_3,9,1,0,3,6,0,0,0,26.470588
2026-08-14 11:46:27,Simpang 2,lane_2,2,0,0,1,1,0,0,0,6.060606
2026-08-14 11:46:27,Simpang 2,lane_3,1,0,0,1,0,0,0,0,2.941176
2026-08-14 11:46:27,Simpang 1,lane_2,3,0,0,3,0,0,0,0,9.090909
2026-08-14 11:46:27,Simpang 1,lane_3,1,0,0,1,0,0,0,0,2.941176
2026-08-14 11:46:28,Simpang 3,lane_2,4,0,0,4,0,0,0,0,12.121212
2026-08-14 11:46:28,Simpang 3,lane_3,4,0,0,1,3,0,0,1,11.764706
2026-08-14 11:46:28,Simpang 4,lane_1,2,0,0,2,0,0,0,0,6.060606
2026-08-14 11:46:28,Simpang 4,lane_2,8,0,0,3,5,0,0,0,24.242424
2026-08-14 11:46:28,Simpang 4,lane_3,5,1,0,1,4,0,0,0,14.705882
2026-08-14 11:46:29,Simpang 2,lane_2,1,0,0,1,0,0,0,0,3.030303
2026-08-14 11:46:29,Simpang 2,lane_3,1,1,0,1,0,0,0,0,2.941176
2026-08-14 11:46:29,Simpang 1,lane_2,3,0,0,3,0,0,0,0,9.090909
2026-08-14 11:46:29,Simpang 1,lane_3,1,0,0,1,0,0,0,0,2.941176
2026-08-14 11:46:29,Simpang 3,lane_2,4,0,0,4,0,0,0,0,12.121212
2026-08-14 11:46:29,Simpang 3,lane_3,3,0,0,1,2,0,0,1,8.823529
2026-08-14 11:46:29,Simpang 4,lane_1,2,0,0,2,0,0,0,0,6.060606
2026-08-14 11:46:29,Simpang 4,lane_2,8,0,0,3,5,0,0,0,24.242424
2026-08-14 11:46:29,Simpang 4,lane_3,6,1,0,1,5,0,0,0,17.647059
2026-08-14 11:46:30,Simpang 3,lane_2,4,0,0,4,0,0,0,0,12.121212
2026-08-14 11:46:30,Simpang 3,lane_3,3,0,0,1,2,0,0,1,8.823529
2026-08-14 11:46:30,Simpang 2,lane_2,1,0,0,1,0,0,0,0,3.030303
2026-08-14 11:46:30,Simpang 2,lane_3,1,1,0,1,0,0,0,0,2.941176
2026-08-14 11:46:30,Simpang 1,lane_2,3,0,0,3,0,0,0,0,9.090909
2026-08-14 11:46:30,Simpang 1,lane_3,1,0,0,1,0,0,0,0,2.941176
2026-08-14 11:46:30,Simpang 4,lane_1,3,0,0,2,1,0,0,0,9.090909
2026-08-14 11:46:30,Simpang 4,lane_2,9,0,0,3,6,0,0,0,27.272727
2026-08-14 11:46:30,Simpang 4,lane_3,5,0,0,2,3,0,0,0,14.705882
2026-08-14 11:46:32,Simpang 3,lane_2,5,0,0,5,0,0,0,0,15.151515
2026-08-14 11:46:32,Simpang 3,lane_3,3,0,0,1,2,0,0,1,8.823529
2026-08-14 11:46:32,Simpang 4,lane_1,3,0,0,2,1,0,0,0,9.090909
2026-08-14 11:46:32,Simpang 4,lane_2,10,1,0,3,7,0,0,0,30.30303
2026-08-14 11:46:32,Simpang 4,lane_3,3,0,0,1,2,0,0,0,8.823529
2026-08-14 11:46:32,Simpang 2,lane_2,1,0,0,1,0,0,0,0,3.030303
2026-08-14 11:46:32,Simpang 2,lane_3,1,0,0,1,0,0,0,0,2.941176
2026-08-14 11:46:32,Simpang 1,lane_2,3,0,0,3,0,0,0,0,9.090909
2026-08-14 11:46:32,Simpang 1,lane_3,1,0,0,1,0,0,0,0,2.941176
2026-08-14 11:46:33,Simpang 3,lane_2,5,0,0,5,0,0,0,0,15.151515
2026-08-14 11:46:33,Simpang 3,lane_3,3,0,0,1,2,0,0,1,8.823529
2026-08-14 11:46:33,Simpang 4,lane_1,3,0,0,2,1,0,0,0,9.090909
2026-08-14 11:46:33,Simpang 4,lane_2,7,2,0,3,4,0,0,0,21.212121
2026-08-14 11:46:33,Simpang 4,lane_3,4,0,0,2,2,0,0,0,11.764706
2026-08-14 11:46:33,Simpang 1,lane_2,3,0,0,3,0,0,0,0,9.090909
2026-08-14 11:46:33,Simpang 1,lane_3,1,0,0,1,0,0,0,0,2.941176
2026-08-14 11:46:33,Simpang 2,lane_2,1,0,0,1,0,0,0,0,3.030303
2026-08-14 11:46:34,Simpang 3,lane_2,5,0,0,5,0,0,0,0,15.151515
2026-08-14 11:46:34,Simpang 3,lane_3,3,0,0,1,2,0,0,1,8.823529
2026-08-14 11:46:34,Simpang 4,lane_1,3,0,0,2,1,0,0,0,9.090909
2026-08-14 11:46:34,Simpang 4,lane_2,8,0,0,3,5,0,0,0,24.242424
2026-08-14 11:46:34,Simpang 4,lane_3,3,0,0,1,2,0,0,0,8.823529
2026-08-14 11:46:34,Simpang 2,lane_2,2,0,0,2,0,0,0,0,6.060606
2026-08-14 11:46:34,Simpang 1,lane_2,3,1,0,3,0,0,0,0,9.090909
2026-08-14 11:46:34,Simpang 1,lane_3,1,0,0,1,0,0,0,0,2.941176
2026-08-14 11:46:35,Simpang 3,lane_2,5,0,0,5,0,0,0,0,15.151515
2026-08-14 11:46:35,Simpang 3,lane_3,3,0,0,1,2,0,0,1,8.823529
2026-08-14 11:46:35,Simpang 4,lane_1,3,0,0,2,1,0,0,0,9.090909
2026-08-14 11:46:35,Simpang 4,lane_2,9,0,0,3,6,0,0,0,27.272727
2026-08-14 11:46:35,Simpang 4,lane_3,4,0,0,1,3,0,0,0,11.764706
2026-08-14 11:46:36,Simpang 2,lane_2,1,0,0,1,0,0,0,0,3.030303
2026-08-14 11:46:36,Simpang 1,lane_2,3,0,0,3,0,0,0,0,9.090909
2026-08-14 11:46:36,Simpang 1,lane_3,1,0,0,1,0,0,0,0,2.941176
2026-08-14 11:46:36,Simpang 3,lane_2,5,0,0,5,0,0,0,0,15.151515
2026-08-14 11:46:36,Simpang 3,lane_3,3,0,0,1,2,0,0,1,8.823529
2026-08-14 11:46:36,Simpang 4,lane_1,3,0,0,2,1,0,0,0,9.090909
2026-08-14 11:46:36,Simpang 4,lane_2,6,0,0,3,3,0,0,0,18.181818
2026-08-14 11:46:36,Simpang 4,lane_3,3,0,0,1,2,0,0,0,8.823529
2026-08-14 11:46:37,Simpang 3,lane_2,5,0,0,5,0,0,0,0,15.151515
2026-08-14 11:46:37,Simpang 3,lane_3,3,0,0,1,2,0,0,1,8.823529
2026-08-14 11:46:37,Simpang 2,lane_2,1,0,0,1,0,0,0,0,3.030303
2026-08-14 11:46:37,Simpang 1,lane_2,4,0,0,4,0,0,0,0,12.121212
2026-08-14 11:46:37,Simpang 1,lane_3,1,0,0,1,0,0,0,0,2.941176
2026-08-14 11:46:37,Simpang 4,lane_1,3,0,0,2,1,0,0,0,9.090909
2026-08-14 11:46:37,Simpang 4,lane_2,7,0,0,3,4,0,0,0,21.212121
2026-08-14 11:46:37,Simpang 4,lane_3,4,0,0,1,3,0,0,0,11.764706
2026-08-14 11:46:38,Simpang 3,lane_2,5,0,0,5,0,0,0,0,15.151515
2026-08-14 11:46:38,Simpang 3,lane_3,3,0,0,1,2,0,0,1,8.823529
2026-08-14 11:46:40,Simpang 2,lane_2,2,0,0,2,0,0,0,0,6.060606
2026-08-14 11:46:40,Simpang 4,lane_1,3,0,0,2,1,0,0,0,9.090909
2026-08-14 11:46:40,Simpang 4,lane_2,8,0,0,3,5,0,0,0,24.242424
2026-08-14 11:46:40,Simpang 4,lane_3,5,0,0,2,3,0,0,0,14.705882
2026-08-14 11:46:40,Simpang 1,lane_2,4,0,0,4,0,0,0,0,12.121212
2026-08-14 11:46:40,Simpang 1,lane_3,1,0,0,1,0,0,0,0,2.941176
2026-08-14 11:46:40,Simpang 3,lane_2,4,0,0,4,0,0,0,0,12.121212
2026-08-14 11:46:40,Simpang 3,lane_3,3,0,0,1,2,0,0,1,8.823529
2026-08-14 11:46:41,Simpang 4,lane_1,3,0,0,2,1,0,0,0,9.090909
2026-08-14 11:46:41,Simpang 4,lane_2,8,0,0,3,5,0,0,0,24.242424
2026-08-14 11:46:41,Simpang 4,lane_3,9,0,0,2,7,0,0,0,26.470588
2026-08-14 11:46:41,Simpang 2,lane_2,2,0,0,2,0,0,0,0,6.060606
2026-08-14 11:46:42,Simpang 1,lane_2,2,0,0,2,0,0,0,0,6.060606
2026-08-14 11:46:42,Simpang 1,lane_3,1,0,0,1,0,0,0,0,2.941176
2026-08-14 11:46:42,Simpang 3,lane_2,4,0,0,4,0,0,0,0,12.121212
2026-08-14 11:46:42,Simpang 3,lane_3,3,0,0,1,2,0,0,1,8.823529
2026-08-14 11:46:43,Simpang 4,lane_1,3,0,0,2,1,0,0,0,9.090909
2026-08-14 11:46:43,Simpang 4,lane_2,9,0,0,3,6,0,0,0,27.272727
2026-08-14 11:46:43,Simpang 4,lane_3,5,1,0,2,3,0,0,0,14.705882
2026-08-14 11:46:43,Simpang 2,lane_2,2,0,0,2,0,0,0,0,6.060606
2026-08-14 11:46:44,Simpang 1,lane_2,3,0,0,3,0,0,0,0,9.090909
2026-08-14 11:46:44,Simpang 1,lane_3,1,0,0,1,0,0,0,0,2.941176
2026-08-14 11:46:44,Simpang 3,lane_2,3,0,0,3,0,0,0,0,9.090909
2026-08-14 11:46:44,Simpang 3,lane_3,3,0,0,1,2,0,0,1,8.823529
2026-08-14 11:46:45,Simpang 4,lane_1,3,0,0,2,1,0,0,0,9.090909
2026-08-14 11:46:45,Simpang 4,lane_2,9,0,0,3,6,0,0,0,27.272727
2026-08-14 11:46:45,Simpang 4,lane_3,5,0,0,2,3,0,0,0,14.705882
2026-08-14 11:46:45,Simpang 2,lane_2,2,0,0,2,0,0,0,0,6.060606
2026-08-14 11:46:45,Simpang 3,lane_2,3,0,0,3,0,0,0,0,9.090909
2026-08-14 11:46:45,Simpang 3,lane_3,3,0,0,1,2,0,0,1,8.823529
2026-08-14 11:46:46,Simpang 1,lane_2,3,0,0,3,0,0,0,0,9.090909
2026-08-14 11:46:46,Simpang 1,lane_3,1,0,0,1,0,0,0,0,2.941176
2026-08-14 11:46:46,Simpang 4,lane_1,4,0,0,3,1,0,0,0,12.121212
2026-08-14 11:46:46,Simpang 4,lane_2,10,0,0,3,7,0,0,0,30.30303
2026-08-14 11:46:46,Simpang 4,lane_3,5,0,0,2,3,0,0,0,14.705882
2026-08-14 11:46:47,Simpang 3,lane_2,3,0,0,3,0,0,0,0,9.090909
2026-08-14 11:46:47,Simpang 3,lane_3,3,0,0,1,2,0,0,1,8.823529
2026-08-14 11:46:47,Simpang 2,lane_2,2,0,0,2,0,0,0,0,6.060606
2026-08-14 11:46:47,Simpang 1,lane_2,3,0,0,3,0,0,0,0,9.090909
2026-08-14 11:46:47,Simpang 1,lane_3,1,0,0,1,0,0,0,0,2.941176
2026-08-14 11:46:48,Simpang 4,lane_1,4,0,0,3,1,0,0,0,12.121212
2026-08-14 11:46:48,Simpang 4,lane_2,10,0,0,3,7,0,0,0,30.30303
2026-08-14 11:46:48,Simpang 4,lane_3,5,0,0,2,3,0,0,0,14.705882
2026-08-14 11:46:49,Simpang 3,lane_2,4,0,0,4,0,0,0,0,12.121212
2026-08-14 11:46:49,Simpang 3,lane_3,3,0,0,1,2,0,0,1,8.823529
2026-08-14 11:46:49,Simpang 2,lane_2,2,0,0,2,0,0,0,0,6.060606
2026-08-14 11:46:49,Simpang 1,lane_2,2,0,0,2,0,0,0,0,6.060606
2026-08-14 11:46:49,Simpang 1,lane_3,1,0,0,1,0,0,0,0,2.941176
2026-08-14 11:46:50,Simpang 4,lane_1,3,0,0,2,1,0,0,0,9.090909
2026-08-14 11:46:50,Simpang 4,lane_2,9,0,0,3,6,0,0,0,27.272727
2026-08-14 11:46:50,Simpang 4,lane_3,5,0,0,2,3,0,0,0,14.705882
2026-08-14 11:46:50,Simpang 3,lane_2,4,0,0,4,0,0,0,0,12.121212
2026-08-14 11:46:50,Simpang 3,lane_3,3,0,0,1,2,0,0,1,8.823529
2026-08-14 11:46:51,Simpang 2,lane_2,2,0,0,2,0,0,0,0,6.060606
2026-08-14 11:46:51,Simpang 1,lane_2,2,0,0,2,0,0,0,0,6.060606
2026-08-14 11:46:51,Simpang 1,lane_3,1,0,0,1,0,0,0,0,2.941176
2026-08-14 11:46:52,Simpang 4,lane_1,4,0,0,3,1,0,0,0,12.121212
2026-08-14 11:46:52,Simpang 4,lane_2,9,0,0,2,7,0,0,0,27.272727
2026-08-14 11:46:52,Simpang 4,lane_3,5,0,0,2,3,0,0,0,14.705882
2026-08-14 11:46:52,Simpang 3,lane_2,4,0,0,4,0,0,0,0,12.121212
2026-08-14 11:46:52,Simpang 3,lane_3,3,0,0,1,2,0,0,1,8.823529
2026-08-14 11:46:53,Simpang 2,lane_2,2,0,0,2,0,0,0,0,6.060606
2026-08-14 11:46:53,Simpang 1,lane_2,2,0,0,2,0,0,0,0,6.060606
2026-08-14 11:46:53,Simpang 1,lane_3,1,0,0,1,0,0,0,0,2.941176
2026-08-14 11:46:54,Simpang 4,lane_1,5,0,0,4,1,0,0,0,15.151515
2026-08-14 11:46:54,Simpang 4,lane_2,6,2,0,2,4,0,0,0,18.181818
2026-08-14 11:46:54,Simpang 4,lane_3,3,1,1,2,1,0,0,0,8.823529
2026-08-14 11:46:57,Simpang 3,lane_2,4,0,0,4,0,0,0,0,12.121212
2026-08-14 11:46:57,Simpang 3,lane_3,3,0,0,1,2,0,0,1,8.823529
2026-08-14 11:47:00,Simpang 2,lane_2,2,0,0,2,0,0,0,0,6.060606
2026-08-14 11:47:00,Simpang 3,lane_2,4,0,0,4,0,0,0,0,12.121212
2026-08-14 11:47:00,Simpang 3,lane_3,3,0,0,1,2,0,0,1,8.823529
2026-08-14 11:47:00,Simpang 1,lane_2,2,0,0,2,0,0,0,0,6.060606
2026-08-14 11:47:00,Simpang 1,lane_3,1,0,0,1,0,0,0,0,2.941176
2026-08-14 11:47:00,Simpang 4,lane_1,4,0,0,3,1,0,0,0,12.121212
2026-08-14 11:47:00,Simpang 4,lane_2,10,0,0,2,8,0,0,0,30.30303
2026-08-14 11:47:00,Simpang 4,lane_3,3,0,0,2,1,0,0,0,8.823529
2026-08-14 11:47:01,Simpang 3,lane_2,4,0,0,4,0,0,0,0,12.121212
2026-08-14 11:47:01,Simpang 3,lane_3,3,0,0,1,2,0,0,1,8.823529
2026-08-14 11:47:01,Simpang 4,lane_1,4,0,0,3,1,0,0,0,12.121212
2026-08-14 11:47:01,Simpang 4,lane_2,11,0,0,1,9,0,1,0,33.333333
2026-08-14 11:47:01,Simpang 4,lane_3,3,1,0,1,2,0,0,0,8.823529
2026-08-14 11:47:01,Simpang 1,lane_2,2,0,0,2,0,0,0,0,6.060606
2026-08-14 11:47:01,Simpang 1,lane_3,1,0,0,1,0,0,0,0,2.941176
2026-08-14 11:47:01,Simpang 2,lane_2,2,0,0,2,0,0,0,0,6.060606
2026-08-14 11:47:03,Simpang 3,lane_2,3,0,0,3,0,0,0,0,9.090909
2026-08-14 11:47:03,Simpang 3,lane_3,3,0,0,1,2,0,0,1,8.823529
2026-08-14 11:47:03,Simpang 4,lane_1,4,0,0,3,1,0,0,0,12.121212
2026-08-14 11:47:03,Simpang 4,lane_2,6,2,0,2,4,0,0,0,18.181818
2026-08-14 11:47:03,Simpang 4,lane_3,5,0,0,1,4,0,0,0,14.705882
2026-08-14 11:47:03,Simpang 1,lane_2,2,1,0,2,0,0,0,0,6.060606
2026-08-14 11:47:03,Simpang 1,lane_3,1,0,0,1,0,0,0,0,2.941176
2026-08-14 11:47:03,Simpang 2,lane_2,2,0,0,2,0,0,0,0,6.060606
2026-08-14 11:47:04,Simpang 4,lane_1,5,0,0,3,2,0,0,0,15.151515
2026-08-14 11:47:04,Simpang 4,lane_2,8,0,0,2,6,0,0,0,24.242424
2026-08-14 11:47:04,Simpang 4,lane_3,5,0,0,2,3,0,0,0,14.705882
2026-08-14 11:47:04,Simpang 3,lane_2,4,0,0,4,0,0,0,0,12.121212
2026-08-14 11:47:04,Simpang 3,lane_3,3,0,0,1,2,0,0,1,8.823529
2026-08-14 11:47:05,Simpang 1,lane_2,2,0,0,2,0,0,0,0,6.060606
2026-08-14 11:47:05,Simpang 1,lane_3,1,0,0,1,0,0,0,0,2.941176
2026-08-14 11:47:05,Simpang 2,lane_2,2,0,0,2,0,0,0,0,6.060606
2026-08-14 11:47:05,Simpang 4,lane_1,6,0,0,4,2,0,0,0,18.181818
2026-08-14 11:47:05,Simpang 4,lane_2,10,0,0,2,8,0,0,0,30.30303
2026-08-14 11:47:05,Simpang 4,lane_3,6,0,0,2,4,0,0,0,17.647059
2026-08-14 11:47:05,Simpang 3,lane_2,3,0,0,3,0,0,0,0,9.090909
2026-08-14 11:47:05,Simpang 3,lane_3,3,1,0,1,2,0,0,1,8.823529
2026-08-14 11:47:06,Simpang 2,lane_2,2,0,0,2,0,0,0,0,6.060606
2026-08-14 11:47:06,Simpang 1,lane_2,2,0,0,2,0,0,0,0,6.060606
2026-08-14 11:47:06,Simpang 1,lane_3,1,0,0,1,0,0,0,0,2.941176
2026-08-14 11:47:06,Simpang 3,lane_2,3,0,0,3,0,0,0,0,9.090909
2026-08-14 11:47:06,Simpang 3,lane_3,3,1,0,1,2,0,0,1,8.823529
2026-08-14 11:47:06,Simpang 4,lane_1,6,0,0,3,3,0,0,0,18.181818
2026-08-14 11:47:06,Simpang 4,lane_2,10,0,0,2,8,0,0,0,30.30303
2026-08-14 11:47:06,Simpang 4,lane_3,6,0,0,2,4,0,0,0,17.647059
2026-08-14 11:47:09,Simpang 3,lane_2,3,0,0,3,0,0,0,0,9.090909
2026-08-14 11:47:09,Simpang 3,lane_3,3,0,0,1,2,0,0,1,8.823529
2026-08-14 11:47:09,Simpang 2,lane_2,2,0,0,2,0,0,0,0,6.060606
2026-08-14 11:47:09,Simpang 4,lane_1,6,0,0,3,3,0,0,0,18.181818
2026-08-14 11:47:09,Simpang 4,lane_2,11,0,0,2,9,0,0,0,33.333333
2026-08-14 11:47:09,Simpang 4,lane_3,6,0,0,2,4,0,0,0,17.647059
2026-08-14 11:47:09,Simpang 1,lane_2,2,0,0,2,0,0,0,0,6.060606
2026-08-14 11:47:09,Simpang 1,lane_3,1,0,0,1,0,0,0,0,2.941176
2026-08-14 11:47:12,Simpang 3,lane_2,3,0,0,3,0,0,0,0,9.090909
2026-08-14 11:47:12,Simpang 3,lane_3,3,0,0,1,2,0,0,1,8.823529
2026-08-14 11:47:13,Simpang 2,lane_2,2,0,0,2,0,0,0,0,6.060606
2026-08-14 11:47:13,Simpang 4,lane_1,6,0,0,3,3,0,0,0,18.181818
2026-08-14 11:47:13,Simpang 4,lane_2,10,0,0,2,8,0,0,0,30.30303
2026-08-14 11:47:13,Simpang 4,lane_3,6,0,0,2,4,0,0,0,17.647059
2026-08-14 11:47:13,Simpang 1,lane_2,3,0,0,3,0,0,0,0,9.090909
2026-08-14 11:47:13,Simpang 1,lane_3,1,0,0,1,0,0,0,0,2.941176
2026-08-14 11:47:14,Simpang 3,lane_2,4,0,0,4,0,0,0,0,12.121212
2026-08-14 11:47:14,Simpang 3,lane_3,3,0,0,1,2,0,0,1,8.823529
2026-08-14 11:47:14,Simpang 4,lane_1,4,1,0,3,1,0,0,0,12.121212
2026-08-14 11:47:14,Simpang 4,lane_2,9,1,0,2,7,0,0,0,27.272727
2026-08-14 11:47:14,Simpang 4,lane_3,3,2,0,2,1,0,0,0,8.823529
2026-08-14 11:47:14,Simpang 2,lane_2,2,0,0,2,0,0,0,0,6.060606
2026-08-14 11:47:15,Simpang 1,lane_2,3,1,0,3,0,0,0,0,9.090909
2026-08-14 11:47:15,Simpang 1,lane_3,1,0,0,1,0,0,0,0,2.941176
2026-08-14 11:47:15,Simpang 3,lane_2,4,0,0,4,0,0,0,0,12.121212
2026-08-14 11:47:15,Simpang 3,lane_3,3,0,0,1,2,0,0,1,8.823529
2026-08-14 11:47:15,Simpang 4,lane_1,5,0,0,3,2,0,0,0,15.151515
2026-08-14 11:47:15,Simpang 4,lane_2,8,1,0,2,6,0,0,0,24.242424
2026-08-14 11:47:15,Simpang 4,lane_3,3,2,0,2,1,0,0,0,8.823529
2026-08-14 11:47:17,Simpang 1,lane_2,3,0,0,3,0,0,0,0,9.090909
2026-08-14 11:47:17,Simpang 1,lane_3,1,0,0,1,0,0,0,0,2.941176
2026-08-14 11:47:17,Simpang 2,lane_2,2,0,0,2,0,0,0,0,6.060606
2026-08-14 11:47:18,Simpang 3,lane_2,3,0,0,3,0,0,0,0,9.090909
2026-08-14 11:47:18,Simpang 3,lane_3,3,0,0,1,2,0,0,1,8.823529
2026-08-14 11:47:18,Simpang 4,lane_1,5,0,0,3,2,0,0,0,15.151515
2026-08-14 11:47:18,Simpang 4,lane_2,10,0,0,2,8,0,0,0,30.30303
2026-08-14 11:47:18,Simpang 4,lane_3,7,0,0,2,5,0,0,0,20.588235
2026-08-14 11:47:22,Simpang 1,lane_2,3,0,0,3,0,0,0,0,9.090909
2026-08-14 11:47:22,Simpang 1,lane_3,1,0,0,1,0,0,0,0,2.941176
2026-08-14 11:47:22,Simpang 2,lane_2,2,0,0,2,0,0,0,0,6.060606
2026-08-14 11:47:24,Simpang 3,lane_2,3,0,0,3,0,0,0,0,9.090909
2026-08-14 11:47:24,Simpang 3,lane_3,3,0,0,1,2,0,0,1,8.823529
2026-08-14 11:47:25,Simpang 4,lane_1,5,1,0,3,2,0,0,0,15.151515
2026-08-14 11:47:25,Simpang 4,lane_2,8,2,0,2,6,0,0,0,24.242424
2026-08-14 11:47:25,Simpang 4,lane_3,7,0,0,2,5,0,0,0,20.588235
2026-08-14 11:47:28,Simpang 1,lane_2,3,0,0,3,0,0,0,0,9.090909
2026-08-14 11:47:28,Simpang 1,lane_3,1,0,0,1,0,0,0,0,2.941176
2026-08-14 11:47:28,Simpang 2,lane_2,2,0,0,2,0,0,0,0,6.060606
2026-08-14 11:47:30,Simpang 3,lane_2,4,0,0,4,0,0,0,0,12.121212
2026-08-14 11:47:30,Simpang 3,lane_3,3,0,0,1,2,0,0,1,8.823529
2026-08-14 11:47:31,Simpang 4,lane_1,5,0,0,3,2,0,0,0,15.151515
2026-08-14 11:47:31,Simpang 4,lane_2,8,1,0,2,6,0,0,0,24.242424
2026-08-14 11:47:31,Simpang 4,lane_3,8,0,0,3,5,0,0,0,23.529412
2026-08-14 11:47:35,Simpang 1,lane_2,3,0,0,3,0,0,0,0,9.090909
2026-08-14 11:47:35,Simpang 1,lane_3,1,0,0,1,0,0,0,0,2.941176
2026-08-14 11:47:35,Simpang 2,lane_2,2,0,0,2,0,0,0,0,6.060606
2026-08-14 11:47:37,Simpang 3,lane_2,5,0,0,5,0,0,0,0,15.151515
2026-08-14 11:47:37,Simpang 3,lane_3,3,1,0,1,2,0,0,1,8.823529
2026-08-14 11:47:41,Simpang 4,lane_1,5,0,0,3,2,0,0,0,15.151515
2026-08-14 11:47:41,Simpang 4,lane_2,10,0,0,2,8,0,0,0,30.30303
2026-08-14 11:47:41,Simpang 4,lane_3,9,0,0,3,6,0,0,0,26.470588
2026-08-14 11:47:46,Simpang 1,lane_2,3,0,0,3,0,0,0,0,9.090909
2026-08-14 11:47:46,Simpang 1,lane_3,1,0,0,1,0,0,0,0,2.941176
2026-08-14 11:47:46,Simpang 2,lane_2,2,0,0,2,0,0,0,0,6.060606
2026-08-14 11:47:46,Simpang 3,lane_2,5,0,0,5,0,0,0,0,15.151515
2026-08-14 11:47:46,Simpang 3,lane_3,3,1,0,1,2,0,0,1,8.823529
2026-08-14 11:47:47,Simpang 4,lane_1,4,0,0,3,1,0,0,0,12.121212
2026-08-14 11:47:47,Simpang 4,lane_2,6,1,0,2,4,0,0,0,18.181818
2026-08-14 11:47:47,Simpang 4,lane_3,7,0,0,2,5,0,0,0,20.588235
2026-08-14 11:47:50,Simpang 3,lane_2,5,0,0,5,0,0,0,0,15.151515
2026-08-14 11:47:50,Simpang 3,lane_3,3,1,0,1,2,0,0,1,8.823529
2026-08-14 11:47:50,Simpang 1,lane_2,3,0,0,3,0,0,0,0,9.090909
2026-08-14 11:47:50,Simpang 1,lane_3,1,0,0,1,0,0,0,0,2.941176
2026-08-14 11:47:50,Simpang 2,lane_2,2,0,0,2,0,0,0,0,6.060606
2026-08-14 11:47:52,Simpang 4,lane_1,5,0,0,3,2,0,0,0,15.151515
2026-08-14 11:47:52,Simpang 4,lane_2,5,1,0,2,3,0,0,0,15.151515
2026-08-14 11:47:52,Simpang 4,lane_3,9,0,0,3,6,0,0,0,26.470588
2026-08-14 11:47:57,Simpang 3,lane_2,5,0,0,5,0,0,0,0,15.151515
2026-08-14 11:47:57,Simpang 3,lane_3,3,1,0,1,2,0,0,1,8.823529
2026-08-14 11:47:58,Simpang 1,lane_2,3,0,0,3,0,0,0,0,9.090909
2026-08-14 11:47:58,Simpang 1,lane_3,1,0,0,1,0,0,0,0,2.941176
2026-08-14 11:47:58,Simpang 2,lane_2,2,0,0,2,0,0,0,0,6.060606
2026-08-14 11:47:59,Simpang 4,lane_1,5,0,0,3,2,0,0,0,15.151515
2026-08-14 11:47:59,Simpang 4,lane_2,6,1,0,2,4,0,0,0,18.181818
2026-08-14 11:47:59,Simpang 4,lane_3,8,0,0,3,5,0,0,0,23.529412
2026-08-14 11:48:04,Simpang 3,lane_2,4,0,0,4,0,0,0,0,12.121212
2026-08-14 11:48:04,Simpang 3,lane_3,3,1,0,1,2,0,0,1,8.823529
2026-08-14 11:48:05,Simpang 1,lane_2,3,0,0,3,0,0,0,0,9.090909
2026-08-14 11:48:05,Simpang 1,lane_3,1,0,0,1,0,0,0,0,2.941176
2026-08-14 11:48:05,Simpang 4,lane_1,4,0,0,2,2,0,0,0,12.121212
2026-08-14 11:48:05,Simpang 4,lane_2,6,0,0,3,3,0,0,0,18.181818
2026-08-14 11:48:05,Simpang 4,lane_3,7,0,0,2,5,0,0,0,20.588235
2026-08-14 11:48:06,Simpang 2,lane_2,2,0,0,2,0,0,0,0,6.060606
2026-08-14 11:48:10,Simpang 3,lane_2,4,0,0,4,0,0,0,0,12.121212
2026-08-14 11:48:10,Simpang 3,lane_3,3,1,0,1,2,0,0,1,8.823529
2026-08-14 11:48:12,Simpang 4,lane_1,4,0,0,2,2,0,0,0,12.121212
2026-08-14 11:48:12,Simpang 4,lane_2,8,0,0,3,5,0,0,0,24.242424
2026-08-14 11:48:12,Simpang 4,lane_3,7,0,0,2,5,0,0,0,20.588235
2026-08-14 11:48:13,Simpang 1,lane_2,3,0,0,3,0,0,0,0,9.090909
2026-08-14 11:48:13,Simpang 1,lane_3,1,0,0,1,0,0,0,0,2.941176
2026-08-14 11:48:13,Simpang 2,lane_2,2,0,0,2,0,0,0,0,6.060606
2026-08-14 11:48:17,Simpang 3,lane_2,4,0,0,4,0,0,0,0,12.121212
2026-08-14 11:48:17,Simpang 3,lane_3,3,1,0,1,2,0,0,1,8.823529
2026-08-14 11:48:19,Simpang 4,lane_1,4,0,0,2,2,0,0,0,12.121212
2026-08-14 11:48:19,Simpang 4,lane_2,9,0,0,3,6,0,0,0,27.272727
2026-08-14 11:48:19,Simpang 4,lane_3,6,0,0,2,4,0,0,0,17.647059
2026-08-14 11:48:20,Simpang 1,lane_2,3,0,0,3,0,0,0,0,9.090909
2026-08-14 11:48:20,Simpang 1,lane_3,1,0,0,1,0,0,0,0,2.941176
2026-08-14 11:48:20,Simpang 2,lane_2,2,0,0,2,0,0,0,0,6.060606
2026-08-14 11:48:24,Simpang 3,lane_2,4,0,0,4,0,0,0,0,12.121212
2026-08-14 11:48:24,Simpang 3,lane_3,3,1,0,1,2,0,0,1,8.823529
2026-08-14 11:48:26,Simpang 4,lane_1,4,0,0,2,2,0,0,0,12.121212
2026-08-14 11:48:26,Simpang 4,lane_2,8,0,0,3,5,0,0,0,24.242424
2026-08-14 11:48:26,Simpang 4,lane_3,4,0,0,1,3,0,0,0,11.764706
2026-08-14 11:48:27,Simpang 1,lane_2,3,0,0,3,0,0,0,0,9.090909
2026-08-14 11:48:27,Simpang 1,lane_3,1,0,0,1,0,0,0,0,2.941176
2026-08-14 11:48:27,Simpang 2,lane_2,2,0,0,2,0,0,0,0,6.060606
2026-08-14 11:48:31,Simpang 3,lane_2,4,0,0,4,0,0,0,0,12.121212
2026-08-14 11:48:31,Simpang 3,lane_3,3,1,0,1,2,0,0,1,8.823529
2026-08-14 11:48:32,Simpang 4,lane_1,4,0,0,2,2,0,0,0,12.121212
2026-08-14 11:48:32,Simpang 4,lane_2,9,0,0,3,6,0,0,0,27.272727
2026-08-14 11:48:32,Simpang 4,lane_3,5,0,0,1,4,0,0,0,14.705882
2026-08-14 11:48:35,Simpang 1,lane_2,3,0,0,3,0,0,0,0,9.090909
2026-08-14 11:48:35,Simpang 1,lane_3,1,0,0,1,0,0,0,0,2.941176
2026-08-14 11:48:35,Simpang 2,lane_2,2,0,0,2,0,0,0,0,6.060606
2026-08-14 11:48:38,Simpang 3,lane_2,4,0,0,4,0,0,0,0,12.121212
2026-08-14 11:48:38,Simpang 3,lane_3,3,1,0,1,2,0,0,1,8.823529
2026-08-14 11:48:39,Simpang 4,lane_1,5,0,0,2,3,0,0,0,15.151515
2026-08-14 11:48:39,Simpang 4,lane_2,9,0,0,3,6,0,0,0,27.272727
2026-08-14 11:48:39,Simpang 4,lane_3,4,0,0,1,3,0,0,0,11.764706
2026-08-14 11:48:42,Simpang 2,lane_2,2,0,0,2,0,0,0,0,6.060606
2026-08-14 11:48:42,Simpang 1,lane_2,3,0,0,3,0,0,0,0,9.090909
2026-08-14 11:48:42,Simpang 1,lane_3,1,0,0,1,0,0,0,0,2.941176
2026-08-14 11:48:44,Simpang 3,lane_2,4,0,0,4,0,0,0,0,12.121212
2026-08-14 11:48:44,Simpang 3,lane_3,3,1,0,1,2,0,0,1,8.823529
2026-08-14 11:48:46,Simpang 4,lane_1,3,1,0,2,1,0,0,0,9.090909
2026-08-14 11:48:46,Simpang 4,lane_2,9,1,0,3,6,0,0,0,27.272727
2026-08-14 11:48:46,Simpang 4,lane_3,2,0,0,1,1,0,0,0,5.882353
2026-08-14 11:48:49,Simpang 1,lane_2,3,0,0,3,0,0,0,0,9.090909
2026-08-14 11:48:49,Simpang 1,lane_3,1,0,0,1,0,0,0,0,2.941176
2026-08-14 11:48:49,Simpang 2,lane_2,2,0,0,2,0,0,0,0,6.060606
2026-08-14 11:48:51,Simpang 3,lane_2,4,0,0,4,0,0,0,0,12.121212
2026-08-14 11:48:51,Simpang 3,lane_3,3,1,0,1,2,0,0,1,8.823529
2026-08-14 11:48:53,Simpang 4,lane_1,3,1,0,2,1,0,0,0,9.090909
2026-08-14 11:48:53,Simpang 4,lane_2,12,0,0,3,9,0,0,0,36.363636
2026-08-14 11:48:53,Simpang 4,lane_3,2,0,0,1,1,0,0,0,5.882353
2026-08-14 11:48:57,Simpang 1,lane_2,3,0,0,3,0,0,0,0,9.090909
2026-08-14 11:48:57,Simpang 1,lane_3,1,0,0,1,0,0,0,0,2.941176
2026-08-14 11:48:57,Simpang 2,lane_2,2,0,0,2,0,0,0,0,6.060606
2026-08-14 11:49:00,Simpang 3,lane_2,4,0,0,4,0,0,0,0,12.121212
2026-08-14 11:49:00,Simpang 3,lane_3,3,1,0,1,2,0,0,1,8.823529
2026-08-14 11:49:03,Simpang 4,lane_1,3,1,0,2,1,0,0,0,9.090909
2026-08-14 11:49:03,Simpang 4,lane_2,11,1,0,3,8,0,0,0,33.333333
2026-08-14 11:49:03,Simpang 4,lane_3,3,0,0,1,2,0,0,0,8.823529
2026-08-14 11:49:06,Simpang 2,lane_2,2,0,0,2,0,0,0,0,6.060606
2026-08-14 11:49:07,Simpang 1,lane_2,3,0,0,3,0,0,0,0,9.090909
2026-08-14 11:49:07,Simpang 1,lane_3,1,0,0,1,0,0,0,0,2.941176
2026-08-14 11:49:07,Simpang 3,lane_2,4,0,0,4,0,0,0,0,12.121212
2026-08-14 11:49:07,Simpang 3,lane_3,3,1,0,1,2,0,0,1,8.823529
2026-08-14 11:49:09,Simpang 4,lane_1,2,1,0,2,0,0,0,0,6.060606
2026-08-14 11:49:09,Simpang 4,lane_2,11,0,0,3,8,0,0,0,33.333333
2026-08-14 11:49:09,Simpang 4,lane_3,2,0,0,1,1,0,0,0,5.882353
2026-08-14 11:49:13,Simpang 3,lane_2,4,0,0,4,0,0,0,0,12.121212
2026-08-14 11:49:13,Simpang 3,lane_3,5,0,0,1,4,0,0,1,14.705882
2026-08-14 11:49:13,Simpang 1,lane_2,3,0,0,3,0,0,0,0,9.090909
2026-08-14 11:49:13,Simpang 1,lane_3,1,0,0,1,0,0,0,0,2.941176
2026-08-14 11:49:13,Simpang 2,lane_2,2,0,0,2,0,0,0,0,6.060606
2026-08-14 11:49:15,Simpang 4,lane_1,2,1,0,2,0,0,0,0,6.060606
2026-08-14 11:49:15,Simpang 4,lane_2,12,0,0,3,9,0,0,0,36.363636
2026-08-14 11:49:15,Simpang 4,lane_3,2,0,0,1,1,0,0,0,5.882353
2026-08-14 11:49:20,Simpang 3,lane_2,4,0,0,4,0,0,0,0,12.121212
2026-08-14 11:49:20,Simpang 3,lane_3,5,0,0,1,4,0,0,1,14.705882
2026-08-14 11:49:21,Simpang 1,lane_2,3,0,0,3,0,0,0,0,9.090909
2026-08-14 11:49:21,Simpang 1,lane_3,1,0,0,1,0,0,0,0,2.941176
2026-08-14 11:49:21,Simpang 2,lane_2,2,0,0,2,0,0,0,0,6.060606
2026-08-14 11:49:23,Simpang 4,lane_2,11,0,0,3,8,0,0,0,33.333333
2026-08-14 11:49:23,Simpang 4,lane_1,1,0,0,1,0,0,0,0,3.030303
2026-08-14 11:49:23,Simpang 4,lane_3,3,0,0,1,2,0,0,0,8.823529
2026-08-14 11:49:27,Simpang 3,lane_2,4,0,0,4,0,0,0,0,12.121212
2026-08-14 11:49:27,Simpang 3,lane_3,3,1,0,1,2,0,0,1,8.823529
2026-08-14 11:49:29,Simpang 1,lane_2,3,0,0,3,0,0,0,0,9.090909
2026-08-14 11:49:29,Simpang 1,lane_3,1,0,0,1,0,0,0,0,2.941176
2026-08-14 11:49:29,Simpang 4,lane_2,11,0,0,3,8,0,0,0,33.333333
2026-08-14 11:49:29,Simpang 4,lane_1,1,0,0,1,0,0,0,0,3.030303
2026-08-14 11:49:29,Simpang 4,lane_3,3,0,0,1,2,0,0,0,8.823529
2026-08-14 11:49:29,Simpang 2,lane_2,1,0,0,1,0,0,0,0,3.030303
2026-08-14 11:49:34,Simpang 3,lane_2,4,0,0,4,0,0,0,0,12.121212
2026-08-14 11:49:34,Simpang 3,lane_3,3,1,0,1,2,0,0,1,8.823529
2026-08-14 11:49:36,Simpang 4,lane_2,11,0,0,3,8,0,0,0,33.333333
2026-08-14 11:49:36,Simpang 4,lane_1,1,0,0,1,0,0,0,0,3.030303
2026-08-14 11:49:36,Simpang 4,lane_3,3,0,0,1,2,0,0,0,8.823529
2026-08-14 11:49:36,Simpang 1,lane_2,3,0,0,3,0,0,0,0,9.090909
2026-08-14 11:49:36,Simpang 1,lane_3,1,0,0,1,0,0,0,0,2.941176
2026-08-14 11:49:37,Simpang 2,lane_2,2,0,0,2,0,0,0,0,6.060606
2026-08-14 11:49:41,Simpang 3,lane_2,4,0,0,4,0,0,0,0,12.121212
2026-08-14 11:49:41,Simpang 3,lane_3,5,0,0,1,4,0,0,1,14.705882
2026-08-14 11:49:42,Simpang 4,lane_2,10,0,0,3,7,0,0,0,30.30303
2026-08-14 11:49:42,Simpang 4,lane_1,1,1,0,1,0,0,0,0,3.030303
2026-08-14 11:49:42,Simpang 4,lane_3,4,0,0,1,3,0,0,0,11.764706
2026-08-14 11:49:42,Simpang 1,lane_2,3,0,0,3,0,0,0,0,9.090909
2026-08-14 11:49:42,Simpang 1,lane_3,1,0,0,1,0,0,0,0,2.941176
2026-08-14 11:49:42,Simpang 2,lane_2,2,0,0,2,0,0,0,0,6.060606
2026-08-14 11:49:44,Simpang 3,lane_2,4,0,0,4,0,0,0,0,12.121212
2026-08-14 11:49:44,Simpang 3,lane_3,5,0,0,1,4,0,0,1,14.705882
2026-08-14 11:49:44,Simpang 4,lane_2,9,0,0,3,6,0,0,0,27.272727
2026-08-14 11:49:44,Simpang 4,lane_1,1,1,0,1,0,0,0,0,3.030303
2026-08-14 11:49:44,Simpang 4,lane_3,4,0,0,1,3,0,0,0,11.764706
2026-08-14 11:49:44,Simpang 2,lane_2,2,0,0,2,0,0,0,0,6.060606
2026-08-14 11:49:44,Simpang 1,lane_3,1,0,0,1,0,0,0,0,2.941176
2026-08-14 11:49:45,Simpang 3,lane_2,4,0,0,4,0,0,0,0,12.121212
2026-08-14 11:49:45,Simpang 3,lane_3,5,0,0,1,4,0,0,1,14.705882
2026-08-14 11:49:46,Simpang 4,lane_2,9,2,0,3,6,0,0,0,27.272727
2026-08-14 11:49:46,Simpang 4,lane_1,1,1,0,1,0,0,0,0,3.030303
2026-08-14 11:49:46,Simpang 4,lane_3,4,0,0,1,3,0,0,0,11.764706
2026-08-14 11:49:46,Simpang 1,lane_2,3,0,0,3,0,0,0,0,9.090909
2026-08-14 11:49:46,Simpang 1,lane_3,1,0,0,1,0,0,0,0,2.941176
2026-08-14 11:49:46,Simpang 2,lane_2,2,0,0,2,0,0,0,0,6.060606
2026-08-14 11:49:47,Simpang 3,lane_2,4,0,0,4,0,0,0,0,12.121212
2026-08-14 11:49:47,Simpang 3,lane_3,5,0,0,1,4,0,0,2,14.705882
2026-08-14 11:49:47,Simpang 4,lane_2,9,2,0,3,6,0,0,0,27.272727
2026-08-14 11:49:47,Simpang 4,lane_1,1,1,0,1,0,0,0,0,3.030303
2026-08-14 11:49:47,Simpang 4,lane_3,4,0,0,1,3,0,0,0,11.764706
2026-08-14 11:49:48,Simpang 1,lane_2,3,0,0,3,0,0,0,0,9.090909
2026-08-14 11:49:48,Simpang 1,lane_3,1,0,0,1,0,0,0,0,2.941176
2026-08-14 11:49:48,Simpang 2,lane_2,2,0,0,2,0,0,0,0,6.060606
2026-08-14 11:49:49,Simpang 3,lane_2,4,0,0,4,0,0,0,0,12.121212
2026-08-14 11:49:49,Simpang 3,lane_3,5,0,0,1,4,0,0,2,14.705882
2026-08-14 11:49:49,Simpang 4,lane_1,2,1,0,2,0,0,0,0,6.060606
2026-08-14 11:49:49,Simpang 4,lane_2,8,1,0,2,6,0,0,0,24.242424
2026-08-14 11:49:49,Simpang 4,lane_3,4,0,0,1,3,0,0,0,11.764706
2026-08-14 11:49:50,Simpang 1,lane_2,3,0,0,3,0,0,0,0,9.090909
2026-08-14 11:49:50,Simpang 1,lane_3,1,0,0,1,0,0,0,0,2.941176
2026-08-14 11:49:50,Simpang 2,lane_2,2,0,0,2,0,0,0,0,6.060606
2026-08-14 11:49:51,Simpang 3,lane_2,4,0,0,4,0,0,0,0,12.121212
2026-08-14 11:49:51,Simpang 3,lane_3,5,0,0,1,4,0,0,2,14.705882
2026-08-14 11:49:51,Simpang 4,lane_1,2,0,0,2,0,0,0,0,6.060606
2026-08-14 11:49:51,Simpang 4,lane_2,8,1,0,2,6,0,0,0,24.242424
2026-08-14 11:49:51,Simpang 4,lane_3,4,0,0,1,3,0,0,0,11.764706
2026-08-14 11:49:52,Simpang 1,lane_2,3,1,0,3,0,0,0,0,9.090909
2026-08-14 11:49:52,Simpang 1,lane_3,1,0,0,1,0,0,0,0,2.941176
2026-08-14 11:49:52,Simpang 3,lane_2,4,0,0,4,0,0,0,0,12.121212
2026-08-14 11:49:52,Simpang 3,lane_3,5,0,0,1,4,0,0,2,14.705882
2026-08-14 11:49:52,Simpang 2,lane_2,2,0,0,2,0,0,0,0,6.060606
2026-08-14 11:49:53,Simpang 4,lane_1,2,0,0,2,0,0,0,0,6.060606
2026-08-14 11:49:53,Simpang 4,lane_2,9,1,0,2,7,0,0,0,27.272727
2026-08-14 11:49:53,Simpang 4,lane_3,4,0,0,1,3,0,0,0,11.764706
2026-08-14 11:49:54,Simpang 3,lane_2,4,0,0,4,0,0,0,0,12.121212
2026-08-14 11:49:54,Simpang 3,lane_3,5,0,0,1,4,0,0,2,14.705882
2026-08-14 11:49:54,Simpang 4,lane_1,2,0,0,2,0,0,0,0,6.060606
2026-08-14 11:49:54,Simpang 4,lane_2,10,1,0,1,9,0,0,0,30.30303
2026-08-14 11:49:54,Simpang 4,lane_3,5,0,0,2,3,0,0,0,14.705882
2026-08-14 11:49:54,Simpang 1,lane_2,3,0,0,3,0,0,0,0,9.090909
2026-08-14 11:49:54,Simpang 1,lane_3,1,0,0,1,0,0,0,0,2.941176
2026-08-14 11:49:54,Simpang 2,lane_2,2,0,0,2,0,0,0,0,6.060606
2026-08-14 11:49:56,Simpang 3,lane_2,4,0,0,4,0,0,0,0,12.121212
2026-08-14 11:49:56,Simpang 3,lane_3,5,0,0,1,4,0,0,2,14.705882
2026-08-14 11:49:56,Simpang 4,lane_1,2,0,0,2,0,0,0,0,6.060606
2026-08-14 11:49:56,Simpang 4,lane_2,10,1,0,1,9,0,0,0,30.30303
2026-08-14 11:49:56,Simpang 4,lane_3,5,0,0,2,3,0,0,0,14.705882
2026-08-14 11:49:56,Simpang 1,lane_2,3,0,0,3,0,0,0,0,9.090909
2026-08-14 11:49:56,Simpang 1,lane_3,1,0,0,1,0,0,0,0,2.941176
2026-08-14 11:49:56,Simpang 2,lane_2,2,0,0,2,0,0,0,0,6.060606
2026-08-14 11:49:57,Simpang 3,lane_2,4,0,0,4,0,0,0,0,12.121212
2026-08-14 11:49:57,Simpang 3,lane_3,5,0,0,1,4,0,0,2,14.705882
2026-08-14 11:49:58,Simpang 4,lane_1,2,0,0,2,0,0,0,0,6.060606
2026-08-14 11:49:58,Simpang 4,lane_2,11,1,0,1,10,0,0,0,33.333333
2026-08-14 11:49:58,Simpang 4,lane_3,4,0,0,1,3,0,0,0,11.764706
2026-08-14 11:49:58,Simpang 1,lane_2,3,0,0,3,0,0,0,0,9.090909
2026-08-14 11:49:58,Simpang 1,lane_3,1,0,0,1,0,0,0,0,2.941176
2026-08-14 11:49:58,Simpang 2,lane_2,2,0,0,2,0,0,0,0,6.060606
2026-08-14 11:49:59,Simpang 3,lane_2,4,0,0,4,0,0,0,0,12.121212
2026-08-14 11:49:59,Simpang 3,lane_3,5,0,0,1,4,0,0,2,14.705882
2026-08-14 11:49:59,Simpang 4,lane_1,2,0,0,2,0,0,0,0,6.060606
2026-08-14 11:49:59,Simpang 4,lane_2,10,1,0,1,9,0,0,0,30.30303
2026-08-14 11:49:59,Simpang 4,lane_3,4,0,0,2,2,0,0,0,11.764706
2026-08-14 11:50:00,Simpang 1,lane_2,3,0,0,3,0,0,0,0,9.090909
2026-08-14 11:50:00,Simpang 1,lane_3,1,0,0,1,0,0,0,0,2.941176
2026-08-14 11:50:00,Simpang 2,lane_2,2,0,0,2,0,0,0,0,6.060606
2026-08-14 11:50:01,Simpang 3,lane_2,4,0,0,4,0,0,0,0,12.121212
2026-08-14 11:50:01,Simpang 3,lane_3,5,0,0,1,4,0,0,2,14.705882
2026-08-14 11:50:01,Simpang 4,lane_1,2,0,0,2,0,0,0,0,6.060606
2026-08-14 11:50:01,Simpang 4,lane_2,9,1,0,1,8,0,0,0,27.272727
2026-08-14 11:50:01,Simpang 4,lane_3,3,0,0,1,2,0,0,0,8.823529
2026-08-14 11:50:02,Simpang 1,lane_2,3,0,0,3,0,0,0,0,9.090909
2026-08-14 11:50:02,Simpang 1,lane_3,1,0,0,1,0,0,0,0,2.941176
2026-08-14 11:50:02,Simpang 2,lane_2,2,0,0,2,0,0,0,0,6.060606
2026-08-14 11:50:03,Simpang 3,lane_2,3,0,0,3,0,0,0,0,9.090909
2026-08-14 11:50:03,Simpang 3,lane_3,5,0,0,1,4,0,0,2,14.705882
2026-08-14 11:50:03,Simpang 4,lane_1,2,0,0,2,0,0,0,0,6.060606
2026-08-14 11:50:03,Simpang 4,lane_2,11,2,0,1,10,0,0,0,33.333333
2026-08-14 11:50:03,Simpang 4,lane_3,4,0,0,1,3,0,0,0,11.764706
2026-08-14 11:50:04,Simpang 2,lane_2,2,0,0,2,0,0,0,0,6.060606
2026-08-14 11:50:04,Simpang 2,lane_1,1,0,0,1,0,0,0,0,3.030303
2026-08-14 11:50:04,Simpang 1,lane_2,3,0,0,3,0,0,0,0,9.090909
2026-08-14 11:50:04,Simpang 1,lane_3,1,0,0,1,0,0,0,0,2.941176
2026-08-14 11:50:05,Simpang 3,lane_2,3,0,0,3,0,0,0,0,9.090909
2026-08-14 11:50:05,Simpang 3,lane_3,5,0,0,1,4,0,0,2,14.705882
2026-08-14 11:50:05,Simpang 4,lane_1,2,0,0,2,0,0,0,0,6.060606
2026-08-14 11:50:05,Simpang 4,lane_2,10,2,0,2,8,0,0,0,30.30303
2026-08-14 11:50:05,Simpang 4,lane_3,1,1,0,1,0,0,0,0,2.941176
2026-08-14 11:50:09,Simpang 2,lane_2,2,0,0,2,0,0,0,0,6.060606
2026-08-14 11:50:09,Simpang 2,lane_1,1,0,0,1,0,0,0,0,3.030303
2026-08-14 11:50:10,Simpang 1,lane_2,3,0,0,3,0,0,0,0,9.090909
2026-08-14 11:50:10,Simpang 1,lane_3,1,0,0,1,0,0,0,0,2.941176
2026-08-14 11:50:12,Simpang 3,lane_2,3,0,0,3,0,0,0,0,9.090909
2026-08-14 11:50:12,Simpang 3,lane_3,5,0,0,1,4,0,0,2,14.705882
2026-08-14 11:50:12,Simpang 4,lane_1,2,0,0,2,0,0,0,0,6.060606
2026-08-14 11:50:12,Simpang 4,lane_2,13,2,0,2,11,0,0,0,39.393939
2026-08-14 11:50:12,Simpang 4,lane_3,2,1,0,1,1,0,0,0,5.882353
2026-08-14 11:50:17,Simpang 2,lane_2,2,0,0,2,0,0,0,0,6.060606
2026-08-14 11:50:18,Simpang 1,lane_2,3,0,0,3,0,0,0,0,9.090909
2026-08-14 11:50:18,Simpang 1,lane_3,1,0,0,1,0,0,0,0,2.941176
2026-08-14 11:50:20,Simpang 3,lane_2,3,0,0,3,0,0,0,0,9.090909
2026-08-14 11:50:20,Simpang 3,lane_3,5,0,0,1,4,0,0,2,14.705882
2026-08-14 11:50:20,Simpang 4,lane_1,2,0,0,2,0,0,0,0,6.060606
2026-08-14 11:50:20,Simpang 4,lane_2,7,5,0,2,5,0,0,0,21.212121
2026-08-14 11:50:20,Simpang 4,lane_3,2,1,0,0,2,0,0,0,5.882353
2026-08-14 11:50:25,Simpang 2,lane_2,2,0,0,2,0,0,0,0,6.060606
2026-08-14 11:50:25,Simpang 1,lane_2,3,0,0,3,0,0,0,0,9.090909
2026-08-14 11:50:25,Simpang 1,lane_3,1,0,0,1,0,0,0,0,2.941176
2026-08-14 11:50:25,Simpang 3,lane_2,3,0,0,3,0,0,0,0,9.090909
2026-08-14 11:50:25,Simpang 3,lane_3,5,0,0,1,4,0,0,2,14.705882
2026-08-14 11:50:25,Simpang 4,lane_1,2,1,0,2,0,0,0,0,6.060606
2026-08-14 11:50:25,Simpang 4,lane_2,10,1,0,2,8,0,0,0,30.30303
2026-08-14 11:50:25,Simpang 4,lane_3,3,1,0,1,2,0,0,0,8.823529
2026-08-14 11:50:31,Simpang 3,lane_2,3,0,0,3,0,0,0,0,9.090909
2026-08-14 11:50:31,Simpang 3,lane_3,5,0,0,1,4,0,0,2,14.705882
2026-08-14 11:50:31,Simpang 4,lane_1,3,1,0,3,0,0,0,0,9.090909
2026-08-14 11:50:31,Simpang 4,lane_2,10,1,0,1,9,0,0,0,30.30303
2026-08-14 11:50:31,Simpang 4,lane_3,1,2,0,1,0,0,0,0,2.941176
2026-08-14 11:50:33,Simpang 2,lane_2,2,0,0,2,0,0,0,0,6.060606
2026-08-14 11:50:33,Simpang 1,lane_2,3,0,0,3,0,0,0,0,9.090909
2026-08-14 11:50:33,Simpang 1,lane_3,1,0,0,1,0,0,0,0,2.941176
2026-08-14 11:50:38,Simpang 3,lane_2,3,0,0,3,0,0,0,0,9.090909
2026-08-14 11:50:38,Simpang 3,lane_3,5,0,0,1,4,0,0,2,14.705882
2026-08-14 11:50:38,Simpang 4,lane_1,3,1,0,3,0,0,0,0,9.090909
2026-08-14 11:50:38,Simpang 4,lane_2,11,1,0,1,10,0,0,0,33.333333
2026-08-14 11:50:38,Simpang 4,lane_3,3,2,0,3,0,0,0,0,8.823529
2026-08-14 11:50:39,Simpang 2,lane_2,2,0,0,2,0,0,0,0,6.060606
2026-08-14 11:50:39,Simpang 2,lane_1,1,0,0,0,1,0,0,0,3.030303
2026-08-14 11:50:40,Simpang 1,lane_2,3,0,0,3,0,0,0,0,9.090909
2026-08-14 11:50:40,Simpang 1,lane_3,1,0,0,1,0,0,0,0,2.941176
2026-08-14 11:50:45,Simpang 3,lane_2,4,0,0,4,0,0,0,0,12.121212
2026-08-14 11:50:45,Simpang 3,lane_3,4,0,0,0,4,0,0,2,11.764706
2026-08-14 11:50:45,Simpang 4,lane_1,3,1,0,3,0,0,0,0,9.090909
2026-08-14 11:50:45,Simpang 4,lane_2,11,0,0,1,10,0,0,0,33.333333
2026-08-14 11:50:45,Simpang 4,lane_3,1,2,0,1,0,0,0,0,2.941176
2026-08-14 11:50:47,Simpang 2,lane_2,2,0,0,2,0,0,0,0,6.060606
2026-08-14 11:50:47,Simpang 2,lane_1,1,0,0,0,1,0,0,0,3.030303
2026-08-14 11:50:48,Simpang 1,lane_2,3,0,0,3,0,0,0,0,9.090909
2026-08-14 11:50:48,Simpang 1,lane_3,1,0,0,1,0,0,0,0,2.941176
2026-08-14 11:50:54,Simpang 3,lane_2,4,0,0,4,0,0,0,0,12.121212
2026-08-14 11:50:54,Simpang 3,lane_3,4,0,0,0,4,0,0,2,11.764706
2026-08-14 11:50:54,Simpang 4,lane_1,3,3,0,3,0,0,0,0,9.090909
2026-08-14 11:50:54,Simpang 4,lane_2,11,0,0,1,10,0,0,0,33.333333
2026-08-14 11:50:54,Simpang 4,lane_3,1,2,0,1,0,0,0,0,2.941176
2026-08-14 11:50:56,Simpang 2,lane_2,2,0,0,2,0,0,0,0,6.060606
2026-08-14 11:50:56,Simpang 2,lane_1,1,0,0,0,1,0,0,0,3.030303
2026-08-14 11:50:56,Simpang 1,lane_2,3,1,0,3,0,0,0,0,9.090909
2026-08-14 11:50:56,Simpang 1,lane_3,1,0,0,1,0,0,0,0,2.941176
2026-08-14 11:51:01,Simpang 3,lane_2,4,0,0,4,0,0,0,0,12.121212
2026-08-14 11:51:01,Simpang 3,lane_3,4,0,0,0,4,0,0,2,11.764706
2026-08-14 11:51:01,Simpang 4,lane_1,3,2,0,3,0,0,0,0,9.090909
2026-08-14 11:51:01,Simpang 4,lane_2,10,0,0,1,9,0,0,0,30.30303
2026-08-14 11:51:01,Simpang 4,lane_3,2,2,0,2,0,0,0,0,5.882353
2026-08-14 11:51:04,Simpang 1,lane_2,3,1,0,3,0,0,0,0,9.090909
2026-08-14 11:51:04,Simpang 1,lane_3,1,0,0,1,0,0,0,0,2.941176
2026-08-14 11:51:04,Simpang 2,lane_2,2,0,0,2,0,0,0,0,6.060606
2026-08-14 11:51:04,Simpang 2,lane_1,1,0,0,0,1,0,0,0,3.030303
2026-08-14 11:51:08,Simpang 3,lane_2,4,0,0,4,0,0,0,0,12.121212
2026-08-14 11:51:08,Simpang 3,lane_3,4,0,0,0,4,0,0,2,11.764706
2026-08-14 11:51:08,Simpang 4,lane_1,3,2,0,3,0,0,0,0,9.090909
2026-08-14 11:51:08,Simpang 4,lane_2,11,1,0,1,10,0,0,0,33.333333
2026-08-14 11:51:08,Simpang 4,lane_3,2,1,0,2,0,0,0,0,5.882353
2026-08-14 11:51:11,Simpang 1,lane_2,3,1,0,3,0,0,0,0,9.090909
2026-08-14 11:51:11,Simpang 1,lane_3,1,0,0,1,0,0,0,0,2.941176
2026-08-14 11:51:11,Simpang 2,lane_2,2,0,0,2,0,0,0,0,6.060606
2026-08-14 11:51:11,Simpang 2,lane_1,1,0,0,0,1,0,0,0,3.030303
2026-08-14 11:51:14,Simpang 4,lane_1,3,0,0,3,0,0,0,0,9.090909
2026-08-14 11:51:14,Simpang 4,lane_2,11,1,0,1,10,0,0,0,33.333333
2026-08-14 11:51:14,Simpang 4,lane_3,3,0,0,3,0,0,0,0,8.823529
2026-08-14 11:51:15,Simpang 3,lane_2,4,0,0,4,0,0,0,0,12.121212
2026-08-14 11:51:15,Simpang 3,lane_3,4,0,0,0,4,0,0,2,11.764706
2026-08-14 11:51:18,Simpang 2,lane_2,2,0,0,2,0,0,0,0,6.060606
2026-08-14 11:51:18,Simpang 2,lane_1,1,0,0,0,1,0,0,0,3.030303
2026-08-14 11:51:19,Simpang 1,lane_2,3,1,0,3,0,0,0,0,9.090909
2026-08-14 11:51:19,Simpang 1,lane_3,1,0,0,1,0,0,0,0,2.941176
2026-08-14 11:51:22,Simpang 3,lane_2,3,0,0,3,0,0,0,0,9.090909
2026-08-14 11:51:22,Simpang 3,lane_3,4,0,0,0,4,0,0,2,11.764706
2026-08-14 11:51:23,Simpang 4,lane_1,3,1,0,3,0,0,0,0,9.090909
2026-08-14 11:51:23,Simpang 4,lane_2,14,0,0,1,13,0,0,0,42.424242
2026-08-14 11:51:23,Simpang 4,lane_3,3,0,0,3,0,0,0,0,8.823529
2026-08-14 11:51:27,Simpang 2,lane_2,2,0,0,2,0,0,0,0,6.060606
2026-08-14 11:51:27,Simpang 2,lane_1,1,0,0,0,1,0,0,0,3.030303
2026-08-14 11:51:27,Simpang 1,lane_2,3,0,0,3,0,0,0,0,9.090909
2026-08-14 11:51:27,Simpang 1,lane_3,1,0,0,1,0,0,0,0,2.941176
2026-08-14 11:51:30,Simpang 3,lane_2,3,0,0,3,0,0,0,0,9.090909
2026-08-14 11:51:30,Simpang 3,lane_3,4,0,0,0,4,0,0,2,11.764706
2026-08-14 11:51:30,Simpang 4,lane_1,3,0,0,3,0,0,0,0,9.090909
2026-08-14 11:51:30,Simpang 4,lane_2,11,1,0,1,10,0,0,0,33.333333
2026-08-14 11:51:30,Simpang 4,lane_3,3,0,0,3,0,0,0,0,8.823529
2026-08-14 11:51:44,Simpang 2,lane_2,2,0,0,2,0,0,0,0,6.060606
2026-08-14 11:51:44,Simpang 2,lane_1,1,0,0,0,1,0,0,0,3.030303
2026-08-14 11:51:44,Simpang 1,lane_2,3,0,0,3,0,0,0,0,9.090909
2026-08-14 11:51:44,Simpang 1,lane_3,1,0,0,1,0,0,0,0,2.941176
2026-08-14 11:51:49,Simpang 3,lane_2,3,0,0,3,0,0,0,0,9.090909
2026-08-14 11:51:49,Simpang 3,lane_3,4,0,0,0,4,0,0,2,11.764706
2026-08-14 11:51:49,Simpang 4,lane_1,3,0,0,3,0,0,0,0,9.090909
2026-08-14 11:51:49,Simpang 4,lane_2,11,1,0,1,10,0,0,0,33.333333
2026-08-14 11:51:49,Simpang 4,lane_3,5,0,1,3,2,0,0,0,14.705882
2026-08-14 11:51:59,Simpang 2,lane_2,2,0,0,2,0,0,0,0,6.060606
2026-08-14 11:51:59,Simpang 2,lane_1,1,0,0,0,1,0,0,0,3.030303
2026-08-14 11:51:59,Simpang 1,lane_2,3,0,0,3,0,0,0,0,9.090909
2026-08-14 11:51:59,Simpang 1,lane_3,1,0,0,1,0,0,0,0,2.941176
2026-08-14 11:52:05,Simpang 3,lane_2,3,0,0,3,0,0,0,0,9.090909
2026-08-14 11:52:05,Simpang 3,lane_3,4,0,0,0,4,0,0,2,11.764706
2026-08-14 11:52:05,Simpang 4,lane_1,3,0,0,3,0,0,0,0,9.090909
2026-08-14 11:52:05,Simpang 4,lane_2,12,1,0,1,11,0,0,0,36.363636
2026-08-14 11:52:05,Simpang 4,lane_3,3,0,0,2,1,0,0,0,8.823529
2026-08-14 11:52:13,Simpang 2,lane_2,2,0,0,2,0,0,0,0,6.060606
2026-08-14 11:52:13,Simpang 2,lane_1,1,0,0,0,1,0,0,0,3.030303
2026-08-14 11:52:13,Simpang 1,lane_2,3,0,0,3,0,0,0,0,9.090909
2026-08-14 11:52:13,Simpang 1,lane_3,1,0,0,1,0,0,0,0,2.941176
2026-08-14 11:52:16,Simpang 3,lane_2,3,0,0,3,0,0,0,0,9.090909
2026-08-14 11:52:16,Simpang 3,lane_3,4,0,0,0,4,0,0,2,11.764706
2026-08-14 11:52:17,Simpang 4,lane_1,4,0,0,3,1,0,0,0,12.121212
2026-08-14 11:52:17,Simpang 4,lane_2,10,1,0,1,9,0,0,0,30.30303
2026-08-14 11:52:17,Simpang 4,lane_3,5,0,0,3,2,0,0,0,14.705882
2026-08-14 11:52:23,Simpang 2,lane_2,2,0,0,2,0,0,0,0,6.060606
2026-08-14 11:52:23,Simpang 2,lane_1,1,0,0,0,1,0,0,0,3.030303
2026-08-14 11:52:24,Simpang 1,lane_2,3,0,0,3,0,0,0,0,9.090909
2026-08-14 11:52:24,Simpang 1,lane_3,1,0,0,1,0,0,0,0,2.941176
2026-08-14 11:52:25,Simpang 4,lane_1,6,0,0,3,3,0,0,0,18.181818
2026-08-14 11:52:25,Simpang 4,lane_2,7,2,0,1,6,0,0,0,21.212121
2026-08-14 11:52:25,Simpang 4,lane_3,5,0,0,3,2,0,0,0,14.705882
2026-08-14 11:52:25,Simpang 3,lane_2,3,0,0,3,0,0,0,0,9.090909
2026-08-14 11:52:25,Simpang 3,lane_3,4,0,0,0,4,0,0,2,11.764706
2026-08-14 11:52:30,Simpang 4,lane_1,7,0,0,3,4,0,0,0,21.212121
2026-08-14 11:52:30,Simpang 4,lane_2,5,2,0,1,4,0,0,0,15.151515
2026-08-14 11:52:30,Simpang 4,lane_3,5,0,0,3,2,0,0,0,14.705882
2026-08-14 11:52:30,Simpang 2,lane_2,2,0,0,2,0,0,0,0,6.060606
2026-08-14 11:52:30,Simpang 2,lane_1,1,0,0,0,1,0,0,0,3.030303
2026-08-14 11:52:31,Simpang 3,lane_2,3,0,0,3,0,0,0,0,9.090909
2026-08-14 11:52:31,Simpang 3,lane_3,4,0,0,0,4,0,0,2,11.764706
2026-08-14 11:52:31,Simpang 1,lane_2,3,0,0,3,0,0,0,0,9.090909
2026-08-14 11:52:31,Simpang 1,lane_3,1,0,0,1,0,0,0,0,2.941176
2026-08-14 11:52:36,Simpang 4,lane_1,6,0,0,3,3,0,0,0,18.181818
2026-08-14 11:52:36,Simpang 4,lane_2,8,1,0,1,7,0,0,0,24.242424
2026-08-14 11:52:36,Simpang 4,lane_3,4,0,0,3,1,0,0,0,11.764706
2026-08-14 11:52:36,Simpang 3,lane_2,3,0,0,3,0,0,0,0,9.090909
2026-08-14 11:52:36,Simpang 3,lane_3,4,0,0,0,4,0,0,2,11.764706
2026-08-14 11:52:37,Simpang 2,lane_2,2,0,0,2,0,0,0,0,6.060606
2026-08-14 11:52:37,Simpang 2,lane_1,1,0,0,0,1,0,0,0,3.030303
2026-08-14 11:52:37,Simpang 1,lane_2,3,0,0,3,0,0,0,0,9.090909
2026-08-14 11:52:37,Simpang 1,lane_3,1,0,0,1,0,0,0,0,2.941176
2026-08-14 11:52:42,Simpang 4,lane_1,6,0,0,3,3,0,0,0,18.181818
2026-08-14 11:52:42,Simpang 4,lane_2,8,1,0,1,7,0,0,0,24.242424
2026-08-14 11:52:42,Simpang 4,lane_3,4,0,0,3,1,0,0,0,11.764706
2026-08-14 11:52:42,Simpang 3,lane_2,3,0,0,3,0,0,0,0,9.090909
2026-08-14 11:52:42,Simpang 3,lane_3,4,0,0,0,4,0,0,2,11.764706
2026-08-14 11:52:44,Simpang 2,lane_2,2,0,0,2,0,0,0,0,6.060606
2026-08-14 11:52:44,Simpang 2,lane_1,1,0,0,0,1,0,0,0,3.030303
2026-08-14 11:52:44,Simpang 1,lane_2,3,0,0,3,0,0,0,0,9.090909
2026-08-14 11:52:44,Simpang 1,lane_3,1,0,0,1,0,0,0,0,2.941176
2026-08-14 11:52:48,Simpang 3,lane_2,3,0,0,3,0,0,0,0,9.090909
2026-08-14 11:52:48,Simpang 3,lane_3,4,0,0,0,4,0,0,2,11.764706
2026-08-14 11:52:48,Simpang 4,lane_1,6,0,0,3,3,0,0,0,18.181818
2026-08-14 11:52:48,Simpang 4,lane_2,9,1,0,2,7,0,0,0,27.272727
2026-08-14 11:52:48,Simpang 4,lane_3,5,0,0,2,3,0,0,0,14.705882
2026-08-14 11:52:50,Simpang 2,lane_2,2,0,0,2,0,0,0,0,6.060606
2026-08-14 11:52:50,Simpang 2,lane_1,1,0,0,0,1,0,0,0,3.030303
2026-08-14 11:52:50,Simpang 1,lane_2,3,0,0,3,0,0,0,0,9.090909
2026-08-14 11:52:50,Simpang 1,lane_3,1,0,0,1,0,0,0,0,2.941176
2026-08-14 11:52:54,Simpang 3,lane_2,3,0,0,3,0,0,0,0,9.090909
2026-08-14 11:52:54,Simpang 3,lane_3,4,0,0,0,4,0,0,2,11.764706
2026-08-14 11:52:54,Simpang 4,lane_1,2,2,0,2,0,0,0,0,6.060606
2026-08-14 11:52:54,Simpang 4,lane_2,6,1,0,2,4,0,0,0,18.181818
2026-08-14 11:52:54,Simpang 4,lane_3,4,0,0,2,2,0,0,0,11.764706
2026-08-14 11:52:57,Simpang 2,lane_2,2,0,0,2,0,0,0,0,6.060606
2026-08-14 11:52:57,Simpang 2,lane_1,1,0,0,0,1,0,0,0,3.030303
2026-08-14 11:52:57,Simpang 1,lane_2,3,0,0,3,0,0,0,0,9.090909
2026-08-14 11:52:57,Simpang 1,lane_3,1,0,0,1,0,0,0,0,2.941176
2026-08-14 11:53:01,Simpang 3,lane_2,3,0,0,3,0,0,0,0,9.090909
2026-08-14 11:53:01,Simpang 3,lane_3,4,0,0,0,4,0,0,2,11.764706
2026-08-14 11:53:01,Simpang 4,lane_1,2,2,0,2,0,0,0,0,6.060606
2026-08-14 11:53:01,Simpang 4,lane_2,8,1,0,2,6,0,0,0,24.242424
2026-08-14 11:53:01,Simpang 4,lane_3,5,0,0,2,3,0,0,0,14.705882
2026-08-14 11:53:03,Simpang 1,lane_2,3,0,0,3,0,0,0,0,9.090909
2026-08-14 11:53:03,Simpang 1,lane_3,1,0,0,1,0,0,0,0,2.941176
2026-08-14 11:53:04,Simpang 2,lane_2,2,0,0,2,0,0,0,0,6.060606
2026-08-14 11:53:04,Simpang 2,lane_1,1,0,0,0,1,0,0,0,3.030303
2026-08-14 11:53:08,Simpang 3,lane_2,3,0,0,3,0,0,0,0,9.090909
2026-08-14 11:53:08,Simpang 3,lane_3,4,0,0,0,4,0,0,2,11.764706
2026-08-14 11:53:08,Simpang 4,lane_1,2,2,0,2,0,0,0,0,6.060606
2026-08-14 11:53:08,Simpang 4,lane_2,8,1,0,2,6,0,0,0,24.242424
2026-08-14 11:53:08,Simpang 4,lane_3,5,0,0,2,3,0,0,0,14.705882
2026-08-14 11:53:12,Simpang 1,lane_2,3,0,0,3,0,0,0,0,9.090909
2026-08-14 11:53:12,Simpang 1,lane_3,1,0,0,1,0,0,0,0,2.941176
2026-08-14 11:53:12,Simpang 2,lane_2,2,0,0,2,0,0,0,0,6.060606
2026-08-14 11:53:12,Simpang 2,lane_1,1,0,0,0,1,0,0,0,3.030303
2026-08-14 11:53:15,Simpang 3,lane_2,3,1,0,3,0,0,0,0,9.090909
2026-08-14 11:53:15,Simpang 3,lane_3,4,0,0,0,4,0,0,2,11.764706
2026-08-14 11:53:16,Simpang 4,lane_1,2,1,0,2,0,0,0,0,6.060606
2026-08-14 11:53:16,Simpang 4,lane_2,6,0,0,1,5,0,0,0,18.181818
2026-08-14 11:53:16,Simpang 4,lane_3,3,2,0,2,1,0,0,0,8.823529
2026-08-14 11:53:19,Simpang 1,lane_2,3,0,0,3,0,0,0,0,9.090909
2026-08-14 11:53:19,Simpang 1,lane_3,1,0,0,1,0,0,0,0,2.941176
2026-08-14 11:53:19,Simpang 2,lane_2,2,0,0,2,0,0,0,0,6.060606
2026-08-14 11:53:19,Simpang 2,lane_1,1,0,0,0,1,0,0,0,3.030303
2026-08-14 11:53:21,Simpang 3,lane_2,3,1,0,3,0,0,0,0,9.090909
2026-08-14 11:53:21,Simpang 3,lane_3,4,0,0,0,4,0,0,2,11.764706
2026-08-14 11:53:22,Simpang 4,lane_1,2,2,0,2,0,0,0,0,6.060606
2026-08-14 11:53:22,Simpang 4,lane_2,9,0,0,1,8,0,0,0,27.272727
2026-08-14 11:53:22,Simpang 4,lane_3,7,0,0,2,5,0,0,0,20.588235
2026-08-14 11:53:25,Simpang 1,lane_2,3,0,0,3,0,0,0,0,9.090909
2026-08-14 11:53:25,Simpang 1,lane_3,1,0,0,1,0,0,0,0,2.941176
2026-08-14 11:53:25,Simpang 2,lane_2,2,0,0,2,0,0,0,0,6.060606
2026-08-14 11:53:25,Simpang 2,lane_1,1,0,0,0,1,0,0,0,3.030303
2026-08-14 11:53:28,Simpang 3,lane_2,3,1,0,3,0,0,0,0,9.090909
2026-08-14 11:53:28,Simpang 3,lane_3,4,0,0,0,4,0,0,2,11.764706
2026-08-14 11:53:28,Simpang 4,lane_1,2,1,0,2,0,0,0,0,6.060606
2026-08-14 11:53:28,Simpang 4,lane_2,6,0,0,1,5,0,0,0,18.181818
2026-08-14 11:53:28,Simpang 4,lane_3,6,0,0,2,4,0,0,0,17.647059
2026-08-14 11:53:32,Simpang 1,lane_2,3,0,0,3,0,0,0,0,9.090909
2026-08-14 11:53:32,Simpang 1,lane_3,1,0,0,1,0,0,0,0,2.941176
2026-08-14 11:53:32,Simpang 2,lane_2,2,0,0,2,0,0,0,0,6.060606
2026-08-14 11:53:32,Simpang 2,lane_1,1,0,0,0,1,0,0,0,3.030303
2026-08-14 11:53:34,Simpang 3,lane_2,3,1,0,3,0,0,0,0,9.090909
2026-08-14 11:53:34,Simpang 3,lane_3,4,0,0,0,4,0,0,2,11.764706
2026-08-14 11:53:35,Simpang 4,lane_1,2,1,0,2,0,0,0,0,6.060606
2026-08-14 11:53:35,Simpang 4,lane_2,7,0,0,2,5,0,0,0,21.212121
2026-08-14 11:53:35,Simpang 4,lane_3,6,0,0,2,4,0,0,0,17.647059
2026-08-14 11:53:39,Simpang 1,lane_2,3,0,0,3,0,0,0,0,9.090909
2026-08-14 11:53:39,Simpang 1,lane_3,1,0,0,1,0,0,0,0,2.941176
2026-08-14 11:53:39,Simpang 2,lane_2,2,0,0,2,0,0,0,0,6.060606
2026-08-14 11:53:39,Simpang 2,lane_1,1,0,0,0,1,0,0,0,3.030303
2026-08-14 11:53:41,Simpang 3,lane_2,3,0,0,3,0,0,0,0,9.090909
2026-08-14 11:53:41,Simpang 3,lane_3,4,0,0,0,4,0,0,2,11.764706
2026-08-14 11:53:41,Simpang 4,lane_1,3,1,0,2,1,0,0,0,9.090909
2026-08-14 11:53:41,Simpang 4,lane_2,6,0,0,2,4,0,0,0,18.181818
2026-08-14 11:53:41,Simpang 4,lane_3,3,3,0,2,1,0,0,0,8.823529
2026-08-14 11:53:46,Simpang 1,lane_2,3,0,0,3,0,0,0,0,9.090909
2026-08-14 11:53:46,Simpang 1,lane_3,1,0,0,1,0,0,0,0,2.941176
2026-08-14 11:53:46,Simpang 2,lane_2,2,0,0,2,0,0,0,0,6.060606
2026-08-14 11:53:46,Simpang 2,lane_1,1,0,0,0,1,0,0,0,3.030303
2026-08-14 11:53:48,Simpang 4,lane_1,3,0,0,2,1,0,0,0,9.090909
2026-08-14 11:53:48,Simpang 4,lane_2,7,0,0,3,4,0,0,0,21.212121
2026-08-14 11:53:48,Simpang 4,lane_3,4,2,0,1,3,0,0,0,11.764706
2026-08-14 11:53:48,Simpang 3,lane_2,3,0,0,3,0,0,0,0,9.090909
2026-08-14 11:53:48,Simpang 3,lane_3,4,0,0,0,4,0,0,2,11.764706
2026-08-14 11:53:53,Simpang 1,lane_2,3,0,0,3,0,0,0,0,9.090909
2026-08-14 11:53:53,Simpang 1,lane_3,1,0,0,1,0,0,0,0,2.941176
2026-08-14 11:53:54,Simpang 2,lane_2,2,0,0,2,0,0,0,0,6.060606
2026-08-14 11:53:54,Simpang 2,lane_1,1,0,0,0,1,0,0,0,3.030303
2026-08-14 11:53:54,Simpang 4,lane_1,5,1,0,2,3,0,0,0,15.151515
2026-08-14 11:53:54,Simpang 4,lane_2,5,0,0,3,2,0,0,0,15.151515
2026-08-14 11:53:54,Simpang 4,lane_3,4,2,0,1,3,0,0,0,11.764706
2026-08-14 11:53:54,Simpang 3,lane_2,3,0,0,3,0,0,0,0,9.090909
2026-08-14 11:53:54,Simpang 3,lane_3,4,0,0,0,4,0,0,2,11.764706
2026-08-14 11:54:00,Simpang 4,lane_1,4,0,0,2,2,0,0,0,12.121212
2026-08-14 11:54:00,Simpang 4,lane_2,3,0,0,1,2,0,0,0,9.090909
2026-08-14 11:54:00,Simpang 4,lane_3,3,3,0,2,1,0,0,0,8.823529
2026-08-14 11:54:00,Simpang 3,lane_2,3,0,0,3,0,0,0,0,9.090909
2026-08-14 11:54:00,Simpang 3,lane_3,4,0,0,0,4,0,0,2,11.764706
2026-08-14 11:54:00,Simpang 1,lane_2,3,0,0,3,0,0,0,0,9.090909
2026-08-14 11:54:00,Simpang 1,lane_3,1,0,0,1,0,0,0,0,2.941176
2026-08-14 11:54:00,Simpang 2,lane_2,2,0,0,2,0,0,0,0,6.060606
2026-08-14 11:54:00,Simpang 2,lane_1,1,0,0,0,1,0,0,0,3.030303
2026-08-14 11:54:06,Simpang 3,lane_2,3,0,0,3,0,0,0,0,9.090909
2026-08-14 11:54:06,Simpang 3,lane_3,4,0,0,0,4,0,0,2,11.764706
2026-08-14 11:54:06,Simpang 4,lane_1,4,0,0,2,2,0,0,0,12.121212
2026-08-14 11:54:06,Simpang 4,lane_2,5,0,0,3,2,0,0,0,15.151515
2026-08-14 11:54:06,Simpang 4,lane_3,4,3,0,2,2,0,0,0,11.764706
2026-08-14 11:54:07,Simpang 1,lane_2,3,0,0,3,0,0,0,0,9.090909
2026-08-14 11:54:07,Simpang 1,lane_3,1,0,0,1,0,0,0,0,2.941176
2026-08-14 11:54:08,Simpang 2,lane_2,2,0,0,2,0,0,0,0,6.060606
2026-08-14 11:54:08,Simpang 2,lane_1,1,0,0,0,1,0,0,0,3.030303
2026-08-14 11:54:11,Simpang 4,lane_1,4,0,0,2,2,0,0,0,12.121212
2026-08-14 11:54:11,Simpang 4,lane_2,4,0,0,2,2,0,0,0,12.121212
2026-08-14 11:54:11,Simpang 4,lane_3,7,0,0,2,5,0,0,0,20.588235
2026-08-14 11:54:11,Simpang 3,lane_2,3,0,0,3,0,0,0,0,9.090909
2026-08-14 11:54:11,Simpang 3,lane_3,4,0,0,0,4,0,0,2,11.764706
2026-08-14 11:54:13,Simpang 1,lane_2,3,0,0,3,0,0,0,0,9.090909
2026-08-14 11:54:13,Simpang 1,lane_3,1,0,0,1,0,0,0,0,2.941176
2026-08-14 11:54:14,Simpang 2,lane_2,2,0,0,2,0,0,0,0,6.060606
2026-08-14 11:54:14,Simpang 2,lane_1,1,0,0,0,1,0,0,0,3.030303
2026-08-14 11:54:18,Simpang 4,lane_1,4,0,0,2,2,0,0,0,12.121212
2026-08-14 11:54:18,Simpang 4,lane_2,4,0,0,2,2,0,0,0,12.121212
2026-08-14 11:54:18,Simpang 4,lane_3,7,0,0,2,5,0,0,0,20.588235
2026-08-14 11:54:18,Simpang 3,lane_2,3,0,0,3,0,0,0,0,9.090909
2026-08-14 11:54:18,Simpang 3,lane_3,4,0,0,0,4,0,0,2,11.764706
2026-08-14 11:54:21,Simpang 1,lane_2,3,0,0,3,0,0,0,0,9.090909
2026-08-14 11:54:21,Simpang 1,lane_3,1,0,0,1,0,0,0,0,2.941176
2026-08-14 11:54:21,Simpang 2,lane_2,2,0,0,2,0,0,0,0,6.060606
2026-08-14 11:54:21,Simpang 2,lane_1,1,0,0,0,1,0,0,0,3.030303
2026-08-14 11:54:25,Simpang 4,lane_1,4,0,0,2,2,0,0,0,12.121212
2026-08-14 11:54:25,Simpang 4,lane_2,4,0,0,2,2,0,0,0,12.121212
2026-08-14 11:54:25,Simpang 4,lane_3,7,0,0,2,5,0,0,0,20.588235
2026-08-14 11:54:26,Simpang 3,lane_2,3,0,0,3,0,0,0,0,9.090909
2026-08-14 11:54:26,Simpang 3,lane_3,4,0,0,0,4,0,0,2,11.764706
2026-08-14 11:54:28,Simpang 1,lane_2,3,0,0,3,0,0,0,0,9.090909
2026-08-14 11:54:28,Simpang 1,lane_3,1,0,0,1,0,0,0,0,2.941176
2026-08-14 11:54:28,Simpang 2,lane_2,2,0,0,2,0,0,0,0,6.060606
2026-08-14 11:54:28,Simpang 2,lane_1,1,0,0,0,1,0,0,0,3.030303
2026-08-14 11:54:32,Simpang 4,lane_1,4,0,0,2,2,0,0,0,12.121212
2026-08-14 11:54:32,Simpang 4,lane_2,5,0,0,3,2,0,0,0,15.151515
2026-08-14 11:54:32,Simpang 4,lane_3,6,0,0,1,5,0,0,0,17.647059
2026-08-14 11:54:32,Simpang 3,lane_2,3,0,0,3,0,0,0,0,9.090909
2026-08-14 11:54:32,Simpang 3,lane_3,4,0,0,0,4,0,0,2,11.764706
2026-08-14 11:54:34,Simpang 1,lane_2,3,0,0,3,0,0,0,0,9.090909
2026-08-14 11:54:34,Simpang 1,lane_3,1,0,0,1,0,0,0,0,2.941176
2026-08-14 11:54:34,Simpang 2,lane_2,2,0,0,2,0,0,0,0,6.060606
2026-08-14 11:54:34,Simpang 2,lane_1,1,0,0,0,1,0,0,0,3.030303
2026-08-14 11:54:38,Simpang 4,lane_1,4,0,0,2,2,0,0,0,12.121212
2026-08-14 11:54:38,Simpang 4,lane_2,5,0,0,3,2,0,0,0,15.151515
2026-08-14 11:54:38,Simpang 4,lane_3,7,0,0,1,6,0,0,0,20.588235
2026-08-14 11:54:39,Simpang 3,lane_2,3,0,0,3,0,0,0,0,9.090909
2026-08-14 11:54:39,Simpang 3,lane_3,4,0,0,0,4,0,0,2,11.764706
2026-08-14 11:54:43,Simpang 2,lane_2,2,0,0,2,0,0,0,0,6.060606
2026-08-14 11:54:43,Simpang 2,lane_1,1,0,0,0,1,0,0,0,3.030303
2026-08-14 11:54:43,Simpang 1,lane_2,3,0,0,3,0,0,0,0,9.090909
2026-08-14 11:54:43,Simpang 1,lane_3,1,0,0,1,0,0,0,0,2.941176
2026-08-14 11:54:46,Simpang 4,lane_1,4,1,0,2,2,0,0,0,12.121212
2026-08-14 11:54:46,Simpang 4,lane_2,5,0,0,3,2,0,0,0,15.151515
2026-08-14 11:54:46,Simpang 4,lane_3,7,0,0,1,6,0,0,0,20.588235
2026-08-14 11:54:47,Simpang 3,lane_2,3,0,0,3,0,0,0,0,9.090909
2026-08-14 11:54:47,Simpang 3,lane_3,4,0,0,0,4,0,0,2,11.764706
2026-08-14 11:54:50,Simpang 2,lane_2,2,0,0,2,0,0,0,0,6.060606
2026-08-14 11:54:50,Simpang 2,lane_1,1,0,0,0,1,0,0,0,3.030303
2026-08-14 11:54:50,Simpang 1,lane_2,3,0,0,3,0,0,0,0,9.090909
2026-08-14 11:54:50,Simpang 1,lane_3,1,0,0,1,0,0,0,0,2.941176
2026-08-14 11:54:53,Simpang 4,lane_1,4,0,0,2,2,0,0,0,12.121212
2026-08-14 11:54:53,Simpang 4,lane_2,5,0,0,3,2,0,0,0,15.151515
2026-08-14 11:54:53,Simpang 4,lane_3,8,0,0,1,7,0,0,0,23.529412
2026-08-14 11:54:54,Simpang 3,lane_2,3,0,0,3,0,0,0,0,9.090909
2026-08-14 11:54:54,Simpang 3,lane_3,4,0,0,0,4,0,0,2,11.764706
2026-08-14 11:54:58,Simpang 2,lane_2,2,0,0,2,0,0,0,0,6.060606
2026-08-14 11:54:58,Simpang 2,lane_1,1,0,0,0,1,0,0,0,3.030303
2026-08-14 11:54:58,Simpang 1,lane_2,3,0,0,3,0,0,0,0,9.090909
2026-08-14 11:54:58,Simpang 1,lane_3,1,0,0,1,0,0,0,0,2.941176
2026-08-14 11:55:01,Simpang 4,lane_1,4,0,0,2,2,0,0,0,12.121212
2026-08-14 11:55:01,Simpang 4,lane_2,5,0,0,3,2,0,0,0,15.151515
2026-08-14 11:55:01,Simpang 4,lane_3,3,2,0,1,2,0,0,0,8.823529
2026-08-14 11:55:02,Simpang 3,lane_2,3,0,0,3,0,0,0,0,9.090909
2026-08-14 11:55:02,Simpang 3,lane_3,3,0,0,0,3,0,0,2,8.823529
2026-08-14 11:55:05,Simpang 2,lane_2,2,0,0,2,0,0,0,0,6.060606
2026-08-14 11:55:05,Simpang 2,lane_1,1,0,0,0,1,0,0,0,3.030303
2026-08-14 11:55:06,Simpang 1,lane_2,3,0,0,3,0,0,0,0,9.090909
2026-08-14 11:55:06,Simpang 1,lane_3,1,0,0,1,0,0,0,0,2.941176
2026-08-14 11:55:07,Simpang 4,lane_1,4,0,0,2,2,0,0,0,12.121212
2026-08-14 11:55:07,Simpang 4,lane_2,5,0,0,3,2,0,0,0,15.151515
2026-08-14 11:55:07,Simpang 4,lane_3,3,3,0,1,2,0,0,0,8.823529
2026-08-14 11:55:09,Simpang 3,lane_2,4,0,0,4,0,0,0,0,12.121212
2026-08-14 11:55:09,Simpang 3,lane_3,3,0,0,0,3,0,0,2,8.823529
2026-08-14 11:55:12,Simpang 2,lane_2,2,0,0,2,0,0,0,0,6.060606
2026-08-14 11:55:12,Simpang 2,lane_1,1,0,0,0,1,0,0,0,3.030303
2026-08-14 11:55:13,Simpang 1,lane_2,3,0,0,3,0,0,0,0,9.090909
2026-08-14 11:55:13,Simpang 1,lane_3,1,0,0,1,0,0,0,0,2.941176
2026-08-14 11:55:14,Simpang 4,lane_1,2,1,0,2,0,0,0,0,6.060606
2026-08-14 11:55:14,Simpang 4,lane_2,5,0,0,3,2,0,0,0,15.151515
2026-08-14 11:55:14,Simpang 4,lane_3,4,1,0,1,3,0,0,0,11.764706
2026-08-14 11:55:15,Simpang 3,lane_2,3,0,0,3,0,0,0,0,9.090909
2026-08-14 11:55:15,Simpang 3,lane_3,3,0,0,0,3,0,0,2,8.823529
2026-08-14 11:55:19,Simpang 2,lane_2,2,0,0,2,0,0,0,0,6.060606
2026-08-14 11:55:19,Simpang 2,lane_1,1,0,0,0,1,0,0,0,3.030303
2026-08-14 11:55:20,Simpang 1,lane_2,3,0,0,3,0,0,0,0,9.090909
2026-08-14 11:55:20,Simpang 1,lane_3,1,0,0,1,0,0,0,0,2.941176
2026-08-14 11:55:20,Simpang 4,lane_1,2,0,0,2,0,0,0,0,6.060606
2026-08-14 11:55:20,Simpang 4,lane_2,5,0,0,3,2,0,0,0,15.151515
2026-08-14 11:55:20,Simpang 4,lane_3,2,4,0,1,1,0,0,0,5.882353
2026-08-14 11:55:22,Simpang 3,lane_2,3,0,0,3,0,0,0,0,9.090909
2026-08-14 11:55:22,Simpang 3,lane_3,3,0,0,0,3,0,0,2,8.823529
2026-08-14 11:55:26,Simpang 4,lane_1,3,1,0,2,1,0,0,0,9.090909
2026-08-14 11:55:26,Simpang 4,lane_2,5,0,0,3,2,0,0,0,15.151515
2026-08-14 11:55:26,Simpang 4,lane_3,5,3,0,1,4,0,0,0,14.705882
2026-08-14 11:55:27,Simpang 2,lane_2,2,0,0,2,0,0,0,0,6.060606
2026-08-14 11:55:27,Simpang 2,lane_1,1,0,0,0,1,0,0,0,3.030303
2026-08-14 11:55:27,Simpang 3,lane_2,3,0,0,3,0,0,0,0,9.090909
2026-08-14 11:55:27,Simpang 3,lane_3,3,0,0,0,3,0,0,2,8.823529
2026-08-14 11:55:28,Simpang 1,lane_2,3,0,0,3,0,0,0,0,9.090909
2026-08-14 11:55:28,Simpang 1,lane_3,1,0,0,1,0,0,0,0,2.941176
2026-08-14 11:55:32,Simpang 4,lane_1,2,1,0,2,0,0,0,0,6.060606
2026-08-14 11:55:32,Simpang 4,lane_2,5,0,0,3,2,0,0,0,15.151515
2026-08-14 11:55:32,Simpang 4,lane_3,5,2,0,1,4,0,0,0,14.705882
2026-08-14 11:55:33,Simpang 3,lane_2,3,0,0,3,0,0,0,0,9.090909
2026-08-14 11:55:33,Simpang 3,lane_3,3,0,0,0,3,0,0,1,8.823529
2026-08-14 11:55:33,Simpang 2,lane_2,2,0,0,2,0,0,0,0,6.060606
2026-08-14 11:55:33,Simpang 2,lane_1,1,0,0,0,1,0,0,0,3.030303
2026-08-14 11:55:35,Simpang 1,lane_2,3,0,0,3,0,0,0,0,9.090909
2026-08-14 11:55:35,Simpang 1,lane_3,1,0,0,1,0,0,0,0,2.941176
2026-08-14 11:55:39,Simpang 4,lane_1,3,1,0,2,1,0,0,0,9.090909
2026-08-14 11:55:39,Simpang 4,lane_2,5,0,0,3,2,0,0,0,15.151515
2026-08-14 11:55:39,Simpang 4,lane_3,5,1,0,1,4,0,0,0,14.705882
2026-08-14 11:55:40,Simpang 3,lane_2,3,0,0,3,0,0,0,0,9.090909
2026-08-14 11:55:40,Simpang 3,lane_3,3,0,0,0,3,0,0,1,8.823529
2026-08-14 11:55:41,Simpang 2,lane_2,2,0,0,2,0,0,0,0,6.060606
2026-08-14 11:55:41,Simpang 2,lane_1,1,0,0,0,1,0,0,0,3.030303
2026-08-14 11:55:42,Simpang 1,lane_2,3,0,0,3,0,0,0,0,9.090909
2026-08-14 11:55:42,Simpang 1,lane_3,1,0,0,1,0,0,0,0,2.941176
2026-08-14 11:55:46,Simpang 4,lane_1,2,1,0,2,0,0,0,0,6.060606
2026-08-14 11:55:46,Simpang 4,lane_2,5,0,0,3,2,0,0,0,15.151515
2026-08-14 11:55:46,Simpang 4,lane_3,5,2,0,1,4,0,0,0,14.705882
2026-08-14 11:55:47,Simpang 3,lane_2,3,0,0,3,0,0,0,0,9.090909
2026-08-14 11:55:47,Simpang 3,lane_3,3,0,0,0,3,0,0,1,8.823529
2026-08-14 11:55:49,Simpang 2,lane_2,2,0,0,2,0,0,0,0,6.060606
2026-08-14 11:55:49,Simpang 2,lane_1,1,0,0,0,1,0,0,0,3.030303
2026-08-14 11:55:50,Simpang 1,lane_2,3,0,0,3,0,0,0,0,9.090909
2026-08-14 11:55:50,Simpang 1,lane_3,1,0,0,1,0,0,0,0,2.941176
2026-08-14 11:55:54,Simpang 4,lane_1,2,1,0,2,0,0,0,0,6.060606
2026-08-14 11:55:54,Simpang 4,lane_2,5,0,0,3,2,0,0,0,15.151515
2026-08-14 11:55:54,Simpang 4,lane_3,5,2,0,1,4,0,0,0,14.705882
2026-08-14 11:55:54,Simpang 3,lane_2,3,0,0,3,0,0,0,0,9.090909
2026-08-14 11:55:54,Simpang 3,lane_3,4,0,0,1,3,0,0,1,11.764706
2026-08-14 11:55:57,Simpang 2,lane_2,2,0,0,2,0,0,0,0,6.060606
2026-08-14 11:55:57,Simpang 2,lane_1,1,0,0,0,1,0,0,0,3.030303
2026-08-14 11:55:57,Simpang 1,lane_2,3,0,0,3,0,0,0,0,9.090909
2026-08-14 11:55:57,Simpang 1,lane_3,1,0,0,1,0,0,0,0,2.941176
2026-08-14 11:56:01,Simpang 4,lane_1,3,0,0,2,1,0,0,0,9.090909
2026-08-14 11:56:01,Simpang 4,lane_2,7,0,0,3,4,0,0,0,21.212121
2026-08-14 11:56:01,Simpang 4,lane_3,4,0,0,1,3,0,0,0,11.764706
2026-08-14 11:56:01,Simpang 3,lane_2,3,0,0,3,0,0,0,0,9.090909
2026-08-14 11:56:01,Simpang 3,lane_3,4,0,0,1,3,0,0,1,11.764706
2026-08-14 11:56:04,Simpang 2,lane_2,2,0,0,2,0,0,0,0,6.060606
2026-08-14 11:56:04,Simpang 2,lane_1,1,0,0,0,1,0,0,0,3.030303
2026-08-14 11:56:05,Simpang 1,lane_2,3,0,0,3,0,0,0,0,9.090909
2026-08-14 11:56:05,Simpang 1,lane_3,1,0,0,1,0,0,0,0,2.941176
2026-08-14 11:56:09,Simpang 4,lane_1,3,0,0,2,1,0,0,0,9.090909
2026-08-14 11:56:09,Simpang 4,lane_2,7,0,0,3,4,0,0,0,21.212121
2026-08-14 11:56:09,Simpang 4,lane_3,5,0,0,1,4,0,0,0,14.705882
2026-08-14 11:56:09,Simpang 3,lane_2,3,0,0,3,0,0,0,0,9.090909
2026-08-14 11:56:09,Simpang 3,lane_3,3,0,0,0,3,0,0,1,8.823529
2026-08-14 11:56:15,Simpang 2,lane_2,2,0,0,2,0,0,0,0,6.060606
2026-08-14 11:56:15,Simpang 2,lane_1,1,0,0,0,1,0,0,0,3.030303
2026-08-14 11:56:16,Simpang 1,lane_2,3,0,0,3,0,0,0,0,9.090909
2026-08-14 11:56:16,Simpang 1,lane_3,1,0,0,1,0,0,0,0,2.941176
2026-08-14 11:56:20,Simpang 4,lane_1,3,0,0,3,0,0,0,0,9.090909
2026-08-14 11:56:20,Simpang 4,lane_2,7,0,0,3,4,0,0,0,21.212121
2026-08-14 11:56:20,Simpang 4,lane_3,4,0,0,1,3,0,0,0,11.764706
2026-08-14 11:56:20,Simpang 3,lane_2,3,0,0,3,0,0,0,0,9.090909
2026-08-14 11:56:20,Simpang 3,lane_3,3,0,0,0,3,0,0,1,8.823529
2026-08-14 11:56:24,Simpang 2,lane_2,2,0,0,2,0,0,0,0,6.060606
2026-08-14 11:56:24,Simpang 2,lane_1,1,0,0,0,1,0,0,0,3.030303
2026-08-14 11:56:26,Simpang 1,lane_2,3,0,0,3,0,0,0,0,9.090909
2026-08-14 11:56:26,Simpang 1,lane_3,1,0,0,1,0,0,0,0,2.941176
2026-08-14 11:56:28,Simpang 3,lane_2,3,0,0,3,0,0,0,0,9.090909
2026-08-14 11:56:28,Simpang 3,lane_3,2,0,0,0,2,0,0,1,5.882353
2026-08-14 11:56:28,Simpang 4,lane_1,3,0,0,3,0,0,0,0,9.090909
2026-08-14 11:56:28,Simpang 4,lane_2,7,0,0,3,4,0,0,0,21.212121
2026-08-14 11:56:28,Simpang 4,lane_3,6,0,0,1,5,0,0,0,17.647059
2026-08-14 11:56:32,Simpang 2,lane_2,2,0,0,2,0,0,0,0,6.060606
2026-08-14 11:56:32,Simpang 2,lane_1,1,0,0,0,1,0,0,0,3.030303
2026-08-14 11:56:33,Simpang 1,lane_2,3,0,0,3,0,0,0,0,9.090909
2026-08-14 11:56:33,Simpang 1,lane_3,1,0,0,1,0,0,0,0,2.941176
2026-08-14 11:56:36,Simpang 3,lane_2,3,0,0,3,0,0,0,0,9.090909
2026-08-14 11:56:36,Simpang 3,lane_3,2,0,0,0,2,0,0,1,5.882353
2026-08-14 11:56:36,Simpang 4,lane_1,3,0,0,3,0,0,0,0,9.090909
2026-08-14 11:56:36,Simpang 4,lane_2,7,0,0,3,4,0,0,0,21.212121
2026-08-14 11:56:36,Simpang 4,lane_3,5,0,0,1,4,0,0,0,14.705882
2026-08-14 11:56:41,Simpang 2,lane_2,2,0,0,2,0,0,0,0,6.060606
2026-08-14 11:56:41,Simpang 2,lane_1,1,0,0,0,1,0,0,0,3.030303
2026-08-14 11:56:42,Simpang 1,lane_2,3,0,0,3,0,0,0,0,9.090909
2026-08-14 11:56:42,Simpang 1,lane_3,1,0,0,1,0,0,0,0,2.941176
2026-08-14 11:56:44,Simpang 3,lane_2,3,0,0,3,0,0,0,0,9.090909
2026-08-14 11:56:44,Simpang 3,lane_3,2,0,0,0,2,0,0,1,5.882353
2026-08-14 11:56:44,Simpang 4,lane_1,2,0,0,2,0,0,0,0,6.060606
2026-08-14 11:56:44,Simpang 4,lane_2,5,1,0,3,2,0,0,0,15.151515
2026-08-14 11:56:44,Simpang 4,lane_3,3,1,0,1,2,0,0,0,8.823529
2026-08-14 11:56:49,Simpang 2,lane_2,2,0,0,2,0,0,0,0,6.060606
2026-08-14 11:56:49,Simpang 2,lane_1,1,0,0,0,1,0,0,0,3.030303
2026-08-14 11:56:50,Simpang 1,lane_2,3,0,0,3,0,0,0,0,9.090909
2026-08-14 11:56:50,Simpang 1,lane_3,1,0,0,1,0,0,0,0,2.941176
2026-08-14 11:56:52,Simpang 3,lane_2,3,0,0,3,0,0,0,0,9.090909
2026-08-14 11:56:52,Simpang 3,lane_3,2,0,0,0,2,0,0,1,5.882353
2026-08-14 11:56:53,Simpang 4,lane_1,2,0,0,2,0,0,0,0,6.060606
2026-08-14 11:56:53,Simpang 4,lane_2,5,1,0,3,2,0,0,0,15.151515
2026-08-14 11:56:53,Simpang 4,lane_3,1,3,0,1,0,0,0,0,2.941176
2026-08-14 11:56:57,Simpang 2,lane_2,2,0,0,2,0,0,0,0,6.060606
2026-08-14 11:56:57,Simpang 2,lane_1,1,0,0,0,1,0,0,0,3.030303
2026-08-14 11:56:58,Simpang 1,lane_2,3,0,0,3,0,0,0,0,9.090909
2026-08-14 11:56:58,Simpang 1,lane_3,1,0,0,1,0,0,0,0,2.941176
2026-08-14 11:56:58,Simpang 3,lane_2,3,0,0,3,0,0,0,0,9.090909
2026-08-14 11:56:58,Simpang 3,lane_3,2,0,0,0,2,0,0,1,5.882353
2026-08-14 11:56:59,Simpang 4,lane_1,2,0,0,2,0,0,0,0,6.060606
2026-08-14 11:56:59,Simpang 4,lane_2,7,1,0,3,4,0,0,0,21.212121
2026-08-14 11:56:59,Simpang 4,lane_3,3,2,0,1,2,0,0,0,8.823529
2026-08-14 11:57:03,Simpang 2,lane_2,2,0,0,2,0,0,0,0,6.060606
2026-08-14 11:57:03,Simpang 2,lane_1,1,0,0,0,1,0,0,0,3.030303
2026-08-14 11:57:04,Simpang 3,lane_2,3,0,0,3,0,0,0,0,9.090909
2026-08-14 11:57:04,Simpang 3,lane_3,2,0,0,0,2,0,0,1,5.882353
2026-08-14 11:57:04,Simpang 4,lane_1,2,0,0,2,0,0,0,0,6.060606
2026-08-14 11:57:04,Simpang 4,lane_2,6,2,0,3,3,0,0,0,18.181818
2026-08-14 11:57:04,Simpang 4,lane_3,3,2,0,1,2,0,0,0,8.823529
2026-08-14 11:57:06,Simpang 1,lane_2,3,0,0,3,0,0,0,0,9.090909
2026-08-14 11:57:06,Simpang 1,lane_3,1,0,0,1,0,0,0,0,2.941176
2026-08-14 11:57:10,Simpang 3,lane_2,3,0,0,3,0,0,0,0,9.090909
2026-08-14 11:57:10,Simpang 3,lane_3,2,0,0,0,2,0,0,1,5.882353
2026-08-14 11:57:11,Simpang 2,lane_2,2,0,0,2,0,0,0,0,6.060606
2026-08-14 11:57:11,Simpang 2,lane_1,1,0,0,0,1,0,0,0,3.030303
2026-08-14 11:57:11,Simpang 4,lane_2,6,0,0,3,3,0,0,0,18.181818
2026-08-14 11:57:11,Simpang 4,lane_3,4,2,0,1,3,0,0,0,11.764706
2026-08-14 11:57:11,Simpang 4,lane_1,2,0,0,2,0,0,0,0,6.060606
2026-08-14 11:57:12,Simpang 1,lane_2,3,0,0,3,0,0,0,0,9.090909
2026-08-14 11:57:12,Simpang 1,lane_3,1,0,0,1,0,0,0,0,2.941176
2026-08-14 11:57:16,Simpang 3,lane_2,3,0,0,3,0,0,0,0,9.090909
2026-08-14 11:57:16,Simpang 3,lane_3,2,0,0,0,2,0,0,1,5.882353
2026-08-14 11:57:16,Simpang 4,lane_2,7,0,0,3,4,0,0,0,21.212121
2026-08-14 11:57:16,Simpang 4,lane_3,6,0,0,1,5,0,0,0,17.647059
2026-08-14 11:57:16,Simpang 4,lane_1,3,0,0,3,0,0,0,0,9.090909
2026-08-14 11:57:17,Simpang 2,lane_2,2,0,0,2,0,0,0,0,6.060606
2026-08-14 11:57:17,Simpang 2,lane_1,1,0,0,0,1,0,0,0,3.030303
2026-08-14 11:57:19,Simpang 1,lane_2,3,0,0,3,0,0,0,0,9.090909
2026-08-14 11:57:19,Simpang 1,lane_3,1,0,0,1,0,0,0,0,2.941176
2026-08-14 11:57:24,Simpang 3,lane_2,3,0,0,3,0,0,0,0,9.090909
2026-08-14 11:57:24,Simpang 3,lane_3,2,0,0,0,2,0,0,1,5.882353
2026-08-14 11:57:24,Simpang 4,lane_2,3,2,1,3,0,0,0,0,9.090909
2026-08-14 11:57:24,Simpang 4,lane_3,5,0,0,1,4,0,0,0,14.705882
2026-08-14 11:57:24,Simpang 4,lane_1,4,0,0,4,0,0,0,0,12.121212
2026-08-14 11:57:26,Simpang 2,lane_2,2,0,0,2,0,0,0,0,6.060606
2026-08-14 11:57:26,Simpang 2,lane_1,1,0,0,0,1,0,0,0,3.030303
2026-08-14 11:57:28,Simpang 1,lane_2,3,0,0,3,0,0,0,0,9.090909
2026-08-14 11:57:28,Simpang 1,lane_3,1,0,0,1,0,0,0,0,2.941176
2026-08-14 11:57:31,Simpang 3,lane_2,3,0,0,3,0,0,0,0,9.090909
2026-08-14 11:57:31,Simpang 3,lane_3,2,0,0,0,2,0,0,1,5.882353
2026-08-14 11:57:33,Simpang 4,lane_2,6,1,0,3,3,0,0,0,18.181818
2026-08-14 11:57:33,Simpang 4,lane_3,3,1,0,1,2,0,0,0,8.823529
2026-08-14 11:57:33,Simpang 4,lane_1,1,0,0,1,0,0,0,0,3.030303
2026-08-14 11:57:36,Simpang 2,lane_2,2,0,0,2,0,0,0,0,6.060606
2026-08-14 11:57:36,Simpang 2,lane_1,1,0,0,0,1,0,0,0,3.030303
2026-08-14 11:57:38,Simpang 1,lane_2,3,0,0,3,0,0,0,0,9.090909
2026-08-14 11:57:38,Simpang 1,lane_3,1,0,0,1,0,0,0,0,2.941176
2026-08-14 11:57:45,Simpang 3,lane_2,3,0,0,3,0,0,0,0,9.090909
2026-08-14 11:57:45,Simpang 3,lane_3,2,0,0,0,2,0,0,1,5.882353
2026-08-14 11:57:49,Simpang 4,lane_2,6,1,0,3,3,0,0,0,18.181818
2026-08-14 11:57:49,Simpang 4,lane_3,4,1,0,2,2,0,0,0,11.764706
2026-08-14 11:57:49,Simpang 4,lane_1,1,1,0,1,0,0,0,0,3.030303
2026-08-14 11:57:51,Simpang 2,lane_2,2,0,0,2,0,0,0,0,6.060606
2026-08-14 11:57:51,Simpang 2,lane_1,1,0,0,0,1,0,0,0,3.030303
2026-08-14 11:57:51,Simpang 1,lane_2,3,0,0,3,0,0,0,0,9.090909
2026-08-14 11:57:51,Simpang 1,lane_3,1,0,0,1,0,0,0,0,2.941176
2026-08-14 11:57:55,Simpang 3,lane_2,3,0,0,3,0,0,0,0,9.090909
2026-08-14 11:57:55,Simpang 3,lane_3,2,0,0,0,2,0,0,1,5.882353
2026-08-14 11:57:56,Simpang 4,lane_2,7,0,0,3,4,0,0,0,21.212121
2026-08-14 11:57:56,Simpang 4,lane_3,4,1,0,1,3,0,0,0,11.764706
2026-08-14 11:57:56,Simpang 4,lane_1,2,1,0,2,0,0,0,0,6.060606
2026-08-14 11:57:59,Simpang 2,lane_2,2,0,0,2,0,0,0,0,6.060606
2026-08-14 11:57:59,Simpang 2,lane_1,1,0,0,0,1,0,0,0,3.030303
2026-08-14 11:58:00,Simpang 1,lane_2,3,0,0,3,0,0,0,0,9.090909
2026-08-14 11:58:00,Simpang 1,lane_3,1,0,0,1,0,0,0,0,2.941176
2026-08-14 11:58:02,Simpang 3,lane_2,3,0,0,3,0,0,0,0,9.090909
2026-08-14 11:58:02,Simpang 3,lane_3,3,0,0,0,3,0,0,1,8.823529
2026-08-14 11:58:04,Simpang 4,lane_2,8,0,0,3,5,0,0,0,24.242424
2026-08-14 11:58:04,Simpang 4,lane_3,4,1,0,1,3,0,0,0,11.764706
2026-08-14 11:58:04,Simpang 4,lane_1,2,1,0,2,0,0,0,0,6.060606
2026-08-14 11:58:06,Simpang 2,lane_2,2,0,0,2,0,0,0,0,6.060606
2026-08-14 11:58:06,Simpang 2,lane_1,1,0,0,0,1,0,0,0,3.030303
2026-08-14 11:58:08,Simpang 1,lane_2,3,0,0,3,0,0,0,0,9.090909
2026-08-14 11:58:08,Simpang 1,lane_3,1,0,0,1,0,0,0,0,2.941176
2026-08-14 11:58:10,Simpang 3,lane_2,3,0,0,3,0,0,0,0,9.090909
2026-08-14 11:58:10,Simpang 3,lane_3,3,0,0,0,3,0,0,1,8.823529
2026-08-14 11:58:12,Simpang 4,lane_2,8,0,0,3,5,0,0,0,24.242424
2026-08-14 11:58:12,Simpang 4,lane_3,4,1,0,1,3,0,0,0,11.764706
2026-08-14 11:58:12,Simpang 4,lane_1,2,1,0,2,0,0,0,0,6.060606
2026-08-14 11:58:14,Simpang 2,lane_2,2,0,0,2,0,0,0,0,6.060606
2026-08-14 11:58:14,Simpang 2,lane_1,1,0,0,0,1,0,0,0,3.030303
2026-08-14 11:58:16,Simpang 1,lane_2,3,0,0,3,0,0,0,0,9.090909
2026-08-14 11:58:16,Simpang 1,lane_3,1,0,0,1,0,0,0,0,2.941176
2026-08-14 11:58:18,Simpang 3,lane_2,3,0,0,3,0,0,0,0,9.090909
2026-08-14 11:58:18,Simpang 3,lane_3,3,0,0,0,3,0,0,1,8.823529
2026-08-14 11:58:20,Simpang 4,lane_2,6,1,0,3,3,0,0,0,18.181818
2026-08-14 11:58:20,Simpang 4,lane_3,1,3,0,1,0,0,0,0,2.941176
2026-08-14 11:58:23,Simpang 2,lane_2,2,0,0,2,0,0,0,0,6.060606
2026-08-14 11:58:23,Simpang 2,lane_1,1,0,0,0,1,0,0,0,3.030303
2026-08-14 11:58:25,Simpang 1,lane_2,3,0,0,3,0,0,0,0,9.090909
2026-08-14 11:58:25,Simpang 1,lane_3,1,0,0,1,0,0,0,0,2.941176
2026-08-14 11:58:27,Simpang 3,lane_2,4,0,0,4,0,0,0,0,12.121212
2026-08-14 11:58:27,Simpang 3,lane_3,3,0,0,0,3,0,0,1,8.823529
2026-08-14 11:58:29,Simpang 4,lane_2,8,0,0,3,5,0,0,0,24.242424
2026-08-14 11:58:29,Simpang 4,lane_3,2,3,0,2,0,0,0,0,5.882353
2026-08-14 11:58:29,Simpang 4,lane_1,2,0,0,2,0,0,0,0,6.060606
2026-08-14 11:58:32,Simpang 2,lane_2,2,0,0,2,0,0,0,0,6.060606
2026-08-14 11:58:32,Simpang 2,lane_1,1,0,0,0,1,0,0,0,3.030303
2026-08-14 11:58:33,Simpang 1,lane_2,3,0,0,3,0,0,0,0,9.090909
2026-08-14 11:58:33,Simpang 1,lane_3,1,0,0,1,0,0,0,0,2.941176
2026-08-14 11:58:34,Simpang 3,lane_2,4,0,0,4,0,0,0,0,12.121212
2026-08-14 11:58:34,Simpang 3,lane_3,3,0,0,0,3,0,0,1,8.823529
2026-08-14 11:58:37,Simpang 4,lane_2,9,0,0,3,6,0,0,0,27.272727
2026-08-14 11:58:37,Simpang 4,lane_3,3,3,0,3,0,0,0,0,8.823529
2026-08-14 11:58:37,Simpang 4,lane_1,3,0,0,3,0,0,0,0,9.090909
2026-08-14 11:58:40,Simpang 2,lane_2,2,0,0,2,0,0,0,0,6.060606
2026-08-14 11:58:40,Simpang 2,lane_1,1,0,0,0,1,0,0,0,3.030303
2026-08-14 11:58:41,Simpang 3,lane_2,3,0,0,3,0,0,0,0,9.090909
2026-08-14 11:58:41,Simpang 3,lane_3,3,0,0,0,3,0,0,1,8.823529
2026-08-14 11:58:41,Simpang 1,lane_2,3,0,0,3,0,0,0,0,9.090909
2026-08-14 11:58:41,Simpang 1,lane_3,1,0,0,1,0,0,0,0,2.941176
2026-08-14 11:58:43,Simpang 4,lane_2,7,0,0,3,4,0,0,0,21.212121
2026-08-14 11:58:43,Simpang 4,lane_3,4,1,0,1,3,0,0,0,11.764706
2026-08-14 11:58:43,Simpang 4,lane_1,1,0,0,1,0,0,0,0,3.030303
2026-08-14 11:58:47,Simpang 2,lane_2,2,0,0,2,0,0,0,0,6.060606
2026-08-14 11:58:47,Simpang 2,lane_1,1,0,0,0,1,0,0,0,3.030303
2026-08-14 11:58:47,Simpang 3,lane_2,3,0,0,3,0,0,0,0,9.090909
2026-08-14 11:58:47,Simpang 3,lane_3,3,0,0,0,3,0,0,1,8.823529
2026-08-14 11:58:48,Simpang 1,lane_2,3,0,0,3,0,0,0,0,9.090909
2026-08-14 11:58:48,Simpang 1,lane_3,1,0,0,1,0,0,0,0,2.941176
2026-08-14 11:58:50,Simpang 4,lane_2,9,0,0,3,6,0,0,0,27.272727
2026-08-14 11:58:50,Simpang 4,lane_3,6,0,0,1,5,0,0,0,17.647059
2026-08-14 11:58:50,Simpang 4,lane_1,2,0,0,1,1,0,0,0,6.060606
2026-08-14 11:58:53,Simpang 3,lane_2,3,0,0,3,0,0,0,0,9.090909
2026-08-14 11:58:53,Simpang 3,lane_3,3,0,0,0,3,0,0,1,8.823529
2026-08-14 11:58:54,Simpang 2,lane_2,2,0,0,2,0,0,0,0,6.060606
2026-08-14 11:58:54,Simpang 2,lane_1,1,0,0,0,1,0,0,0,3.030303
2026-08-14 11:58:55,Simpang 1,lane_2,3,0,0,3,0,0,0,0,9.090909
2026-08-14 11:58:55,Simpang 1,lane_3,1,0,0,1,0,0,0,0,2.941176
2026-08-14 11:58:56,Simpang 4,lane_2,9,0,0,3,6,0,0,0,27.272727
2026-08-14 11:58:56,Simpang 4,lane_3,4,0,0,0,4,0,0,0,11.764706
2026-08-14 11:58:56,Simpang 4,lane_1,2,0,0,2,0,0,0,0,6.060606
2026-08-14 11:59:01,Simpang 3,lane_2,3,0,0,3,0,0,0,0,9.090909
2026-08-14 11:59:01,Simpang 3,lane_3,3,0,0,0,3,0,0,1,8.823529
2026-08-14 11:59:03,Simpang 2,lane_2,2,0,0,2,0,0,0,0,6.060606
2026-08-14 11:59:03,Simpang 2,lane_1,1,0,0,0,1,0,0,0,3.030303
2026-08-14 11:59:05,Simpang 4,lane_2,8,0,0,3,5,0,0,0,24.242424
2026-08-14 11:59:05,Simpang 4,lane_3,2,1,0,0,2,0,0,0,5.882353
2026-08-14 11:59:05,Simpang 4,lane_1,3,0,0,2,0,0,1,0,9.090909
2026-08-14 11:59:05,Simpang 1,lane_2,3,0,0,3,0,0,0,0,9.090909
2026-08-14 11:59:05,Simpang 1,lane_3,1,0,0,1,0,0,0,0,2.941176
2026-08-14 11:59:06,Simpang 3,lane_2,3,0,0,3,0,0,0,0,9.090909
2026-08-14 11:59:06,Simpang 3,lane_3,3,0,0,0,3,0,0,1,8.823529
2026-08-14 11:59:06,Simpang 2,lane_2,2,0,0,2,0,0,0,0,6.060606
2026-08-14 11:59:06,Simpang 2,lane_1,1,0,0,0,1,0,0,0,3.030303
2026-08-14 11:59:07,Simpang 4,lane_2,6,2,0,3,3,0,0,0,18.181818
2026-08-14 11:59:07,Simpang 4,lane_3,5,0,0,1,4,0,0,0,14.705882
2026-08-14 11:59:07,Simpang 4,lane_1,3,0,0,2,0,0,1,0,9.090909
2026-08-14 11:59:07,Simpang 1,lane_2,3,0,0,3,0,0,0,0,9.090909
2026-08-14 11:59:07,Simpang 1,lane_3,1,0,0,1,0,0,0,0,2.941176
2026-08-14 11:59:07,Simpang 3,lane_2,3,0,0,3,0,0,0,0,9.090909
2026-08-14 11:59:07,Simpang 3,lane_3,3,0,0,0,3,0,0,1,8.823529
2026-08-14 11:59:08,Simpang 2,lane_2,2,0,0,2,0,0,0,0,6.060606
2026-08-14 11:59:08,Simpang 2,lane_1,1,0,0,0,1,0,0,0,3.030303
2026-08-14 11:59:08,Simpang 4,lane_2,6,2,0,3,3,0,0,0,18.181818
2026-08-14 11:59:08,Simpang 4,lane_3,4,0,0,1,3,0,0,0,11.764706
2026-08-14 11:59:08,Simpang 4,lane_1,3,0,0,2,0,0,1,0,9.090909
2026-08-14 11:59:09,Simpang 1,lane_2,3,0,0,3,0,0,0,0,9.090909
2026-08-14 11:59:09,Simpang 1,lane_3,1,0,0,1,0,0,0,0,2.941176
2026-08-14 11:59:09,Simpang 3,lane_2,3,0,0,3,0,0,0,0,9.090909
2026-08-14 11:59:09,Simpang 3,lane_3,3,0,0,0,3,0,0,1,8.823529
2026-08-14 11:59:10,Simpang 4,lane_2,6,3,0,4,2,0,0,0,18.181818
2026-08-14 11:59:10,Simpang 4,lane_3,4,0,0,0,4,0,0,0,11.764706
2026-08-14 11:59:10,Simpang 4,lane_1,3,0,0,2,0,0,1,0,9.090909
2026-08-14 11:59:11,Simpang 2,lane_2,2,0,0,2,0,0,0,0,6.060606
2026-08-14 11:59:11,Simpang 2,lane_1,1,0,0,0,1,0,0,0,3.030303
2026-08-14 11:59:11,Simpang 3,lane_2,3,0,0,3,0,0,0,0,9.090909
2026-08-14 11:59:11,Simpang 3,lane_3,3,0,0,0,3,0,0,1,8.823529
2026-08-14 11:59:12,Simpang 1,lane_2,3,0,0,3,0,0,0,0,9.090909
2026-08-14 11:59:12,Simpang 1,lane_3,1,0,0,1,0,0,0,0,2.941176
2026-08-14 11:59:12,Simpang 4,lane_2,6,3,0,4,2,0,0,0,18.181818
2026-08-14 11:59:12,Simpang 4,lane_3,2,1,0,0,2,0,0,0,5.882353
2026-08-14 11:59:12,Simpang 4,lane_1,3,0,0,2,0,0,1,0,9.090909
2026-08-14 11:59:13,Simpang 2,lane_2,2,0,0,2,0,0,0,0,6.060606
2026-08-14 11:59:13,Simpang 2,lane_1,1,0,0,0,1,0,0,0,3.030303
2026-08-14 11:59:13,Simpang 3,lane_2,3,0,0,3,0,0,0,0,9.090909
2026-08-14 11:59:13,Simpang 3,lane_3,3,0,0,0,3,0,0,1,8.823529
2026-08-14 11:59:14,Simpang 1,lane_2,3,0,0,3,0,0,0,0,9.090909
2026-08-14 11:59:14,Simpang 1,lane_3,1,0,0,1,0,0,0,0,2.941176
2026-08-14 11:59:14,Simpang 4,lane_2,6,3,0,4,2,0,0,0,18.181818
2026-08-14 11:59:14,Simpang 4,lane_3,3,2,0,0,3,0,0,0,8.823529
2026-08-14 11:59:14,Simpang 4,lane_1,3,0,0,2,1,0,0,0,9.090909
2026-08-14 11:59:15,Simpang 3,lane_2,3,0,0,3,0,0,0,0,9.090909
2026-08-14 11:59:15,Simpang 3,lane_3,3,0,0,0,3,0,0,1,8.823529
2026-08-14 11:59:15,Simpang 2,lane_2,2,0,0,2,0,0,0,0,6.060606
2026-08-14 11:59:15,Simpang 2,lane_1,1,0,0,0,1,0,0,0,3.030303
2026-08-14 11:59:15,Simpang 4,lane_2,9,2,0,4,5,0,0,0,27.272727
2026-08-14 11:59:15,Simpang 4,lane_3,3,2,0,0,3,0,0,0,8.823529
2026-08-14 11:59:15,Simpang 4,lane_1,3,0,0,2,1,0,0,0,9.090909
2026-08-14 11:59:16,Simpang 1,lane_2,3,0,0,3,0,0,0,0,9.090909
2026-08-14 11:59:16,Simpang 1,lane_3,1,0,0,1,0,0,0,0,2.941176
2026-08-14 11:59:17,Simpang 3,lane_2,3,0,0,3,0,0,0,0,9.090909
2026-08-14 11:59:17,Simpang 3,lane_3,3,0,0,0,3,0,0,1,8.823529
2026-08-14 11:59:17,Simpang 2,lane_2,2,0,0,2,0,0,0,0,6.060606
2026-08-14 11:59:17,Simpang 2,lane_1,1,0,0,0,1,0,0,0,3.030303
2026-08-14 11:59:17,Simpang 4,lane_2,5,1,0,3,2,0,0,0,15.151515
2026-08-14 11:59:17,Simpang 4,lane_3,2,2,0,0,2,0,0,0,5.882353
2026-08-14 11:59:17,Simpang 4,lane_1,2,0,0,2,0,0,0,0,6.060606
2026-08-14 11:59:18,Simpang 1,lane_2,3,0,0,3,0,0,0,0,9.090909
2026-08-14 11:59:18,Simpang 1,lane_3,1,0,0,1,0,0,0,0,2.941176
2026-08-14 11:59:18,Simpang 3,lane_2,3,0,0,3,0,0,0,0,9.090909
2026-08-14 11:59:18,Simpang 3,lane_3,3,0,0,0,3,0,0,1,8.823529
2026-08-14 11:59:19,Simpang 4,lane_2,8,0,0,4,4,0,0,0,24.242424
2026-08-14 11:59:19,Simpang 4,lane_3,5,0,0,0,5,0,0,0,14.705882
2026-08-14 11:59:19,Simpang 4,lane_1,3,0,0,2,1,0,0,0,9.090909
2026-08-14 11:59:19,Simpang 2,lane_2,2,0,0,2,0,0,0,0,6.060606
2026-08-14 11:59:19,Simpang 2,lane_1,1,0,0,0,1,0,0,0,3.030303
2026-08-14 11:59:20,Simpang 1,lane_2,3,0,0,3,0,0,0,0,9.090909
2026-08-14 11:59:20,Simpang 1,lane_3,1,0,0,1,0,0,0,0,2.941176
2026-08-14 11:59:20,Simpang 3,lane_2,3,0,0,3,0,0,0,0,9.090909
2026-08-14 11:59:20,Simpang 3,lane_3,3,0,0,0,3,0,0,1,8.823529
2026-08-14 11:59:21,Simpang 4,lane_2,8,0,0,4,4,0,0,0,24.242424
2026-08-14 11:59:21,Simpang 4,lane_3,5,0,0,0,5,0,0,0,14.705882
2026-08-14 11:59:21,Simpang 4,lane_1,3,0,0,2,1,0,0,0,9.090909
2026-08-14 11:59:21,Simpang 2,lane_2,2,0,0,2,0,0,0,0,6.060606
2026-08-14 11:59:21,Simpang 2,lane_1,1,0,0,0,1,0,0,0,3.030303
2026-08-14 11:59:22,Simpang 3,lane_2,3,0,0,3,0,0,0,0,9.090909
2026-08-14 11:59:22,Simpang 3,lane_3,3,0,0,0,3,0,0,1,8.823529
2026-08-14 11:59:22,Simpang 1,lane_2,3,0,0,3,0,0,0,0,9.090909
2026-08-14 11:59:22,Simpang 1,lane_3,1,0,0,1,0,0,0,0,2.941176
2026-08-14 11:59:23,Simpang 4,lane_2,7,0,0,4,3,0,0,0,21.212121
2026-08-14 11:59:23,Simpang 4,lane_3,4,1,0,0,4,0,0,0,11.764706
2026-08-14 11:59:23,Simpang 4,lane_1,2,0,0,1,0,0,1,0,6.060606
2026-08-14 11:59:23,Simpang 2,lane_2,2,0,0,2,0,0,0,0,6.060606
2026-08-14 11:59:23,Simpang 2,lane_1,1,0,0,0,1,0,0,0,3.030303
2026-08-14 11:59:24,Simpang 3,lane_2,3,0,0,3,0,0,0,0,9.090909
2026-08-14 11:59:24,Simpang 3,lane_3,3,0,0,0,3,0,0,1,8.823529
2026-08-14 11:59:24,Simpang 1,lane_2,3,0,0,3,0,0,0,0,9.090909
2026-08-14 11:59:24,Simpang 1,lane_3,1,0,0,1,0,0,0,0,2.941176
2026-08-14 11:59:25,Simpang 4,lane_2,8,0,0,4,4,0,0,0,24.242424
2026-08-14 11:59:25,Simpang 4,lane_3,5,0,0,0,5,0,0,0,14.705882
2026-08-14 11:59:25,Simpang 4,lane_1,2,0,0,2,0,0,0,0,6.060606
2026-08-14 11:59:25,Simpang 2,lane_2,2,0,0,2,0,0,0,0,6.060606
2026-08-14 11:59:25,Simpang 2,lane_1,1,0,0,0,1,0,0,0,3.030303
2026-08-14 11:59:25,Simpang 3,lane_2,3,0,0,3,0,0,0,0,9.090909
2026-08-14 11:59:25,Simpang 3,lane_3,3,0,0,0,3,0,0,1,8.823529
2026-08-14 11:59:26,Simpang 1,lane_2,3,0,0,3,0,0,0,0,9.090909
2026-08-14 11:59:26,Simpang 1,lane_3,1,0,0,1,0,0,0,0,2.941176
2026-08-14 11:59:26,Simpang 4,lane_2,8,0,0,4,4,0,0,0,24.242424
2026-08-14 11:59:26,Simpang 4,lane_3,5,0,0,0,5,0,0,0,14.705882
2026-08-14 11:59:26,Simpang 4,lane_1,2,0,0,2,0,0,0,0,6.060606
2026-08-14 11:59:27,Simpang 3,lane_2,3,0,0,3,0,0,0,0,9.090909
2026-08-14 11:59:27,Simpang 3,lane_3,4,0,0,1,3,0,0,1,11.764706
2026-08-14 11:59:27,Simpang 2,lane_2,2,0,0,2,0,0,0,0,6.060606
2026-08-14 11:59:27,Simpang 2,lane_1,1,0,0,0,1,0,0,0,3.030303
2026-08-14 11:59:28,Simpang 1,lane_2,3,0,0,3,0,0,0,0,9.090909
2026-08-14 11:59:28,Simpang 1,lane_3,1,0,0,1,0,0,0,0,2.941176
2026-08-14 11:59:28,Simpang 4,lane_2,8,0,0,4,4,0,0,0,24.242424
2026-08-14 11:59:28,Simpang 4,lane_3,5,0,0,0,5,0,0,0,14.705882
2026-08-14 11:59:28,Simpang 4,lane_1,2,0,0,1,0,0,1,0,6.060606
2026-08-14 11:59:29,Simpang 3,lane_2,3,0,0,3,0,0,0,0,9.090909
2026-08-14 11:59:29,Simpang 3,lane_3,4,0,0,1,3,0,0,1,11.764706
2026-08-14 11:59:29,Simpang 2,lane_2,2,0,0,2,0,0,0,0,6.060606
2026-08-14 11:59:29,Simpang 2,lane_1,1,0,0,0,1,0,0,0,3.030303
2026-08-14 11:59:29,Simpang 1,lane_2,3,0,0,3,0,0,0,0,9.090909
2026-08-14 11:59:29,Simpang 1,lane_3,1,0,0,1,0,0,0,0,2.941176
2026-08-14 11:59:30,Simpang 4,lane_2,8,0,0,4,4,0,0,0,24.242424
2026-08-14 11:59:30,Simpang 4,lane_3,6,0,0,0,6,0,0,0,17.647059
2026-08-14 11:59:30,Simpang 4,lane_1,2,0,0,1,0,0,1,0,6.060606
2026-08-14 11:59:30,Simpang 3,lane_2,3,0,0,3,0,0,0,0,9.090909
2026-08-14 11:59:30,Simpang 3,lane_3,4,0,0,1,3,0,0,1,11.764706
2026-08-14 11:59:31,Simpang 2,lane_2,2,0,0,2,0,0,0,0,6.060606
2026-08-14 11:59:31,Simpang 2,lane_1,1,0,0,0,1,0,0,0,3.030303
2026-08-14 11:59:31,Simpang 4,lane_2,8,0,0,4,4,0,0,0,24.242424
2026-08-14 11:59:31,Simpang 4,lane_3,6,0,0,0,6,0,0,0,17.647059
2026-08-14 11:59:31,Simpang 4,lane_1,2,0,0,1,0,0,1,0,6.060606
2026-08-14 11:59:32,Simpang 1,lane_2,3,0,0,3,0,0,0,0,9.090909
2026-08-14 11:59:32,Simpang 1,lane_3,1,0,0,1,0,0,0,0,2.941176
2026-08-14 11:59:32,Simpang 3,lane_2,3,0,0,3,0,0,0,0,9.090909
2026-08-14 11:59:32,Simpang 3,lane_3,4,0,0,1,3,0,0,1,11.764706
2026-08-14 11:59:33,Simpang 2,lane_2,2,0,0,2,0,0,0,0,6.060606
2026-08-14 11:59:33,Simpang 2,lane_1,1,0,0,0,1,0,0,0,3.030303
2026-08-14 11:59:33,Simpang 4,lane_2,10,0,0,4,6,0,0,0,30.30303
2026-08-14 11:59:33,Simpang 4,lane_3,3,0,0,0,3,0,0,0,8.823529
2026-08-14 11:59:33,Simpang 4,lane_1,1,0,0,1,0,0,0,0,3.030303
2026-08-14 11:59:34,Simpang 1,lane_2,3,0,0,3,0,0,0,0,9.090909
2026-08-14 11:59:34,Simpang 1,lane_3,1,0,0,1,0,0,0,0,2.941176
2026-08-14 11:59:34,Simpang 3,lane_2,3,0,0,3,0,0,0,0,9.090909
2026-08-14 11:59:34,Simpang 3,lane_3,3,0,0,1,2,0,0,1,8.823529
2026-08-14 11:59:38,Simpang 2,lane_2,2,0,0,2,0,0,0,0,6.060606
2026-08-14 11:59:38,Simpang 2,lane_1,1,0,0,0,1,0,0,0,3.030303
2026-08-14 11:59:38,Simpang 4,lane_2,11,0,0,4,7,0,0,0,33.333333
2026-08-14 11:59:38,Simpang 4,lane_3,3,0,0,0,3,0,0,0,8.823529
2026-08-14 11:59:38,Simpang 4,lane_1,2,0,0,2,0,0,0,0,6.060606
2026-08-14 11:59:38,Simpang 3,lane_2,3,0,0,3,0,0,0,0,9.090909
2026-08-14 11:59:38,Simpang 3,lane_3,4,0,0,1,3,0,0,1,11.764706
2026-08-14 11:59:39,Simpang 1,lane_2,3,0,0,3,0,0,0,0,9.090909
2026-08-14 11:59:39,Simpang 1,lane_3,1,0,0,1,0,0,0,0,2.941176
2026-08-14 11:59:40,Simpang 4,lane_2,9,0,0,4,5,0,0,0,27.272727
2026-08-14 11:59:40,Simpang 4,lane_3,4,0,0,0,4,0,0,0,11.764706
2026-08-14 11:59:40,Simpang 4,lane_1,1,0,0,0,0,0,1,0,3.030303
2026-08-14 11:59:40,Simpang 2,lane_2,2,0,0,2,0,0,0,0,6.060606
2026-08-14 11:59:40,Simpang 2,lane_1,1,0,0,0,1,0,0,0,3.030303
2026-08-14 11:59:40,Simpang 3,lane_2,3,0,0,3,0,0,0,0,9.090909
2026-08-14 11:59:40,Simpang 3,lane_3,4,0,0,1,3,0,0,1,11.764706
2026-08-14 11:59:41,Simpang 1,lane_2,3,0,0,3,0,0,0,0,9.090909
2026-08-14 11:59:41,Simpang 1,lane_3,1,0,0,1,0,0,0,0,2.941176
2026-08-14 11:59:44,Simpang 4,lane_2,9,0,0,3,6,0,0,0,27.272727
2026-08-14 11:59:44,Simpang 4,lane_3,4,0,0,0,4,0,0,0,11.764706
2026-08-14 11:59:44,Simpang 4,lane_1,2,0,0,1,0,0,1,0,6.060606
2026-08-14 11:59:47,Simpang 3,lane_2,3,0,0,3,0,0,0,0,9.090909
2026-08-14 11:59:47,Simpang 3,lane_3,3,0,0,1,2,0,0,1,8.823529
2026-08-14 11:59:48,Simpang 2,lane_2,2,0,0,2,0,0,0,0,6.060606
2026-08-14 11:59:48,Simpang 2,lane_1,1,0,0,0,1,0,0,0,3.030303
2026-08-14 11:59:51,Simpang 1,lane_2,3,0,0,3,0,0,0,0,9.090909
2026-08-14 11:59:51,Simpang 1,lane_3,1,0,0,1,0,0,0,0,2.941176
2026-08-14 11:59:54,Simpang 4,lane_2,9,0,0,3,6,0,0,0,27.272727
2026-08-14 11:59:54,Simpang 4,lane_3,5,0,0,0,5,0,0,0,14.705882
2026-08-14 11:59:55,Simpang 3,lane_2,3,0,0,3,0,0,0,0,9.090909
2026-08-14 11:59:55,Simpang 3,lane_3,3,0,0,0,3,0,0,1,8.823529
2026-08-14 11:59:57,Simpang 2,lane_2,2,0,0,2,0,0,0,0,6.060606
2026-08-14 11:59:57,Simpang 2,lane_1,1,0,0,0,1,0,0,0,3.030303
2026-08-14 11:59:59,Simpang 1,lane_2,3,0,0,3,0,0,0,0,9.090909
2026-08-14 11:59:59,Simpang 1,lane_3,1,0,0,1,0,0,0,0,2.941176
2026-08-14 12:00:02,Simpang 4,lane_2,9,0,0,3,6,0,0,0,27.272727
2026-08-14 12:00:02,Simpang 4,lane_3,5,0,0,0,5,0,0,0,14.705882
2026-08-14 12:00:02,Simpang 4,lane_1,1,0,0,1,0,0,0,0,3.030303
2026-08-14 12:00:03,Simpang 3,lane_2,3,0,0,3,0,0,0,0,9.090909
2026-08-14 12:00:03,Simpang 3,lane_3,3,0,0,0,3,0,0,1,8.823529
2026-08-14 12:00:05,Simpang 2,lane_2,2,0,0,2,0,0,0,0,6.060606
2026-08-14 12:00:05,Simpang 2,lane_1,1,0,0,0,1,0,0,0,3.030303
2026-08-14 12:00:07,Simpang 1,lane_2,3,0,0,3,0,0,0,0,9.090909
2026-08-14 12:00:07,Simpang 1,lane_3,1,0,0,1,0,0,0,0,2.941176
2026-08-14 12:00:10,Simpang 4,lane_2,8,0,0,3,5,0,0,0,24.242424
2026-08-14 12:00:10,Simpang 4,lane_3,5,0,0,0,5,0,0,0,14.705882
2026-08-14 12:00:10,Simpang 3,lane_2,3,0,0,3,0,0,0,0,9.090909
2026-08-14 12:00:10,Simpang 3,lane_3,3,0,0,0,3,0,0,1,8.823529
2026-08-14 12:00:12,Simpang 2,lane_2,2,0,0,2,0,0,0,0,6.060606
2026-08-14 12:00:12,Simpang 2,lane_1,1,0,0,0,1,0,0,0,3.030303
2026-08-14 12:00:15,Simpang 1,lane_2,3,0,0,3,0,0,0,0,9.090909
2026-08-14 12:00:15,Simpang 1,lane_3,1,0,0,1,0,0,0,0,2.941176
2026-08-14 12:00:16,Simpang 3,lane_2,3,0,0,3,0,0,0,0,9.090909
2026-08-14 12:00:16,Simpang 3,lane_3,3,0,0,0,3,0,0,1,8.823529
2026-08-14 12:00:17,Simpang 4,lane_2,10,0,0,4,6,0,0,0,30.30303
2026-08-14 12:00:17,Simpang 4,lane_3,4,0,0,0,4,0,0,0,11.764706
2026-08-14 12:00:17,Simpang 4,lane_1,1,0,0,1,0,0,0,0,3.030303
2026-08-14 12:00:19,Simpang 2,lane_2,2,0,0,2,0,0,0,0,6.060606
2026-08-14 12:00:19,Simpang 2,lane_1,1,0,0,0,1,0,0,0,3.030303
2026-08-14 12:00:22,Simpang 1,lane_2,3,0,0,3,0,0,0,0,9.090909
2026-08-14 12:00:22,Simpang 1,lane_3,1,0,0,1,0,0,0,0,2.941176
2026-08-14 12:00:23,Simpang 3,lane_2,3,0,0,3,0,0,0,0,9.090909
2026-08-14 12:00:23,Simpang 3,lane_3,3,0,0,0,3,0,0,1,8.823529
2026-08-14 12:00:24,Simpang 4,lane_1,2,0,0,2,0,0,0,0,6.060606
2026-08-14 12:00:24,Simpang 4,lane_2,9,0,0,3,6,0,0,0,27.272727
2026-08-14 12:00:24,Simpang 4,lane_3,4,0,0,0,4,0,0,0,11.764706
2026-08-14 12:00:28,Simpang 2,lane_2,2,0,0,2,0,0,0,0,6.060606
2026-08-14 12:00:28,Simpang 2,lane_1,1,0,0,0,1,0,0,0,3.030303
2026-08-14 12:00:30,Simpang 1,lane_2,3,0,0,3,0,0,0,0,9.090909
2026-08-14 12:00:30,Simpang 1,lane_3,1,0,0,1,0,0,0,0,2.941176
2026-08-14 12:00:30,Simpang 3,lane_2,3,0,0,3,0,0,0,0,9.090909
2026-08-14 12:00:30,Simpang 3,lane_3,4,0,0,1,3,0,0,1,11.764706
2026-08-14 12:00:30,Simpang 4,lane_1,1,0,0,1,0,0,0,0,3.030303
2026-08-14 12:00:30,Simpang 4,lane_2,9,0,0,2,6,0,1,0,27.272727
2026-08-14 12:00:30,Simpang 4,lane_3,2,1,0,0,2,0,0,0,5.882353
2026-08-14 12:00:34,Simpang 2,lane_2,2,0,0,2,0,0,0,0,6.060606
2026-08-14 12:00:34,Simpang 2,lane_1,1,0,0,0,1,0,0,0,3.030303
2026-08-14 12:00:38,Simpang 4,lane_1,1,0,0,1,0,0,0,0,3.030303
2026-08-14 12:00:38,Simpang 4,lane_2,9,0,0,2,6,0,1,0,27.272727
2026-08-14 12:00:38,Simpang 4,lane_3,2,1,0,0,2,0,0,0,5.882353
2026-08-14 12:00:38,Simpang 3,lane_2,3,0,0,3,0,0,0,0,9.090909
2026-08-14 12:00:38,Simpang 3,lane_3,4,0,0,1,3,0,0,1,11.764706
2026-08-14 12:00:38,Simpang 1,lane_2,3,0,0,3,0,0,0,0,9.090909
2026-08-14 12:00:38,Simpang 1,lane_3,1,0,0,1,0,0,0,0,2.941176
2026-08-14 12:00:42,Simpang 2,lane_2,2,0,0,2,0,0,0,0,6.060606
2026-08-14 12:00:42,Simpang 2,lane_1,1,0,0,0,1,0,0,0,3.030303
2026-08-14 12:00:45,Simpang 3,lane_2,3,0,0,3,0,0,0,0,9.090909
2026-08-14 12:00:45,Simpang 3,lane_3,4,0,0,1,3,0,0,1,11.764706
2026-08-14 12:00:45,Simpang 4,lane_1,1,0,0,1,0,0,0,0,3.030303
2026-08-14 12:00:45,Simpang 4,lane_2,9,0,0,3,6,0,0,0,27.272727
2026-08-14 12:00:45,Simpang 4,lane_3,3,2,0,0,3,0,0,0,8.823529
2026-08-14 12:00:45,Simpang 1,lane_2,3,0,0,3,0,0,0,0,9.090909
2026-08-14 12:00:45,Simpang 1,lane_3,1,0,0,1,0,0,0,0,2.941176
2026-08-14 12:00:48,Simpang 2,lane_2,2,0,0,2,0,0,0,0,6.060606
2026-08-14 12:00:48,Simpang 2,lane_1,1,0,0,0,1,0,0,0,3.030303
2026-08-14 12:00:51,Simpang 3,lane_2,3,0,0,3,0,0,0,0,9.090909
2026-08-14 12:00:51,Simpang 3,lane_3,4,0,0,1,3,0,0,1,11.764706
2026-08-14 12:00:52,Simpang 4,lane_1,3,0,0,1,2,0,0,0,9.090909
2026-08-14 12:00:52,Simpang 4,lane_2,7,0,0,3,4,0,0,0,21.212121
2026-08-14 12:00:52,Simpang 4,lane_3,6,0,0,0,6,0,0,0,17.647059
2026-08-14 12:00:53,Simpang 1,lane_2,3,0,0,3,0,0,0,0,9.090909
2026-08-14 12:00:53,Simpang 1,lane_3,1,0,0,1,0,0,0,0,2.941176
2026-08-14 12:00:56,Simpang 2,lane_2,2,0,0,2,0,0,0,0,6.060606
2026-08-14 12:00:56,Simpang 2,lane_1,1,0,0,0,1,0,0,0,3.030303
2026-08-14 12:00:58,Simpang 3,lane_2,3,0,0,3,0,0,0,0,9.090909
2026-08-14 12:00:58,Simpang 3,lane_3,4,0,0,1,3,0,0,1,11.764706
2026-08-14 12:00:58,Simpang 4,lane_1,1,1,0,1,0,0,0,0,3.030303
2026-08-14 12:00:58,Simpang 4,lane_2,7,0,0,3,4,0,0,0,21.212121
2026-08-14 12:00:58,Simpang 4,lane_3,5,1,0,0,5,0,0,0,14.705882
2026-08-14 12:01:02,Simpang 1,lane_2,3,0,0,3,0,0,0,0,9.090909
2026-08-14 12:01:02,Simpang 1,lane_3,1,0,0,1,0,0,0,0,2.941176
2026-08-14 12:01:06,Simpang 2,lane_2,2,0,0,2,0,0,0,0,6.060606
2026-08-14 12:01:06,Simpang 2,lane_1,1,0,0,0,1,0,0,0,3.030303
2026-08-14 12:01:07,Simpang 3,lane_2,3,0,0,3,0,0,0,0,9.090909
2026-08-14 12:01:07,Simpang 3,lane_3,1,0,0,0,1,0,0,1,2.941176
2026-08-14 12:01:07,Simpang 4,lane_1,3,0,0,1,2,0,0,0,9.090909
2026-08-14 12:01:07,Simpang 4,lane_2,7,0,0,3,4,0,0,0,21.212121
2026-08-14 12:01:07,Simpang 4,lane_3,4,1,0,0,4,0,0,0,11.764706
2026-08-14 12:01:11,Simpang 1,lane_2,3,0,0,3,0,0,0,0,9.090909
2026-08-14 12:01:11,Simpang 1,lane_3,1,0,0,1,0,0,0,0,2.941176
2026-08-14 12:01:14,Simpang 4,lane_1,1,1,0,1,0,0,0,0,3.030303
2026-08-14 12:01:14,Simpang 4,lane_2,7,0,0,2,4,0,1,0,21.212121
2026-08-14 12:01:14,Simpang 4,lane_3,2,2,0,0,2,0,0,0,5.882353
2026-08-14 12:01:14,Simpang 3,lane_2,3,0,0,3,0,0,0,0,9.090909
2026-08-14 12:01:14,Simpang 3,lane_3,1,0,0,0,1,0,0,1,2.941176
2026-08-14 12:01:14,Simpang 2,lane_2,2,0,0,2,0,0,0,0,6.060606
2026-08-14 12:01:14,Simpang 2,lane_1,1,0,0,0,1,0,0,0,3.030303
2026-08-14 12:01:16,Simpang 1,lane_2,3,0,0,3,0,0,0,0,9.090909
2026-08-14 12:01:16,Simpang 1,lane_3,1,0,0,1,0,0,0,0,2.941176
2026-08-14 12:01:17,Simpang 4,lane_1,1,1,0,1,0,0,0,0,3.030303
2026-08-14 12:01:17,Simpang 4,lane_2,8,0,0,3,4,0,1,0,24.242424
2026-08-14 12:01:17,Simpang 4,lane_3,4,1,0,0,4,0,0,0,11.764706
2026-08-14 12:01:17,Simpang 3,lane_2,3,0,0,3,0,0,0,0,9.090909
2026-08-14 12:01:17,Simpang 3,lane_3,1,0,0,0,1,0,0,1,2.941176
2026-08-14 12:01:18,Simpang 2,lane_2,2,0,0,2,0,0,0,0,6.060606
2026-08-14 12:01:18,Simpang 2,lane_1,1,0,0,0,1,0,0,0,3.030303
2026-08-14 12:01:22,Simpang 1,lane_2,3,0,0,3,0,0,0,0,9.090909
2026-08-14 12:01:22,Simpang 1,lane_3,1,0,0,1,0,0,0,0,2.941176
2026-08-14 12:01:25,Simpang 4,lane_1,4,0,0,2,0,0,2,0,12.121212
2026-08-14 12:01:25,Simpang 4,lane_2,6,0,0,2,4,0,0,0,18.181818
2026-08-14 12:01:25,Simpang 4,lane_3,2,1,0,0,2,0,0,0,5.882353
2026-08-14 12:01:25,Simpang 3,lane_2,3,0,0,3,0,0,0,0,9.090909
2026-08-14 12:01:25,Simpang 3,lane_3,1,0,0,0,1,0,0,1,2.941176
2026-08-14 12:01:27,Simpang 2,lane_2,2,0,0,2,0,0,0,0,6.060606
2026-08-14 12:01:27,Simpang 2,lane_1,1,0,0,0,1,0,0,0,3.030303
2026-08-14 12:01:30,Simpang 1,lane_2,3,0,0,3,0,0,0,0,9.090909
2026-08-14 12:01:30,Simpang 1,lane_3,1,0,0,1,0,0,0,0,2.941176
2026-08-14 12:01:33,Simpang 4,lane_1,3,0,0,2,0,0,1,0,9.090909
2026-08-14 12:01:33,Simpang 4,lane_2,7,0,0,2,5,0,0,0,21.212121
2026-08-14 12:01:33,Simpang 4,lane_3,2,2,0,0,2,0,0,0,5.882353
2026-08-14 12:01:33,Simpang 3,lane_2,3,0,0,3,0,0,0,0,9.090909
2026-08-14 12:01:33,Simpang 3,lane_3,2,0,0,1,1,0,0,1,5.882353
2026-08-14 12:01:37,Simpang 2,lane_2,2,0,0,2,0,0,0,0,6.060606
2026-08-14 12:01:37,Simpang 2,lane_1,1,0,0,0,1,0,0,0,3.030303
2026-08-14 12:01:39,Simpang 1,lane_2,3,0,0,3,0,0,0,0,9.090909
2026-08-14 12:01:39,Simpang 1,lane_3,1,0,0,1,0,0,0,0,2.941176
2026-08-14 12:01:39,Simpang 3,lane_2,3,0,0,3,0,0,0,0,9.090909
2026-08-14 12:01:39,Simpang 3,lane_3,1,0,0,0,1,0,0,1,2.941176
2026-08-14 12:01:40,Simpang 4,lane_1,4,0,0,3,0,0,1,0,12.121212
2026-08-14 12:01:40,Simpang 4,lane_2,9,0,0,2,7,0,0,0,27.272727
2026-08-14 12:01:40,Simpang 4,lane_3,2,2,0,0,2,0,0,0,5.882353
2026-08-14 12:01:41,Simpang 2,lane_2,2,0,0,2,0,0,0,0,6.060606
2026-08-14 12:01:41,Simpang 2,lane_1,1,0,0,0,1,0,0,0,3.030303
2026-08-14 12:01:42,Simpang 1,lane_2,3,0,0,3,0,0,0,0,9.090909
2026-08-14 12:01:42,Simpang 1,lane_3,1,0,0,1,0,0,0,0,2.941176
2026-08-14 12:01:42,Simpang 4,lane_1,4,0,0,3,0,0,1,0,12.121212
2026-08-14 12:01:42,Simpang 4,lane_2,9,0,0,2,7,0,0,0,27.272727
2026-08-14 12:01:42,Simpang 4,lane_3,1,2,0,0,1,0,0,0,2.941176
2026-08-14 12:01:42,Simpang 3,lane_2,3,0,0,3,0,0,0,0,9.090909
2026-08-14 12:01:42,Simpang 3,lane_3,1,0,0,0,1,0,0,1,2.941176
2026-08-14 12:01:43,Simpang 2,lane_2,2,0,0,2,0,0,0,0,6.060606
2026-08-14 12:01:43,Simpang 2,lane_1,1,0,0,0,1,0,0,0,3.030303
2026-08-14 12:01:45,Simpang 4,lane_1,3,0,0,1,0,0,2,0,9.090909
2026-08-14 12:01:45,Simpang 4,lane_2,9,0,0,2,7,0,0,0,27.272727
2026-08-14 12:01:45,Simpang 4,lane_3,1,2,0,0,1,0,0,0,2.941176
2026-08-14 12:01:45,Simpang 3,lane_2,3,0,0,3,0,0,0,0,9.090909
2026-08-14 12:01:45,Simpang 3,lane_3,1,0,0,0,1,0,0,1,2.941176
2026-08-14 12:01:46,Simpang 1,lane_2,3,0,0,3,0,0,0,0,9.090909
2026-08-14 12:01:46,Simpang 1,lane_3,1,0,0,1,0,0,0,0,2.941176
2026-08-14 12:01:47,Simpang 2,lane_2,2,0,0,2,0,0,0,0,6.060606
2026-08-14 12:01:47,Simpang 2,lane_1,1,0,0,0,1,0,0,0,3.030303
2026-08-14 12:01:48,Simpang 4,lane_1,3,0,0,1,0,0,2,0,9.090909
2026-08-14 12:01:48,Simpang 4,lane_2,9,0,0,2,7,0,0,0,27.272727
2026-08-14 12:01:48,Simpang 4,lane_3,3,1,0,0,3,0,0,0,8.823529
2026-08-14 12:01:48,Simpang 3,lane_2,3,0,0,3,0,0,0,0,9.090909
2026-08-14 12:01:48,Simpang 3,lane_3,1,0,0,0,1,0,0,1,2.941176
2026-08-14 12:01:48,Simpang 3,lane_1,0,1,0,0,0,0,0,0,0.0
2026-08-14 12:01:48,Simpang 1,lane_2,3,0,0,3,0,0,0,0,9.090909
2026-08-14 12:01:48,Simpang 1,lane_3,1,0,0,1,0,0,0,0,2.941176
2026-08-14 12:01:49,Simpang 2,lane_2,2,0,0,2,0,0,0,0,6.060606
2026-08-14 12:01:49,Simpang 2,lane_1,1,0,0,0,1,0,0,0,3.030303
2026-08-14 12:01:50,Simpang 3,lane_2,3,0,0,3,0,0,0,0,9.090909
2026-08-14 12:01:50,Simpang 3,lane_3,2,0,0,0,2,0,0,1,5.882353
2026-08-14 12:01:50,Simpang 4,lane_1,3,0,0,1,0,0,2,0,9.090909
2026-08-14 12:01:50,Simpang 4,lane_2,9,0,0,2,7,0,0,0,27.272727
2026-08-14 12:01:50,Simpang 4,lane_3,3,1,0,0,3,0,0,0,8.823529
2026-08-14 12:01:50,Simpang 1,lane_2,3,0,0,3,0,0,0,0,9.090909
2026-08-14 12:01:50,Simpang 1,lane_3,1,0,0,1,0,0,0,0,2.941176
2026-08-14 12:01:52,Simpang 2,lane_2,2,0,0,2,0,0,0,0,6.060606
2026-08-14 12:01:52,Simpang 2,lane_1,1,0,0,0,1,0,0,0,3.030303
2026-08-14 12:01:52,Simpang 3,lane_2,3,0,0,3,0,0,0,0,9.090909
2026-08-14 12:01:52,Simpang 3,lane_3,1,0,0,0,1,0,0,1,2.941176
2026-08-14 12:01:52,Simpang 4,lane_1,2,0,0,1,0,0,1,0,6.060606
2026-08-14 12:01:52,Simpang 4,lane_2,8,0,0,2,6,0,0,0,24.242424
2026-08-14 12:01:52,Simpang 4,lane_3,2,1,0,0,2,0,0,0,5.882353
2026-08-14 12:01:53,Simpang 1,lane_2,3,0,0,3,0,0,0,0,9.090909
2026-08-14 12:01:53,Simpang 1,lane_3,1,0,0,1,0,0,0,0,2.941176
2026-08-14 12:01:53,Simpang 3,lane_2,3,0,0,3,0,0,0,0,9.090909
2026-08-14 12:01:53,Simpang 3,lane_3,1,0,0,0,1,0,0,1,2.941176
2026-08-14 12:01:53,Simpang 4,lane_1,5,0,0,3,1,0,1,0,15.151515
2026-08-14 12:01:53,Simpang 4,lane_2,8,0,0,2,6,0,0,0,24.242424
2026-08-14 12:01:53,Simpang 4,lane_3,0,2,0,0,0,0,0,0,0.0
2026-08-14 12:01:54,Simpang 2,lane_2,2,0,0,2,0,0,0,0,6.060606
2026-08-14 12:01:54,Simpang 2,lane_1,1,0,0,0,1,0,0,0,3.030303
2026-08-14 12:01:55,Simpang 1,lane_2,3,0,0,3,0,0,0,0,9.090909
2026-08-14 12:01:55,Simpang 1,lane_3,1,0,0,1,0,0,0,0,2.941176
2026-08-14 12:01:55,Simpang 3,lane_2,3,0,0,3,0,0,0,0,9.090909
2026-08-14 12:01:55,Simpang 3,lane_3,2,0,0,0,2,0,0,1,5.882353
2026-08-14 12:01:55,Simpang 3,lane_1,0,1,0,0,0,0,0,0,0.0
2026-08-14 12:01:55,Simpang 4,lane_1,6,0,0,3,2,0,1,0,18.181818
2026-08-14 12:01:55,Simpang 4,lane_2,7,0,0,2,5,0,0,0,21.212121
2026-08-14 12:01:55,Simpang 4,lane_3,1,3,0,1,0,0,0,0,2.941176
2026-08-14 12:01:56,Simpang 2,lane_2,2,0,0,2,0,0,0,0,6.060606
2026-08-14 12:01:56,Simpang 2,lane_1,1,0,0,0,1,0,0,0,3.030303
2026-08-14 12:01:57,Simpang 1,lane_2,3,0,0,3,0,0,0,0,9.090909
2026-08-14 12:01:57,Simpang 1,lane_3,1,0,0,1,0,0,0,0,2.941176
2026-08-14 12:01:58,Simpang 4,lane_1,6,0,0,2,2,0,2,0,18.181818
2026-08-14 12:01:58,Simpang 4,lane_2,8,0,0,2,6,0,0,0,24.242424
2026-08-14 12:01:58,Simpang 4,lane_3,1,3,0,1,0,0,0,0,2.941176
2026-08-14 12:01:58,Simpang 3,lane_2,3,0,0,3,0,0,0,0,9.090909
2026-08-14 12:01:58,Simpang 3,lane_3,3,0,0,1,2,0,0,1,8.823529
2026-08-14 12:01:58,Simpang 3,lane_1,0,1,0,0,0,0,0,0,0.0
2026-08-14 12:01:58,Simpang 2,lane_2,2,0,0,2,0,0,0,0,6.060606
2026-08-14 12:01:58,Simpang 2,lane_1,1,0,0,0,1,0,0,0,3.030303
2026-08-14 12:01:59,Simpang 1,lane_2,3,0,0,3,0,0,0,0,9.090909
2026-08-14 12:01:59,Simpang 1,lane_3,1,0,0,1,0,0,0,0,2.941176
2026-08-14 12:02:00,Simpang 3,lane_2,3,0,0,3,0,0,0,0,9.090909
2026-08-14 12:02:00,Simpang 3,lane_3,2,0,0,1,1,0,0,1,5.882353
2026-08-14 12:02:00,Simpang 4,lane_1,7,0,0,2,3,0,2,0,21.212121
2026-08-14 12:02:00,Simpang 4,lane_2,8,0,0,2,6,0,0,0,24.242424
2026-08-14 12:02:00,Simpang 4,lane_3,1,3,0,1,0,0,0,0,2.941176
2026-08-14 12:02:00,Simpang 2,lane_2,2,0,0,2,0,0,0,0,6.060606
2026-08-14 12:02:00,Simpang 2,lane_1,1,0,0,0,1,0,0,0,3.030303
2026-08-14 12:02:01,Simpang 1,lane_2,3,0,0,3,0,0,0,0,9.090909
2026-08-14 12:02:01,Simpang 1,lane_3,1,0,0,1,0,0,0,0,2.941176
2026-08-14 12:02:01,Simpang 3,lane_2,3,0,0,3,0,0,0,0,9.090909
2026-08-14 12:02:01,Simpang 3,lane_3,2,1,0,1,1,0,0,1,5.882353
2026-08-14 12:02:01,Simpang 4,lane_1,7,0,0,3,3,0,1,0,21.212121
2026-08-14 12:02:01,Simpang 4,lane_2,6,0,0,1,5,0,0,0,18.181818
2026-08-14 12:02:01,Simpang 4,lane_3,3,1,0,1,2,0,0,0,8.823529
2026-08-14 12:02:02,Simpang 2,lane_2,2,0,0,2,0,0,0,0,6.060606
2026-08-14 12:02:02,Simpang 2,lane_1,1,0,0,0,1,0,0,0,3.030303
2026-08-14 12:02:03,Simpang 3,lane_2,3,0,0,3,0,0,0,0,9.090909
2026-08-14 12:02:03,Simpang 3,lane_3,2,1,0,1,1,0,0,1,5.882353
2026-08-14 12:02:03,Simpang 4,lane_1,9,0,0,3,4,0,2,0,27.272727
2026-08-14 12:02:03,Simpang 4,lane_2,8,0,0,1,7,0,0,0,24.242424
2026-08-14 12:02:03,Simpang 4,lane_3,4,0,0,1,3,0,0,0,11.764706
2026-08-14 12:02:03,Simpang 1,lane_2,3,0,0,3,0,0,0,0,9.090909
2026-08-14 12:02:03,Simpang 1,lane_3,1,0,0,1,0,0,0,0,2.941176
2026-08-14 12:02:04,Simpang 2,lane_2,2,0,0,2,0,0,0,0,6.060606
2026-08-14 12:02:04,Simpang 2,lane_1,1,0,0,0,1,0,0,0,3.030303
2026-08-14 12:02:05,Simpang 3,lane_2,3,0,0,3,0,0,0,0,9.090909
2026-08-14 12:02:05,Simpang 3,lane_3,2,0,0,0,2,0,0,1,5.882353
2026-08-14 12:02:06,Simpang 4,lane_1,5,0,0,1,3,0,1,0,15.151515
2026-08-14 12:02:06,Simpang 4,lane_2,8,0,0,1,7,0,0,0,24.242424
2026-08-14 12:02:06,Simpang 4,lane_3,1,2,0,1,0,0,0,0,2.941176
2026-08-14 12:02:08,Simpang 1,lane_2,3,0,0,3,0,0,0,0,9.090909
2026-08-14 12:02:08,Simpang 1,lane_3,1,0,0,1,0,0,0,0,2.941176
2026-08-14 12:02:12,Simpang 2,lane_2,2,0,0,2,0,0,0,0,6.060606
2026-08-14 12:02:12,Simpang 2,lane_1,1,0,0,0,1,0,0,0,3.030303
2026-08-14 12:02:14,Simpang 3,lane_2,3,0,0,3,0,0,0,0,9.090909
2026-08-14 12:02:14,Simpang 3,lane_3,2,0,0,0,2,0,0,1,5.882353
2026-08-14 12:02:15,Simpang 4,lane_1,3,1,0,2,0,0,1,0,9.090909
2026-08-14 12:02:15,Simpang 4,lane_2,4,2,0,1,3,0,0,0,12.121212
2026-08-14 12:02:15,Simpang 4,lane_3,3,1,0,1,2,0,0,0,8.823529
2026-08-14 12:02:17,Simpang 1,lane_2,3,0,0,3,0,0,0,0,9.090909
2026-08-14 12:02:17,Simpang 1,lane_3,1,0,0,1,0,0,0,0,2.941176
2026-08-14 12:02:21,Simpang 2,lane_2,2,0,0,2,0,0,0,0,6.060606
2026-08-14 12:02:21,Simpang 2,lane_1,1,0,0,0,1,0,0,0,3.030303
2026-08-14 12:02:21,Simpang 3,lane_2,3,0,0,3,0,0,0,0,9.090909
2026-08-14 12:02:21,Simpang 3,lane_3,3,0,0,1,2,0,0,1,8.823529
2026-08-14 12:02:21,Simpang 4,lane_1,3,3,0,2,0,0,1,0,9.090909
2026-08-14 12:02:21,Simpang 4,lane_2,8,0,0,1,7,0,0,0,24.242424
2026-08-14 12:02:21,Simpang 4,lane_3,3,1,0,1,2,0,0,0,8.823529
2026-08-14 12:02:24,Simpang 1,lane_2,3,0,0,3,0,0,0,0,9.090909
2026-08-14 12:02:24,Simpang 1,lane_3,1,0,0,1,0,0,0,0,2.941176
2026-08-14 12:02:28,Simpang 4,lane_1,3,3,0,2,0,0,1,0,9.090909
2026-08-14 12:02:28,Simpang 4,lane_2,6,2,0,2,4,0,0,0,18.181818
2026-08-14 12:02:28,Simpang 4,lane_3,3,1,0,1,2,0,0,0,8.823529
2026-08-14 12:02:28,Simpang 3,lane_2,3,0,0,3,0,0,0,0,9.090909
2026-08-14 12:02:28,Simpang 3,lane_3,3,0,0,1,2,0,0,1,8.823529
2026-08-14 12:02:28,Simpang 2,lane_2,2,0,0,2,0,0,0,0,6.060606
2026-08-14 12:02:28,Simpang 2,lane_1,1,0,0,0,1,0,0,0,3.030303
2026-08-14 12:02:29,Simpang 1,lane_2,3,0,0,3,0,0,0,0,9.090909
2026-08-14 12:02:29,Simpang 1,lane_3,1,0,0,1,0,0,0,0,2.941176
2026-08-14 12:02:30,Simpang 3,lane_2,3,0,0,3,0,0,0,0,9.090909
2026-08-14 12:02:30,Simpang 3,lane_3,2,0,0,0,2,0,0,1,5.882353
2026-08-14 12:02:30,Simpang 4,lane_1,3,2,0,2,0,0,1,0,9.090909
2026-08-14 12:02:30,Simpang 4,lane_2,9,0,0,2,7,0,0,0,27.272727
2026-08-14 12:02:30,Simpang 4,lane_3,4,1,0,1,3,0,0,0,11.764706
2026-08-14 12:02:30,Simpang 2,lane_2,2,0,0,2,0,0,0,0,6.060606
2026-08-14 12:02:30,Simpang 2,lane_1,1,0,0,0,1,0,0,0,3.030303
2026-08-14 12:02:32,Simpang 1,lane_2,3,0,0,3,0,0,0,0,9.090909
2026-08-14 12:02:32,Simpang 1,lane_3,1,0,0,1,0,0,0,0,2.941176
2026-08-14 12:02:32,Simpang 3,lane_2,3,0,0,3,0,0,0,0,9.090909
2026-08-14 12:02:32,Simpang 3,lane_3,2,0,0,0,2,0,0,1,5.882353
2026-08-14 12:02:32,Simpang 4,lane_1,2,2,0,1,0,0,1,0,6.060606
2026-08-14 12:02:32,Simpang 4,lane_2,9,0,0,2,7,0,0,0,27.272727
2026-08-14 12:02:32,Simpang 4,lane_3,4,1,0,1,3,0,0,0,11.764706
2026-08-14 12:02:33,Simpang 2,lane_2,2,0,0,2,0,0,0,0,6.060606
2026-08-14 12:02:33,Simpang 2,lane_1,1,0,0,0,1,0,0,0,3.030303
2026-08-14 12:02:34,Simpang 1,lane_2,3,0,0,3,0,0,0,0,9.090909
2026-08-14 12:02:34,Simpang 1,lane_3,1,0,0,1,0,0,0,0,2.941176
2026-08-14 12:02:35,Simpang 3,lane_2,3,0,0,3,0,0,0,0,9.090909
2026-08-14 12:02:35,Simpang 3,lane_3,2,0,0,0,2,0,0,1,5.882353
2026-08-14 12:02:35,Simpang 4,lane_1,2,2,0,1,0,0,1,0,6.060606
2026-08-14 12:02:35,Simpang 4,lane_2,5,2,0,1,4,0,0,0,15.151515
2026-08-14 12:02:35,Simpang 4,lane_3,3,1,0,1,2,0,0,0,8.823529
2026-08-14 12:02:36,Simpang 2,lane_2,2,0,0,2,0,0,0,0,6.060606
2026-08-14 12:02:36,Simpang 2,lane_1,1,0,0,0,1,0,0,0,3.030303
2026-08-14 12:02:37,Simpang 3,lane_2,3,0,0,3,0,0,0,0,9.090909
2026-08-14 12:02:37,Simpang 3,lane_3,2,0,0,0,2,0,0,1,5.882353
2026-08-14 12:02:37,Simpang 1,lane_2,3,0,0,3,0,0,0,0,9.090909
2026-08-14 12:02:37,Simpang 1,lane_3,1,0,0,1,0,0,0,0,2.941176
2026-08-14 12:02:37,Simpang 4,lane_1,2,2,0,1,0,0,1,0,6.060606
2026-08-14 12:02:37,Simpang 4,lane_2,7,1,0,1,6,0,0,0,21.212121
2026-08-14 12:02:37,Simpang 4,lane_3,5,0,0,1,4,0,0,0,14.705882
2026-08-14 12:02:39,Simpang 2,lane_2,2,0,0,2,0,0,0,0,6.060606
2026-08-14 12:02:39,Simpang 2,lane_1,1,0,0,0,1,0,0,0,3.030303
2026-08-14 12:02:41,Simpang 3,lane_2,3,0,0,3,0,0,0,0,9.090909
2026-08-14 12:02:41,Simpang 3,lane_3,2,0,0,0,2,0,0,1,5.882353
2026-08-14 12:02:42,Simpang 4,lane_1,2,0,0,1,0,0,1,0,6.060606
2026-08-14 12:02:42,Simpang 4,lane_2,6,2,0,2,4,0,0,0,18.181818
2026-08-14 12:02:42,Simpang 4,lane_3,4,1,0,1,3,0,0,0,11.764706
2026-08-14 12:02:42,Simpang 1,lane_2,3,0,0,3,0,0,0,0,9.090909
2026-08-14 12:02:42,Simpang 1,lane_3,1,0,0,1,0,0,0,0,2.941176
2026-08-14 12:02:46,Simpang 2,lane_2,2,0,0,2,0,0,0,0,6.060606
2026-08-14 12:02:46,Simpang 2,lane_1,1,0,0,0,1,0,0,0,3.030303
2026-08-14 12:02:48,Simpang 3,lane_2,3,0,0,3,0,0,0,0,9.090909
2026-08-14 12:02:48,Simpang 3,lane_3,1,0,0,0,1,0,0,1,2.941176
2026-08-14 12:02:49,Simpang 4,lane_1,4,0,0,1,2,0,1,0,12.121212
2026-08-14 12:02:49,Simpang 4,lane_2,7,1,0,2,5,0,0,0,21.212121
2026-08-14 12:02:49,Simpang 4,lane_3,4,2,0,1,3,0,0,0,11.764706
2026-08-14 12:02:50,Simpang 1,lane_2,3,0,0,3,0,0,0,0,9.090909
2026-08-14 12:02:50,Simpang 1,lane_3,1,0,0,1,0,0,0,0,2.941176
2026-08-14 12:02:53,Simpang 2,lane_2,2,0,0,2,0,0,0,0,6.060606
2026-08-14 12:02:53,Simpang 2,lane_1,1,0,0,0,1,0,0,0,3.030303
2026-08-14 12:02:55,Simpang 3,lane_2,3,0,0,3,0,0,0,0,9.090909
2026-08-14 12:02:55,Simpang 3,lane_3,1,0,0,0,1,0,0,1,2.941176
2026-08-14 12:02:56,Simpang 4,lane_1,2,1,0,0,0,0,2,0,6.060606
2026-08-14 12:02:56,Simpang 4,lane_2,5,2,0,2,3,0,0,0,15.151515
2026-08-14 12:02:56,Simpang 4,lane_3,3,1,0,1,2,0,0,0,8.823529
2026-08-14 12:02:58,Simpang 1,lane_2,3,0,0,3,0,0,0,0,9.090909
2026-08-14 12:02:58,Simpang 1,lane_3,1,0,0,1,0,0,0,0,2.941176
2026-08-14 12:03:01,Simpang 2,lane_2,2,0,0,2,0,0,0,0,6.060606
2026-08-14 12:03:01,Simpang 2,lane_1,1,0,0,0,1,0,0,0,3.030303
2026-08-14 12:03:03,Simpang 3,lane_2,3,0,0,3,0,0,0,0,9.090909
2026-08-14 12:03:03,Simpang 3,lane_3,1,0,0,0,1,0,0,1,2.941176
2026-08-14 12:03:04,Simpang 4,lane_1,3,2,0,0,1,0,2,0,9.090909
2026-08-14 12:03:04,Simpang 4,lane_2,6,0,0,1,5,0,0,0,18.181818
2026-08-14 12:03:04,Simpang 4,lane_3,3,1,0,1,2,0,0,0,8.823529
2026-08-14 12:03:06,Simpang 1,lane_2,3,0,0,3,0,0,0,0,9.090909
2026-08-14 12:03:06,Simpang 1,lane_3,1,0,0,1,0,0,0,0,2.941176
2026-08-14 12:03:09,Simpang 2,lane_2,2,0,0,2,0,0,0,0,6.060606
2026-08-14 12:03:09,Simpang 2,lane_1,1,0,0,0,1,0,0,0,3.030303
2026-08-14 12:03:10,Simpang 3,lane_2,3,0,0,3,0,0,0,0,9.090909
2026-08-14 12:03:10,Simpang 3,lane_3,2,0,0,1,1,0,0,1,5.882353
2026-08-14 12:03:11,Simpang 4,lane_1,3,2,0,0,1,0,2,0,9.090909
2026-08-14 12:03:11,Simpang 4,lane_2,6,0,0,1,5,0,0,0,18.181818
2026-08-14 12:03:11,Simpang 4,lane_3,3,1,0,1,2,0,0,0,8.823529
2026-08-14 12:03:13,Simpang 1,lane_2,3,0,0,3,0,0,0,0,9.090909
2026-08-14 12:03:13,Simpang 1,lane_3,1,0,0,1,0,0,0,0,2.941176
2026-08-14 12:03:17,Simpang 2,lane_2,2,0,0,2,0,0,0,0,6.060606
2026-08-14 12:03:17,Simpang 2,lane_1,1,0,0,0,1,0,0,0,3.030303
2026-08-14 12:03:18,Simpang 3,lane_2,3,0,0,3,0,0,0,0,9.090909
2026-08-14 12:03:18,Simpang 3,lane_3,2,0,0,1,1,0,0,1,5.882353
2026-08-14 12:03:19,Simpang 4,lane_1,2,0,0,1,0,0,1,0,6.060606
2026-08-14 12:03:19,Simpang 4,lane_2,6,0,0,2,4,0,0,0,18.181818
2026-08-14 12:03:19,Simpang 4,lane_3,2,1,0,1,1,0,0,0,5.882353
2026-08-14 12:03:21,Simpang 1,lane_2,3,0,0,3,0,0,0,0,9.090909
2026-08-14 12:03:21,Simpang 1,lane_3,1,0,0,1,0,0,0,0,2.941176
2026-08-14 12:03:22,Simpang 2,lane_2,2,0,0,2,0,0,0,0,6.060606
2026-08-14 12:03:22,Simpang 2,lane_1,1,0,0,0,1,0,0,0,3.030303
2026-08-14 12:03:22,Simpang 3,lane_2,3,0,0,3,0,0,0,0,9.090909
2026-08-14 12:03:22,Simpang 3,lane_3,3,0,0,0,3,0,0,1,8.823529
2026-08-14 12:03:22,Simpang 4,lane_1,2,1,0,1,0,0,1,0,6.060606
2026-08-14 12:03:22,Simpang 4,lane_2,8,0,0,2,6,0,0,0,24.242424
2026-08-14 12:03:22,Simpang 4,lane_3,4,1,0,3,1,0,0,0,11.764706
2026-08-14 12:03:23,Simpang 1,lane_2,3,0,0,3,0,0,0,0,9.090909
2026-08-14 12:03:23,Simpang 1,lane_3,1,0,0,1,0,0,0,0,2.941176
2026-08-14 12:03:24,Simpang 3,lane_2,3,0,0,3,0,0,0,0,9.090909
2026-08-14 12:03:24,Simpang 3,lane_3,3,0,0,0,3,0,0,1,8.823529
2026-08-14 12:03:24,Simpang 4,lane_1,2,0,0,1,0,0,1,0,6.060606
2026-08-14 12:03:24,Simpang 4,lane_2,6,1,0,2,4,0,0,0,18.181818
2026-08-14 12:03:24,Simpang 4,lane_3,4,1,0,2,2,0,0,0,11.764706
2026-08-14 12:03:25,Simpang 2,lane_2,2,0,0,2,0,0,0,0,6.060606
2026-08-14 12:03:25,Simpang 2,lane_1,1,0,0,0,1,0,0,0,3.030303
2026-08-14 12:03:28,Simpang 1,lane_2,3,0,0,3,0,0,0,0,9.090909
2026-08-14 12:03:28,Simpang 1,lane_3,1,0,0,1,0,0,0,0,2.941176
2026-08-14 12:03:30,Simpang 3,lane_2,3,0,0,3,0,0,0,0,9.090909
2026-08-14 12:03:30,Simpang 3,lane_3,2,0,0,0,2,0,0,1,5.882353
2026-08-14 12:03:30,Simpang 4,lane_1,2,0,0,1,0,0,1,0,6.060606
2026-08-14 12:03:30,Simpang 4,lane_2,5,1,0,1,4,0,0,0,15.151515
2026-08-14 12:03:30,Simpang 4,lane_3,4,1,0,3,1,0,0,0,11.764706
2026-08-14 12:03:32,Simpang 2,lane_2,2,0,0,2,0,0,0,0,6.060606
2026-08-14 12:03:32,Simpang 2,lane_1,1,0,0,0,1,0,0,0,3.030303
2026-08-14 12:03:35,Simpang 1,lane_2,3,0,0,3,0,0,0,0,9.090909
2026-08-14 12:03:35,Simpang 1,lane_3,1,0,0,1,0,0,0,0,2.941176
2026-08-14 12:03:37,Simpang 3,lane_2,3,0,0,3,0,0,0,0,9.090909
2026-08-14 12:03:37,Simpang 3,lane_3,2,0,0,0,2,0,0,1,5.882353
2026-08-14 12:03:37,Simpang 4,lane_1,2,0,0,1,0,0,1,0,6.060606
2026-08-14 12:03:37,Simpang 4,lane_2,6,0,0,2,4,0,0,0,18.181818
2026-08-14 12:03:37,Simpang 4,lane_3,4,1,0,3,1,0,0,0,11.764706
2026-08-14 12:03:40,Simpang 2,lane_2,2,0,0,2,0,0,0,0,6.060606
2026-08-14 12:03:40,Simpang 2,lane_1,1,0,0,0,1,0,0,0,3.030303
2026-08-14 12:03:43,Simpang 1,lane_2,3,0,0,3,0,0,0,0,9.090909
2026-08-14 12:03:43,Simpang 1,lane_3,1,0,0,1,0,0,0,0,2.941176
2026-08-14 12:03:45,Simpang 3,lane_2,3,0,0,3,0,0,0,0,9.090909
2026-08-14 12:03:45,Simpang 3,lane_3,2,0,0,0,2,0,0,1,5.882353
2026-08-14 12:03:45,Simpang 4,lane_1,1,0,0,1,0,0,0,0,3.030303
2026-08-14 12:03:45,Simpang 4,lane_2,7,0,0,2,5,0,0,0,21.212121
2026-08-14 12:03:45,Simpang 4,lane_3,4,1,0,3,1,0,0,0,11.764706
2026-08-14 12:03:48,Simpang 2,lane_2,2,0,0,2,0,0,0,0,6.060606
2026-08-14 12:03:48,Simpang 2,lane_1,1,0,0,0,1,0,0,0,3.030303
2026-08-14 12:03:51,Simpang 1,lane_2,3,0,0,3,0,0,0,0,9.090909
2026-08-14 12:03:51,Simpang 1,lane_3,1,0,0,1,0,0,0,0,2.941176
2026-08-14 12:03:52,Simpang 3,lane_2,3,0,0,3,0,0,0,0,9.090909
2026-08-14 12:03:52,Simpang 3,lane_3,2,0,0,0,2,0,0,1,5.882353
2026-08-14 12:03:53,Simpang 4,lane_1,1,0,0,1,0,0,0,0,3.030303
2026-08-14 12:03:53,Simpang 4,lane_2,6,0,0,2,4,0,0,0,18.181818
2026-08-14 12:03:53,Simpang 4,lane_3,3,1,0,2,1,0,0,0,8.823529
2026-08-14 12:03:56,Simpang 2,lane_2,2,0,0,2,0,0,0,0,6.060606
2026-08-14 12:03:56,Simpang 2,lane_1,1,0,0,0,1,0,0,0,3.030303
2026-08-14 12:03:59,Simpang 3,lane_2,3,0,0,3,0,0,0,0,9.090909
2026-08-14 12:03:59,Simpang 3,lane_3,2,0,0,0,2,0,0,1,5.882353
2026-08-14 12:04:00,Simpang 4,lane_1,1,0,0,1,0,0,0,0,3.030303
2026-08-14 12:04:00,Simpang 4,lane_2,8,0,0,2,6,0,0,0,24.242424
2026-08-14 12:04:00,Simpang 4,lane_3,4,1,0,2,2,0,0,0,11.764706
2026-08-14 12:04:00,Simpang 1,lane_2,3,0,0,3,0,0,0,0,9.090909
2026-08-14 12:04:00,Simpang 1,lane_3,1,0,0,1,0,0,0,0,2.941176
2026-08-14 12:04:05,Simpang 2,lane_2,2,0,0,2,0,0,0,0,6.060606
2026-08-14 12:04:05,Simpang 2,lane_1,1,0,0,0,1,0,0,0,3.030303
2026-08-14 12:04:07,Simpang 3,lane_2,3,0,0,3,0,0,0,0,9.090909
2026-08-14 12:04:07,Simpang 3,lane_3,3,0,0,0,3,0,0,1,8.823529
2026-08-14 12:04:08,Simpang 4,lane_1,1,0,0,1,0,0,0,0,3.030303
2026-08-14 12:04:08,Simpang 4,lane_2,7,0,0,2,5,0,0,0,21.212121
2026-08-14 12:04:08,Simpang 4,lane_3,4,1,0,2,2,0,0,0,11.764706
2026-08-14 12:04:10,Simpang 1,lane_2,3,0,0,3,0,0,0,0,9.090909
2026-08-14 12:04:10,Simpang 1,lane_3,1,0,0,1,0,0,0,0,2.941176
2026-08-14 12:04:13,Simpang 2,lane_2,2,0,0,2,0,0,0,0,6.060606
2026-08-14 12:04:13,Simpang 2,lane_1,1,0,0,0,1,0,0,0,3.030303
2026-08-14 12:04:15,Simpang 4,lane_1,2,0,0,1,0,0,1,0,6.060606
2026-08-14 12:04:15,Simpang 4,lane_2,5,0,0,2,3,0,0,0,15.151515
2026-08-14 12:04:15,Simpang 4,lane_3,3,1,0,1,2,0,0,0,8.823529
2026-08-14 12:04:15,Simpang 3,lane_2,3,0,0,3,0,0,0,0,9.090909
2026-08-14 12:04:15,Simpang 3,lane_3,3,0,0,0,3,0,0,1,8.823529
2026-08-14 12:04:18,Simpang 1,lane_2,3,0,0,3,0,0,0,0,9.090909
2026-08-14 12:04:18,Simpang 1,lane_3,1,0,0,1,0,0,0,0,2.941176
2026-08-14 12:04:22,Simpang 2,lane_2,2,0,0,2,0,0,0,0,6.060606
2026-08-14 12:04:22,Simpang 2,lane_1,1,0,0,0,1,0,0,0,3.030303
2026-08-14 12:04:24,Simpang 4,lane_1,2,0,0,1,0,0,1,0,6.060606
2026-08-14 12:04:24,Simpang 4,lane_2,4,0,0,2,2,0,0,0,12.121212
2026-08-14 12:04:24,Simpang 4,lane_3,6,0,0,1,5,0,0,0,17.647059
2026-08-14 12:04:24,Simpang 3,lane_2,3,0,0,3,0,0,0,0,9.090909
2026-08-14 12:04:24,Simpang 3,lane_3,3,0,0,0,3,0,0,1,8.823529
2026-08-14 12:04:27,Simpang 1,lane_2,3,0,0,3,0,0,0,0,9.090909
2026-08-14 12:04:27,Simpang 1,lane_3,1,0,0,1,0,0,0,0,2.941176
2026-08-14 12:04:31,Simpang 2,lane_2,2,0,0,2,0,0,0,0,6.060606
2026-08-14 12:04:31,Simpang 2,lane_1,1,0,0,0,1,0,0,0,3.030303
2026-08-14 12:04:32,Simpang 4,lane_1,2,0,0,1,0,0,1,0,6.060606
2026-08-14 12:04:32,Simpang 4,lane_2,5,0,0,2,3,0,0,0,15.151515
2026-08-14 12:04:32,Simpang 4,lane_3,5,0,0,1,4,0,0,0,14.705882
2026-08-14 12:04:32,Simpang 3,lane_2,3,0,0,3,0,0,0,0,9.090909
2026-08-14 12:04:32,Simpang 3,lane_3,3,0,0,0,3,0,0,1,8.823529
2026-08-14 12:04:35,Simpang 1,lane_2,3,0,0,3,0,0,0,0,9.090909
2026-08-14 12:04:35,Simpang 1,lane_3,1,0,0,1,0,0,0,0,2.941176
2026-08-14 12:04:38,Simpang 4,lane_1,2,0,0,1,0,0,1,0,6.060606
2026-08-14 12:04:38,Simpang 4,lane_2,5,0,0,2,3,0,0,0,15.151515
2026-08-14 12:04:38,Simpang 4,lane_3,5,0,0,1,4,0,0,0,14.705882
2026-08-14 12:04:38,Simpang 2,lane_2,2,0,0,2,0,0,0,0,6.060606
2026-08-14 12:04:38,Simpang 2,lane_1,1,0,0,0,1,0,0,0,3.030303
2026-08-14 12:04:38,Simpang 3,lane_2,3,0,0,3,0,0,0,0,9.090909
2026-08-14 12:04:38,Simpang 3,lane_3,3,0,0,0,3,0,0,1,8.823529
2026-08-14 12:04:43,Simpang 1,lane_2,3,0,0,3,0,0,0,0,9.090909
2026-08-14 12:04:43,Simpang 1,lane_3,1,0,0,1,0,0,0,0,2.941176
2026-08-14 12:04:45,Simpang 3,lane_2,3,0,0,3,0,0,0,0,9.090909
2026-08-14 12:04:45,Simpang 3,lane_3,3,0,0,0,3,0,0,2,8.823529
2026-08-14 12:04:45,Simpang 4,lane_1,2,0,0,1,0,0,1,0,6.060606
2026-08-14 12:04:45,Simpang 4,lane_2,6,0,0,2,4,0,0,0,18.181818
2026-08-14 12:04:45,Simpang 4,lane_3,5,0,0,1,4,0,0,0,14.705882
2026-08-14 12:04:46,Simpang 2,lane_2,2,0,0,2,0,0,0,0,6.060606
2026-08-14 12:04:46,Simpang 2,lane_1,1,0,0,0,1,0,0,0,3.030303
2026-08-14 12:04:50,Simpang 1,lane_2,3,0,0,3,0,0,0,0,9.090909
2026-08-14 12:04:50,Simpang 1,lane_3,1,0,0,1,0,0,0,0,2.941176
2026-08-14 12:04:53,Simpang 3,lane_2,3,0,0,3,0,0,0,0,9.090909
2026-08-14 12:04:53,Simpang 3,lane_3,3,0,0,0,3,0,0,2,8.823529
2026-08-14 12:04:53,Simpang 4,lane_1,2,0,0,1,0,0,1,0,6.060606
2026-08-14 12:04:53,Simpang 4,lane_2,7,0,0,2,5,0,0,0,21.212121
2026-08-14 12:04:53,Simpang 4,lane_3,6,0,0,1,5,0,0,0,17.647059
2026-08-14 12:04:55,Simpang 2,lane_2,2,0,0,2,0,0,0,0,6.060606
2026-08-14 12:04:55,Simpang 2,lane_1,1,0,0,0,1,0,0,0,3.030303
2026-08-14 12:05:00,Simpang 1,lane_2,3,0,0,3,0,0,0,0,9.090909
2026-08-14 12:05:00,Simpang 1,lane_3,1,0,0,1,0,0,0,0,2.941176
2026-08-14 12:05:02,Simpang 3,lane_2,3,0,0,3,0,0,0,0,9.090909
2026-08-14 12:05:02,Simpang 3,lane_3,3,0,0,0,3,0,0,2,8.823529
2026-08-14 12:05:02,Simpang 4,lane_1,2,0,0,1,0,0,1,0,6.060606
2026-08-14 12:05:02,Simpang 4,lane_2,5,0,0,2,3,0,0,0,15.151515
2026-08-14 12:05:02,Simpang 4,lane_3,5,0,0,1,4,0,0,0,14.705882
2026-08-14 12:05:04,Simpang 2,lane_2,2,0,0,2,0,0,0,0,6.060606
2026-08-14 12:05:04,Simpang 2,lane_1,1,0,0,0,1,0,0,0,3.030303
2026-08-14 12:05:07,Simpang 1,lane_2,3,0,0,3,0,0,0,0,9.090909
2026-08-14 12:05:07,Simpang 1,lane_3,1,0,0,1,0,0,0,0,2.941176
2026-08-14 12:05:09,Simpang 3,lane_2,3,0,0,3,0,0,0,0,9.090909
2026-08-14 12:05:09,Simpang 3,lane_3,4,0,0,1,3,0,0,2,11.764706
2026-08-14 12:05:09,Simpang 3,lane_1,0,1,0,0,0,0,0,0,0.0
2026-08-14 12:05:09,Simpang 4,lane_1,2,0,0,1,0,0,1,0,6.060606
2026-08-14 12:05:09,Simpang 4,lane_2,6,1,0,2,4,0,0,0,18.181818
2026-08-14 12:05:09,Simpang 4,lane_3,5,0,0,1,4,0,0,0,14.705882
2026-08-14 12:05:12,Simpang 2,lane_2,2,0,0,2,0,0,0,0,6.060606
2026-08-14 12:05:12,Simpang 2,lane_1,1,0,0,0,1,0,0,0,3.030303
2026-08-14 12:05:17,Simpang 1,lane_2,3,0,0,3,0,0,0,0,9.090909
2026-08-14 12:05:17,Simpang 1,lane_3,1,0,0,1,0,0,0,0,2.941176
2026-08-14 12:05:17,Simpang 3,lane_2,3,0,0,3,0,0,0,0,9.090909
2026-08-14 12:05:17,Simpang 3,lane_3,4,0,0,1,3,0,0,2,11.764706
2026-08-14 12:05:18,Simpang 4,lane_1,2,0,0,1,0,0,1,0,6.060606
2026-08-14 12:05:18,Simpang 4,lane_2,6,0,0,2,4,0,0,0,18.181818
2026-08-14 12:05:18,Simpang 4,lane_3,2,1,0,1,1,0,0,0,5.882353
2026-08-14 12:05:21,Simpang 2,lane_2,2,0,0,2,0,0,0,0,6.060606
2026-08-14 12:05:21,Simpang 2,lane_1,1,0,0,0,1,0,0,0,3.030303
2026-08-14 12:05:24,Simpang 3,lane_2,3,0,0,3,0,0,0,0,9.090909
2026-08-14 12:05:24,Simpang 3,lane_3,4,0,0,1,3,0,0,2,11.764706
2026-08-14 12:05:24,Simpang 1,lane_2,3,0,0,3,0,0,0,0,9.090909
2026-08-14 12:05:24,Simpang 1,lane_3,1,0,0,1,0,0,0,0,2.941176
2026-08-14 12:05:24,Simpang 4,lane_1,2,0,0,1,0,0,1,0,6.060606
2026-08-14 12:05:24,Simpang 4,lane_2,6,0,0,2,4,0,0,0,18.181818
2026-08-14 12:05:24,Simpang 4,lane_3,2,2,0,1,1,0,0,0,5.882353
2026-08-14 12:05:28,Simpang 2,lane_2,2,0,0,2,0,0,0,0,6.060606
2026-08-14 12:05:28,Simpang 2,lane_1,1,0,0,0,1,0,0,0,3.030303
2026-08-14 12:05:31,Simpang 3,lane_2,3,0,0,3,0,0,0,0,9.090909
2026-08-14 12:05:31,Simpang 3,lane_3,4,0,0,1,3,0,0,2,11.764706
2026-08-14 12:05:33,Simpang 4,lane_1,3,0,0,2,0,0,1,0,9.090909
2026-08-14 12:05:33,Simpang 4,lane_3,4,0,0,1,3,0,0,0,11.764706
2026-08-14 12:05:33,Simpang 4,lane_2,5,1,0,1,4,0,0,0,15.151515
2026-08-14 12:05:35,Simpang 1,lane_2,3,0,0,3,0,0,0,0,9.090909
2026-08-14 12:05:35,Simpang 1,lane_3,1,0,0,1,0,0,0,0,2.941176
2026-08-14 12:05:39,Simpang 2,lane_2,2,0,0,2,0,0,0,0,6.060606
2026-08-14 12:05:39,Simpang 2,lane_1,1,0,0,0,1,0,0,0,3.030303
2026-08-14 12:05:42,Simpang 3,lane_2,3,0,0,3,0,0,0,0,9.090909
2026-08-14 12:05:42,Simpang 3,lane_3,4,0,0,1,3,0,0,2,11.764706
2026-08-14 12:05:43,Simpang 4,lane_1,3,0,0,2,0,0,1,0,9.090909
2026-08-14 12:05:43,Simpang 4,lane_3,4,0,0,1,3,0,0,0,11.764706
2026-08-14 12:05:43,Simpang 4,lane_2,5,0,0,1,4,0,0,0,15.151515
2026-08-14 12:05:46,Simpang 1,lane_2,3,0,0,3,0,0,0,0,9.090909
2026-08-14 12:05:46,Simpang 1,lane_3,1,0,0,1,0,0,0,0,2.941176
2026-08-14 12:05:50,Simpang 2,lane_2,2,0,0,2,0,0,0,0,6.060606
2026-08-14 12:05:50,Simpang 2,lane_1,1,0,0,0,1,0,0,0,3.030303
2026-08-14 12:05:52,Simpang 3,lane_2,3,0,0,3,0,0,0,0,9.090909
2026-08-14 12:05:52,Simpang 3,lane_3,4,0,0,1,3,0,0,2,11.764706
2026-08-14 12:05:52,Simpang 4,lane_1,3,0,0,2,0,0,1,0,9.090909
2026-08-14 12:05:52,Simpang 4,lane_3,4,0,0,1,3,0,0,0,11.764706
2026-08-14 12:05:52,Simpang 4,lane_2,7,0,0,1,6,0,0,0,21.212121
2026-08-14 12:05:55,Simpang 1,lane_2,3,0,0,3,0,0,0,0,9.090909
2026-08-14 12:05:55,Simpang 1,lane_3,1,0,0,1,0,0,0,0,2.941176
2026-08-14 12:05:58,Simpang 2,lane_2,2,0,0,2,0,0,0,0,6.060606
2026-08-14 12:05:58,Simpang 2,lane_1,1,0,0,0,1,0,0,0,3.030303
2026-08-14 12:06:01,Simpang 3,lane_2,3,0,0,3,0,0,0,0,9.090909
2026-08-14 12:06:01,Simpang 3,lane_3,4,0,0,1,3,0,0,2,11.764706
2026-08-14 12:06:01,Simpang 4,lane_1,2,0,0,2,0,0,0,0,6.060606
2026-08-14 12:06:01,Simpang 4,lane_3,5,0,0,1,4,0,0,0,14.705882
2026-08-14 12:06:01,Simpang 4,lane_2,5,0,0,1,4,0,0,0,15.151515
2026-08-14 12:06:04,Simpang 1,lane_2,3,0,0,3,0,0,0,0,9.090909
2026-08-14 12:06:04,Simpang 1,lane_3,1,0,0,1,0,0,0,0,2.941176
2026-08-14 12:06:07,Simpang 2,lane_2,2,0,0,2,0,0,0,0,6.060606
2026-08-14 12:06:07,Simpang 2,lane_1,1,0,0,0,1,0,0,0,3.030303
2026-08-14 12:06:09,Simpang 3,lane_2,3,0,0,3,0,0,0,0,9.090909
2026-08-14 12:06:09,Simpang 3,lane_3,4,0,0,1,3,0,0,2,11.764706
2026-08-14 12:06:10,Simpang 4,lane_1,2,0,0,2,0,0,0,0,6.060606
2026-08-14 12:06:10,Simpang 4,lane_3,6,0,0,1,5,0,0,0,17.647059
2026-08-14 12:06:10,Simpang 4,lane_2,6,0,0,1,5,0,0,0,18.181818
2026-08-14 12:06:12,Simpang 1,lane_2,3,0,0,3,0,0,0,0,9.090909
2026-08-14 12:06:12,Simpang 1,lane_3,1,0,0,1,0,0,0,0,2.941176
2026-08-14 12:06:15,Simpang 2,lane_2,2,0,0,2,0,0,0,0,6.060606
2026-08-14 12:06:15,Simpang 2,lane_1,1,0,0,0,1,0,0,0,3.030303
2026-08-14 12:06:15,Simpang 3,lane_2,3,0,0,3,0,0,0,0,9.090909
2026-08-14 12:06:15,Simpang 3,lane_3,4,0,0,1,3,0,0,2,11.764706
2026-08-14 12:06:16,Simpang 4,lane_1,3,0,0,3,0,0,0,0,9.090909
2026-08-14 12:06:16,Simpang 4,lane_3,4,0,0,1,3,0,0,0,11.764706
2026-08-14 12:06:16,Simpang 4,lane_2,5,0,0,1,4,0,0,0,15.151515
2026-08-14 12:06:19,Simpang 1,lane_2,3,0,0,3,0,0,0,0,9.090909
2026-08-14 12:06:19,Simpang 1,lane_3,1,0,0,1,0,0,0,0,2.941176
2026-08-14 12:06:22,Simpang 3,lane_2,3,0,0,3,0,0,0,0,9.090909
2026-08-14 12:06:22,Simpang 3,lane_3,4,0,0,1,3,0,0,2,11.764706
2026-08-14 12:06:23,Simpang 2,lane_2,2,0,0,2,0,0,0,0,6.060606
2026-08-14 12:06:23,Simpang 2,lane_1,1,0,0,0,1,0,0,0,3.030303
2026-08-14 12:06:23,Simpang 4,lane_1,3,0,0,3,0,0,0,0,9.090909
2026-08-14 12:06:23,Simpang 4,lane_3,5,0,0,2,3,0,0,0,14.705882
2026-08-14 12:06:23,Simpang 4,lane_2,7,0,0,1,6,0,0,0,21.212121
2026-08-14 12:06:27,Simpang 1,lane_2,3,0,0,3,0,0,0,0,9.090909
2026-08-14 12:06:27,Simpang 1,lane_3,1,0,0,1,0,0,0,0,2.941176
2026-08-14 12:06:29,Simpang 3,lane_2,3,0,0,3,0,0,0,0,9.090909
2026-08-14 12:06:29,Simpang 3,lane_3,4,0,0,1,3,0,0,2,11.764706
2026-08-14 12:06:30,Simpang 4,lane_1,3,0,0,3,0,0,0,0,9.090909
2026-08-14 12:06:30,Simpang 4,lane_3,5,0,0,1,4,0,0,0,14.705882
2026-08-14 12:06:30,Simpang 4,lane_2,7,0,0,1,6,0,0,0,21.212121
2026-08-14 12:06:31,Simpang 2,lane_2,2,0,0,2,0,0,0,0,6.060606
2026-08-14 12:06:31,Simpang 2,lane_1,1,0,0,0,1,0,0,0,3.030303
2026-08-14 12:06:34,Simpang 1,lane_2,3,0,0,3,0,0,0,0,9.090909
2026-08-14 12:06:34,Simpang 1,lane_3,1,0,0,1,0,0,0,0,2.941176
2026-08-14 12:06:36,Simpang 3,lane_2,3,0,0,3,0,0,0,0,9.090909
2026-08-14 12:06:36,Simpang 3,lane_3,4,0,0,1,3,0,0,1,11.764706
2026-08-14 12:06:38,Simpang 4,lane_1,2,0,0,2,0,0,0,0,6.060606
2026-08-14 12:06:38,Simpang 4,lane_3,3,0,0,1,2,0,0,0,8.823529
2026-08-14 12:06:38,Simpang 4,lane_2,8,0,0,1,7,0,0,0,24.242424
2026-08-14 12:06:39,Simpang 2,lane_2,2,0,0,2,0,0,0,0,6.060606
2026-08-14 12:06:39,Simpang 2,lane_1,1,0,0,0,1,0,0,0,3.030303
2026-08-14 12:06:42,Simpang 1,lane_2,3,0,0,3,0,0,0,0,9.090909
2026-08-14 12:06:42,Simpang 1,lane_3,1,0,0,1,0,0,0,0,2.941176
2026-08-14 12:06:44,Simpang 3,lane_2,3,0,0,3,0,0,0,0,9.090909
2026-08-14 12:06:44,Simpang 3,lane_3,4,0,0,1,3,0,0,1,11.764706
2026-08-14 12:06:45,Simpang 4,lane_1,2,0,1,2,0,0,0,0,6.060606
2026-08-14 12:06:45,Simpang 4,lane_3,3,0,0,1,2,0,0,0,8.823529
2026-08-14 12:06:45,Simpang 4,lane_2,9,0,0,1,8,0,0,0,27.272727
2026-08-14 12:06:48,Simpang 2,lane_2,2,0,0,2,0,0,0,0,6.060606
2026-08-14 12:06:48,Simpang 2,lane_1,1,0,0,0,1,0,0,0,3.030303
2026-08-14 12:06:51,Simpang 1,lane_2,3,0,0,3,0,0,0,0,9.090909
2026-08-14 12:06:51,Simpang 1,lane_3,1,0,0,1,0,0,0,0,2.941176
2026-08-14 12:06:51,Simpang 3,lane_2,3,0,0,3,0,0,0,0,9.090909
2026-08-14 12:06:51,Simpang 3,lane_3,4,0,0,1,3,0,0,1,11.764706
2026-08-14 12:06:53,Simpang 4,lane_1,4,0,0,2,2,0,0,0,12.121212
2026-08-14 12:06:53,Simpang 4,lane_3,6,0,0,2,4,0,0,0,17.647059
2026-08-14 12:06:53,Simpang 4,lane_2,6,0,0,1,5,0,0,0,18.181818
2026-08-14 12:06:56,Simpang 2,lane_2,2,0,0,2,0,0,0,0,6.060606
2026-08-14 12:06:56,Simpang 2,lane_1,1,0,0,0,1,0,0,0,3.030303
2026-08-14 12:07:00,Simpang 3,lane_2,3,0,0,3,0,0,0,0,9.090909
2026-08-14 12:07:00,Simpang 3,lane_3,4,0,0,1,3,0,0,1,11.764706
2026-08-14 12:07:00,Simpang 1,lane_2,3,0,0,3,0,0,0,0,9.090909
2026-08-14 12:07:00,Simpang 1,lane_3,1,0,0,1,0,0,0,0,2.941176
2026-08-14 12:07:02,Simpang 4,lane_1,4,0,0,2,2,0,0,0,12.121212
2026-08-14 12:07:02,Simpang 4,lane_3,8,0,0,2,6,0,0,0,23.529412
2026-08-14 12:07:02,Simpang 4,lane_2,7,0,0,1,6,0,0,0,21.212121
2026-08-14 12:07:05,Simpang 2,lane_2,2,0,0,2,0,0,0,0,6.060606
2026-08-14 12:07:05,Simpang 2,lane_1,1,0,0,0,1,0,0,0,3.030303
2026-08-14 12:07:08,Simpang 3,lane_2,3,0,0,3,0,0,0,0,9.090909
2026-08-14 12:07:08,Simpang 3,lane_3,4,0,0,1,3,0,0,1,11.764706
2026-08-14 12:07:09,Simpang 1,lane_2,3,0,0,3,0,0,0,0,9.090909
2026-08-14 12:07:09,Simpang 1,lane_3,1,0,0,1,0,0,0,0,2.941176
2026-08-14 12:07:09,Simpang 4,lane_1,5,0,0,3,2,0,0,0,15.151515
2026-08-14 12:07:09,Simpang 4,lane_3,5,0,0,1,4,0,0,0,14.705882
2026-08-14 12:07:09,Simpang 4,lane_2,5,0,0,1,4,0,0,0,15.151515
2026-08-14 12:07:12,Simpang 2,lane_2,2,0,0,2,0,0,0,0,6.060606
2026-08-14 12:07:12,Simpang 2,lane_1,1,0,0,0,1,0,0,0,3.030303
2026-08-14 12:07:15,Simpang 3,lane_2,3,0,0,3,0,0,0,0,9.090909
2026-08-14 12:07:15,Simpang 3,lane_3,4,0,0,1,3,0,0,1,11.764706
2026-08-14 12:07:17,Simpang 4,lane_1,4,0,0,3,1,0,0,0,12.121212
2026-08-14 12:07:17,Simpang 4,lane_3,3,0,0,1,2,0,0,0,8.823529
2026-08-14 12:07:17,Simpang 4,lane_2,7,0,0,1,6,0,0,0,21.212121
2026-08-14 12:07:19,Simpang 1,lane_2,3,0,0,3,0,0,0,0,9.090909
2026-08-14 12:07:19,Simpang 1,lane_3,1,0,0,1,0,0,0,0,2.941176
2026-08-14 12:07:23,Simpang 2,lane_2,2,0,0,2,0,0,0,0,6.060606
2026-08-14 12:07:23,Simpang 2,lane_1,1,0,0,0,1,0,0,0,3.030303
2026-08-14 12:07:25,Simpang 3,lane_2,3,0,0,3,0,0,0,0,9.090909
2026-08-14 12:07:25,Simpang 3,lane_3,4,0,0,1,3,0,0,1,11.764706
2026-08-14 12:07:27,Simpang 4,lane_1,4,0,0,3,1,0,0,0,12.121212
2026-08-14 12:07:27,Simpang 4,lane_3,4,0,0,1,3,0,0,0,11.764706
2026-08-14 12:07:27,Simpang 4,lane_2,8,0,0,1,7,0,0,0,24.242424
2026-08-14 12:07:28,Simpang 1,lane_2,3,0,0,3,0,0,0,0,9.090909
2026-08-14 12:07:28,Simpang 1,lane_3,1,0,0,1,0,0,0,0,2.941176
2026-08-14 12:07:32,Simpang 2,lane_2,2,0,0,2,0,0,0,0,6.060606
2026-08-14 12:07:32,Simpang 2,lane_1,1,0,0,0,1,0,0,0,3.030303
2026-08-14 12:07:34,Simpang 3,lane_2,3,0,0,3,0,0,0,0,9.090909
2026-08-14 12:07:34,Simpang 3,lane_3,4,0,0,1,3,0,0,1,11.764706
2026-08-14 12:07:36,Simpang 4,lane_1,4,0,0,3,1,0,0,0,12.121212
2026-08-14 12:07:36,Simpang 4,lane_3,4,0,0,1,3,0,0,0,11.764706
2026-08-14 12:07:36,Simpang 4,lane_2,7,0,0,1,6,0,0,0,21.212121
2026-08-14 12:07:38,Simpang 1,lane_2,3,0,0,3,0,0,0,0,9.090909
2026-08-14 12:07:38,Simpang 1,lane_3,1,0,0,1,0,0,0,0,2.941176
2026-08-14 12:07:41,Simpang 2,lane_2,2,0,0,2,0,0,0,0,6.060606
2026-08-14 12:07:41,Simpang 2,lane_1,1,0,0,0,1,0,0,0,3.030303
2026-08-14 12:07:41,Simpang 3,lane_2,3,0,0,3,0,0,0,0,9.090909
2026-08-14 12:07:41,Simpang 3,lane_3,4,0,0,1,3,0,0,1,11.764706
2026-08-14 12:07:44,Simpang 4,lane_1,5,0,0,3,2,0,0,0,15.151515
2026-08-14 12:07:44,Simpang 4,lane_3,4,0,0,1,3,0,0,0,11.764706
2026-08-14 12:07:44,Simpang 4,lane_2,12,0,0,1,11,0,0,0,36.363636
2026-08-14 12:07:46,Simpang 1,lane_2,3,0,0,3,0,0,0,0,9.090909
2026-08-14 12:07:46,Simpang 1,lane_3,1,0,0,1,0,0,0,0,2.941176
2026-08-14 12:07:49,Simpang 3,lane_2,4,0,0,4,0,0,0,0,12.121212
2026-08-14 12:07:49,Simpang 3,lane_3,4,0,0,1,3,0,0,1,11.764706
2026-08-14 12:07:49,Simpang 2,lane_2,2,0,0,2,0,0,0,0,6.060606
2026-08-14 12:07:49,Simpang 2,lane_1,1,0,0,0,1,0,0,0,3.030303
2026-08-14 12:07:52,Simpang 4,lane_1,5,0,0,3,2,0,0,0,15.151515
2026-08-14 12:07:52,Simpang 4,lane_3,2,0,0,1,1,0,0,0,5.882353
2026-08-14 12:07:52,Simpang 4,lane_2,8,0,0,1,7,0,0,0,24.242424
2026-08-14 12:07:54,Simpang 1,lane_2,3,0,0,3,0,0,0,0,9.090909
2026-08-14 12:07:54,Simpang 1,lane_3,1,0,0,1,0,0,0,0,2.941176
2026-08-14 12:07:57,Simpang 3,lane_2,4,0,0,4,0,0,0,0,12.121212
2026-08-14 12:07:57,Simpang 3,lane_3,3,0,0,0,3,0,0,1,8.823529
2026-08-14 12:07:58,Simpang 2,lane_2,2,0,0,2,0,0,0,0,6.060606
2026-08-14 12:07:58,Simpang 2,lane_1,1,0,0,0,1,0,0,0,3.030303
2026-08-14 12:08:00,Simpang 4,lane_1,5,0,0,3,2,0,0,0,15.151515
2026-08-14 12:08:00,Simpang 4,lane_3,2,0,0,1,1,0,0,0,5.882353
2026-08-14 12:08:00,Simpang 4,lane_2,10,0,0,1,9,0,0,0,30.30303
2026-08-14 12:08:03,Simpang 1,lane_2,3,0,0,3,0,0,0,0,9.090909
2026-08-14 12:08:03,Simpang 1,lane_3,1,0,0,1,0,0,0,0,2.941176
2026-08-14 12:08:06,Simpang 3,lane_2,4,0,0,4,0,0,0,0,12.121212
2026-08-14 12:08:06,Simpang 3,lane_3,3,0,0,0,3,0,0,1,8.823529
2026-08-14 12:08:09,Simpang 2,lane_2,2,0,0,2,0,0,0,0,6.060606
2026-08-14 12:08:09,Simpang 2,lane_1,1,0,0,0,1,0,0,0,3.030303
2026-08-14 12:08:10,Simpang 4,lane_1,3,0,0,3,0,0,0,0,9.090909
2026-08-14 12:08:10,Simpang 4,lane_3,1,0,0,1,0,0,0,0,2.941176
2026-08-14 12:08:10,Simpang 4,lane_2,7,0,0,1,6,0,0,0,21.212121
2026-08-14 12:08:13,Simpang 1,lane_2,3,0,0,3,0,0,0,0,9.090909
2026-08-14 12:08:13,Simpang 1,lane_3,1,0,0,1,0,0,0,0,2.941176
2026-08-14 12:08:15,Simpang 3,lane_2,4,0,0,4,0,0,0,0,12.121212
2026-08-14 12:08:15,Simpang 3,lane_3,2,0,0,0,2,0,0,1,5.882353
2026-08-14 12:08:17,Simpang 4,lane_1,4,1,0,3,1,0,0,0,12.121212
2026-08-14 12:08:17,Simpang 4,lane_3,4,0,0,2,2,0,0,0,11.764706
2026-08-14 12:08:17,Simpang 4,lane_2,10,0,0,1,9,0,0,0,30.30303
2026-08-14 12:08:18,Simpang 2,lane_2,2,0,0,2,0,0,0,0,6.060606
2026-08-14 12:08:18,Simpang 2,lane_1,1,0,0,0,1,0,0,0,3.030303
2026-08-14 12:08:22,Simpang 1,lane_2,3,0,0,3,0,0,0,0,9.090909
2026-08-14 12:08:22,Simpang 1,lane_3,1,0,0,1,0,0,0,0,2.941176
2026-08-14 12:08:23,Simpang 3,lane_2,4,0,0,4,0,0,0,0,12.121212
2026-08-14 12:08:23,Simpang 3,lane_3,2,0,0,0,2,0,0,1,5.882353
2026-08-14 12:08:25,Simpang 4,lane_1,4,0,0,3,1,0,0,0,12.121212
2026-08-14 12:08:25,Simpang 4,lane_3,2,0,0,1,1,0,0,0,5.882353
2026-08-14 12:08:25,Simpang 4,lane_2,7,1,0,1,6,0,0,0,21.212121
2026-08-14 12:08:26,Simpang 2,lane_2,2,0,0,2,0,0,0,0,6.060606
2026-08-14 12:08:26,Simpang 2,lane_1,1,0,0,0,1,0,0,0,3.030303
2026-08-14 12:08:29,Simpang 1,lane_2,3,0,0,3,0,0,0,0,9.090909
2026-08-14 12:08:29,Simpang 1,lane_3,1,0,0,1,0,0,0,0,2.941176
2026-08-14 12:08:29,Simpang 3,lane_2,4,0,0,4,0,0,0,0,12.121212
2026-08-14 12:08:29,Simpang 3,lane_3,2,0,0,0,2,0,0,1,5.882353
2026-08-14 12:08:32,Simpang 4,lane_1,6,0,0,3,3,0,0,0,18.181818
2026-08-14 12:08:32,Simpang 4,lane_3,2,0,0,1,1,0,0,0,5.882353
2026-08-14 12:08:32,Simpang 4,lane_2,10,0,0,1,9,0,0,0,30.30303
2026-08-14 12:08:35,Simpang 2,lane_2,2,0,0,2,0,0,0,0,6.060606
2026-08-14 12:08:35,Simpang 2,lane_1,1,0,0,0,1,0,0,0,3.030303
2026-08-14 12:08:38,Simpang 3,lane_2,4,0,0,4,0,0,0,0,12.121212
2026-08-14 12:08:38,Simpang 3,lane_3,3,0,0,0,3,0,0,1,8.823529
2026-08-14 12:08:39,Simpang 1,lane_2,3,0,0,3,0,0,0,0,9.090909
2026-08-14 12:08:39,Simpang 1,lane_3,1,0,0,1,0,0,0,0,2.941176
2026-08-14 12:08:42,Simpang 4,lane_1,6,0,0,3,3,0,0,0,18.181818
2026-08-14 12:08:42,Simpang 4,lane_3,3,1,0,1,2,0,0,0,8.823529
2026-08-14 12:08:42,Simpang 4,lane_2,14,0,0,1,13,0,0,0,42.424242
2026-08-14 12:08:44,Simpang 2,lane_2,2,0,0,2,0,0,0,0,6.060606
2026-08-14 12:08:44,Simpang 2,lane_1,1,0,0,0,1,0,0,0,3.030303
2026-08-14 12:08:47,Simpang 3,lane_2,4,0,0,4,0,0,0,0,12.121212
2026-08-14 12:08:47,Simpang 3,lane_3,3,0,0,0,3,0,0,1,8.823529
2026-08-14 12:08:49,Simpang 1,lane_2,3,0,0,3,0,0,0,0,9.090909
2026-08-14 12:08:49,Simpang 1,lane_3,1,0,0,1,0,0,0,0,2.941176
2026-08-14 12:08:51,Simpang 4,lane_1,7,0,0,4,3,0,0,0,21.212121
2026-08-14 12:08:51,Simpang 4,lane_3,2,0,0,1,1,0,0,0,5.882353
2026-08-14 12:08:51,Simpang 4,lane_2,7,0,0,0,7,0,0,0,21.212121
2026-08-14 12:08:53,Simpang 2,lane_2,2,0,0,2,0,0,0,0,6.060606
2026-08-14 12:08:53,Simpang 2,lane_1,1,0,0,0,1,0,0,0,3.030303
2026-08-14 12:08:55,Simpang 3,lane_2,4,0,0,4,0,0,0,0,12.121212
2026-08-14 12:08:55,Simpang 3,lane_3,3,0,0,0,3,0,0,1,8.823529
2026-08-14 12:08:57,Simpang 1,lane_2,3,0,0,3,0,0,0,0,9.090909
2026-08-14 12:08:57,Simpang 1,lane_3,1,0,0,1,0,0,0,0,2.941176
2026-08-14 12:08:58,Simpang 4,lane_1,7,0,0,4,3,0,0,0,21.212121
2026-08-14 12:08:58,Simpang 4,lane_3,4,0,0,2,2,0,0,0,11.764706
2026-08-14 12:08:58,Simpang 4,lane_2,10,0,0,0,10,0,0,0,30.30303
2026-08-14 12:08:59,Simpang 2,lane_2,2,0,0,2,0,0,0,0,6.060606
2026-08-14 12:08:59,Simpang 2,lane_1,1,0,0,0,1,0,0,0,3.030303
2026-08-14 12:08:59,Simpang 3,lane_2,4,0,0,4,0,0,0,0,12.121212
2026-08-14 12:08:59,Simpang 3,lane_3,3,0,0,0,3,0,0,1,8.823529
2026-08-14 12:09:03,Simpang 1,lane_2,3,0,0,3,0,0,0,0,9.090909
2026-08-14 12:09:03,Simpang 1,lane_3,1,0,0,1,0,0,0,0,2.941176
2026-08-14 12:09:04,Simpang 4,lane_1,6,0,0,3,3,0,0,0,18.181818
2026-08-14 12:09:04,Simpang 4,lane_2,8,0,0,1,7,0,0,0,24.242424
2026-08-14 12:09:04,Simpang 4,lane_3,1,0,0,0,1,0,0,0,2.941176
2026-08-14 12:09:08,Simpang 2,lane_2,2,0,0,2,0,0,0,0,6.060606
2026-08-14 12:09:08,Simpang 2,lane_1,1,0,0,0,1,0,0,0,3.030303
2026-08-14 12:09:08,Simpang 3,lane_2,4,0,0,4,0,0,0,0,12.121212
2026-08-14 12:09:08,Simpang 3,lane_3,3,0,0,0,3,0,0,1,8.823529
2026-08-14 12:09:11,Simpang 4,lane_1,8,0,0,3,5,0,0,0,24.242424
2026-08-14 12:09:11,Simpang 4,lane_2,7,0,0,1,6,0,0,0,21.212121
2026-08-14 12:09:11,Simpang 4,lane_3,1,1,0,0,1,0,0,0,2.941176
2026-08-14 12:09:12,Simpang 1,lane_2,3,0,0,3,0,0,0,0,9.090909
2026-08-14 12:09:12,Simpang 1,lane_3,1,0,0,1,0,0,0,0,2.941176
2026-08-14 12:09:17,Simpang 3,lane_2,4,0,0,4,0,0,0,0,12.121212
2026-08-14 12:09:17,Simpang 3,lane_3,3,0,0,0,3,0,0,1,8.823529
2026-08-14 12:09:18,Simpang 2,lane_2,2,0,0,2,0,0,0,0,6.060606
2026-08-14 12:09:18,Simpang 2,lane_1,1,0,0,0,1,0,0,0,3.030303
2026-08-14 12:09:21,Simpang 4,lane_1,11,0,0,5,6,0,0,0,33.333333
2026-08-14 12:09:21,Simpang 4,lane_2,11,0,0,1,10,0,0,0,33.333333
2026-08-14 12:09:21,Simpang 4,lane_3,1,1,0,0,1,0,0,0,2.941176
2026-08-14 12:09:23,Simpang 1,lane_2,3,0,0,3,0,0,0,0,9.090909
2026-08-14 12:09:23,Simpang 1,lane_3,1,0,0,1,0,0,0,0,2.941176
2026-08-14 12:09:27,Simpang 3,lane_2,4,0,0,4,0,0,0,0,12.121212
2026-08-14 12:09:27,Simpang 3,lane_3,3,0,0,0,3,0,0,1,8.823529
2026-08-14 12:09:29,Simpang 2,lane_2,2,0,0,2,0,0,0,0,6.060606
2026-08-14 12:09:29,Simpang 2,lane_1,1,0,0,0,1,0,0,0,3.030303
2026-08-14 12:09:31,Simpang 4,lane_1,10,0,0,3,7,0,0,0,30.30303
2026-08-14 12:09:31,Simpang 4,lane_2,8,0,0,1,7,0,0,0,24.242424
2026-08-14 12:09:31,Simpang 4,lane_3,3,1,0,0,3,0,0,0,8.823529
2026-08-14 12:09:33,Simpang 1,lane_2,3,0,0,3,0,0,0,0,9.090909
2026-08-14 12:09:33,Simpang 1,lane_3,1,0,0,1,0,0,0,0,2.941176
2026-08-14 12:09:37,Simpang 3,lane_2,4,0,0,4,0,0,0,0,12.121212
2026-08-14 12:09:37,Simpang 3,lane_3,3,0,0,0,3,0,0,1,8.823529
2026-08-14 12:09:44,Simpang 2,lane_2,2,0,0,2,0,0,0,0,6.060606
2026-08-14 12:09:44,Simpang 2,lane_1,1,0,0,0,1,0,0,0,3.030303
2026-08-14 12:09:47,Simpang 4,lane_1,7,1,0,3,4,0,0,0,21.212121
2026-08-14 12:09:47,Simpang 4,lane_2,7,0,0,1,6,0,0,0,21.212121
2026-08-14 12:09:47,Simpang 4,lane_3,2,1,0,0,2,0,0,0,5.882353
2026-08-14 12:09:58,Simpang 1,lane_2,3,0,0,3,0,0,0,0,9.090909
2026-08-14 12:09:58,Simpang 1,lane_3,1,0,0,1,0,0,0,0,2.941176
2026-08-14 12:09:59,Simpang 3,lane_2,4,0,0,4,0,0,0,0,12.121212
2026-08-14 12:09:59,Simpang 3,lane_3,4,0,0,0,4,0,0,1,11.764706
2026-08-14 12:10:00,Simpang 2,lane_2,2,0,0,2,0,0,0,0,6.060606
2026-08-14 12:10:00,Simpang 2,lane_1,1,0,0,0,1,0,0,0,3.030303
2026-08-14 12:10:00,Simpang 4,lane_1,8,1,0,3,5,0,0,0,24.242424
2026-08-14 12:10:00,Simpang 4,lane_2,4,2,0,1,3,0,0,0,12.121212
2026-08-14 12:10:00,Simpang 4,lane_3,0,2,0,0,0,0,0,0,0.0
2026-08-14 12:10:01,Simpang 1,lane_2,3,0,0,3,0,0,0,0,9.090909
2026-08-14 12:10:01,Simpang 1,lane_3,1,0,0,1,0,0,0,0,2.941176
2026-08-14 12:10:01,Simpang 3,lane_2,4,0,0,4,0,0,0,0,12.121212
2026-08-14 12:10:01,Simpang 3,lane_3,3,0,0,0,3,0,0,1,8.823529
2026-08-14 12:10:02,Simpang 4,lane_1,8,1,0,4,4,0,0,0,24.242424
2026-08-14 12:10:02,Simpang 4,lane_2,3,2,0,1,2,0,0,0,9.090909
2026-08-14 12:10:02,Simpang 4,lane_3,2,2,0,0,2,0,0,0,5.882353
2026-08-14 12:10:02,Simpang 2,lane_2,2,0,0,2,0,0,0,0,6.060606
2026-08-14 12:10:02,Simpang 2,lane_1,1,0,0,0,1,0,0,0,3.030303
2026-08-14 12:10:03,Simpang 1,lane_2,3,0,0,3,0,0,0,0,9.090909
2026-08-14 12:10:03,Simpang 1,lane_3,1,0,0,1,0,0,0,0,2.941176
2026-08-14 12:10:03,Simpang 3,lane_2,4,0,0,4,0,0,0,0,12.121212
2026-08-14 12:10:03,Simpang 3,lane_3,3,0,0,0,3,0,0,1,8.823529
2026-08-14 12:10:04,Simpang 4,lane_1,7,1,0,4,3,0,0,0,21.212121
2026-08-14 12:10:04,Simpang 4,lane_2,7,1,0,1,6,0,0,0,21.212121
2026-08-14 12:10:04,Simpang 4,lane_3,4,0,0,0,4,0,0,0,11.764706
2026-08-14 12:10:06,Simpang 2,lane_2,2,0,0,2,0,0,0,0,6.060606
2026-08-14 12:10:06,Simpang 2,lane_1,1,0,0,0,1,0,0,0,3.030303
2026-08-14 12:10:11,Simpang 3,lane_2,3,0,0,3,0,0,0,0,9.090909
2026-08-14 12:10:11,Simpang 3,lane_3,3,0,0,0,3,0,0,1,8.823529
2026-08-14 12:10:11,Simpang 1,lane_2,3,0,0,3,0,0,0,0,9.090909
2026-08-14 12:10:11,Simpang 1,lane_3,1,0,0,1,0,0,0,0,2.941176
2026-08-14 12:10:13,Simpang 4,lane_1,8,1,0,4,4,0,0,0,24.242424
2026-08-14 12:10:13,Simpang 4,lane_2,10,0,0,1,9,0,0,0,30.30303
2026-08-14 12:10:13,Simpang 4,lane_3,5,0,0,0,5,0,0,0,14.705882
2026-08-14 12:10:16,Simpang 2,lane_2,2,0,0,2,0,0,0,0,6.060606
2026-08-14 12:10:16,Simpang 2,lane_1,1,0,0,0,1,0,0,0,3.030303
2026-08-14 12:10:24,Simpang 3,lane_2,3,0,0,3,0,0,0,0,9.090909
2026-08-14 12:10:24,Simpang 3,lane_3,3,0,0,0,3,0,0,1,8.823529
2026-08-14 12:10:26,Simpang 1,lane_2,3,0,0,3,0,0,0,0,9.090909
2026-08-14 12:10:26,Simpang 1,lane_3,1,0,0,1,0,0,0,0,2.941176
2026-08-14 12:10:28,Simpang 4,lane_2,7,1,0,1,6,0,0,0,21.212121
2026-08-14 12:10:28,Simpang 4,lane_1,4,0,0,1,3,0,0,0,12.121212
2026-08-14 12:10:28,Simpang 4,lane_3,5,0,0,0,5,0,0,0,14.705882
2026-08-14 12:10:30,Simpang 2,lane_2,2,0,0,2,0,0,0,0,6.060606
2026-08-14 12:10:30,Simpang 2,lane_1,1,0,0,0,1,0,0,0,3.030303
2026-08-14 12:10:33,Simpang 3,lane_2,3,0,0,3,0,0,0,0,9.090909
2026-08-14 12:10:33,Simpang 3,lane_3,3,0,0,0,3,0,0,1,8.823529
2026-08-14 12:10:36,Simpang 1,lane_2,3,0,0,3,0,0,0,0,9.090909
2026-08-14 12:10:36,Simpang 1,lane_3,1,0,0,1,0,0,0,0,2.941176
2026-08-14 12:10:36,Simpang 4,lane_2,8,2,0,1,7,0,0,0,24.242424
2026-08-14 12:10:36,Simpang 4,lane_1,5,0,0,1,4,0,0,0,15.151515
2026-08-14 12:10:36,Simpang 4,lane_3,5,0,0,0,5,0,0,0,14.705882
2026-08-14 12:10:39,Simpang 2,lane_2,2,0,0,2,0,0,0,0,6.060606
2026-08-14 12:10:39,Simpang 2,lane_1,1,0,0,0,1,0,0,0,3.030303
2026-08-14 12:10:41,Simpang 3,lane_2,3,0,0,3,0,0,0,0,9.090909
2026-08-14 12:10:41,Simpang 3,lane_3,3,0,0,0,3,0,0,1,8.823529
2026-08-14 12:10:45,Simpang 1,lane_2,3,0,0,3,0,0,0,0,9.090909
2026-08-14 12:10:45,Simpang 1,lane_3,1,0,0,1,0,0,0,0,2.941176
2026-08-14 12:10:45,Simpang 4,lane_2,8,0,0,1,7,0,0,0,24.242424
2026-08-14 12:10:45,Simpang 4,lane_1,5,0,0,2,3,0,0,0,15.151515
2026-08-14 12:10:45,Simpang 4,lane_3,4,0,0,1,3,0,0,0,11.764706
2026-08-14 12:10:48,Simpang 2,lane_2,2,0,0,2,0,0,0,0,6.060606
2026-08-14 12:10:48,Simpang 2,lane_1,1,0,0,0,1,0,0,0,3.030303
2026-08-14 12:10:49,Simpang 3,lane_2,3,0,0,3,0,0,0,0,9.090909
2026-08-14 12:10:49,Simpang 3,lane_3,3,0,0,0,3,0,0,1,8.823529
2026-08-14 12:10:52,Simpang 4,lane_2,10,0,0,1,9,0,0,0,30.30303
2026-08-14 12:10:52,Simpang 4,lane_1,5,0,0,1,4,0,0,0,15.151515
2026-08-14 12:10:52,Simpang 4,lane_3,5,0,0,2,3,0,0,0,14.705882
2026-08-14 12:10:53,Simpang 1,lane_2,3,0,0,3,0,0,0,0,9.090909
2026-08-14 12:10:53,Simpang 1,lane_3,1,0,0,1,0,0,0,0,2.941176
2026-08-14 12:10:56,Simpang 3,lane_2,3,0,0,3,0,0,0,0,9.090909
2026-08-14 12:10:56,Simpang 3,lane_3,3,0,0,0,3,0,0,1,8.823529
2026-08-14 12:10:56,Simpang 2,lane_2,2,0,0,2,0,0,0,0,6.060606
2026-08-14 12:10:56,Simpang 2,lane_1,1,0,0,0,1,0,0,0,3.030303
2026-08-14 12:11:00,Simpang 4,lane_2,10,0,0,1,9,0,0,0,30.30303
2026-08-14 12:11:00,Simpang 4,lane_1,4,0,0,1,3,0,0,0,12.121212
2026-08-14 12:11:00,Simpang 4,lane_3,4,0,0,1,3,0,0,0,11.764706
2026-08-14 12:11:01,Simpang 1,lane_2,3,0,0,3,0,0,0,0,9.090909
2026-08-14 12:11:01,Simpang 1,lane_3,1,0,0,1,0,0,0,0,2.941176
2026-08-14 12:11:04,Simpang 3,lane_2,3,0,0,3,0,0,0,0,9.090909
2026-08-14 12:11:04,Simpang 3,lane_3,3,0,0,0,3,0,0,1,8.823529
2026-08-14 12:11:06,Simpang 2,lane_2,2,0,0,2,0,0,0,0,6.060606
2026-08-14 12:11:06,Simpang 2,lane_1,1,0,0,0,1,0,0,0,3.030303
2026-08-14 12:11:08,Simpang 4,lane_2,8,2,0,1,7,0,0,0,24.242424
2026-08-14 12:11:08,Simpang 4,lane_1,4,0,0,1,3,0,0,0,12.121212
2026-08-14 12:11:08,Simpang 4,lane_3,4,0,0,1,3,0,0,0,11.764706
2026-08-14 12:11:10,Simpang 1,lane_2,3,0,0,3,0,0,0,0,9.090909
2026-08-14 12:11:10,Simpang 1,lane_3,1,0,0,1,0,0,0,0,2.941176
2026-08-14 12:11:13,Simpang 3,lane_2,3,0,0,3,0,0,0,0,9.090909
2026-08-14 12:11:13,Simpang 3,lane_3,3,0,0,0,3,0,0,1,8.823529
2026-08-14 12:11:14,Simpang 2,lane_2,2,0,0,2,0,0,0,0,6.060606
2026-08-14 12:11:14,Simpang 2,lane_1,1,0,0,0,1,0,0,0,3.030303
2026-08-14 12:11:17,Simpang 4,lane_2,12,1,0,1,11,0,0,0,36.363636
2026-08-14 12:11:17,Simpang 4,lane_1,7,0,0,3,4,0,0,0,21.212121
2026-08-14 12:11:17,Simpang 4,lane_3,4,1,0,1,3,0,0,0,11.764706
2026-08-14 12:11:19,Simpang 1,lane_2,3,0,0,3,0,0,0,0,9.090909
2026-08-14 12:11:19,Simpang 1,lane_3,1,0,0,1,0,0,0,0,2.941176
2026-08-14 12:11:21,Simpang 3,lane_2,3,0,0,3,0,0,0,0,9.090909
2026-08-14 12:11:21,Simpang 3,lane_3,3,0,0,0,3,0,0,1,8.823529
2026-08-14 12:11:23,Simpang 2,lane_2,2,0,0,2,0,0,0,0,6.060606
2026-08-14 12:11:23,Simpang 2,lane_1,1,0,0,0,1,0,0,0,3.030303
2026-08-14 12:11:25,Simpang 4,lane_2,9,1,0,1,8,0,0,0,27.272727
2026-08-14 12:11:25,Simpang 4,lane_1,3,2,0,2,1,0,0,0,9.090909
2026-08-14 12:11:25,Simpang 4,lane_3,5,0,0,0,5,0,0,0,14.705882
2026-08-14 12:11:27,Simpang 1,lane_2,3,0,0,3,0,0,0,0,9.090909
2026-08-14 12:11:27,Simpang 1,lane_3,1,0,0,1,0,0,0,0,2.941176
2026-08-14 12:11:29,Simpang 3,lane_2,3,0,0,3,0,0,0,0,9.090909
2026-08-14 12:11:29,Simpang 3,lane_3,3,0,0,0,3,0,0,1,8.823529
2026-08-14 12:11:31,Simpang 2,lane_2,2,0,0,2,0,0,0,0,6.060606
2026-08-14 12:11:31,Simpang 2,lane_1,1,0,0,0,1,0,0,0,3.030303
2026-08-14 12:11:33,Simpang 4,lane_2,9,0,0,1,8,0,0,0,27.272727
2026-08-14 12:11:33,Simpang 4,lane_1,1,3,0,1,0,0,0,0,3.030303
2026-08-14 12:11:33,Simpang 4,lane_3,4,0,0,0,4,0,0,0,11.764706
2026-08-14 12:11:37,Simpang 1,lane_2,3,0,0,3,0,0,0,0,9.090909
2026-08-14 12:11:37,Simpang 1,lane_3,1,0,0,1,0,0,0,0,2.941176
2026-08-14 12:11:38,Simpang 3,lane_2,3,0,0,3,0,0,0,0,9.090909
2026-08-14 12:11:38,Simpang 3,lane_3,2,0,0,0,2,0,0,1,5.882353
2026-08-14 12:11:41,Simpang 2,lane_2,2,0,0,2,0,0,0,0,6.060606
2026-08-14 12:11:41,Simpang 2,lane_1,1,0,0,0,1,0,0,0,3.030303
2026-08-14 12:11:41,Simpang 4,lane_2,10,0,0,1,9,0,0,0,30.30303
2026-08-14 12:11:41,Simpang 4,lane_1,1,3,0,1,0,0,0,0,3.030303
2026-08-14 12:11:41,Simpang 4,lane_3,5,0,0,0,5,0,0,0,14.705882
2026-08-14 12:11:44,Simpang 1,lane_2,3,0,0,3,0,0,0,0,9.090909
2026-08-14 12:11:44,Simpang 1,lane_3,1,0,0,1,0,0,0,0,2.941176
2026-08-14 12:11:45,Simpang 3,lane_2,3,0,0,3,0,0,0,0,9.090909
2026-08-14 12:11:45,Simpang 3,lane_3,2,0,0,0,2,0,0,1,5.882353
2026-08-14 12:11:48,Simpang 4,lane_2,8,2,0,1,7,0,0,0,24.242424
2026-08-14 12:11:48,Simpang 4,lane_1,2,2,0,1,1,0,0,0,6.060606
2026-08-14 12:11:48,Simpang 4,lane_3,3,0,0,0,3,0,0,0,8.823529
2026-08-14 12:11:48,Simpang 2,lane_2,2,0,0,2,0,0,0,0,6.060606
2026-08-14 12:11:48,Simpang 2,lane_1,1,0,0,0,1,0,0,0,3.030303
2026-08-14 12:11:52,Simpang 1,lane_2,3,0,0,3,0,0,0,0,9.090909
2026-08-14 12:11:52,Simpang 1,lane_3,1,0,0,1,0,0,0,0,2.941176
2026-08-14 12:11:52,Simpang 3,lane_2,3,0,0,3,0,0,0,0,9.090909
2026-08-14 12:11:52,Simpang 3,lane_3,2,0,0,0,2,0,0,1,5.882353
2026-08-14 12:11:54,Simpang 4,lane_2,8,2,0,1,7,0,0,0,24.242424
2026-08-14 12:11:54,Simpang 4,lane_1,3,3,0,1,2,0,0,0,9.090909
2026-08-14 12:11:54,Simpang 4,lane_3,5,0,0,0,5,0,0,0,14.705882
2026-08-14 12:11:54,Simpang 2,lane_2,2,0,0,2,0,0,0,0,6.060606
2026-08-14 12:11:54,Simpang 2,lane_1,1,0,0,0,1,0,0,0,3.030303
2026-08-14 12:11:56,Simpang 3,lane_2,3,0,0,3,0,0,0,0,9.090909
2026-08-14 12:11:56,Simpang 3,lane_3,2,0,0,0,2,0,0,1,5.882353
2026-08-14 12:11:56,Simpang 1,lane_2,3,0,0,3,0,0,0,0,9.090909
2026-08-14 12:11:56,Simpang 1,lane_3,1,0,0,1,0,0,0,0,2.941176
2026-08-14 12:11:57,Simpang 4,lane_2,7,2,0,1,6,0,0,0,21.212121
2026-08-14 12:11:57,Simpang 4,lane_1,2,0,0,1,1,0,0,0,6.060606
2026-08-14 12:11:57,Simpang 4,lane_3,4,0,0,0,4,0,0,0,11.764706
2026-08-14 12:11:58,Simpang 2,lane_2,2,0,0,2,0,0,0,0,6.060606
2026-08-14 12:11:58,Simpang 2,lane_1,1,0,0,0,1,0,0,0,3.030303
2026-08-14 12:12:00,Simpang 3,lane_2,3,0,0,3,0,0,0,0,9.090909
2026-08-14 12:12:00,Simpang 3,lane_3,2,0,0,0,2,0,0,1,5.882353
2026-08-14 12:12:03,Simpang 1,lane_2,3,0,0,3,0,0,0,0,9.090909
2026-08-14 12:12:03,Simpang 1,lane_3,1,0,0,1,0,0,0,0,2.941176
2026-08-14 12:12:05,Simpang 4,lane_2,7,1,0,1,6,0,0,0,21.212121
2026-08-14 12:12:05,Simpang 4,lane_1,2,0,0,1,1,0,0,0,6.060606
2026-08-14 12:12:05,Simpang 4,lane_3,6,0,0,1,5,0,0,0,17.647059
2026-08-14 12:12:07,Simpang 2,lane_2,2,0,0,2,0,0,0,0,6.060606
2026-08-14 12:12:07,Simpang 2,lane_1,1,0,0,0,1,0,0,0,3.030303
2026-08-14 12:12:08,Simpang 3,lane_2,3,0,0,3,0,0,0,0,9.090909
2026-08-14 12:12:08,Simpang 3,lane_3,2,0,0,0,2,0,0,1,5.882353
2026-08-14 12:12:10,Simpang 1,lane_2,3,0,0,3,0,0,0,0,9.090909
2026-08-14 12:12:10,Simpang 1,lane_3,1,0,0,1,0,0,0,0,2.941176
2026-08-14 12:12:12,Simpang 4,lane_2,7,1,0,1,6,0,0,0,21.212121
2026-08-14 12:12:12,Simpang 4,lane_1,3,0,0,1,2,0,0,0,9.090909
2026-08-14 12:12:12,Simpang 4,lane_3,5,0,0,1,4,0,0,0,14.705882
2026-08-14 12:12:15,Simpang 2,lane_2,2,0,0,2,0,0,0,0,6.060606
2026-08-14 12:12:15,Simpang 2,lane_1,1,0,0,0,1,0,0,0,3.030303
2026-08-14 12:12:17,Simpang 3,lane_2,3,0,0,3,0,0,0,0,9.090909
2026-08-14 12:12:17,Simpang 3,lane_3,3,0,0,0,3,0,0,1,8.823529
2026-08-14 12:12:19,Simpang 1,lane_2,3,0,0,3,0,0,0,0,9.090909
2026-08-14 12:12:19,Simpang 1,lane_3,1,0,0,1,0,0,0,0,2.941176
2026-08-14 12:12:21,Simpang 4,lane_2,5,2,0,1,4,0,0,0,15.151515
2026-08-14 12:12:21,Simpang 4,lane_1,4,0,0,1,3,0,0,0,12.121212
2026-08-14 12:12:21,Simpang 4,lane_3,6,0,0,1,5,0,0,0,17.647059
2026-08-14 12:12:24,Simpang 2,lane_2,2,0,0,2,0,0,0,0,6.060606
2026-08-14 12:12:24,Simpang 2,lane_1,1,0,0,0,1,0,0,0,3.030303
2026-08-14 12:12:24,Simpang 3,lane_2,3,0,0,3,0,0,0,0,9.090909
2026-08-14 12:12:24,Simpang 3,lane_3,3,0,0,0,3,0,0,1,8.823529
2026-08-14 12:12:27,Simpang 1,lane_2,3,0,0,3,0,0,0,0,9.090909
2026-08-14 12:12:27,Simpang 1,lane_3,1,0,0,1,0,0,0,0,2.941176
2026-08-14 12:12:28,Simpang 4,lane_2,5,3,0,1,4,0,0,0,15.151515
2026-08-14 12:12:28,Simpang 4,lane_1,4,0,0,1,3,0,0,0,12.121212
2026-08-14 12:12:28,Simpang 4,lane_3,6,0,0,1,5,0,0,0,17.647059
2026-08-14 12:12:29,Simpang 3,lane_2,3,0,0,3,0,0,0,0,9.090909
2026-08-14 12:12:29,Simpang 3,lane_3,3,0,0,0,3,0,0,1,8.823529
2026-08-14 12:12:29,Simpang 2,lane_2,2,0,0,2,0,0,0,0,6.060606
2026-08-14 12:12:29,Simpang 2,lane_1,1,0,0,0,1,0,0,0,3.030303
2026-08-14 12:12:32,Simpang 1,lane_2,3,0,0,3,0,0,0,0,9.090909
2026-08-14 12:12:32,Simpang 1,lane_3,1,0,0,1,0,0,0,0,2.941176
2026-08-14 12:12:33,Simpang 4,lane_2,7,2,0,1,6,0,0,0,21.212121
2026-08-14 12:12:33,Simpang 4,lane_1,5,0,0,1,4,0,0,0,15.151515
2026-08-14 12:12:33,Simpang 4,lane_3,6,0,0,1,5,0,0,0,17.647059
2026-08-14 12:12:36,Simpang 3,lane_2,3,0,0,3,0,0,0,0,9.090909
2026-08-14 12:12:36,Simpang 3,lane_3,3,0,0,0,3,0,0,1,8.823529
2026-08-14 12:12:38,Simpang 2,lane_2,2,0,0,2,0,0,0,0,6.060606
2026-08-14 12:12:38,Simpang 2,lane_1,1,0,0,0,1,0,0,0,3.030303
2026-08-14 12:12:42,Simpang 4,lane_2,6,2,0,1,5,0,0,0,18.181818
2026-08-14 12:12:42,Simpang 4,lane_1,4,0,0,1,3,0,0,0,12.121212
2026-08-14 12:12:42,Simpang 4,lane_3,5,0,0,1,4,0,0,0,14.705882
2026-08-14 12:12:42,Simpang 1,lane_2,3,0,0,3,0,0,0,0,9.090909
2026-08-14 12:12:42,Simpang 1,lane_3,1,0,0,1,0,0,0,0,2.941176
2026-08-14 12:12:45,Simpang 3,lane_2,3,0,0,3,0,0,0,0,9.090909
2026-08-14 12:12:45,Simpang 3,lane_3,2,0,0,0,2,0,0,1,5.882353
2026-08-14 12:12:47,Simpang 2,lane_2,2,0,0,2,0,0,0,0,6.060606
2026-08-14 12:12:47,Simpang 2,lane_1,1,0,0,0,1,0,0,0,3.030303
2026-08-14 12:12:49,Simpang 4,lane_2,5,2,0,1,4,0,0,0,15.151515
2026-08-14 12:12:49,Simpang 4,lane_1,6,0,0,1,5,0,0,0,18.181818
2026-08-14 12:12:49,Simpang 4,lane_3,8,0,0,2,6,0,0,0,23.529412
2026-08-14 12:12:50,Simpang 1,lane_2,3,0,0,3,0,0,0,0,9.090909
2026-08-14 12:12:50,Simpang 1,lane_3,1,0,0,1,0,0,0,0,2.941176
2026-08-14 12:12:52,Simpang 3,lane_2,3,0,0,3,0,0,0,0,9.090909
2026-08-14 12:12:52,Simpang 3,lane_3,2,0,0,0,2,0,0,1,5.882353
2026-08-14 12:12:53,Simpang 2,lane_2,2,0,0,2,0,0,0,0,6.060606
2026-08-14 12:12:53,Simpang 2,lane_1,1,0,0,0,1,0,0,0,3.030303
2026-08-14 12:12:53,Simpang 4,lane_2,3,3,0,1,2,0,0,0,9.090909
2026-08-14 12:12:53,Simpang 4,lane_1,6,0,0,1,5,0,0,0,18.181818
2026-08-14 12:12:53,Simpang 4,lane_3,5,1,0,2,3,0,0,0,14.705882
2026-08-14 12:12:54,Simpang 1,lane_2,3,0,0,3,0,0,0,0,9.090909
2026-08-14 12:12:54,Simpang 1,lane_3,1,0,0,1,0,0,0,0,2.941176
2026-08-14 12:12:54,Simpang 3,lane_2,3,0,0,3,0,0,0,0,9.090909
2026-08-14 12:12:54,Simpang 3,lane_3,3,0,0,0,3,0,0,1,8.823529
2026-08-14 12:12:55,Simpang 2,lane_2,2,0,0,2,0,0,0,0,6.060606
2026-08-14 12:12:55,Simpang 2,lane_1,1,0,0,0,1,0,0,0,3.030303
2026-08-14 12:12:55,Simpang 4,lane_2,5,2,0,1,4,0,0,0,15.151515
2026-08-14 12:12:55,Simpang 4,lane_1,6,0,0,1,5,0,0,0,18.181818
2026-08-14 12:12:55,Simpang 4,lane_3,6,1,0,2,4,0,0,0,17.647059
2026-08-14 12:12:56,Simpang 3,lane_2,3,0,0,3,0,0,0,0,9.090909
2026-08-14 12:12:56,Simpang 3,lane_3,3,0,0,0,3,0,0,1,8.823529
2026-08-14 12:12:56,Simpang 1,lane_2,3,0,0,3,0,0,0,0,9.090909
2026-08-14 12:12:56,Simpang 1,lane_3,1,0,0,1,0,0,0,0,2.941176
2026-08-14 12:12:57,Simpang 2,lane_2,2,0,0,2,0,0,0,0,6.060606
2026-08-14 12:12:57,Simpang 2,lane_1,1,0,0,0,1,0,0,0,3.030303
2026-08-14 12:12:57,Simpang 4,lane_2,7,0,0,1,6,0,0,0,21.212121
2026-08-14 12:12:57,Simpang 4,lane_1,3,0,0,1,2,0,0,0,9.090909
2026-08-14 12:12:57,Simpang 4,lane_3,7,0,0,2,5,0,0,0,20.588235
2026-08-14 12:12:58,Simpang 3,lane_2,3,0,0,3,0,0,0,0,9.090909
2026-08-14 12:12:58,Simpang 3,lane_3,3,0,0,0,3,0,0,1,8.823529
2026-08-14 12:12:58,Simpang 1,lane_2,3,0,0,3,0,0,0,0,9.090909
2026-08-14 12:12:58,Simpang 1,lane_3,1,0,0,1,0,0,0,0,2.941176
2026-08-14 12:13:01,Simpang 4,lane_2,7,0,0,1,6,0,0,0,21.212121
2026-08-14 12:13:01,Simpang 4,lane_1,5,0,0,1,4,0,0,0,15.151515
2026-08-14 12:13:01,Simpang 4,lane_3,8,0,0,2,6,0,0,0,23.529412
2026-08-14 12:13:01,Simpang 2,lane_2,2,0,0,2,0,0,0,0,6.060606
2026-08-14 12:13:01,Simpang 2,lane_1,1,0,0,0,1,0,0,0,3.030303
2026-08-14 12:13:03,Simpang 3,lane_2,3,0,0,3,0,0,0,0,9.090909
2026-08-14 12:13:03,Simpang 3,lane_3,3,0,0,0,3,0,0,1,8.823529
2026-08-14 12:13:06,Simpang 1,lane_2,3,0,0,3,0,0,0,0,9.090909
2026-08-14 12:13:06,Simpang 1,lane_3,1,0,0,1,0,0,0,0,2.941176
2026-08-14 12:13:07,Simpang 4,lane_2,2,1,0,1,1,0,0,0,6.060606
2026-08-14 12:13:07,Simpang 4,lane_1,7,0,0,2,5,0,0,0,21.212121
2026-08-14 12:13:07,Simpang 4,lane_3,6,0,0,2,4,0,0,0,17.647059
2026-08-14 12:13:08,Simpang 2,lane_2,2,0,0,2,0,0,0,0,6.060606
2026-08-14 12:13:08,Simpang 2,lane_1,1,0,0,0,1,0,0,0,3.030303
2026-08-14 12:13:10,Simpang 3,lane_2,3,0,0,3,0,0,0,0,9.090909
2026-08-14 12:13:10,Simpang 3,lane_3,3,0,0,0,3,0,0,1,8.823529
2026-08-14 12:13:13,Simpang 1,lane_2,3,0,0,3,0,0,0,0,9.090909
2026-08-14 12:13:13,Simpang 1,lane_3,1,0,0,1,0,0,0,0,2.941176
2026-08-14 12:13:16,Simpang 4,lane_2,6,0,0,1,5,0,0,0,18.181818
2026-08-14 12:13:16,Simpang 4,lane_1,8,0,0,2,6,0,0,0,24.242424
2026-08-14 12:13:16,Simpang 4,lane_3,6,0,0,2,4,0,0,0,17.647059
2026-08-14 12:13:16,Simpang 3,lane_2,3,0,0,3,0,0,0,0,9.090909
2026-08-14 12:13:16,Simpang 3,lane_3,3,0,0,0,3,0,0,1,8.823529
2026-08-14 12:13:17,Simpang 2,lane_2,2,0,0,2,0,0,0,0,6.060606
2026-08-14 12:13:17,Simpang 2,lane_1,1,0,0,0,1,0,0,0,3.030303
2026-08-14 12:13:21,Simpang 1,lane_2,3,0,0,3,0,0,0,0,9.090909
2026-08-14 12:13:21,Simpang 1,lane_3,1,0,0,1,0,0,0,0,2.941176
2026-08-14 12:13:24,Simpang 4,lane_2,6,0,0,1,5,0,0,0,18.181818
2026-08-14 12:13:24,Simpang 4,lane_1,8,0,0,2,6,0,0,0,24.242424
2026-08-14 12:13:24,Simpang 4,lane_3,6,0,0,2,4,0,0,0,17.647059
2026-08-14 12:13:25,Simpang 3,lane_2,3,0,0,3,0,0,0,0,9.090909
2026-08-14 12:13:25,Simpang 3,lane_3,3,0,0,0,3,0,0,1,8.823529
2026-08-14 12:13:27,Simpang 2,lane_2,2,0,0,2,0,0,0,0,6.060606
2026-08-14 12:13:27,Simpang 2,lane_1,1,0,0,0,1,0,0,0,3.030303
2026-08-14 12:13:30,Simpang 1,lane_2,3,0,0,3,0,0,0,0,9.090909
2026-08-14 12:13:30,Simpang 1,lane_3,1,0,0,1,0,0,0,0,2.941176
2026-08-14 12:13:32,Simpang 4,lane_1,6,0,0,1,5,0,0,0,18.181818
2026-08-14 12:13:32,Simpang 4,lane_3,7,0,0,2,5,0,0,0,20.588235
2026-08-14 12:13:32,Simpang 4,lane_2,4,1,0,0,4,0,0,0,12.121212
2026-08-14 12:13:32,Simpang 3,lane_2,3,0,0,3,0,0,0,0,9.090909
2026-08-14 12:13:32,Simpang 3,lane_3,3,0,0,0,3,0,0,1,8.823529
2026-08-14 12:13:34,Simpang 2,lane_2,2,0,0,2,0,0,0,0,6.060606
2026-08-14 12:13:34,Simpang 2,lane_1,1,0,0,0,1,0,0,0,3.030303
2026-08-14 12:13:38,Simpang 1,lane_2,3,0,0,3,0,0,0,0,9.090909
2026-08-14 12:13:38,Simpang 1,lane_3,1,0,0,1,0,0,0,0,2.941176
2026-08-14 12:13:39,Simpang 3,lane_2,3,0,0,3,0,0,0,0,9.090909
2026-08-14 12:13:39,Simpang 3,lane_3,2,0,0,0,2,0,0,1,5.882353
2026-08-14 12:13:39,Simpang 4,lane_1,7,0,0,2,5,0,0,0,21.212121
2026-08-14 12:13:39,Simpang 4,lane_3,7,0,0,2,5,0,0,0,20.588235
2026-08-14 12:13:39,Simpang 4,lane_2,5,1,0,1,4,0,0,0,15.151515
2026-08-14 12:13:40,Simpang 2,lane_2,2,0,0,2,0,0,0,0,6.060606
2026-08-14 12:13:40,Simpang 2,lane_1,1,0,0,0,1,0,0,0,3.030303
2026-08-14 12:13:41,Simpang 1,lane_2,3,0,0,3,0,0,0,0,9.090909
2026-08-14 12:13:41,Simpang 1,lane_3,1,0,0,1,0,0,0,0,2.941176
2026-08-14 12:13:41,Simpang 3,lane_2,3,0,0,3,0,0,0,0,9.090909
2026-08-14 12:13:41,Simpang 3,lane_3,3,0,0,0,3,0,0,1,8.823529
2026-08-14 12:13:41,Simpang 4,lane_1,8,0,0,3,5,0,0,0,24.242424
2026-08-14 12:13:41,Simpang 4,lane_3,7,0,0,2,5,0,0,0,20.588235
2026-08-14 12:13:41,Simpang 4,lane_2,8,0,0,1,7,0,0,0,24.242424
2026-08-14 12:13:42,Simpang 2,lane_2,2,0,0,2,0,0,0,0,6.060606
2026-08-14 12:13:42,Simpang 2,lane_1,1,0,0,0,1,0,0,0,3.030303
2026-08-14 12:13:43,Simpang 3,lane_2,3,0,0,3,0,0,0,0,9.090909
2026-08-14 12:13:43,Simpang 3,lane_3,3,0,0,0,3,0,0,1,8.823529
2026-08-14 12:13:43,Simpang 4,lane_1,3,1,0,1,2,0,0,0,9.090909
2026-08-14 12:13:43,Simpang 4,lane_2,8,0,0,1,7,0,0,0,24.242424
2026-08-14 12:13:43,Simpang 4,lane_3,2,1,0,2,0,0,0,0,5.882353
2026-08-14 12:13:43,Simpang 1,lane_2,3,0,0,3,0,0,0,0,9.090909
2026-08-14 12:13:43,Simpang 1,lane_3,1,0,0,1,0,0,0,0,2.941176
2026-08-14 12:13:44,Simpang 2,lane_2,2,0,0,2,0,0,0,0,6.060606
2026-08-14 12:13:44,Simpang 2,lane_1,1,0,0,0,1,0,0,0,3.030303
2026-08-14 12:13:46,Simpang 3,lane_2,3,0,0,3,0,0,0,0,9.090909
2026-08-14 12:13:46,Simpang 3,lane_3,3,0,0,0,3,0,0,1,8.823529
2026-08-14 12:13:48,Simpang 4,lane_1,3,1,0,1,2,0,0,0,9.090909
2026-08-14 12:13:48,Simpang 4,lane_2,9,0,0,1,8,0,0,0,27.272727
2026-08-14 12:13:48,Simpang 4,lane_3,4,0,0,2,2,0,0,0,11.764706
2026-08-14 12:13:49,Simpang 1,lane_2,3,0,0,3,0,0,0,0,9.090909
2026-08-14 12:13:49,Simpang 1,lane_3,1,0,0,1,0,0,0,0,2.941176
2026-08-14 12:13:55,Simpang 2,lane_2,2,0,0,2,0,0,0,0,6.060606
2026-08-14 12:13:55,Simpang 2,lane_1,1,0,0,0,1,0,0,0,3.030303
2026-08-14 12:13:56,Simpang 3,lane_2,3,0,0,3,0,0,0,0,9.090909
2026-08-14 12:13:56,Simpang 3,lane_3,3,0,0,0,3,0,0,1,8.823529
2026-08-14 12:13:56,Simpang 4,lane_1,3,1,0,1,2,0,0,0,9.090909
2026-08-14 12:13:56,Simpang 4,lane_2,9,0,0,1,8,0,0,0,27.272727
2026-08-14 12:13:56,Simpang 4,lane_3,4,0,0,2,2,0,0,0,11.764706
2026-08-14 12:13:56,Simpang 1,lane_2,3,0,0,3,0,0,0,0,9.090909
2026-08-14 12:13:56,Simpang 1,lane_3,1,0,0,1,0,0,0,0,2.941176
2026-08-14 12:13:58,Simpang 3,lane_2,4,0,0,4,0,0,0,0,12.121212
2026-08-14 12:13:58,Simpang 3,lane_3,3,0,0,0,3,0,0,2,8.823529
2026-08-14 12:13:58,Simpang 2,lane_2,2,0,0,2,0,0,0,0,6.060606
2026-08-14 12:13:58,Simpang 2,lane_1,1,0,0,0,1,0,0,0,3.030303
2026-08-14 12:13:59,Simpang 4,lane_1,3,1,0,1,2,0,0,0,9.090909
2026-08-14 12:13:59,Simpang 4,lane_2,6,3,0,1,5,0,0,0,18.181818
2026-08-14 12:13:59,Simpang 4,lane_3,3,0,0,2,1,0,0,0,8.823529
2026-08-14 12:14:01,Simpang 1,lane_2,3,0,0,3,0,0,0,0,9.090909
2026-08-14 12:14:01,Simpang 1,lane_3,1,0,0,1,0,0,0,0,2.941176
2026-08-14 12:14:03,Simpang 3,lane_2,4,0,0,4,0,0,0,0,12.121212
2026-08-14 12:14:03,Simpang 3,lane_3,3,0,0,0,3,0,0,2,8.823529
2026-08-14 12:14:05,Simpang 2,lane_2,2,0,0,2,0,0,0,0,6.060606
2026-08-14 12:14:05,Simpang 2,lane_1,1,0,0,0,1,0,0,0,3.030303
2026-08-14 12:14:06,Simpang 4,lane_1,3,1,0,1,2,0,0,0,9.090909
2026-08-14 12:14:06,Simpang 4,lane_2,8,4,0,1,7,0,0,0,24.242424
2026-08-14 12:14:06,Simpang 4,lane_3,4,0,0,3,1,0,0,0,11.764706
2026-08-14 12:14:10,Simpang 1,lane_2,3,0,0,3,0,0,0,0,9.090909
2026-08-14 12:14:10,Simpang 1,lane_3,1,0,0,1,0,0,0,0,2.941176
2026-08-14 12:14:13,Simpang 3,lane_2,4,0,0,4,0,0,0,0,12.121212
2026-08-14 12:14:13,Simpang 3,lane_3,3,0,0,0,3,0,0,2,8.823529
2026-08-14 12:14:13,Simpang 4,lane_1,3,0,0,1,2,0,0,0,9.090909
2026-08-14 12:14:13,Simpang 4,lane_2,7,0,0,1,6,0,0,0,21.212121
2026-08-14 12:14:13,Simpang 4,lane_3,4,0,0,3,1,0,0,0,11.764706
2026-08-14 12:14:13,Simpang 2,lane_2,2,0,0,2,0,0,0,0,6.060606
2026-08-14 12:14:13,Simpang 2,lane_1,1,0,0,0,1,0,0,0,3.030303
2026-08-14 12:14:14,Simpang 1,lane_2,3,0,0,3,0,0,0,0,9.090909
2026-08-14 12:14:14,Simpang 1,lane_3,1,0,0,1,0,0,0,0,2.941176
2026-08-14 12:14:15,Simpang 3,lane_2,4,0,0,4,0,0,0,0,12.121212
2026-08-14 12:14:15,Simpang 3,lane_3,3,0,0,0,3,0,0,2,8.823529
2026-08-14 12:14:15,Simpang 4,lane_1,3,0,0,1,2,0,0,0,9.090909
2026-08-14 12:14:15,Simpang 4,lane_2,7,2,0,1,6,0,0,0,21.212121
2026-08-14 12:14:15,Simpang 4,lane_3,5,0,0,3,2,0,0,0,14.705882
2026-08-14 12:14:16,Simpang 2,lane_2,2,0,0,2,0,0,0,0,6.060606
2026-08-14 12:14:16,Simpang 2,lane_1,1,0,0,0,1,0,0,0,3.030303
2026-08-14 12:14:18,Simpang 1,lane_2,3,0,0,3,0,0,0,0,9.090909
2026-08-14 12:14:18,Simpang 1,lane_3,1,0,0,1,0,0,0,0,2.941176
2026-08-14 12:14:19,Simpang 3,lane_2,4,0,0,4,0,0,0,0,12.121212
2026-08-14 12:14:19,Simpang 3,lane_3,3,0,0,0,3,0,0,2,8.823529
2026-08-14 12:14:19,Simpang 4,lane_1,4,0,0,2,2,0,0,0,12.121212
2026-08-14 12:14:19,Simpang 4,lane_2,9,1,0,1,8,0,0,0,27.272727
2026-08-14 12:14:19,Simpang 4,lane_3,5,0,0,3,2,0,0,0,14.705882
2026-08-14 12:14:20,Simpang 2,lane_2,2,0,0,2,0,0,0,0,6.060606
2026-08-14 12:14:20,Simpang 2,lane_1,1,0,0,0,1,0,0,0,3.030303
2026-08-14 12:14:20,Simpang 1,lane_2,3,0,0,3,0,0,0,0,9.090909
2026-08-14 12:14:20,Simpang 1,lane_3,1,0,0,1,0,0,0,0,2.941176
2026-08-14 12:14:20,Simpang 3,lane_2,4,0,0,4,0,0,0,0,12.121212
2026-08-14 12:14:20,Simpang 3,lane_3,4,0,0,0,4,0,0,2,11.764706
2026-08-14 12:14:21,Simpang 4,lane_1,3,0,0,1,2,0,0,0,9.090909
2026-08-14 12:14:21,Simpang 4,lane_2,9,1,0,1,8,0,0,0,27.272727
2026-08-14 12:14:21,Simpang 4,lane_3,5,0,0,3,2,0,0,0,14.705882
2026-08-14 12:14:22,Simpang 2,lane_2,2,0,0,2,0,0,0,0,6.060606
2026-08-14 12:14:22,Simpang 2,lane_1,1,0,0,0,1,0,0,0,3.030303
2026-08-14 12:14:23,Simpang 3,lane_2,4,0,0,4,0,0,0,0,12.121212
2026-08-14 12:14:23,Simpang 3,lane_3,4,0,0,0,4,0,0,2,11.764706
2026-08-14 12:14:24,Simpang 1,lane_2,3,0,0,3,0,0,0,0,9.090909
2026-08-14 12:14:24,Simpang 1,lane_3,1,0,0,1,0,0,0,0,2.941176
2026-08-14 12:14:26,Simpang 4,lane_1,3,0,0,1,2,0,0,0,9.090909
2026-08-14 12:14:26,Simpang 4,lane_2,9,1,0,1,8,0,0,0,27.272727
2026-08-14 12:14:26,Simpang 4,lane_3,5,0,0,3,2,0,0,0,14.705882
2026-08-14 12:14:30,Simpang 2,lane_2,2,0,0,2,0,0,0,0,6.060606
2026-08-14 12:14:30,Simpang 2,lane_1,1,0,0,0,1,0,0,0,3.030303
2026-08-14 12:14:33,Simpang 3,lane_2,4,0,0,4,0,0,0,0,12.121212
2026-08-14 12:14:33,Simpang 3,lane_3,3,0,0,0,3,0,0,2,8.823529
2026-08-14 12:14:35,Simpang 1,lane_2,3,0,0,3,0,0,0,0,9.090909
2026-08-14 12:14:35,Simpang 1,lane_3,1,0,0,1,0,0,0,0,2.941176
2026-08-14 12:14:36,Simpang 4,lane_1,3,0,0,1,2,0,0,0,9.090909
2026-08-14 12:14:36,Simpang 4,lane_2,7,2,1,1,6,0,0,0,21.212121
2026-08-14 12:14:36,Simpang 4,lane_3,6,0,0,3,3,0,0,0,17.647059
2026-08-14 12:14:41,Simpang 2,lane_2,2,0,0,2,0,0,0,0,6.060606
2026-08-14 12:14:41,Simpang 2,lane_1,1,0,0,0,1,0,0,0,3.030303
2026-08-14 12:14:43,Simpang 3,lane_2,4,0,0,4,0,0,0,0,12.121212
2026-08-14 12:14:43,Simpang 3,lane_3,3,0,0,0,3,0,0,2,8.823529
2026-08-14 12:14:45,Simpang 4,lane_1,5,0,0,2,2,0,1,0,15.151515
2026-08-14 12:14:45,Simpang 4,lane_2,8,2,1,1,7,0,0,0,24.242424
2026-08-14 12:14:45,Simpang 4,lane_3,6,0,0,3,3,0,0,0,17.647059
2026-08-14 12:14:45,Simpang 1,lane_2,3,0,0,3,0,0,0,0,9.090909
2026-08-14 12:14:45,Simpang 1,lane_3,1,0,0,1,0,0,0,0,2.941176
2026-08-14 12:14:49,Simpang 2,lane_2,2,0,0,2,0,0,0,0,6.060606
2026-08-14 12:14:49,Simpang 2,lane_1,1,0,0,0,1,0,0,0,3.030303
2026-08-14 12:14:49,Simpang 3,lane_2,4,0,0,4,0,0,0,0,12.121212
2026-08-14 12:14:49,Simpang 3,lane_3,3,0,0,0,3,0,0,2,8.823529
2026-08-14 12:14:52,Simpang 4,lane_1,2,1,0,1,0,0,1,0,6.060606
2026-08-14 12:14:52,Simpang 4,lane_2,8,2,0,1,7,0,0,0,24.242424
2026-08-14 12:14:52,Simpang 4,lane_3,6,0,0,3,3,0,0,0,17.647059
2026-08-14 12:14:54,Simpang 1,lane_2,3,0,0,3,0,0,0,0,9.090909
2026-08-14 12:14:54,Simpang 1,lane_3,1,0,0,1,0,0,0,0,2.941176
2026-08-14 12:14:58,Simpang 3,lane_2,4,0,0,4,0,0,0,0,12.121212
2026-08-14 12:14:58,Simpang 3,lane_3,3,0,0,0,3,0,0,2,8.823529
2026-08-14 12:14:58,Simpang 2,lane_2,2,0,0,2,0,0,0,0,6.060606
2026-08-14 12:14:58,Simpang 2,lane_1,1,0,0,0,1,0,0,0,3.030303
2026-08-14 12:15:00,Simpang 4,lane_1,3,1,0,1,1,0,1,0,9.090909
2026-08-14 12:15:00,Simpang 4,lane_2,11,0,0,1,10,0,0,0,33.333333
2026-08-14 12:15:00,Simpang 4,lane_3,6,0,0,3,3,0,0,0,17.647059
2026-08-14 12:15:01,Simpang 1,lane_2,3,0,0,3,0,0,0,0,9.090909
2026-08-14 12:15:01,Simpang 1,lane_3,1,0,0,1,0,0,0,0,2.941176
2026-08-14 12:15:04,Simpang 3,lane_2,4,0,0,4,0,0,0,0,12.121212
2026-08-14 12:15:04,Simpang 3,lane_3,3,0,0,0,3,0,0,2,8.823529
2026-08-14 12:15:05,Simpang 2,lane_2,2,0,0,2,0,0,0,0,6.060606
2026-08-14 12:15:05,Simpang 2,lane_1,1,0,0,0,1,0,0,0,3.030303
2026-08-14 12:15:05,Simpang 4,lane_1,3,1,0,1,1,0,1,0,9.090909
2026-08-14 12:15:05,Simpang 4,lane_2,11,0,0,1,10,0,0,0,33.333333
2026-08-14 12:15:05,Simpang 4,lane_3,6,0,0,3,3,0,0,0,17.647059
2026-08-14 12:15:10,Simpang 1,lane_2,3,0,0,3,0,0,0,0,9.090909
2026-08-14 12:15:10,Simpang 1,lane_3,1,0,0,1,0,0,0,0,2.941176
2026-08-14 12:15:13,Simpang 3,lane_2,4,0,0,4,0,0,0,0,12.121212
2026-08-14 12:15:13,Simpang 3,lane_3,3,0,0,0,3,0,0,2,8.823529
2026-08-14 12:15:13,Simpang 2,lane_2,2,0,0,2,0,0,0,0,6.060606
2026-08-14 12:15:13,Simpang 2,lane_1,1,0,0,0,1,0,0,0,3.030303
2026-08-14 12:15:13,Simpang 4,lane_1,3,0,0,1,2,0,0,0,9.090909
2026-08-14 12:15:13,Simpang 4,lane_2,9,0,0,1,8,0,0,0,27.272727
2026-08-14 12:15:13,Simpang 4,lane_3,5,1,0,2,3,0,0,0,14.705882
2026-08-14 12:15:14,Simpang 1,lane_2,3,0,0,3,0,0,0,0,9.090909
2026-08-14 12:15:14,Simpang 1,lane_3,1,0,0,1,0,0,0,0,2.941176
2026-08-14 12:15:15,Simpang 3,lane_2,4,0,0,4,0,0,0,0,12.121212
2026-08-14 12:15:15,Simpang 3,lane_3,3,0,0,0,3,0,0,2,8.823529
2026-08-14 12:15:15,Simpang 4,lane_1,3,0,0,1,2,0,0,0,9.090909
2026-08-14 12:15:15,Simpang 4,lane_2,9,0,0,1,8,0,0,0,27.272727
2026-08-14 12:15:15,Simpang 4,lane_3,5,0,0,2,3,0,0,0,14.705882
2026-08-14 12:15:15,Simpang 2,lane_2,2,0,0,2,0,0,0,0,6.060606
2026-08-14 12:15:15,Simpang 2,lane_1,1,0,0,0,1,0,0,0,3.030303
2026-08-14 12:15:18,Simpang 1,lane_2,3,0,0,3,0,0,0,0,9.090909
2026-08-14 12:15:18,Simpang 1,lane_3,1,0,0,1,0,0,0,0,2.941176
2026-08-14 12:15:20,Simpang 3,lane_2,4,0,0,4,0,0,0,0,12.121212
2026-08-14 12:15:20,Simpang 3,lane_3,3,0,0,0,3,0,0,2,8.823529
2026-08-14 12:15:22,Simpang 4,lane_1,3,0,0,1,2,0,0,0,9.090909
2026-08-14 12:15:22,Simpang 4,lane_2,9,0,0,1,8,0,0,0,27.272727
2026-08-14 12:15:22,Simpang 4,lane_3,5,0,0,2,3,0,0,0,14.705882
2026-08-14 12:15:24,Simpang 2,lane_2,2,0,0,2,0,0,0,0,6.060606
2026-08-14 12:15:24,Simpang 2,lane_1,1,0,0,0,1,0,0,0,3.030303
2026-08-14 12:15:26,Simpang 1,lane_2,3,0,0,3,0,0,0,0,9.090909
2026-08-14 12:15:26,Simpang 1,lane_3,1,0,0,1,0,0,0,0,2.941176
2026-08-14 12:15:28,Simpang 3,lane_2,4,0,0,4,0,0,0,0,12.121212
2026-08-14 12:15:28,Simpang 3,lane_3,3,0,0,0,3,0,0,2,8.823529
2026-08-14 12:15:30,Simpang 4,lane_1,3,0,0,1,2,0,0,0,9.090909
2026-08-14 12:15:30,Simpang 4,lane_2,9,0,0,1,8,0,0,0,27.272727
2026-08-14 12:15:30,Simpang 4,lane_3,4,1,0,2,2,0,0,0,11.764706
2026-08-14 12:15:32,Simpang 2,lane_2,2,0,0,2,0,0,0,0,6.060606
2026-08-14 12:15:32,Simpang 2,lane_1,1,0,0,0,1,0,0,0,3.030303
2026-08-14 12:15:34,Simpang 1,lane_2,3,0,0,3,0,0,0,0,9.090909
2026-08-14 12:15:34,Simpang 1,lane_3,1,0,0,1,0,0,0,0,2.941176
2026-08-14 12:15:35,Simpang 3,lane_2,4,0,0,4,0,0,0,0,12.121212
2026-08-14 12:15:35,Simpang 3,lane_3,3,0,0,0,3,0,0,2,8.823529
2026-08-14 12:15:37,Simpang 4,lane_1,3,0,0,1,2,0,0,0,9.090909
2026-08-14 12:15:37,Simpang 4,lane_2,7,1,0,1,6,0,0,0,21.212121
2026-08-14 12:15:37,Simpang 4,lane_3,3,1,0,1,2,0,0,0,8.823529
2026-08-14 12:15:39,Simpang 2,lane_2,2,0,0,2,0,0,0,0,6.060606
2026-08-14 12:15:39,Simpang 2,lane_1,1,0,0,0,1,0,0,0,3.030303
2026-08-14 12:15:43,Simpang 1,lane_2,3,0,0,3,0,0,0,0,9.090909
2026-08-14 12:15:43,Simpang 1,lane_3,1,0,0,1,0,0,0,0,2.941176
2026-08-14 12:15:43,Simpang 3,lane_2,4,0,0,4,0,0,0,0,12.121212
2026-08-14 12:15:43,Simpang 3,lane_3,3,0,0,0,3,0,0,2,8.823529
2026-08-14 12:15:45,Simpang 4,lane_1,3,0,0,1,2,0,0,0,9.090909
2026-08-14 12:15:45,Simpang 4,lane_2,7,1,0,1,6,0,0,0,21.212121
2026-08-14 12:15:45,Simpang 4,lane_3,6,0,0,1,5,0,0,0,17.647059
2026-08-14 12:15:48,Simpang 2,lane_2,2,0,0,2,0,0,0,0,6.060606
2026-08-14 12:15:48,Simpang 2,lane_1,1,0,0,0,1,0,0,0,3.030303
2026-08-14 12:15:50,Simpang 3,lane_2,4,0,0,4,0,0,0,0,12.121212
2026-08-14 12:15:50,Simpang 3,lane_3,3,0,0,0,3,0,0,2,8.823529
2026-08-14 12:15:51,Simpang 1,lane_2,3,0,0,3,0,0,0,0,9.090909
2026-08-14 12:15:51,Simpang 1,lane_3,1,0,0,1,0,0,0,0,2.941176
2026-08-14 12:15:52,Simpang 4,lane_1,3,0,0,1,2,0,0,0,9.090909
2026-08-14 12:15:52,Simpang 4,lane_2,7,1,0,1,6,0,0,0,21.212121
2026-08-14 12:15:52,Simpang 4,lane_3,6,0,0,2,4,0,0,0,17.647059
2026-08-14 12:15:56,Simpang 2,lane_2,2,0,0,2,0,0,0,0,6.060606
2026-08-14 12:15:56,Simpang 2,lane_1,1,0,0,0,1,0,0,0,3.030303
2026-08-14 12:15:57,Simpang 3,lane_2,4,0,0,4,0,0,0,0,12.121212
2026-08-14 12:15:57,Simpang 3,lane_3,3,0,0,0,3,0,0,2,8.823529
2026-08-14 12:15:59,Simpang 1,lane_2,3,0,0,3,0,0,0,0,9.090909
2026-08-14 12:15:59,Simpang 1,lane_3,1,0,0,1,0,0,0,0,2.941176
2026-08-14 12:15:59,Simpang 4,lane_2,7,1,0,1,6,0,0,0,21.212121
2026-08-14 12:15:59,Simpang 4,lane_3,3,1,0,2,1,0,0,0,8.823529
2026-08-14 12:15:59,Simpang 4,lane_1,5,0,0,0,4,0,1,0,15.151515
2026-08-14 12:16:03,Simpang 2,lane_2,2,0,0,2,0,0,0,0,6.060606
2026-08-14 12:16:03,Simpang 2,lane_1,1,0,0,0,1,0,0,0,3.030303
2026-08-14 12:16:03,Simpang 3,lane_2,4,0,0,4,0,0,0,0,12.121212
2026-08-14 12:16:03,Simpang 3,lane_3,3,0,0,0,3,0,0,2,8.823529
2026-08-14 12:16:05,Simpang 4,lane_2,7,1,0,1,6,0,0,0,21.212121
2026-08-14 12:16:05,Simpang 4,lane_3,2,1,0,2,0,0,0,0,5.882353
2026-08-14 12:16:05,Simpang 4,lane_1,6,0,0,1,4,0,1,0,18.181818
2026-08-14 12:16:05,Simpang 1,lane_2,3,0,0,3,0,0,0,0,9.090909
2026-08-14 12:16:05,Simpang 1,lane_3,1,0,0,1,0,0,0,0,2.941176
2026-08-14 12:16:09,Simpang 3,lane_2,3,0,0,3,0,0,0,0,9.090909
2026-08-14 12:16:09,Simpang 3,lane_3,3,0,0,0,3,0,0,2,8.823529
2026-08-14 12:16:10,Simpang 2,lane_2,2,0,0,2,0,0,0,0,6.060606
2026-08-14 12:16:10,Simpang 2,lane_1,1,0,0,0,1,0,0,0,3.030303
2026-08-14 12:16:12,Simpang 4,lane_2,7,1,0,1,6,0,0,0,21.212121
2026-08-14 12:16:12,Simpang 4,lane_3,2,1,0,2,0,0,0,0,5.882353
2026-08-14 12:16:12,Simpang 4,lane_1,6,0,0,1,4,0,1,0,18.181818
2026-08-14 12:16:13,Simpang 1,lane_2,3,0,0,3,0,0,0,0,9.090909
2026-08-14 12:16:13,Simpang 1,lane_3,1,0,0,1,0,0,0,0,2.941176
2026-08-14 12:16:16,Simpang 3,lane_2,3,0,0,3,0,0,0,0,9.090909
2026-08-14 12:16:16,Simpang 3,lane_3,3,0,0,0,3,0,0,2,8.823529
2026-08-14 12:16:18,Simpang 2,lane_2,2,0,0,2,0,0,0,0,6.060606
2026-08-14 12:16:18,Simpang 2,lane_1,1,0,0,0,1,0,0,0,3.030303
2026-08-14 12:16:19,Simpang 4,lane_3,3,1,0,2,1,0,0,0,8.823529
2026-08-14 12:16:19,Simpang 4,lane_1,6,0,0,1,4,0,1,0,18.181818
2026-08-14 12:16:19,Simpang 4,lane_2,7,0,0,1,6,0,0,0,21.212121
2026-08-14 12:16:21,Simpang 1,lane_2,3,0,0,3,0,0,0,0,9.090909
2026-08-14 12:16:21,Simpang 1,lane_3,1,0,0,1,0,0,0,0,2.941176
2026-08-14 12:16:24,Simpang 3,lane_2,4,0,0,4,0,0,0,0,12.121212
2026-08-14 12:16:24,Simpang 3,lane_3,3,0,0,0,3,0,0,2,8.823529
2026-08-14 12:16:26,Simpang 2,lane_2,2,0,0,2,0,0,0,0,6.060606
2026-08-14 12:16:26,Simpang 2,lane_1,1,0,0,0,1,0,0,0,3.030303
2026-08-14 12:16:26,Simpang 4,lane_3,3,1,0,2,1,0,0,0,8.823529
2026-08-14 12:16:26,Simpang 4,lane_1,6,0,0,1,4,0,1,0,18.181818
2026-08-14 12:16:26,Simpang 4,lane_2,10,0,0,1,9,0,0,0,30.30303
2026-08-14 12:16:28,Simpang 1,lane_2,2,0,0,2,0,0,0,0,6.060606
2026-08-14 12:16:28,Simpang 1,lane_3,1,0,0,1,0,0,0,0,2.941176
2026-08-14 12:16:30,Simpang 3,lane_2,4,0,0,4,0,0,0,0,12.121212
2026-08-14 12:16:30,Simpang 3,lane_3,3,0,0,0,3,0,0,2,8.823529
2026-08-14 12:16:32,Simpang 4,lane_3,2,1,0,2,0,0,0,0,5.882353
2026-08-14 12:16:32,Simpang 4,lane_1,6,0,0,1,4,0,1,0,18.181818
2026-08-14 12:16:32,Simpang 4,lane_2,8,0,0,1,7,0,0,0,24.242424
2026-08-14 12:16:33,Simpang 2,lane_2,2,0,0,2,0,0,0,0,6.060606
2026-08-14 12:16:33,Simpang 2,lane_1,1,0,0,0,1,0,0,0,3.030303
2026-08-14 12:16:36,Simpang 1,lane_2,2,0,0,2,0,0,0,0,6.060606
2026-08-14 12:16:36,Simpang 1,lane_3,1,0,0,1,0,0,0,0,2.941176
2026-08-14 12:16:38,Simpang 3,lane_2,4,0,0,4,0,0,0,0,12.121212
2026-08-14 12:16:38,Simpang 3,lane_3,5,0,0,0,5,0,0,2,14.705882
2026-08-14 12:16:40,Simpang 4,lane_3,3,1,0,2,1,0,0,0,8.823529
2026-08-14 12:16:40,Simpang 4,lane_1,5,0,0,0,4,0,1,0,15.151515
2026-08-14 12:16:40,Simpang 4,lane_2,9,0,0,1,8,0,0,0,27.272727
2026-08-14 12:16:41,Simpang 2,lane_2,2,0,0,2,0,0,0,0,6.060606
2026-08-14 12:16:41,Simpang 2,lane_1,1,0,0,0,1,0,0,0,3.030303
2026-08-14 12:16:43,Simpang 1,lane_2,2,0,0,2,0,0,0,0,6.060606
2026-08-14 12:16:43,Simpang 1,lane_3,1,0,0,1,0,0,0,0,2.941176
2026-08-14 12:16:45,Simpang 3,lane_2,4,0,0,4,0,0,0,0,12.121212
2026-08-14 12:16:45,Simpang 3,lane_3,4,0,0,0,4,0,0,2,11.764706
2026-08-14 12:16:47,Simpang 4,lane_3,3,0,0,2,1,0,0,0,8.823529
2026-08-14 12:16:47,Simpang 4,lane_1,2,1,0,0,1,0,1,0,6.060606
2026-08-14 12:16:47,Simpang 4,lane_2,10,0,0,1,9,0,0,0,30.30303
2026-08-14 12:16:50,Simpang 2,lane_2,2,0,0,2,0,0,0,0,6.060606
2026-08-14 12:16:50,Simpang 2,lane_1,1,0,0,0,1,0,0,0,3.030303
2026-08-14 12:16:51,Simpang 1,lane_2,2,0,0,2,0,0,0,0,6.060606
2026-08-14 12:16:51,Simpang 1,lane_3,1,0,0,1,0,0,0,0,2.941176
2026-08-14 12:16:52,Simpang 3,lane_2,4,0,0,4,0,0,0,0,12.121212
2026-08-14 12:16:52,Simpang 3,lane_3,4,0,0,0,4,0,0,2,11.764706
2026-08-14 12:16:55,Simpang 4,lane_3,3,0,0,2,1,0,0,0,8.823529
2026-08-14 12:16:55,Simpang 4,lane_1,4,0,0,0,3,0,1,0,12.121212
2026-08-14 12:16:55,Simpang 4,lane_2,10,0,0,1,9,0,0,0,30.30303
2026-08-14 12:16:57,Simpang 2,lane_2,2,0,0,2,0,0,0,0,6.060606
2026-08-14 12:16:57,Simpang 2,lane_1,1,0,0,0,1,0,0,0,3.030303
2026-08-14 12:16:59,Simpang 1,lane_2,2,0,0,2,0,0,0,0,6.060606
2026-08-14 12:16:59,Simpang 1,lane_3,1,0,0,1,0,0,0,0,2.941176
2026-08-14 12:16:59,Simpang 3,lane_2,4,0,0,4,0,0,0,0,12.121212
2026-08-14 12:16:59,Simpang 3,lane_3,5,0,0,0,5,0,0,2,14.705882
2026-08-14 12:17:01,Simpang 4,lane_3,3,0,0,2,1,0,0,0,8.823529
2026-08-14 12:17:01,Simpang 4,lane_1,1,1,0,0,0,0,1,0,3.030303
2026-08-14 12:17:01,Simpang 4,lane_2,10,0,0,1,9,0,0,0,30.30303
2026-08-14 12:17:05,Simpang 2,lane_2,2,0,0,2,0,0,0,0,6.060606
2026-08-14 12:17:05,Simpang 2,lane_1,1,0,0,0,1,0,0,0,3.030303
2026-08-14 12:17:06,Simpang 3,lane_2,4,0,0,4,0,0,0,0,12.121212
2026-08-14 12:17:06,Simpang 3,lane_3,5,0,0,0,5,0,0,2,14.705882
2026-08-14 12:17:06,Simpang 1,lane_2,3,0,0,3,0,0,0,0,9.090909
2026-08-14 12:17:06,Simpang 1,lane_3,1,0,0,1,0,0,0,0,2.941176
2026-08-14 12:17:09,Simpang 4,lane_3,3,0,0,2,1,0,0,0,8.823529
2026-08-14 12:17:09,Simpang 4,lane_1,1,1,0,0,0,0,1,0,3.030303
2026-08-14 12:17:09,Simpang 4,lane_2,10,0,0,1,9,0,0,0,30.30303
2026-08-14 12:17:12,Simpang 2,lane_2,2,0,0,2,0,0,0,0,6.060606
2026-08-14 12:17:12,Simpang 2,lane_1,1,0,0,0,1,0,0,0,3.030303
2026-08-14 12:17:12,Simpang 3,lane_2,4,0,0,4,0,0,0,0,12.121212
2026-08-14 12:17:12,Simpang 3,lane_3,5,0,0,0,5,0,0,2,14.705882
2026-08-14 12:17:13,Simpang 1,lane_2,3,0,0,3,0,0,0,0,9.090909
2026-08-14 12:17:13,Simpang 1,lane_3,1,0,0,1,0,0,0,0,2.941176
2026-08-14 12:17:15,Simpang 4,lane_3,4,0,0,2,1,0,1,0,11.764706
2026-08-14 12:17:15,Simpang 4,lane_2,10,0,0,1,9,0,0,0,30.30303
2026-08-14 12:17:19,Simpang 3,lane_2,4,0,0,4,0,0,0,0,12.121212
2026-08-14 12:17:19,Simpang 3,lane_3,4,0,0,0,4,0,0,2,11.764706
2026-08-14 12:17:19,Simpang 2,lane_2,2,0,0,2,0,0,0,0,6.060606
2026-08-14 12:17:19,Simpang 2,lane_1,1,0,0,0,1,0,0,0,3.030303
2026-08-14 12:17:21,Simpang 1,lane_2,3,0,0,3,0,0,0,0,9.090909
2026-08-14 12:17:21,Simpang 1,lane_3,1,0,0,1,0,0,0,0,2.941176
2026-08-14 12:17:21,Simpang 4,lane_3,6,0,0,3,3,0,0,0,17.647059
2026-08-14 12:17:21,Simpang 4,lane_2,11,0,0,1,10,0,0,0,33.333333
2026-08-14 12:17:25,Simpang 3,lane_2,4,0,0,4,0,0,0,0,12.121212
2026-08-14 12:17:25,Simpang 3,lane_3,4,0,0,0,4,0,0,2,11.764706
2026-08-14 12:17:26,Simpang 2,lane_2,2,0,0,2,0,0,0,0,6.060606
2026-08-14 12:17:26,Simpang 2,lane_1,1,0,0,0,1,0,0,0,3.030303
2026-08-14 12:17:28,Simpang 4,lane_3,5,0,0,2,3,0,0,0,14.705882
2026-08-14 12:17:28,Simpang 4,lane_2,12,0,0,1,11,0,0,0,36.363636
2026-08-14 12:17:28,Simpang 4,lane_1,1,0,0,1,0,0,0,0,3.030303
2026-08-14 12:17:28,Simpang 1,lane_2,3,0,0,3,0,0,0,0,9.090909
2026-08-14 12:17:28,Simpang 1,lane_3,1,0,0,1,0,0,0,0,2.941176
2026-08-14 12:17:32,Simpang 3,lane_2,4,0,0,4,0,0,0,0,12.121212
2026-08-14 12:17:32,Simpang 3,lane_3,4,0,0,0,4,0,0,2,11.764706
2026-08-14 12:17:33,Simpang 2,lane_2,2,0,0,2,0,0,0,0,6.060606
2026-08-14 12:17:33,Simpang 2,lane_1,1,0,0,0,1,0,0,0,3.030303
2026-08-14 12:17:34,Simpang 4,lane_3,5,0,0,2,3,0,0,0,14.705882
2026-08-14 12:17:34,Simpang 4,lane_2,15,0,0,1,14,0,0,0,45.454545
2026-08-14 12:17:34,Simpang 4,lane_1,1,0,0,1,0,0,0,0,3.030303
2026-08-14 12:17:35,Simpang 1,lane_2,3,0,0,3,0,0,0,0,9.090909
2026-08-14 12:17:35,Simpang 1,lane_3,1,0,0,1,0,0,0,0,2.941176
2026-08-14 12:17:38,Simpang 3,lane_2,4,0,0,4,0,0,0,0,12.121212
2026-08-14 12:17:38,Simpang 3,lane_3,4,0,0,0,4,0,0,2,11.764706
2026-08-14 12:17:40,Simpang 4,lane_3,5,0,0,2,3,0,0,0,14.705882
2026-08-14 12:17:40,Simpang 4,lane_2,11,0,0,1,10,0,0,0,33.333333
2026-08-14 12:17:40,Simpang 4,lane_1,1,0,0,1,0,0,0,0,3.030303
2026-08-14 12:17:40,Simpang 2,lane_2,2,0,0,2,0,0,0,0,6.060606
2026-08-14 12:17:40,Simpang 2,lane_1,1,0,0,0,1,0,0,0,3.030303
2026-08-14 12:17:42,Simpang 1,lane_2,3,0,0,3,0,0,0,0,9.090909
2026-08-14 12:17:42,Simpang 1,lane_3,1,0,0,1,0,0,0,0,2.941176
2026-08-14 12:17:46,Simpang 3,lane_2,3,0,0,3,0,0,0,0,9.090909
2026-08-14 12:17:46,Simpang 3,lane_3,4,0,0,0,4,0,0,2,11.764706
2026-08-14 12:17:49,Simpang 4,lane_3,5,0,0,2,2,0,1,0,14.705882
2026-08-14 12:17:49,Simpang 4,lane_2,11,0,0,1,10,0,0,0,33.333333
2026-08-14 12:17:49,Simpang 4,lane_1,1,0,0,1,0,0,0,0,3.030303
2026-08-14 12:17:49,Simpang 2,lane_2,2,0,0,2,0,0,0,0,6.060606
2026-08-14 12:17:49,Simpang 2,lane_1,1,0,0,0,1,0,0,0,3.030303
2026-08-14 12:17:51,Simpang 1,lane_2,3,0,0,3,0,0,0,0,9.090909
2026-08-14 12:17:51,Simpang 1,lane_3,1,0,0,1,0,0,0,0,2.941176
2026-08-14 12:17:54,Simpang 3,lane_2,3,0,0,3,0,0,0,0,9.090909
2026-08-14 12:17:54,Simpang 3,lane_3,4,0,0,0,4,0,0,2,11.764706
2026-08-14 12:17:56,Simpang 4,lane_3,4,0,0,3,1,0,0,0,11.764706
2026-08-14 12:17:56,Simpang 4,lane_2,10,0,0,1,9,0,0,0,30.30303
2026-08-14 12:17:56,Simpang 4,lane_1,3,0,0,1,2,0,0,0,9.090909
2026-08-14 12:17:57,Simpang 2,lane_2,2,0,0,2,0,0,0,0,6.060606
2026-08-14 12:17:57,Simpang 2,lane_1,1,0,0,0,1,0,0,0,3.030303
2026-08-14 12:17:59,Simpang 1,lane_2,3,0,0,3,0,0,0,0,9.090909
2026-08-14 12:17:59,Simpang 1,lane_3,1,0,0,1,0,0,0,0,2.941176
2026-08-14 12:18:01,Simpang 3,lane_2,3,0,0,3,0,0,0,0,9.090909
2026-08-14 12:18:01,Simpang 3,lane_3,4,0,0,0,4,0,0,2,11.764706
2026-08-14 12:18:03,Simpang 4,lane_3,3,0,0,2,0,0,1,0,8.823529
2026-08-14 12:18:03,Simpang 4,lane_2,13,0,0,1,12,0,0,0,39.393939
2026-08-14 12:18:03,Simpang 4,lane_1,3,0,0,1,2,0,0,0,9.090909
2026-08-14 12:18:05,Simpang 2,lane_2,2,0,0,2,0,0,0,0,6.060606
2026-08-14 12:18:05,Simpang 2,lane_1,1,0,0,0,1,0,0,0,3.030303
2026-08-14 12:18:07,Simpang 1,lane_2,3,0,0,3,0,0,0,0,9.090909
2026-08-14 12:18:07,Simpang 1,lane_3,1,0,0,1,0,0,0,0,2.941176
2026-08-14 12:18:09,Simpang 3,lane_2,3,0,0,3,0,0,0,0,9.090909
2026-08-14 12:18:09,Simpang 3,lane_3,4,0,0,0,4,0,0,2,11.764706
2026-08-14 12:18:13,Simpang 4,lane_3,3,1,0,2,0,0,1,0,8.823529
2026-08-14 12:18:13,Simpang 4,lane_2,14,0,0,1,13,0,0,0,42.424242
2026-08-14 12:18:13,Simpang 4,lane_1,3,0,0,1,2,0,0,0,9.090909
2026-08-14 12:18:16,Simpang 2,lane_2,2,0,0,2,0,0,0,0,6.060606
2026-08-14 12:18:16,Simpang 2,lane_1,1,0,0,0,1,0,0,0,3.030303
2026-08-14 12:18:18,Simpang 1,lane_2,3,0,0,3,0,0,0,0,9.090909
2026-08-14 12:18:18,Simpang 1,lane_3,1,0,0,1,0,0,0,0,2.941176
2026-08-14 12:18:20,Simpang 3,lane_2,3,0,0,3,0,0,0,0,9.090909
2026-08-14 12:18:20,Simpang 3,lane_3,4,0,0,0,4,0,0,2,11.764706
2026-08-14 12:18:20,Simpang 4,lane_3,3,1,0,3,0,0,0,0,8.823529
2026-08-14 12:18:20,Simpang 4,lane_2,11,0,0,1,10,0,0,0,33.333333
2026-08-14 12:18:20,Simpang 4,lane_1,4,0,0,1,3,0,0,0,12.121212
2026-08-14 12:18:21,Simpang 2,lane_2,2,0,0,2,0,0,0,0,6.060606
2026-08-14 12:18:21,Simpang 2,lane_1,1,0,0,0,1,0,0,0,3.030303
2026-08-14 12:18:21,Simpang 1,lane_2,3,0,0,3,0,0,0,0,9.090909
2026-08-14 12:18:21,Simpang 1,lane_3,1,0,0,1,0,0,0,0,2.941176
2026-08-14 12:18:21,Simpang 3,lane_2,4,0,0,4,0,0,0,0,12.121212
2026-08-14 12:18:21,Simpang 3,lane_3,4,0,0,0,4,0,0,2,11.764706
2026-08-14 12:18:22,Simpang 4,lane_3,3,1,0,3,0,0,0,0,8.823529
2026-08-14 12:18:22,Simpang 4,lane_2,12,0,0,1,11,0,0,0,36.363636
2026-08-14 12:18:22,Simpang 4,lane_1,4,0,0,1,3,0,0,0,12.121212
2026-08-14 12:18:23,Simpang 2,lane_2,2,0,0,2,0,0,0,0,6.060606
2026-08-14 12:18:23,Simpang 2,lane_1,1,0,0,0,1,0,0,0,3.030303
2026-08-14 12:18:23,Simpang 3,lane_2,4,0,0,4,0,0,0,0,12.121212
2026-08-14 12:18:23,Simpang 3,lane_3,4,0,0,0,4,0,0,2,11.764706
2026-08-14 12:18:23,Simpang 1,lane_2,3,0,0,3,0,0,0,0,9.090909
2026-08-14 12:18:23,Simpang 1,lane_3,1,0,0,1,0,0,0,0,2.941176
2026-08-14 12:18:24,Simpang 4,lane_3,3,1,0,2,1,0,0,0,8.823529
2026-08-14 12:18:24,Simpang 4,lane_2,13,0,0,1,12,0,0,0,39.393939
2026-08-14 12:18:24,Simpang 4,lane_1,4,0,0,1,3,0,0,0,12.121212
2026-08-14 12:18:25,Simpang 3,lane_2,4,0,0,4,0,0,0,0,12.121212
2026-08-14 12:18:25,Simpang 3,lane_3,4,0,0,0,4,0,0,2,11.764706
2026-08-14 12:18:25,Simpang 2,lane_2,2,0,0,2,0,0,0,0,6.060606
2026-08-14 12:18:25,Simpang 2,lane_1,1,0,0,0,1,0,0,0,3.030303
2026-08-14 12:18:25,Simpang 1,lane_2,3,0,0,3,0,0,0,0,9.090909
2026-08-14 12:18:25,Simpang 1,lane_3,1,0,0,1,0,0,0,0,2.941176
2026-08-14 12:18:26,Simpang 4,lane_3,4,0,0,3,1,0,0,0,11.764706
2026-08-14 12:18:26,Simpang 4,lane_2,13,0,0,1,12,0,0,0,39.393939
2026-08-14 12:18:26,Simpang 4,lane_1,3,0,0,1,2,0,0,0,9.090909
2026-08-14 12:18:27,Simpang 3,lane_2,4,0,0,4,0,0,0,0,12.121212
2026-08-14 12:18:27,Simpang 3,lane_3,4,0,0,0,4,0,0,2,11.764706
2026-08-14 12:18:27,Simpang 2,lane_2,2,0,0,2,0,0,0,0,6.060606
2026-08-14 12:18:27,Simpang 2,lane_1,1,0,0,0,1,0,0,0,3.030303
2026-08-14 12:18:28,Simpang 1,lane_2,3,0,0,3,0,0,0,0,9.090909
2026-08-14 12:18:28,Simpang 1,lane_3,1,0,0,1,0,0,0,0,2.941176
2026-08-14 12:18:28,Simpang 4,lane_3,3,1,0,2,1,0,0,0,8.823529
2026-08-14 12:18:28,Simpang 4,lane_2,10,1,0,1,9,0,0,0,30.30303
2026-08-14 12:18:28,Simpang 4,lane_1,4,0,0,1,3,0,0,0,12.121212
2026-08-14 12:18:29,Simpang 3,lane_2,3,0,0,3,0,0,0,0,9.090909
2026-08-14 12:18:29,Simpang 3,lane_3,3,0,0,0,3,0,0,2,8.823529
2026-08-14 12:18:30,Simpang 2,lane_2,2,0,0,2,0,0,0,0,6.060606
2026-08-14 12:18:30,Simpang 2,lane_1,1,0,0,0,1,0,0,0,3.030303
2026-08-14 12:18:30,Simpang 4,lane_3,2,2,0,2,0,0,0,0,5.882353
2026-08-14 12:18:30,Simpang 4,lane_2,11,1,0,1,10,0,0,0,33.333333
2026-08-14 12:18:30,Simpang 4,lane_1,4,1,0,1,3,0,0,0,12.121212
2026-08-14 12:18:30,Simpang 1,lane_2,3,0,0,3,0,0,0,0,9.090909
2026-08-14 12:18:30,Simpang 1,lane_3,1,0,0,1,0,0,0,0,2.941176
2026-08-14 12:18:31,Simpang 3,lane_2,4,0,0,4,0,0,0,0,12.121212
2026-08-14 12:18:31,Simpang 3,lane_3,3,0,0,0,3,0,0,2,8.823529
2026-08-14 12:18:32,Simpang 4,lane_3,3,2,0,3,0,0,0,0,8.823529
2026-08-14 12:18:32,Simpang 4,lane_2,12,0,0,1,11,0,0,0,36.363636
2026-08-14 12:18:32,Simpang 4,lane_1,6,0,0,1,5,0,0,0,18.181818
2026-08-14 12:18:32,Simpang 2,lane_2,2,0,0,2,0,0,0,0,6.060606
2026-08-14 12:18:32,Simpang 2,lane_1,1,0,0,0,1,0,0,0,3.030303
2026-08-14 12:18:32,Simpang 1,lane_2,3,0,0,3,0,0,0,0,9.090909
2026-08-14 12:18:32,Simpang 1,lane_3,1,0,0,1,0,0,0,0,2.941176
2026-08-14 12:18:33,Simpang 3,lane_2,4,0,0,4,0,0,0,0,12.121212
2026-08-14 12:18:33,Simpang 3,lane_3,3,0,0,0,3,0,0,2,8.823529
2026-08-14 12:18:34,Simpang 4,lane_3,2,1,0,2,0,0,0,0,5.882353
2026-08-14 12:18:34,Simpang 4,lane_2,11,1,0,1,10,0,0,0,33.333333
2026-08-14 12:18:34,Simpang 4,lane_1,4,1,0,1,3,0,0,0,12.121212
2026-08-14 12:18:34,Simpang 2,lane_2,2,0,0,2,0,0,0,0,6.060606
2026-08-14 12:18:34,Simpang 2,lane_1,1,0,0,0,1,0,0,0,3.030303
2026-08-14 12:18:34,Simpang 1,lane_2,3,0,0,3,0,0,0,0,9.090909
2026-08-14 12:18:34,Simpang 1,lane_3,1,0,0,1,0,0,0,0,2.941176
2026-08-14 12:18:38,Simpang 3,lane_2,3,0,0,3,0,0,0,0,9.090909
2026-08-14 12:18:38,Simpang 3,lane_3,3,0,0,0,3,0,0,2,8.823529
2026-08-14 12:18:41,Simpang 4,lane_3,2,1,0,2,0,0,0,0,5.882353
2026-08-14 12:18:41,Simpang 4,lane_2,9,0,0,1,8,0,0,0,27.272727
2026-08-14 12:18:41,Simpang 4,lane_1,4,2,0,1,3,0,0,0,12.121212
2026-08-14 12:18:43,Simpang 2,lane_2,2,0,0,2,0,0,0,0,6.060606
2026-08-14 12:18:43,Simpang 2,lane_1,1,0,0,0,1,0,0,0,3.030303
2026-08-14 12:18:44,Simpang 1,lane_2,3,0,0,3,0,0,0,0,9.090909
2026-08-14 12:18:44,Simpang 1,lane_3,1,0,0,1,0,0,0,0,2.941176
2026-08-14 12:18:45,Simpang 3,lane_2,3,0,0,3,0,0,0,0,9.090909
2026-08-14 12:18:45,Simpang 3,lane_3,3,0,0,0,3,0,0,2,8.823529
2026-08-14 12:18:48,Simpang 4,lane_3,1,2,0,1,0,0,0,0,2.941176
2026-08-14 12:18:48,Simpang 4,lane_2,10,0,0,1,9,0,0,0,30.30303
2026-08-14 12:18:48,Simpang 4,lane_1,2,3,0,1,0,0,1,0,6.060606
2026-08-14 12:18:50,Simpang 2,lane_2,2,0,0,2,0,0,0,0,6.060606
2026-08-14 12:18:50,Simpang 2,lane_1,1,0,0,0,1,0,0,0,3.030303
2026-08-14 12:18:50,Simpang 1,lane_2,3,0,0,3,0,0,0,0,9.090909
2026-08-14 12:18:50,Simpang 1,lane_3,1,0,0,1,0,0,0,0,2.941176
2026-08-14 12:18:52,Simpang 3,lane_2,3,0,0,3,0,0,0,0,9.090909
2026-08-14 12:18:52,Simpang 3,lane_3,3,0,0,0,3,0,0,2,8.823529
2026-08-14 12:18:55,Simpang 4,lane_3,4,1,0,2,2,0,0,0,11.764706
2026-08-14 12:18:55,Simpang 4,lane_2,8,1,1,1,7,0,0,0,24.242424
2026-08-14 12:18:55,Simpang 4,lane_1,2,4,0,1,0,1,0,0,6.060606
2026-08-14 12:18:57,Simpang 1,lane_2,3,0,0,3,0,0,0,0,9.090909
2026-08-14 12:18:57,Simpang 1,lane_3,1,0,0,1,0,0,0,0,2.941176
2026-08-14 12:18:57,Simpang 2,lane_2,2,0,0,2,0,0,0,0,6.060606
2026-08-14 12:18:57,Simpang 2,lane_1,1,0,0,0,1,0,0,0,3.030303
2026-08-14 12:18:58,Simpang 3,lane_2,4,0,0,4,0,0,0,0,12.121212
2026-08-14 12:18:58,Simpang 3,lane_3,3,0,0,0,3,0,0,2,8.823529
2026-08-14 12:19:01,Simpang 4,lane_3,4,1,0,2,2,0,0,0,11.764706
2026-08-14 12:19:01,Simpang 4,lane_2,8,1,0,1,7,0,0,0,24.242424
2026-08-14 12:19:01,Simpang 4,lane_1,2,2,0,1,0,1,0,0,6.060606
2026-08-14 12:19:04,Simpang 1,lane_2,3,0,0,3,0,0,0,0,9.090909
2026-08-14 12:19:04,Simpang 1,lane_3,1,0,0,1,0,0,0,0,2.941176
2026-08-14 12:19:04,Simpang 2,lane_2,2,0,0,2,0,0,0,0,6.060606
2026-08-14 12:19:04,Simpang 2,lane_1,1,0,0,0,1,0,0,0,3.030303
2026-08-14 12:19:06,Simpang 3,lane_2,4,0,0,4,0,0,0,0,12.121212
2026-08-14 12:19:06,Simpang 3,lane_3,3,0,0,0,3,0,0,2,8.823529
2026-08-14 12:19:08,Simpang 4,lane_3,2,2,0,2,0,0,0,0,5.882353
2026-08-14 12:19:08,Simpang 4,lane_2,8,1,0,1,7,0,0,0,24.242424
2026-08-14 12:19:08,Simpang 4,lane_1,2,3,0,1,0,1,0,0,6.060606
2026-08-14 12:19:11,Simpang 2,lane_2,2,0,0,2,0,0,0,0,6.060606
2026-08-14 12:19:11,Simpang 2,lane_1,1,0,0,0,1,0,0,0,3.030303
2026-08-14 12:19:11,Simpang 1,lane_2,3,0,0,3,0,0,0,0,9.090909
2026-08-14 12:19:11,Simpang 1,lane_3,1,0,0,1,0,0,0,0,2.941176
2026-08-14 12:19:12,Simpang 3,lane_2,5,0,0,5,0,0,0,0,15.151515
2026-08-14 12:19:12,Simpang 3,lane_3,3,0,0,0,3,0,0,2,8.823529
2026-08-14 12:19:15,Simpang 4,lane_2,7,2,1,2,5,0,0,0,21.212121
2026-08-14 12:19:15,Simpang 4,lane_1,4,2,0,1,2,0,1,0,12.121212
2026-08-14 12:19:15,Simpang 4,lane_3,3,0,0,1,2,0,0,0,8.823529
2026-08-14 12:19:18,Simpang 3,lane_2,5,0,0,5,0,0,0,0,15.151515
2026-08-14 12:19:18,Simpang 3,lane_3,3,0,0,0,3,0,0,2,8.823529
2026-08-14 12:19:18,Simpang 2,lane_2,2,0,0,2,0,0,0,0,6.060606
2026-08-14 12:19:18,Simpang 2,lane_1,1,0,0,0,1,0,0,0,3.030303
2026-08-14 12:19:19,Simpang 1,lane_2,3,0,0,3,0,0,0,0,9.090909
2026-08-14 12:19:19,Simpang 1,lane_3,1,0,0,1,0,0,0,0,2.941176
2026-08-14 12:19:22,Simpang 4,lane_2,7,3,1,2,5,0,0,0,21.212121
2026-08-14 12:19:22,Simpang 4,lane_1,4,3,0,1,2,0,1,0,12.121212
2026-08-14 12:19:22,Simpang 4,lane_3,3,0,0,1,2,0,0,0,8.823529
2026-08-14 12:19:25,Simpang 3,lane_2,5,0,0,5,0,0,0,0,15.151515
2026-08-14 12:19:25,Simpang 3,lane_3,3,0,0,0,3,0,0,2,8.823529
2026-08-14 12:19:26,Simpang 2,lane_2,2,0,0,2,0,0,0,0,6.060606
2026-08-14 12:19:26,Simpang 2,lane_1,1,0,0,0,1,0,0,0,3.030303
2026-08-14 12:19:26,Simpang 1,lane_2,3,0,0,3,0,0,0,0,9.090909
2026-08-14 12:19:26,Simpang 1,lane_3,1,0,0,1,0,0,0,0,2.941176
2026-08-14 12:19:29,Simpang 4,lane_2,5,3,1,2,3,0,0,0,15.151515
2026-08-14 12:19:29,Simpang 4,lane_1,4,1,0,1,2,1,0,0,12.121212
2026-08-14 12:19:29,Simpang 4,lane_3,3,0,0,1,2,0,0,0,8.823529
2026-08-14 12:19:32,Simpang 3,lane_2,4,0,0,4,0,0,0,0,12.121212
2026-08-14 12:19:32,Simpang 3,lane_3,3,0,0,0,3,0,0,2,8.823529
2026-08-14 12:19:34,Simpang 2,lane_2,2,0,0,2,0,0,0,0,6.060606
2026-08-14 12:19:34,Simpang 2,lane_1,1,0,0,0,1,0,0,0,3.030303
2026-08-14 12:19:35,Simpang 1,lane_2,3,0,0,3,0,0,0,0,9.090909
2026-08-14 12:19:35,Simpang 1,lane_3,1,0,0,1,0,0,0,0,2.941176
2026-08-14 12:19:37,Simpang 4,lane_2,5,3,1,2,3,0,0,0,15.151515
2026-08-14 12:19:37,Simpang 4,lane_1,4,2,0,1,2,1,0,0,12.121212
2026-08-14 12:19:37,Simpang 4,lane_3,3,0,0,0,2,1,0,0,8.823529
2026-08-14 12:19:40,Simpang 3,lane_2,4,0,0,4,0,0,0,0,12.121212
2026-08-14 12:19:40,Simpang 3,lane_3,3,0,0,0,3,0,0,2,8.823529
2026-08-14 12:19:42,Simpang 2,lane_2,2,0,0,2,0,0,0,0,6.060606
2026-08-14 12:19:42,Simpang 2,lane_1,1,0,0,0,1,0,0,0,3.030303
2026-08-14 12:19:44,Simpang 1,lane_2,3,0,0,3,0,0,0,0,9.090909
2026-08-14 12:19:44,Simpang 1,lane_3,1,0,0,1,0,0,0,0,2.941176
2026-08-14 12:19:44,Simpang 4,lane_2,5,2,1,2,3,0,0,0,15.151515
2026-08-14 12:19:44,Simpang 4,lane_1,4,0,0,1,2,1,0,0,12.121212
2026-08-14 12:19:44,Simpang 4,lane_3,1,1,0,0,0,1,0,0,2.941176
2026-08-14 12:19:48,Simpang 3,lane_2,4,0,0,4,0,0,0,0,12.121212
2026-08-14 12:19:48,Simpang 3,lane_3,3,0,0,0,3,0,0,2,8.823529
2026-08-14 12:19:50,Simpang 2,lane_2,2,0,0,2,0,0,0,0,6.060606
2026-08-14 12:19:50,Simpang 2,lane_1,1,0,0,0,1,0,0,0,3.030303
2026-08-14 12:19:51,Simpang 4,lane_2,7,1,1,2,5,0,0,0,21.212121
2026-08-14 12:19:51,Simpang 4,lane_1,7,0,0,1,4,1,1,0,21.212121
2026-08-14 12:19:51,Simpang 4,lane_3,3,0,0,0,2,1,0,0,8.823529
2026-08-14 12:19:51,Simpang 1,lane_2,3,0,0,3,0,0,0,0,9.090909
2026-08-14 12:19:51,Simpang 1,lane_3,1,0,0,1,0,0,0,0,2.941176
2026-08-14 12:19:55,Simpang 3,lane_2,4,0,0,4,0,0,0,0,12.121212
2026-08-14 12:19:55,Simpang 3,lane_3,3,0,0,0,3,0,0,2,8.823529
2026-08-14 12:19:58,Simpang 4,lane_2,7,1,1,2,5,0,0,0,21.212121
2026-08-14 12:19:58,Simpang 4,lane_1,2,2,1,1,0,1,0,0,6.060606
2026-08-14 12:19:58,Simpang 4,lane_3,1,1,0,0,0,1,0,0,2.941176
2026-08-14 12:19:58,Simpang 2,lane_2,2,0,0,2,0,0,0,0,6.060606
2026-08-14 12:19:58,Simpang 2,lane_1,1,0,0,0,1,0,0,0,3.030303
2026-08-14 12:19:59,Simpang 1,lane_2,3,0,0,3,0,0,0,0,9.090909
2026-08-14 12:19:59,Simpang 1,lane_3,1,0,0,1,0,0,0,0,2.941176
2026-08-14 12:20:02,Simpang 3,lane_2,3,0,0,3,0,0,0,0,9.090909
2026-08-14 12:20:02,Simpang 3,lane_3,3,0,0,0,3,0,0,2,8.823529
2026-08-14 12:20:04,Simpang 4,lane_2,9,1,1,2,7,0,0,0,27.272727
2026-08-14 12:20:04,Simpang 4,lane_1,2,2,1,1,0,1,0,0,6.060606
2026-08-14 12:20:04,Simpang 4,lane_3,3,0,0,0,2,1,0,0,8.823529
2026-08-14 12:20:05,Simpang 2,lane_2,2,0,0,2,0,0,0,0,6.060606
2026-08-14 12:20:05,Simpang 2,lane_1,1,0,0,0,1,0,0,0,3.030303
2026-08-14 12:20:06,Simpang 1,lane_2,3,0,0,3,0,0,0,0,9.090909
2026-08-14 12:20:06,Simpang 1,lane_3,1,0,0,1,0,0,0,0,2.941176
2026-08-14 12:20:09,Simpang 3,lane_2,3,0,0,3,0,0,0,0,9.090909
2026-08-14 12:20:09,Simpang 3,lane_3,3,0,0,0,3,0,0,2,8.823529
2026-08-14 12:20:12,Simpang 4,lane_2,6,1,0,2,4,0,0,0,18.181818
2026-08-14 12:20:12,Simpang 4,lane_1,4,0,0,1,2,1,0,0,12.121212
2026-08-14 12:20:12,Simpang 4,lane_3,3,1,0,2,0,1,0,0,8.823529
2026-08-14 12:20:13,Simpang 2,lane_2,2,0,0,2,0,0,0,0,6.060606
2026-08-14 12:20:13,Simpang 2,lane_1,1,0,0,0,1,0,0,0,3.030303
2026-08-14 12:20:14,Simpang 1,lane_2,3,0,0,3,0,0,0,0,9.090909
2026-08-14 12:20:14,Simpang 1,lane_3,1,0,0,1,0,0,0,0,2.941176
2026-08-14 12:20:16,Simpang 3,lane_2,3,0,0,3,0,0,0,0,9.090909
2026-08-14 12:20:16,Simpang 3,lane_3,3,0,0,0,3,0,0,2,8.823529
2026-08-14 12:20:19,Simpang 4,lane_2,10,0,0,2,8,0,0,0,30.30303
2026-08-14 12:20:19,Simpang 4,lane_1,5,0,0,1,3,1,0,0,15.151515
2026-08-14 12:20:19,Simpang 4,lane_3,3,1,0,2,0,1,0,0,8.823529
2026-08-14 12:20:21,Simpang 2,lane_2,2,0,0,2,0,0,0,0,6.060606
2026-08-14 12:20:21,Simpang 2,lane_1,1,0,0,0,1,0,0,0,3.030303
2026-08-14 12:20:23,Simpang 1,lane_2,3,0,0,3,0,0,0,0,9.090909
2026-08-14 12:20:23,Simpang 1,lane_3,1,0,0,1,0,0,0,0,2.941176
2026-08-14 12:20:26,Simpang 3,lane_2,3,0,0,3,0,0,0,0,9.090909
2026-08-14 12:20:26,Simpang 3,lane_3,3,0,0,0,3,0,0,2,8.823529
2026-08-14 12:20:29,Simpang 4,lane_2,6,1,1,2,4,0,0,0,18.181818
2026-08-14 12:20:29,Simpang 4,lane_1,3,0,0,1,1,1,0,0,9.090909
2026-08-14 12:20:29,Simpang 4,lane_3,5,0,0,2,2,1,0,0,14.705882
2026-08-14 12:20:31,Simpang 2,lane_2,2,0,0,2,0,0,0,0,6.060606
2026-08-14 12:20:31,Simpang 2,lane_1,1,0,0,0,1,0,0,0,3.030303
2026-08-14 12:20:32,Simpang 1,lane_2,3,0,0,3,0,0,0,0,9.090909
2026-08-14 12:20:32,Simpang 1,lane_3,1,0,0,1,0,0,0,0,2.941176
2026-08-14 12:20:34,Simpang 3,lane_2,3,0,0,3,0,0,0,0,9.090909
2026-08-14 12:20:34,Simpang 3,lane_3,3,0,0,0,3,0,0,2,8.823529
2026-08-14 12:20:37,Simpang 4,lane_2,8,1,1,2,6,0,0,0,24.242424
2026-08-14 12:20:37,Simpang 4,lane_1,5,0,0,1,3,1,0,0,15.151515
2026-08-14 12:20:37,Simpang 4,lane_3,6,0,0,2,3,1,0,0,17.647059
2026-08-14 12:20:39,Simpang 2,lane_2,2,0,0,2,0,0,0,0,6.060606
2026-08-14 12:20:39,Simpang 2,lane_1,1,0,0,0,1,0,0,0,3.030303
2026-08-14 12:20:40,Simpang 1,lane_2,3,0,0,3,0,0,0,0,9.090909
2026-08-14 12:20:40,Simpang 1,lane_3,1,0,0,1,0,0,0,0,2.941176
2026-08-14 12:20:41,Simpang 3,lane_2,3,0,0,3,0,0,0,0,9.090909
2026-08-14 12:20:41,Simpang 3,lane_3,3,0,0,0,3,0,0,2,8.823529
2026-08-14 12:20:45,Simpang 4,lane_2,8,0,0,2,6,0,0,0,24.242424
2026-08-14 12:20:45,Simpang 4,lane_1,4,0,0,1,2,1,0,0,12.121212
2026-08-14 12:20:45,Simpang 4,lane_3,5,0,0,2,2,1,0,0,14.705882
2026-08-14 12:20:48,Simpang 2,lane_2,2,0,0,2,0,0,0,0,6.060606
2026-08-14 12:20:48,Simpang 2,lane_1,1,0,0,0,1,0,0,0,3.030303
2026-08-14 12:20:48,Simpang 1,lane_2,3,0,0,3,0,0,0,0,9.090909
2026-08-14 12:20:48,Simpang 1,lane_3,1,0,0,1,0,0,0,0,2.941176
2026-08-14 12:20:48,Simpang 3,lane_2,3,0,0,3,0,0,0,0,9.090909
2026-08-14 12:20:48,Simpang 3,lane_3,3,0,0,0,3,0,0,2,8.823529
2026-08-14 12:20:52,Simpang 4,lane_2,8,0,0,2,6,0,0,0,24.242424
2026-08-14 12:20:52,Simpang 4,lane_1,4,0,0,1,2,1,0,0,12.121212
2026-08-14 12:20:52,Simpang 4,lane_3,4,0,0,1,2,1,0,0,11.764706
2026-08-14 12:20:55,Simpang 2,lane_2,2,0,0,2,0,0,0,0,6.060606
2026-08-14 12:20:55,Simpang 2,lane_1,1,0,0,0,1,0,0,0,3.030303
2026-08-14 12:20:55,Simpang 3,lane_2,3,0,0,3,0,0,0,0,9.090909
2026-08-14 12:20:55,Simpang 3,lane_3,3,0,0,0,3,0,0,2,8.823529
2026-08-14 12:20:55,Simpang 1,lane_2,3,0,0,3,0,0,0,0,9.090909
2026-08-14 12:20:55,Simpang 1,lane_3,1,0,0,1,0,0,0,0,2.941176
2026-08-14 12:20:58,Simpang 4,lane_2,9,0,0,2,7,0,0,0,27.272727
2026-08-14 12:20:58,Simpang 4,lane_1,4,0,0,1,2,1,0,0,12.121212
2026-08-14 12:20:58,Simpang 4,lane_3,3,0,0,1,1,1,0,0,8.823529
2026-08-14 12:21:02,Simpang 3,lane_2,3,0,0,3,0,0,0,0,9.090909
2026-08-14 12:21:02,Simpang 3,lane_3,3,0,0,0,3,0,0,2,8.823529
2026-08-14 12:21:02,Simpang 2,lane_2,2,0,0,2,0,0,0,0,6.060606
2026-08-14 12:21:02,Simpang 2,lane_1,1,0,0,0,1,0,0,0,3.030303
2026-08-14 12:21:02,Simpang 1,lane_2,3,0,0,3,0,0,0,0,9.090909
2026-08-14 12:21:02,Simpang 1,lane_3,1,0,0,1,0,0,0,0,2.941176
2026-08-14 12:21:05,Simpang 4,lane_2,10,0,0,2,8,0,0,0,30.30303
2026-08-14 12:21:05,Simpang 4,lane_1,4,0,0,1,2,1,0,0,12.121212
2026-08-14 12:21:05,Simpang 4,lane_3,2,0,0,1,0,1,0,0,5.882353
2026-08-14 12:21:08,Simpang 3,lane_2,3,0,0,3,0,0,0,0,9.090909
2026-08-14 12:21:08,Simpang 3,lane_3,3,0,0,0,3,0,0,2,8.823529
2026-08-14 12:21:09,Simpang 2,lane_2,2,0,0,2,0,0,0,0,6.060606
2026-08-14 12:21:09,Simpang 2,lane_1,1,0,0,0,1,0,0,0,3.030303
2026-08-14 12:21:10,Simpang 1,lane_2,3,0,0,3,0,0,0,0,9.090909
2026-08-14 12:21:10,Simpang 1,lane_3,1,0,0,1,0,0,0,0,2.941176
2026-08-14 12:21:12,Simpang 4,lane_2,7,1,0,2,5,0,0,0,21.212121
2026-08-14 12:21:12,Simpang 4,lane_1,2,2,0,1,0,1,0,0,6.060606
2026-08-14 12:21:12,Simpang 4,lane_3,3,0,0,2,0,1,0,0,8.823529
2026-08-14 12:21:15,Simpang 3,lane_2,3,0,0,3,0,0,0,0,9.090909
2026-08-14 12:21:15,Simpang 3,lane_3,3,0,0,0,3,0,0,2,8.823529
2026-08-14 12:21:17,Simpang 2,lane_2,2,0,0,2,0,0,0,0,6.060606
2026-08-14 12:21:17,Simpang 2,lane_1,1,0,0,0,1,0,0,0,3.030303
2026-08-14 12:21:17,Simpang 1,lane_2,3,0,0,3,0,0,0,0,9.090909
2026-08-14 12:21:17,Simpang 1,lane_3,1,0,0,1,0,0,0,0,2.941176
2026-08-14 12:21:19,Simpang 4,lane_2,8,1,0,2,6,0,0,0,24.242424
2026-08-14 12:21:19,Simpang 4,lane_1,2,2,0,1,0,1,0,0,6.060606
2026-08-14 12:21:19,Simpang 4,lane_3,3,0,0,2,0,1,0,0,8.823529
2026-08-14 12:21:22,Simpang 3,lane_2,3,0,0,3,0,0,0,0,9.090909
2026-08-14 12:21:22,Simpang 3,lane_3,3,0,0,0,3,0,0,2,8.823529
2026-08-14 12:21:24,Simpang 1,lane_2,3,0,0,3,0,0,0,0,9.090909
2026-08-14 12:21:24,Simpang 1,lane_3,1,0,0,1,0,0,0,0,2.941176
2026-08-14 12:21:24,Simpang 2,lane_2,2,0,0,2,0,0,0,0,6.060606
2026-08-14 12:21:24,Simpang 2,lane_1,1,0,0,0,1,0,0,0,3.030303
2026-08-14 12:21:25,Simpang 4,lane_2,8,0,0,2,6,0,0,0,24.242424
2026-08-14 12:21:25,Simpang 4,lane_1,4,1,0,1,2,1,0,0,12.121212
2026-08-14 12:21:25,Simpang 4,lane_3,2,0,0,1,0,1,0,0,5.882353
2026-08-14 12:21:29,Simpang 3,lane_2,3,0,0,3,0,0,0,0,9.090909
2026-08-14 12:21:29,Simpang 3,lane_3,3,0,0,0,3,0,0,2,8.823529
2026-08-14 12:21:32,Simpang 4,lane_2,9,0,0,2,7,0,0,0,27.272727
2026-08-14 12:21:32,Simpang 4,lane_1,2,1,0,1,0,1,0,0,6.060606
2026-08-14 12:21:32,Simpang 4,lane_3,3,0,0,2,0,1,0,0,8.823529
2026-08-14 12:21:32,Simpang 1,lane_2,3,0,0,3,0,0,0,0,9.090909
2026-08-14 12:21:32,Simpang 1,lane_3,1,0,0,1,0,0,0,0,2.941176
2026-08-14 12:21:32,Simpang 2,lane_2,2,0,0,2,0,0,0,0,6.060606
2026-08-14 12:21:32,Simpang 2,lane_1,1,0,0,0,1,0,0,0,3.030303
2026-08-14 12:21:35,Simpang 3,lane_2,4,0,0,4,0,0,0,0,12.121212
2026-08-14 12:21:35,Simpang 3,lane_3,3,0,0,0,3,0,0,2,8.823529
2026-08-14 12:21:38,Simpang 4,lane_2,8,0,0,2,6,0,0,0,24.242424
2026-08-14 12:21:38,Simpang 4,lane_1,2,1,0,1,0,1,0,0,6.060606
2026-08-14 12:21:38,Simpang 4,lane_3,2,0,0,1,0,1,0,0,5.882353
2026-08-14 12:21:38,Simpang 1,lane_2,3,0,0,3,0,0,0,0,9.090909
2026-08-14 12:21:38,Simpang 1,lane_3,1,0,0,1,0,0,0,0,2.941176
2026-08-14 12:21:39,Simpang 2,lane_2,2,0,0,2,0,0,0,0,6.060606
2026-08-14 12:21:39,Simpang 2,lane_1,1,0,0,0,1,0,0,0,3.030303
2026-08-14 12:21:43,Simpang 3,lane_2,4,0,0,4,0,0,0,0,12.121212
2026-08-14 12:21:43,Simpang 3,lane_3,3,0,0,0,3,0,0,2,8.823529
2026-08-14 12:21:45,Simpang 4,lane_2,9,0,0,2,7,0,0,0,27.272727
2026-08-14 12:21:45,Simpang 4,lane_1,3,1,0,1,0,1,1,0,9.090909
2026-08-14 12:21:45,Simpang 4,lane_3,2,0,0,1,0,1,0,0,5.882353
2026-08-14 12:21:46,Simpang 1,lane_2,3,0,0,3,0,0,0,0,9.090909
2026-08-14 12:21:46,Simpang 1,lane_3,1,0,0,1,0,0,0,0,2.941176
2026-08-14 12:21:46,Simpang 2,lane_2,2,0,0,2,0,0,0,0,6.060606
2026-08-14 12:21:46,Simpang 2,lane_1,1,0,0,0,1,0,0,0,3.030303
2026-08-14 12:21:49,Simpang 3,lane_2,4,0,0,4,0,0,0,0,12.121212
2026-08-14 12:21:49,Simpang 3,lane_3,3,0,0,0,3,0,0,2,8.823529
2026-08-14 12:21:52,Simpang 4,lane_2,9,0,0,2,7,0,0,0,27.272727
2026-08-14 12:21:52,Simpang 4,lane_1,2,1,0,1,0,1,0,0,6.060606
2026-08-14 12:21:52,Simpang 4,lane_3,3,0,0,2,0,1,0,0,8.823529
2026-08-14 12:21:53,Simpang 2,lane_2,2,0,0,2,0,0,0,0,6.060606
2026-08-14 12:21:53,Simpang 2,lane_1,1,0,0,0,1,0,0,0,3.030303
2026-08-14 12:21:53,Simpang 1,lane_2,3,0,0,3,0,0,0,0,9.090909
2026-08-14 12:21:53,Simpang 1,lane_3,1,0,0,1,0,0,0,0,2.941176
2026-08-14 12:21:56,Simpang 3,lane_2,4,0,0,4,0,0,0,0,12.121212
2026-08-14 12:21:56,Simpang 3,lane_3,3,0,0,0,3,0,0,2,8.823529
2026-08-14 12:21:59,Simpang 4,lane_2,9,0,0,2,7,0,0,0,27.272727
2026-08-14 12:21:59,Simpang 4,lane_1,2,1,0,1,0,1,0,0,6.060606
2026-08-14 12:21:59,Simpang 4,lane_3,3,0,0,2,0,1,0,0,8.823529
2026-08-14 12:22:00,Simpang 2,lane_2,2,0,0,2,0,0,0,0,6.060606
2026-08-14 12:22:00,Simpang 2,lane_1,1,0,0,0,1,0,0,0,3.030303
2026-08-14 12:22:00,Simpang 1,lane_2,3,0,0,3,0,0,0,0,9.090909
2026-08-14 12:22:00,Simpang 1,lane_3,1,0,0,1,0,0,0,0,2.941176
2026-08-14 12:22:00,Simpang 3,lane_2,4,0,0,4,0,0,0,0,12.121212
2026-08-14 12:22:00,Simpang 3,lane_3,3,0,0,0,3,0,0,2,8.823529
2026-08-14 12:22:01,Simpang 4,lane_2,8,0,0,2,6,0,0,0,24.242424
2026-08-14 12:22:01,Simpang 4,lane_1,2,0,0,1,0,1,0,0,6.060606
2026-08-14 12:22:01,Simpang 4,lane_3,3,0,0,2,0,1,0,0,8.823529
2026-08-14 12:22:03,Simpang 2,lane_2,2,0,0,2,0,0,0,0,6.060606
2026-08-14 12:22:03,Simpang 2,lane_1,1,0,0,0,1,0,0,0,3.030303
2026-08-14 12:22:03,Simpang 1,lane_2,3,0,0,3,0,0,0,0,9.090909
2026-08-14 12:22:03,Simpang 1,lane_3,1,0,0,1,0,0,0,0,2.941176
2026-08-14 12:22:04,Simpang 3,lane_2,4,0,0,4,0,0,0,0,12.121212
2026-08-14 12:22:04,Simpang 3,lane_3,3,0,0,0,3,0,0,2,8.823529
2026-08-14 12:22:08,Simpang 4,lane_2,8,0,0,2,6,0,0,0,24.242424
2026-08-14 12:22:08,Simpang 4,lane_1,2,0,0,1,0,1,0,0,6.060606
2026-08-14 12:22:08,Simpang 4,lane_3,3,0,0,2,0,1,0,0,8.823529
2026-08-14 12:22:10,Simpang 3,lane_2,4,0,0,4,0,0,0,0,12.121212
2026-08-14 12:22:10,Simpang 3,lane_3,3,0,0,0,3,0,0,2,8.823529
2026-08-14 12:22:10,Simpang 2,lane_2,2,0,0,2,0,0,0,0,6.060606
2026-08-14 12:22:10,Simpang 2,lane_1,1,0,0,0,1,0,0,0,3.030303
2026-08-14 12:22:10,Simpang 1,lane_2,3,0,0,3,0,0,0,0,9.090909
2026-08-14 12:22:10,Simpang 1,lane_3,1,0,0,1,0,0,0,0,2.941176
2026-08-14 12:22:14,Simpang 4,lane_2,9,0,0,2,7,0,0,0,27.272727
2026-08-14 12:22:14,Simpang 4,lane_1,2,0,0,1,0,1,0,0,6.060606
2026-08-14 12:22:14,Simpang 4,lane_3,3,0,0,2,0,1,0,0,8.823529
2026-08-14 12:22:16,Simpang 3,lane_2,4,0,0,4,0,0,0,0,12.121212
2026-08-14 12:22:16,Simpang 3,lane_3,3,0,0,0,3,0,0,2,8.823529
2026-08-14 12:22:16,Simpang 2,lane_2,2,0,0,2,0,0,0,0,6.060606
2026-08-14 12:22:16,Simpang 2,lane_1,1,0,0,0,1,0,0,0,3.030303
2026-08-14 12:22:16,Simpang 1,lane_2,3,0,0,3,0,0,0,0,9.090909
2026-08-14 12:22:16,Simpang 1,lane_3,1,0,0,1,0,0,0,0,2.941176
2026-08-14 12:22:19,Simpang 4,lane_2,8,0,0,2,6,0,0,0,24.242424
2026-08-14 12:22:19,Simpang 4,lane_1,2,0,0,1,0,1,0,0,6.060606
2026-08-14 12:22:19,Simpang 4,lane_3,3,0,0,2,0,1,0,0,8.823529
2026-08-14 12:22:22,Simpang 3,lane_2,4,1,0,4,0,0,0,0,12.121212
2026-08-14 12:22:22,Simpang 3,lane_3,3,0,0,0,3,0,0,2,8.823529
2026-08-14 12:22:24,Simpang 2,lane_2,2,0,0,2,0,0,0,0,6.060606
2026-08-14 12:22:24,Simpang 2,lane_1,1,0,0,0,1,0,0,0,3.030303
2026-08-14 12:22:24,Simpang 1,lane_2,3,0,0,3,0,0,0,0,9.090909
2026-08-14 12:22:24,Simpang 1,lane_3,1,0,0,1,0,0,0,0,2.941176
2026-08-14 12:22:26,Simpang 4,lane_2,9,0,0,2,7,0,0,0,27.272727
2026-08-14 12:22:26,Simpang 4,lane_1,2,0,0,1,0,1,0,0,6.060606
2026-08-14 12:22:26,Simpang 4,lane_3,3,1,0,2,0,1,0,0,8.823529
2026-08-14 12:22:29,Simpang 3,lane_2,4,0,0,4,0,0,0,0,12.121212
2026-08-14 12:22:29,Simpang 3,lane_3,3,0,0,0,3,0,0,2,8.823529
2026-08-14 12:22:31,Simpang 2,lane_2,2,0,0,2,0,0,0,0,6.060606
2026-08-14 12:22:31,Simpang 2,lane_1,1,0,0,0,1,0,0,0,3.030303
2026-08-14 12:22:31,Simpang 1,lane_2,3,0,0,3,0,0,0,0,9.090909
2026-08-14 12:22:31,Simpang 1,lane_3,1,0,0,1,0,0,0,0,2.941176
2026-08-14 12:22:33,Simpang 4,lane_2,9,0,0,2,7,0,0,0,27.272727
2026-08-14 12:22:33,Simpang 4,lane_1,3,0,0,1,1,1,0,0,9.090909
2026-08-14 12:22:33,Simpang 4,lane_3,3,1,0,2,0,1,0,0,8.823529
2026-08-14 12:22:37,Simpang 3,lane_2,5,0,0,5,0,0,0,0,15.151515
2026-08-14 12:22:37,Simpang 3,lane_3,3,0,0,0,3,0,0,2,8.823529
2026-08-14 12:22:38,Simpang 2,lane_2,2,0,0,2,0,0,0,0,6.060606
2026-08-14 12:22:38,Simpang 2,lane_1,1,0,0,0,1,0,0,0,3.030303
2026-08-14 12:22:38,Simpang 1,lane_2,3,0,0,3,0,0,0,0,9.090909
2026-08-14 12:22:38,Simpang 1,lane_3,1,0,0,1,0,0,0,0,2.941176
2026-08-14 12:22:38,Simpang 4,lane_2,8,0,0,2,6,0,0,0,24.242424
2026-08-14 12:22:38,Simpang 4,lane_1,4,0,0,1,2,1,0,0,12.121212
2026-08-14 12:22:38,Simpang 4,lane_3,3,0,0,2,0,1,0,0,8.823529
2026-08-14 12:22:39,Simpang 3,lane_2,4,0,0,4,0,0,0,0,12.121212
2026-08-14 12:22:39,Simpang 3,lane_3,3,0,0,0,3,0,0,2,8.823529
2026-08-14 12:22:41,Simpang 4,lane_2,6,0,0,2,4,0,0,0,18.181818
2026-08-14 12:22:41,Simpang 4,lane_1,4,0,0,1,2,1,0,0,12.121212
2026-08-14 12:22:41,Simpang 4,lane_3,4,0,0,3,0,1,0,0,11.764706
2026-08-14 12:22:42,Simpang 2,lane_2,2,0,0,2,0,0,0,0,6.060606
2026-08-14 12:22:42,Simpang 2,lane_1,1,0,0,0,1,0,0,0,3.030303
2026-08-14 12:22:42,Simpang 1,lane_2,3,0,0,3,0,0,0,0,9.090909
2026-08-14 12:22:42,Simpang 1,lane_3,1,0,0,1,0,0,0,0,2.941176
2026-08-14 12:22:46,Simpang 3,lane_2,4,0,0,4,0,0,0,0,12.121212
2026-08-14 12:22:46,Simpang 3,lane_3,3,0,0,0,3,0,0,2,8.823529
2026-08-14 12:22:49,Simpang 4,lane_2,7,0,0,2,5,0,0,0,21.212121
2026-08-14 12:22:49,Simpang 4,lane_1,4,0,0,1,2,0,1,0,12.121212
2026-08-14 12:22:49,Simpang 4,lane_3,5,0,0,4,0,1,0,0,14.705882
2026-08-14 12:22:50,Simpang 2,lane_2,2,0,0,2,0,0,0,0,6.060606
2026-08-14 12:22:50,Simpang 2,lane_1,1,0,0,0,1,0,0,0,3.030303
2026-08-14 12:22:50,Simpang 1,lane_2,3,0,0,3,0,0,0,0,9.090909
2026-08-14 12:22:50,Simpang 1,lane_3,1,0,0,1,0,0,0,0,2.941176
2026-08-14 12:22:54,Simpang 3,lane_2,4,0,0,4,0,0,0,0,12.121212
2026-08-14 12:22:54,Simpang 3,lane_3,3,0,0,0,3,0,0,2,8.823529
2026-08-14 12:22:56,Simpang 4,lane_2,8,0,0,2,6,0,0,0,24.242424
2026-08-14 12:22:56,Simpang 4,lane_1,4,0,0,1,2,1,0,0,12.121212
2026-08-14 12:22:56,Simpang 4,lane_3,4,0,0,3,0,1,0,0,11.764706
2026-08-14 12:22:57,Simpang 2,lane_2,2,0,0,2,0,0,0,0,6.060606
2026-08-14 12:22:57,Simpang 2,lane_1,1,0,0,0,1,0,0,0,3.030303
2026-08-14 12:22:58,Simpang 1,lane_2,3,0,0,3,0,0,0,0,9.090909
2026-08-14 12:22:58,Simpang 1,lane_3,1,0,0,1,0,0,0,0,2.941176
2026-08-14 12:23:01,Simpang 3,lane_2,4,0,0,4,0,0,0,0,12.121212
2026-08-14 12:23:01,Simpang 3,lane_3,3,0,0,0,3,0,0,2,8.823529
2026-08-14 12:23:02,Simpang 4,lane_2,10,0,0,2,8,0,0,0,30.30303
2026-08-14 12:23:02,Simpang 4,lane_1,4,0,0,1,2,1,0,0,12.121212
2026-08-14 12:23:02,Simpang 4,lane_3,4,0,0,3,0,1,0,0,11.764706
2026-08-14 12:23:03,Simpang 2,lane_2,2,0,0,2,0,0,0,0,6.060606
2026-08-14 12:23:03,Simpang 2,lane_1,1,0,0,0,1,0,0,0,3.030303
2026-08-14 12:23:04,Simpang 1,lane_2,3,0,0,3,0,0,0,0,9.090909
2026-08-14 12:23:04,Simpang 1,lane_3,1,0,0,1,0,0,0,0,2.941176
2026-08-14 12:23:06,Simpang 3,lane_2,4,0,0,4,0,0,0,0,12.121212
2026-08-14 12:23:06,Simpang 3,lane_3,3,0,0,0,3,0,0,2,8.823529
2026-08-14 12:23:13,Simpang 4,lane_2,8,0,0,2,6,0,0,0,24.242424
2026-08-14 12:23:13,Simpang 4,lane_1,4,0,0,1,2,1,0,0,12.121212
2026-08-14 12:23:13,Simpang 4,lane_3,5,0,0,4,0,1,0,0,14.705882
2026-08-14 12:23:15,Simpang 2,lane_2,2,0,0,2,0,0,0,0,6.060606
2026-08-14 12:23:15,Simpang 2,lane_1,1,0,0,0,1,0,0,0,3.030303
2026-08-14 12:23:17,Simpang 1,lane_2,3,0,0,3,0,0,0,0,9.090909
2026-08-14 12:23:17,Simpang 1,lane_3,1,0,0,1,0,0,0,0,2.941176
2026-08-14 12:23:18,Simpang 3,lane_2,4,0,0,4,0,0,0,0,12.121212
2026-08-14 12:23:18,Simpang 3,lane_3,3,0,0,0,3,0,0,2,8.823529
2026-08-14 12:23:20,Simpang 4,lane_2,7,0,0,2,5,0,0,0,21.212121
2026-08-14 12:23:20,Simpang 4,lane_1,4,0,0,1,2,1,0,0,12.121212
2026-08-14 12:23:20,Simpang 4,lane_3,3,0,0,3,0,0,0,0,8.823529
2026-08-14 12:23:23,Simpang 2,lane_2,2,0,0,2,0,0,0,0,6.060606
2026-08-14 12:23:23,Simpang 2,lane_1,1,0,0,0,1,0,0,0,3.030303
2026-08-14 12:23:23,Simpang 3,lane_2,4,0,0,4,0,0,0,0,12.121212
2026-08-14 12:23:23,Simpang 3,lane_3,3,0,0,0,3,0,0,2,8.823529
2026-08-14 12:23:24,Simpang 1,lane_2,3,0,0,3,0,0,0,0,9.090909
2026-08-14 12:23:24,Simpang 1,lane_3,1,0,0,1,0,0,0,0,2.941176
2026-08-14 12:23:27,Simpang 4,lane_2,6,0,0,2,4,0,0,0,18.181818
2026-08-14 12:23:27,Simpang 4,lane_1,3,1,0,1,0,1,1,0,9.090909
2026-08-14 12:23:27,Simpang 4,lane_3,3,0,0,3,0,0,0,0,8.823529
2026-08-14 12:23:30,Simpang 3,lane_2,4,0,0,4,0,0,0,0,12.121212
2026-08-14 12:23:30,Simpang 3,lane_3,3,0,0,0,3,0,0,2,8.823529
2026-08-14 12:23:31,Simpang 2,lane_2,2,0,0,2,0,0,0,0,6.060606
2026-08-14 12:23:31,Simpang 2,lane_1,1,0,0,0,1,0,0,0,3.030303
2026-08-14 12:23:32,Simpang 1,lane_2,3,0,0,3,0,0,0,0,9.090909
2026-08-14 12:23:32,Simpang 1,lane_3,1,0,0,1,0,0,0,0,2.941176
2026-08-14 12:23:36,Simpang 4,lane_2,7,0,0,2,5,0,0,0,21.212121
2026-08-14 12:23:36,Simpang 4,lane_1,1,1,0,1,0,0,0,0,3.030303
2026-08-14 12:23:36,Simpang 4,lane_3,3,0,0,3,0,0,0,0,8.823529
2026-08-14 12:23:38,Simpang 3,lane_2,4,0,0,4,0,0,0,0,12.121212
2026-08-14 12:23:38,Simpang 3,lane_3,3,0,0,0,3,0,0,2,8.823529
2026-08-14 12:23:38,Simpang 2,lane_2,2,0,0,2,0,0,0,0,6.060606
2026-08-14 12:23:38,Simpang 2,lane_1,1,0,0,0,1,0,0,0,3.030303
2026-08-14 12:23:39,Simpang 1,lane_2,3,0,0,3,0,0,0,0,9.090909
2026-08-14 12:23:39,Simpang 1,lane_3,1,0,0,1,0,0,0,0,2.941176
2026-08-14 12:23:40,Simpang 4,lane_2,5,0,0,2,3,0,0,0,15.151515
2026-08-14 12:23:40,Simpang 4,lane_1,4,1,0,1,2,1,0,0,12.121212
2026-08-14 12:23:40,Simpang 4,lane_3,3,1,0,3,0,0,0,0,8.823529
2026-08-14 12:23:41,Simpang 3,lane_2,4,0,0,4,0,0,0,0,12.121212
2026-08-14 12:23:41,Simpang 3,lane_3,3,0,0,0,3,0,0,2,8.823529
2026-08-14 12:23:41,Simpang 2,lane_2,2,0,0,2,0,0,0,0,6.060606
2026-08-14 12:23:41,Simpang 2,lane_1,1,0,0,0,1,0,0,0,3.030303
2026-08-14 12:23:42,Simpang 1,lane_2,3,0,0,3,0,0,0,0,9.090909
2026-08-14 12:23:42,Simpang 1,lane_3,1,0,0,1,0,0,0,0,2.941176
2026-08-14 12:23:42,Simpang 4,lane_2,6,0,0,2,4,0,0,0,18.181818
2026-08-14 12:23:42,Simpang 4,lane_1,5,1,0,1,3,1,0,0,15.151515
2026-08-14 12:23:42,Simpang 4,lane_3,2,2,0,2,0,0,0,0,5.882353
2026-08-14 12:23:44,Simpang 3,lane_2,4,0,0,4,0,0,0,0,12.121212
2026-08-14 12:23:44,Simpang 3,lane_3,3,0,0,0,3,0,0,2,8.823529
2026-08-14 12:23:45,Simpang 2,lane_2,2,0,0,2,0,0,0,0,6.060606
2026-08-14 12:23:45,Simpang 2,lane_1,1,0,0,0,1,0,0,0,3.030303
2026-08-14 12:23:45,Simpang 1,lane_2,3,0,0,3,0,0,0,0,9.090909
2026-08-14 12:23:45,Simpang 1,lane_3,1,0,0,1,0,0,0,0,2.941176
2026-08-14 12:23:47,Simpang 4,lane_2,4,0,0,2,2,0,0,0,12.121212
2026-08-14 12:23:47,Simpang 4,lane_1,5,1,0,1,3,1,0,0,15.151515
2026-08-14 12:23:47,Simpang 4,lane_3,2,2,0,2,0,0,0,0,5.882353
2026-08-14 12:23:50,Simpang 3,lane_2,4,0,0,4,0,0,0,0,12.121212
2026-08-14 12:23:50,Simpang 3,lane_3,3,0,0,0,3,0,0,2,8.823529
2026-08-14 12:23:53,Simpang 2,lane_2,2,0,0,2,0,0,0,0,6.060606
2026-08-14 12:23:53,Simpang 2,lane_1,1,0,0,0,1,0,0,0,3.030303
2026-08-14 12:23:53,Simpang 1,lane_2,3,0,0,3,0,0,0,0,9.090909
2026-08-14 12:23:53,Simpang 1,lane_3,1,0,0,1,0,0,0,0,2.941176
2026-08-14 12:23:53,Simpang 4,lane_2,5,0,0,2,3,0,0,0,15.151515
2026-08-14 12:23:53,Simpang 4,lane_1,4,1,0,1,2,1,0,0,12.121212
2026-08-14 12:23:53,Simpang 4,lane_3,2,2,0,2,0,0,0,0,5.882353
2026-08-14 12:23:54,Simpang 3,lane_2,4,0,0,4,0,0,0,0,12.121212
2026-08-14 12:23:54,Simpang 3,lane_3,3,0,0,0,3,0,0,2,8.823529
2026-08-14 12:23:54,Simpang 2,lane_2,2,0,0,2,0,0,0,0,6.060606
2026-08-14 12:23:54,Simpang 2,lane_1,1,0,0,0,1,0,0,0,3.030303
2026-08-14 12:23:54,Simpang 4,lane_2,5,0,0,2,3,0,0,0,15.151515
2026-08-14 12:23:54,Simpang 4,lane_1,5,0,0,1,3,1,0,0,15.151515
2026-08-14 12:23:54,Simpang 4,lane_3,2,2,0,2,0,0,0,0,5.882353
2026-08-14 12:23:55,Simpang 1,lane_2,3,0,0,3,0,0,0,0,9.090909
2026-08-14 12:23:55,Simpang 1,lane_3,1,0,0,1,0,0,0,0,2.941176
2026-08-14 12:23:55,Simpang 3,lane_2,4,0,0,4,0,0,0,0,12.121212
2026-08-14 12:23:55,Simpang 3,lane_3,3,0,0,0,3,0,0,2,8.823529
2026-08-14 12:23:58,Simpang 4,lane_2,5,0,0,2,3,0,0,0,15.151515
2026-08-14 12:23:58,Simpang 4,lane_1,5,0,0,1,3,1,0,0,15.151515
2026-08-14 12:23:58,Simpang 4,lane_3,1,2,0,1,0,0,0,0,2.941176
2026-08-14 12:23:59,Simpang 2,lane_2,2,0,0,2,0,0,0,0,6.060606
2026-08-14 12:23:59,Simpang 2,lane_1,1,0,0,0,1,0,0,0,3.030303
2026-08-14 12:23:59,Simpang 1,lane_2,3,0,0,3,0,0,0,0,9.090909
2026-08-14 12:23:59,Simpang 1,lane_3,1,0,0,1,0,0,0,0,2.941176
2026-08-14 12:24:02,Simpang 3,lane_2,4,0,0,4,0,0,0,0,12.121212
2026-08-14 12:24:02,Simpang 3,lane_3,3,0,0,0,3,0,0,2,8.823529
2026-08-14 12:24:05,Simpang 4,lane_2,3,0,0,1,2,0,0,0,9.090909
2026-08-14 12:24:05,Simpang 4,lane_1,4,0,0,1,2,1,0,0,12.121212
2026-08-14 12:24:05,Simpang 4,lane_3,3,1,0,2,0,1,0,0,8.823529
2026-08-14 12:24:06,Simpang 2,lane_2,2,0,0,2,0,0,0,0,6.060606
2026-08-14 12:24:06,Simpang 2,lane_1,1,0,0,0,1,0,0,0,3.030303
2026-08-14 12:24:08,Simpang 1,lane_2,3,0,0,3,0,0,0,0,9.090909
2026-08-14 12:24:08,Simpang 1,lane_3,1,0,0,1,0,0,0,0,2.941176
2026-08-14 12:24:10,Simpang 3,lane_2,4,0,0,4,0,0,0,0,12.121212
2026-08-14 12:24:10,Simpang 3,lane_3,3,0,0,0,3,0,0,2,8.823529
2026-08-14 12:24:11,Simpang 4,lane_2,3,0,0,1,2,0,0,0,9.090909
2026-08-14 12:24:11,Simpang 4,lane_1,3,0,0,1,2,0,0,0,9.090909
2026-08-14 12:24:11,Simpang 4,lane_3,2,1,0,2,0,0,0,0,5.882353
2026-08-14 12:24:12,Simpang 2,lane_2,2,0,0,2,0,0,0,0,6.060606
2026-08-14 12:24:12,Simpang 2,lane_1,1,0,0,0,1,0,0,0,3.030303
2026-08-14 12:24:12,Simpang 1,lane_2,3,0,0,3,0,0,0,0,9.090909
2026-08-14 12:24:12,Simpang 1,lane_3,1,0,0,1,0,0,0,0,2.941176
2026-08-14 12:24:12,Simpang 3,lane_2,4,0,0,4,0,0,0,0,12.121212
2026-08-14 12:24:12,Simpang 3,lane_3,3,0,0,0,3,0,0,2,8.823529
2026-08-14 12:24:16,Simpang 4,lane_2,3,0,0,1,2,0,0,0,9.090909
2026-08-14 12:24:16,Simpang 4,lane_1,4,0,0,1,3,0,0,0,12.121212
2026-08-14 12:24:16,Simpang 4,lane_3,3,1,0,3,0,0,0,0,8.823529
2026-08-14 12:24:19,Simpang 2,lane_2,2,0,0,2,0,0,0,0,6.060606
2026-08-14 12:24:19,Simpang 2,lane_1,1,0,0,0,1,0,0,0,3.030303
2026-08-14 12:24:19,Simpang 1,lane_2,3,0,0,3,0,0,0,0,9.090909
2026-08-14 12:24:19,Simpang 1,lane_3,1,0,0,1,0,0,0,0,2.941176
2026-08-14 12:24:20,Simpang 3,lane_2,4,0,0,4,0,0,0,0,12.121212
2026-08-14 12:24:20,Simpang 3,lane_3,3,0,0,0,3,0,0,2,8.823529
2026-08-14 12:24:21,Simpang 4,lane_2,4,0,0,2,2,0,0,0,12.121212
2026-08-14 12:24:21,Simpang 4,lane_1,3,0,0,1,2,0,0,0,9.090909
2026-08-14 12:24:21,Simpang 4,lane_3,3,1,0,3,0,0,0,0,8.823529
2026-08-14 12:24:23,Simpang 3,lane_2,4,0,0,4,0,0,0,0,12.121212
2026-08-14 12:24:23,Simpang 3,lane_3,3,0,0,0,3,0,0,2,8.823529
2026-08-14 12:24:23,Simpang 2,lane_2,2,0,0,2,0,0,0,0,6.060606
2026-08-14 12:24:23,Simpang 2,lane_1,1,0,0,0,1,0,0,0,3.030303
2026-08-14 12:24:24,Simpang 1,lane_2,3,0,0,3,0,0,0,0,9.090909
2026-08-14 12:24:24,Simpang 1,lane_3,1,0,0,1,0,0,0,0,2.941176
2026-08-14 12:24:28,Simpang 4,lane_2,6,0,0,2,4,0,0,0,18.181818
2026-08-14 12:24:28,Simpang 4,lane_1,5,0,0,2,3,0,0,0,15.151515
2026-08-14 12:24:28,Simpang 4,lane_3,4,1,0,4,0,0,0,0,11.764706
2026-08-14 12:24:31,Simpang 3,lane_2,4,0,0,4,0,0,0,0,12.121212
2026-08-14 12:24:31,Simpang 3,lane_3,3,0,0,0,3,0,0,2,8.823529
2026-08-14 12:24:32,Simpang 2,lane_2,2,0,0,2,0,0,0,0,6.060606
2026-08-14 12:24:32,Simpang 2,lane_1,1,0,0,0,1,0,0,0,3.030303
2026-08-14 12:24:33,Simpang 1,lane_2,3,0,0,3,0,0,0,0,9.090909
2026-08-14 12:24:33,Simpang 1,lane_3,1,0,0,1,0,0,0,0,2.941176
2026-08-14 12:24:36,Simpang 4,lane_2,6,0,0,2,4,0,0,0,18.181818
2026-08-14 12:24:36,Simpang 4,lane_1,5,0,0,2,3,0,0,0,15.151515
2026-08-14 12:24:36,Simpang 4,lane_3,4,1,0,4,0,0,0,0,11.764706
2026-08-14 12:24:38,Simpang 3,lane_2,4,0,0,4,0,0,0,0,12.121212
2026-08-14 12:24:38,Simpang 3,lane_3,3,0,0,0,3,0,0,2,8.823529
2026-08-14 12:24:39,Simpang 2,lane_2,2,0,0,2,0,0,0,0,6.060606
2026-08-14 12:24:39,Simpang 2,lane_1,1,0,0,0,1,0,0,0,3.030303
2026-08-14 12:24:39,Simpang 1,lane_2,3,0,0,3,0,0,0,0,9.090909
2026-08-14 12:24:39,Simpang 1,lane_3,1,0,0,1,0,0,0,0,2.941176
2026-08-14 12:24:43,Simpang 4,lane_2,5,0,0,2,3,0,0,0,15.151515
2026-08-14 12:24:43,Simpang 4,lane_1,4,0,0,1,2,1,0,0,12.121212
2026-08-14 12:24:43,Simpang 4,lane_3,4,1,0,4,0,0,0,0,11.764706
2026-08-14 12:24:45,Simpang 3,lane_2,4,0,0,4,0,0,0,0,12.121212
2026-08-14 12:24:45,Simpang 3,lane_3,3,0,0,0,3,0,0,2,8.823529
2026-08-14 12:24:47,Simpang 2,lane_2,2,0,0,2,0,0,0,0,6.060606
2026-08-14 12:24:47,Simpang 2,lane_1,1,0,0,0,1,0,0,0,3.030303
2026-08-14 12:24:47,Simpang 1,lane_2,3,0,0,3,0,0,0,0,9.090909
2026-08-14 12:24:47,Simpang 1,lane_3,1,0,0,1,0,0,0,0,2.941176
2026-08-14 12:24:50,Simpang 4,lane_1,5,0,0,3,1,1,0,0,15.151515
2026-08-14 12:24:50,Simpang 4,lane_3,3,1,0,3,0,0,0,0,8.823529
2026-08-14 12:24:50,Simpang 4,lane_2,1,1,0,0,1,0,0,0,3.030303
2026-08-14 12:24:52,Simpang 3,lane_2,4,0,0,4,0,0,0,0,12.121212
2026-08-14 12:24:52,Simpang 3,lane_3,3,0,0,0,3,0,0,2,8.823529
2026-08-14 12:24:55,Simpang 2,lane_2,2,0,0,2,0,0,0,0,6.060606
2026-08-14 12:24:55,Simpang 2,lane_1,1,0,0,0,1,0,0,0,3.030303
2026-08-14 12:24:55,Simpang 1,lane_2,3,0,0,3,0,0,0,0,9.090909
2026-08-14 12:24:55,Simpang 1,lane_3,1,0,0,1,0,0,0,0,2.941176
2026-08-14 12:24:57,Simpang 4,lane_1,8,0,0,4,3,1,0,0,24.242424
2026-08-14 12:24:57,Simpang 4,lane_3,3,1,0,3,0,0,0,0,8.823529
2026-08-14 12:24:57,Simpang 4,lane_2,4,0,0,0,4,0,0,0,12.121212
2026-08-14 12:25:00,Simpang 3,lane_2,5,0,0,5,0,0,0,0,15.151515
2026-08-14 12:25:00,Simpang 3,lane_3,3,0,0,0,3,0,0,2,8.823529
2026-08-14 12:25:03,Simpang 2,lane_2,2,0,0,2,0,0,0,0,6.060606
2026-08-14 12:25:03,Simpang 2,lane_1,1,0,0,0,1,0,0,0,3.030303
2026-08-14 12:25:03,Simpang 1,lane_2,3,0,0,3,0,0,0,0,9.090909
2026-08-14 12:25:03,Simpang 1,lane_3,1,0,0,1,0,0,0,0,2.941176
2026-08-14 12:25:05,Simpang 4,lane_1,7,0,0,3,3,1,0,0,21.212121
2026-08-14 12:25:05,Simpang 4,lane_3,2,1,0,2,0,0,0,0,5.882353
2026-08-14 12:25:05,Simpang 4,lane_2,4,0,0,1,3,0,0,0,12.121212
2026-08-14 12:25:08,Simpang 3,lane_2,5,0,0,5,0,0,0,0,15.151515
2026-08-14 12:25:08,Simpang 3,lane_3,3,0,0,0,3,0,0,2,8.823529
2026-08-14 12:25:10,Simpang 2,lane_2,2,0,0,2,0,0,0,0,6.060606
2026-08-14 12:25:10,Simpang 2,lane_1,1,0,0,0,1,0,0,0,3.030303
2026-08-14 12:25:10,Simpang 1,lane_2,3,0,0,3,0,0,0,0,9.090909
2026-08-14 12:25:10,Simpang 1,lane_3,1,0,0,1,0,0,0,0,2.941176
2026-08-14 12:25:12,Simpang 4,lane_1,6,0,0,3,2,1,0,0,18.181818
2026-08-14 12:25:12,Simpang 4,lane_3,2,1,0,2,0,0,0,0,5.882353
2026-08-14 12:25:12,Simpang 4,lane_2,4,0,0,0,4,0,0,0,12.121212
2026-08-14 12:25:14,Simpang 3,lane_2,5,0,0,5,0,0,0,0,15.151515
2026-08-14 12:25:14,Simpang 3,lane_3,3,0,0,0,3,0,0,2,8.823529
2026-08-14 12:25:17,Simpang 2,lane_2,2,0,0,2,0,0,0,0,6.060606
2026-08-14 12:25:17,Simpang 2,lane_1,1,0,0,0,1,0,0,0,3.030303
2026-08-14 12:25:17,Simpang 1,lane_2,3,0,0,3,0,0,0,0,9.090909
2026-08-14 12:25:17,Simpang 1,lane_3,1,0,0,1,0,0,0,0,2.941176
2026-08-14 12:25:18,Simpang 4,lane_1,5,0,0,3,1,1,0,0,15.151515
2026-08-14 12:25:18,Simpang 4,lane_3,2,1,0,2,0,0,0,0,5.882353
2026-08-14 12:25:18,Simpang 4,lane_2,0,2,0,0,0,0,0,0,0.0
2026-08-14 12:25:20,Simpang 3,lane_2,5,0,0,5,0,0,0,0,15.151515
2026-08-14 12:25:20,Simpang 3,lane_3,3,0,0,0,3,0,0,2,8.823529
2026-08-14 12:25:24,Simpang 2,lane_2,2,0,0,2,0,0,0,0,6.060606
2026-08-14 12:25:24,Simpang 2,lane_1,1,0,0,0,1,0,0,0,3.030303
2026-08-14 12:25:24,Simpang 1,lane_2,3,0,0,3,0,0,0,0,9.090909
2026-08-14 12:25:24,Simpang 1,lane_3,1,0,0,1,0,0,0,0,2.941176
2026-08-14 12:25:24,Simpang 4,lane_1,4,1,0,3,0,1,0,0,12.121212
2026-08-14 12:25:24,Simpang 4,lane_3,2,1,0,2,0,0,0,0,5.882353
2026-08-14 12:25:24,Simpang 4,lane_2,3,1,0,2,1,0,0,0,9.090909
2026-08-14 12:25:26,Simpang 3,lane_2,5,0,0,5,0,0,0,0,15.151515
2026-08-14 12:25:26,Simpang 3,lane_3,3,0,0,0,3,0,0,2,8.823529
2026-08-14 12:25:30,Simpang 4,lane_1,6,1,0,3,2,1,0,0,18.181818
2026-08-14 12:25:30,Simpang 4,lane_3,3,1,0,3,0,0,0,0,8.823529
2026-08-14 12:25:30,Simpang 4,lane_2,4,0,0,2,2,0,0,0,12.121212
2026-08-14 12:25:31,Simpang 2,lane_2,2,0,0,2,0,0,0,0,6.060606
2026-08-14 12:25:31,Simpang 2,lane_1,1,0,0,0,1,0,0,0,3.030303
2026-08-14 12:25:31,Simpang 1,lane_2,3,0,0,3,0,0,0,0,9.090909
2026-08-14 12:25:31,Simpang 1,lane_3,1,0,0,1,0,0,0,0,2.941176
2026-08-14 12:25:33,Simpang 3,lane_2,4,0,0,4,0,0,0,0,12.121212
2026-08-14 12:25:33,Simpang 3,lane_3,3,0,0,0,3,0,0,2,8.823529
2026-08-14 12:25:38,Simpang 4,lane_1,6,2,0,4,1,1,0,0,18.181818
2026-08-14 12:25:38,Simpang 4,lane_3,2,1,0,2,0,0,0,0,5.882353
2026-08-14 12:25:38,Simpang 4,lane_2,1,0,0,1,0,0,0,0,3.030303
2026-08-14 12:25:39,Simpang 2,lane_2,2,0,0,2,0,0,0,0,6.060606
2026-08-14 12:25:39,Simpang 2,lane_1,1,0,0,0,1,0,0,0,3.030303
2026-08-14 12:25:39,Simpang 1,lane_2,3,0,0,3,0,0,0,0,9.090909
2026-08-14 12:25:39,Simpang 1,lane_3,1,0,0,1,0,0,0,0,2.941176
2026-08-14 12:25:41,Simpang 3,lane_2,5,0,0,5,0,0,0,0,15.151515
2026-08-14 12:25:41,Simpang 3,lane_3,4,0,0,0,4,0,0,2,11.764706
2026-08-14 12:25:45,Simpang 4,lane_1,4,2,0,2,1,1,0,0,12.121212
2026-08-14 12:25:45,Simpang 4,lane_3,1,1,0,1,0,0,0,0,2.941176
2026-08-14 12:25:45,Simpang 4,lane_2,3,0,0,2,1,0,0,0,9.090909
2026-08-14 12:25:46,Simpang 3,lane_2,5,0,0,5,0,0,0,0,15.151515
2026-08-14 12:25:46,Simpang 3,lane_3,4,0,0,0,4,0,0,2,11.764706
2026-08-14 12:25:47,Simpang 2,lane_2,2,0,0,2,0,0,0,0,6.060606
2026-08-14 12:25:47,Simpang 2,lane_1,1,0,0,0,1,0,0,0,3.030303
2026-08-14 12:25:47,Simpang 1,lane_2,3,0,0,3,0,0,0,0,9.090909
2026-08-14 12:25:47,Simpang 1,lane_3,1,0,0,1,0,0,0,0,2.941176
2026-08-14 12:25:50,Simpang 4,lane_1,3,1,0,2,1,0,0,0,9.090909
2026-08-14 12:25:50,Simpang 4,lane_3,1,1,0,1,0,0,0,0,2.941176
2026-08-14 12:25:50,Simpang 4,lane_2,3,0,0,3,0,0,0,0,9.090909
2026-08-14 12:25:50,Simpang 3,lane_2,5,0,0,5,0,0,0,0,15.151515
2026-08-14 12:25:50,Simpang 3,lane_3,4,0,0,0,4,0,0,2,11.764706
2026-08-14 12:25:51,Simpang 2,lane_2,2,0,0,2,0,0,0,0,6.060606
2026-08-14 12:25:51,Simpang 2,lane_1,1,0,0,0,1,0,0,0,3.030303
2026-08-14 12:25:51,Simpang 1,lane_2,3,0,0,3,0,0,0,0,9.090909
2026-08-14 12:25:51,Simpang 1,lane_3,1,0,0,1,0,0,0,0,2.941176
2026-08-14 12:25:54,Simpang 4,lane_1,2,2,0,2,0,0,0,0,6.060606
2026-08-14 12:25:54,Simpang 4,lane_3,1,1,0,1,0,0,0,0,2.941176
2026-08-14 12:25:54,Simpang 4,lane_2,4,0,0,3,1,0,0,0,12.121212
2026-08-14 12:25:56,Simpang 3,lane_2,5,0,0,5,0,0,0,0,15.151515
2026-08-14 12:25:56,Simpang 3,lane_3,4,0,0,0,4,0,0,2,11.764706
2026-08-14 12:25:57,Simpang 2,lane_2,2,0,0,2,0,0,0,0,6.060606
2026-08-14 12:25:57,Simpang 2,lane_1,1,0,0,0,1,0,0,0,3.030303
2026-08-14 12:25:57,Simpang 1,lane_2,3,0,0,3,0,0,0,0,9.090909
2026-08-14 12:25:57,Simpang 1,lane_3,1,0,0,1,0,0,0,0,2.941176
2026-08-14 12:26:01,Simpang 4,lane_1,2,1,0,2,0,0,0,0,6.060606
2026-08-14 12:26:01,Simpang 4,lane_3,1,1,0,1,0,0,0,0,2.941176
2026-08-14 12:26:01,Simpang 4,lane_2,2,0,0,2,0,0,0,0,6.060606
2026-08-14 12:26:03,Simpang 3,lane_2,5,0,0,5,0,0,0,0,15.151515
2026-08-14 12:26:03,Simpang 3,lane_3,4,0,0,0,4,0,0,2,11.764706
2026-08-14 12:26:05,Simpang 2,lane_2,2,0,0,2,0,0,0,0,6.060606
2026-08-14 12:26:05,Simpang 2,lane_1,1,0,0,0,1,0,0,0,3.030303
2026-08-14 12:26:05,Simpang 1,lane_2,3,0,0,3,0,0,0,0,9.090909
2026-08-14 12:26:05,Simpang 1,lane_3,2,0,0,2,0,0,0,0,5.882353
2026-08-14 12:26:07,Simpang 4,lane_1,2,2,0,2,0,0,0,0,6.060606
2026-08-14 12:26:07,Simpang 4,lane_3,1,1,0,1,0,0,0,0,2.941176
2026-08-14 12:26:07,Simpang 4,lane_2,2,0,0,2,0,0,0,0,6.060606
2026-08-14 12:26:08,Simpang 3,lane_2,4,0,0,4,0,0,0,0,12.121212
2026-08-14 12:26:08,Simpang 3,lane_3,4,0,0,0,4,0,0,2,11.764706
2026-08-14 12:26:08,Simpang 2,lane_2,2,0,0,2,0,0,0,0,6.060606
2026-08-14 12:26:08,Simpang 2,lane_1,1,0,0,0,1,0,0,0,3.030303
2026-08-14 12:26:08,Simpang 1,lane_2,3,0,0,3,0,0,0,0,9.090909
2026-08-14 12:26:08,Simpang 1,lane_3,2,0,0,2,0,0,0,0,5.882353
2026-08-14 12:26:09,Simpang 4,lane_1,3,1,0,2,0,1,0,0,9.090909
2026-08-14 12:26:09,Simpang 4,lane_3,1,1,0,1,0,0,0,0,2.941176
2026-08-14 12:26:09,Simpang 4,lane_2,2,0,0,2,0,0,0,0,6.060606
2026-08-14 12:26:10,Simpang 3,lane_2,4,0,0,4,0,0,0,0,12.121212
2026-08-14 12:26:10,Simpang 3,lane_3,4,0,0,0,4,0,0,2,11.764706
2026-08-14 12:26:13,Simpang 2,lane_2,2,0,0,2,0,0,0,0,6.060606
2026-08-14 12:26:13,Simpang 2,lane_1,1,0,0,0,1,0,0,0,3.030303
2026-08-14 12:26:13,Simpang 1,lane_2,3,0,0,3,0,0,0,0,9.090909
2026-08-14 12:26:13,Simpang 1,lane_3,2,0,0,2,0,0,0,0,5.882353
2026-08-14 12:26:15,Simpang 4,lane_1,3,0,0,2,0,1,0,0,9.090909
2026-08-14 12:26:15,Simpang 4,lane_3,1,1,0,1,0,0,0,0,2.941176
2026-08-14 12:26:15,Simpang 4,lane_2,2,0,0,2,0,0,0,0,6.060606
2026-08-14 12:26:16,Simpang 3,lane_2,4,0,0,4,0,0,0,0,12.121212
2026-08-14 12:26:16,Simpang 3,lane_3,4,0,0,0,4,0,0,2,11.764706
2026-08-14 12:26:19,Simpang 2,lane_2,2,0,0,2,0,0,0,0,6.060606
2026-08-14 12:26:19,Simpang 2,lane_1,1,0,0,0,1,0,0,0,3.030303
2026-08-14 12:26:19,Simpang 1,lane_2,3,0,0,3,0,0,0,0,9.090909
2026-08-14 12:26:19,Simpang 1,lane_3,2,0,0,2,0,0,0,0,5.882353
2026-08-14 12:26:21,Simpang 4,lane_1,4,0,0,3,0,1,0,0,12.121212
2026-08-14 12:26:21,Simpang 4,lane_3,1,1,0,1,0,0,0,0,2.941176
2026-08-14 12:26:21,Simpang 4,lane_2,2,0,0,2,0,0,0,0,6.060606
2026-08-14 12:26:23,Simpang 3,lane_2,4,0,0,4,0,0,0,0,12.121212
2026-08-14 12:26:23,Simpang 3,lane_3,4,0,0,0,4,0,0,2,11.764706
2026-08-14 12:26:27,Simpang 1,lane_2,3,0,0,3,0,0,0,0,9.090909
2026-08-14 12:26:27,Simpang 1,lane_3,2,0,0,2,0,0,0,0,5.882353
2026-08-14 12:26:27,Simpang 2,lane_2,2,0,0,2,0,0,0,0,6.060606
2026-08-14 12:26:27,Simpang 2,lane_1,1,0,0,0,1,0,0,0,3.030303
2026-08-14 12:26:28,Simpang 4,lane_1,3,0,0,2,0,1,0,0,9.090909
2026-08-14 12:26:28,Simpang 4,lane_3,1,1,0,1,0,0,0,0,2.941176
2026-08-14 12:26:28,Simpang 4,lane_2,3,0,0,2,1,0,0,0,9.090909
2026-08-14 12:26:30,Simpang 3,lane_2,4,0,0,4,0,0,0,0,12.121212
2026-08-14 12:26:30,Simpang 3,lane_3,4,0,0,0,4,0,0,2,11.764706
2026-08-14 12:26:35,Simpang 1,lane_2,3,0,0,3,0,0,0,0,9.090909
2026-08-14 12:26:35,Simpang 1,lane_3,1,0,0,1,0,0,0,0,2.941176
2026-08-14 12:26:35,Simpang 4,lane_1,3,0,0,2,1,0,0,0,9.090909
2026-08-14 12:26:35,Simpang 4,lane_3,1,1,0,1,0,0,0,0,2.941176
2026-08-14 12:26:35,Simpang 4,lane_2,2,0,0,2,0,0,0,0,6.060606
2026-08-14 12:26:35,Simpang 2,lane_2,2,0,0,2,0,0,0,0,6.060606
2026-08-14 12:26:35,Simpang 2,lane_1,1,0,0,0,1,0,0,0,3.030303
2026-08-14 12:26:38,Simpang 3,lane_2,4,0,0,4,0,0,0,0,12.121212
2026-08-14 12:26:38,Simpang 3,lane_3,4,0,0,0,4,0,0,2,11.764706
2026-08-14 12:26:40,Simpang 4,lane_1,2,0,0,2,0,0,0,0,6.060606
2026-08-14 12:26:40,Simpang 4,lane_3,1,1,0,1,0,0,0,0,2.941176
2026-08-14 12:26:40,Simpang 4,lane_2,3,0,0,2,1,0,0,0,9.090909
2026-08-14 12:26:40,Simpang 1,lane_2,3,0,0,3,0,0,0,0,9.090909
2026-08-14 12:26:40,Simpang 1,lane_3,2,0,0,2,0,0,0,0,5.882353
2026-08-14 12:26:40,Simpang 2,lane_2,2,0,0,2,0,0,0,0,6.060606
2026-08-14 12:26:40,Simpang 2,lane_1,1,0,0,0,1,0,0,0,3.030303
2026-08-14 12:26:41,Simpang 3,lane_2,4,0,0,4,0,0,0,0,12.121212
2026-08-14 12:26:41,Simpang 3,lane_3,4,0,0,0,4,0,0,2,11.764706
2026-08-14 12:26:45,Simpang 4,lane_1,4,0,0,4,0,0,0,0,12.121212
2026-08-14 12:26:45,Simpang 4,lane_3,1,1,0,1,0,0,0,0,2.941176
2026-08-14 12:26:45,Simpang 4,lane_2,2,0,0,2,0,0,0,0,6.060606
2026-08-14 12:26:45,Simpang 3,lane_2,4,0,0,4,0,0,0,0,12.121212
2026-08-14 12:26:45,Simpang 3,lane_3,4,0,0,0,4,0,0,2,11.764706
2026-08-14 12:26:45,Simpang 2,lane_2,2,0,0,2,0,0,0,0,6.060606
2026-08-14 12:26:45,Simpang 2,lane_1,1,0,0,0,1,0,0,0,3.030303
2026-08-14 12:26:45,Simpang 1,lane_2,3,0,0,3,0,0,0,0,9.090909
2026-08-14 12:26:45,Simpang 1,lane_3,2,0,0,2,0,0,0,0,5.882353
2026-08-14 12:26:46,Simpang 4,lane_1,4,0,0,3,1,0,0,0,12.121212
2026-08-14 12:26:46,Simpang 4,lane_3,1,1,0,1,0,0,0,0,2.941176
2026-08-14 12:26:46,Simpang 4,lane_2,2,0,0,2,0,0,0,0,6.060606
2026-08-14 12:26:49,Simpang 3,lane_2,4,0,0,4,0,0,0,0,12.121212
2026-08-14 12:26:49,Simpang 3,lane_3,4,0,0,0,4,0,0,2,11.764706
2026-08-14 12:26:51,Simpang 1,lane_2,3,0,0,3,0,0,0,0,9.090909
2026-08-14 12:26:51,Simpang 1,lane_3,1,0,0,1,0,0,0,0,2.941176
2026-08-14 12:26:51,Simpang 2,lane_2,2,0,0,2,0,0,0,0,6.060606
2026-08-14 12:26:51,Simpang 2,lane_1,1,0,0,0,1,0,0,0,3.030303
2026-08-14 12:26:57,Simpang 4,lane_1,5,0,0,4,1,0,0,0,15.151515
2026-08-14 12:26:57,Simpang 4,lane_3,1,1,0,1,0,0,0,0,2.941176
2026-08-14 12:26:57,Simpang 4,lane_2,2,0,0,2,0,0,0,0,6.060606
2026-08-14 12:27:00,Simpang 3,lane_2,4,0,0,4,0,0,0,0,12.121212
2026-08-14 12:27:00,Simpang 3,lane_3,4,0,0,0,4,0,0,2,11.764706
2026-08-14 12:27:03,Simpang 1,lane_2,3,0,0,3,0,0,0,0,9.090909
2026-08-14 12:27:03,Simpang 1,lane_3,2,0,0,2,0,0,0,0,5.882353
2026-08-14 12:27:03,Simpang 2,lane_2,2,0,0,2,0,0,0,0,6.060606
2026-08-14 12:27:03,Simpang 2,lane_1,1,0,0,0,1,0,0,0,3.030303
2026-08-14 12:27:07,Simpang 4,lane_1,5,0,0,4,1,0,0,0,15.151515
2026-08-14 12:27:07,Simpang 4,lane_3,1,1,0,1,0,0,0,0,2.941176
2026-08-14 12:27:07,Simpang 4,lane_2,2,0,0,2,0,0,0,0,6.060606
2026-08-14 12:27:09,Simpang 3,lane_2,4,0,0,4,0,0,0,0,12.121212
2026-08-14 12:27:09,Simpang 3,lane_3,4,0,0,0,4,0,0,2,11.764706
2026-08-14 12:27:11,Simpang 1,lane_2,3,0,0,3,0,0,0,0,9.090909
2026-08-14 12:27:11,Simpang 1,lane_3,2,0,0,2,0,0,0,0,5.882353
2026-08-14 12:27:11,Simpang 2,lane_2,2,0,0,2,0,0,0,0,6.060606
2026-08-14 12:27:11,Simpang 2,lane_1,1,0,0,0,1,0,0,0,3.030303
2026-08-14 12:27:16,Simpang 4,lane_1,3,0,0,2,1,0,0,0,9.090909
2026-08-14 12:27:16,Simpang 4,lane_3,1,1,0,1,0,0,0,0,2.941176
2026-08-14 12:27:16,Simpang 4,lane_2,3,0,0,2,1,0,0,0,9.090909
2026-08-14 12:27:17,Simpang 3,lane_2,4,0,0,4,0,0,0,0,12.121212
2026-08-14 12:27:17,Simpang 3,lane_3,4,0,0,0,4,0,0,2,11.764706
2026-08-14 12:27:20,Simpang 1,lane_2,3,0,0,3,0,0,0,0,9.090909
2026-08-14 12:27:20,Simpang 1,lane_3,2,0,0,2,0,0,0,0,5.882353
2026-08-14 12:27:20,Simpang 2,lane_2,2,0,0,2,0,0,0,0,6.060606
2026-08-14 12:27:20,Simpang 2,lane_1,1,0,0,0,1,0,0,0,3.030303
2026-08-14 12:27:24,Simpang 4,lane_1,3,0,0,2,1,0,0,0,9.090909
2026-08-14 12:27:24,Simpang 4,lane_3,1,1,0,1,0,0,0,0,2.941176
2026-08-14 12:27:24,Simpang 4,lane_2,3,0,0,2,1,0,0,0,9.090909
2026-08-14 12:27:25,Simpang 3,lane_2,4,0,0,4,0,0,0,0,12.121212
2026-08-14 12:27:25,Simpang 3,lane_3,4,0,0,0,4,0,0,2,11.764706
2026-08-14 12:27:28,Simpang 1,lane_2,3,0,0,3,0,0,0,0,9.090909
2026-08-14 12:27:28,Simpang 1,lane_3,2,0,0,2,0,0,0,0,5.882353
2026-08-14 12:27:29,Simpang 2,lane_2,2,0,0,2,0,0,0,0,6.060606
2026-08-14 12:27:29,Simpang 2,lane_1,1,0,0,0,1,0,0,0,3.030303
2026-08-14 12:27:32,Simpang 4,lane_1,4,0,0,3,1,0,0,0,12.121212
2026-08-14 12:27:32,Simpang 4,lane_3,1,2,0,1,0,0,0,0,2.941176
2026-08-14 12:27:32,Simpang 4,lane_2,3,0,0,2,1,0,0,0,9.090909
2026-08-14 12:27:33,Simpang 3,lane_2,4,0,0,4,0,0,0,0,12.121212
2026-08-14 12:27:33,Simpang 3,lane_3,4,0,0,0,4,0,0,2,11.764706
2026-08-14 12:27:35,Simpang 1,lane_2,3,0,0,3,0,0,0,0,9.090909
2026-08-14 12:27:35,Simpang 1,lane_3,2,0,0,2,0,0,0,0,5.882353
2026-08-14 12:27:36,Simpang 2,lane_2,2,0,0,2,0,0,0,0,6.060606
2026-08-14 12:27:36,Simpang 2,lane_1,1,0,0,0,1,0,0,0,3.030303
2026-08-14 12:27:38,Simpang 4,lane_1,3,0,0,2,1,0,0,0,9.090909
2026-08-14 12:27:38,Simpang 4,lane_3,1,2,0,1,0,0,0,0,2.941176
2026-08-14 12:27:38,Simpang 4,lane_2,2,0,0,2,0,0,0,0,6.060606
2026-08-14 12:27:40,Simpang 3,lane_2,4,0,0,4,0,0,0,0,12.121212
2026-08-14 12:27:40,Simpang 3,lane_3,4,0,0,0,4,0,0,2,11.764706
2026-08-14 12:27:44,Simpang 1,lane_2,3,0,0,3,0,0,0,0,9.090909
2026-08-14 12:27:44,Simpang 1,lane_3,2,0,0,2,0,0,0,0,5.882353
2026-08-14 12:27:44,Simpang 2,lane_2,2,0,0,2,0,0,0,0,6.060606
2026-08-14 12:27:44,Simpang 2,lane_1,1,0,0,0,1,0,0,0,3.030303
2026-08-14 12:27:46,Simpang 4,lane_1,3,0,0,2,1,0,0,0,9.090909
2026-08-14 12:27:46,Simpang 4,lane_3,2,2,0,2,0,0,0,0,5.882353
2026-08-14 12:27:46,Simpang 4,lane_2,2,0,0,2,0,0,0,0,6.060606
2026-08-14 12:27:47,Simpang 3,lane_2,4,0,0,4,0,0,0,0,12.121212
2026-08-14 12:27:47,Simpang 3,lane_3,4,0,0,0,4,0,0,2,11.764706
2026-08-14 12:27:52,Simpang 1,lane_2,3,0,0,3,0,0,0,0,9.090909
2026-08-14 12:27:52,Simpang 1,lane_3,2,0,0,2,0,0,0,0,5.882353
2026-08-14 12:27:52,Simpang 2,lane_2,2,0,0,2,0,0,0,0,6.060606
2026-08-14 12:27:52,Simpang 2,lane_1,1,0,0,0,1,0,0,0,3.030303
2026-08-14 12:27:54,Simpang 4,lane_1,3,0,0,2,1,0,0,0,9.090909
2026-08-14 12:27:54,Simpang 4,lane_3,2,2,0,2,0,0,0,0,5.882353
2026-08-14 12:27:54,Simpang 4,lane_2,2,0,0,2,0,0,0,0,6.060606
2026-08-14 12:27:55,Simpang 3,lane_2,4,0,0,4,0,0,0,0,12.121212
2026-08-14 12:27:55,Simpang 3,lane_3,4,0,0,0,4,0,0,2,11.764706
2026-08-14 12:28:00,Simpang 1,lane_2,3,0,0,3,0,0,0,0,9.090909
2026-08-14 12:28:00,Simpang 1,lane_3,2,0,0,2,0,0,0,0,5.882353
2026-08-14 12:28:00,Simpang 2,lane_2,2,0,0,2,0,0,0,0,6.060606
2026-08-14 12:28:00,Simpang 2,lane_1,1,0,0,0,1,0,0,0,3.030303
2026-08-14 12:28:00,Simpang 4,lane_1,3,0,0,2,1,0,0,0,9.090909
2026-08-14 12:28:00,Simpang 4,lane_3,1,1,0,1,0,0,0,0,2.941176
2026-08-14 12:28:00,Simpang 4,lane_2,3,0,0,2,1,0,0,0,9.090909
2026-08-14 12:28:03,Simpang 3,lane_2,4,0,0,4,0,0,0,0,12.121212
2026-08-14 12:28:03,Simpang 3,lane_3,4,0,0,0,4,0,0,2,11.764706
2026-08-14 12:28:09,Simpang 4,lane_1,3,0,0,2,1,0,0,0,9.090909
2026-08-14 12:28:09,Simpang 4,lane_3,3,1,0,2,1,0,0,0,8.823529
2026-08-14 12:28:09,Simpang 4,lane_2,3,0,0,2,0,0,1,0,9.090909
2026-08-14 12:28:10,Simpang 1,lane_2,3,0,0,3,0,0,0,0,9.090909
2026-08-14 12:28:10,Simpang 1,lane_3,2,0,0,2,0,0,0,0,5.882353
2026-08-14 12:28:10,Simpang 2,lane_2,2,0,0,2,0,0,0,0,6.060606
2026-08-14 12:28:10,Simpang 2,lane_1,1,0,0,0,1,0,0,0,3.030303
2026-08-14 12:28:10,Simpang 3,lane_2,4,0,0,4,0,0,0,0,12.121212
2026-08-14 12:28:10,Simpang 3,lane_3,4,0,0,0,4,0,0,2,11.764706
2026-08-14 12:28:16,Simpang 4,lane_1,3,0,0,2,1,0,0,0,9.090909
2026-08-14 12:28:16,Simpang 4,lane_3,3,1,0,2,1,0,0,0,8.823529
2026-08-14 12:28:16,Simpang 4,lane_2,3,0,0,2,0,0,1,0,9.090909
2026-08-14 12:28:16,Simpang 3,lane_2,4,0,0,4,0,0,0,0,12.121212
2026-08-14 12:28:16,Simpang 3,lane_3,4,0,0,0,4,0,0,2,11.764706
2026-08-14 12:28:18,Simpang 1,lane_2,3,0,0,3,0,0,0,0,9.090909
2026-08-14 12:28:18,Simpang 1,lane_3,2,0,0,2,0,0,0,0,5.882353
2026-08-14 12:28:18,Simpang 2,lane_2,2,0,0,2,0,0,0,0,6.060606
2026-08-14 12:28:18,Simpang 2,lane_1,1,0,0,0,1,0,0,0,3.030303
2026-08-14 12:28:23,Simpang 4,lane_1,3,0,0,2,1,0,0,0,9.090909
2026-08-14 12:28:23,Simpang 4,lane_3,2,2,0,2,0,0,0,0,5.882353
2026-08-14 12:28:23,Simpang 4,lane_2,3,0,0,2,0,0,1,0,9.090909
2026-08-14 12:28:23,Simpang 3,lane_2,4,0,0,4,0,0,0,0,12.121212
2026-08-14 12:28:23,Simpang 3,lane_3,4,0,0,0,4,0,0,2,11.764706
2026-08-14 12:28:25,Simpang 2,lane_2,2,0,0,2,0,0,0,0,6.060606
2026-08-14 12:28:25,Simpang 2,lane_1,1,0,0,0,1,0,0,0,3.030303
2026-08-14 12:28:25,Simpang 1,lane_2,3,0,0,3,0,0,0,0,9.090909
2026-08-14 12:28:25,Simpang 1,lane_3,2,0,0,2,0,0,0,0,5.882353
2026-08-14 12:28:29,Simpang 4,lane_1,3,0,0,2,1,0,0,0,9.090909
2026-08-14 12:28:29,Simpang 4,lane_3,3,1,0,2,1,0,0,0,8.823529
2026-08-14 12:28:29,Simpang 4,lane_2,2,0,0,2,0,0,0,0,6.060606
2026-08-14 12:28:29,Simpang 3,lane_2,4,0,0,4,0,0,0,0,12.121212
2026-08-14 12:28:29,Simpang 3,lane_3,4,0,0,0,4,0,0,2,11.764706
2026-08-14 12:28:32,Simpang 1,lane_2,3,0,0,3,0,0,0,0,9.090909
2026-08-14 12:28:32,Simpang 1,lane_3,2,0,0,2,0,0,0,0,5.882353
2026-08-14 12:28:32,Simpang 2,lane_2,2,0,0,2,0,0,0,0,6.060606
2026-08-14 12:28:32,Simpang 2,lane_1,1,0,0,0,1,0,0,0,3.030303
2026-08-14 12:28:36,Simpang 4,lane_1,3,0,0,2,1,0,0,0,9.090909
2026-08-14 12:28:36,Simpang 4,lane_3,1,1,0,1,0,0,0,0,2.941176
2026-08-14 12:28:36,Simpang 4,lane_2,2,0,0,2,0,0,0,0,6.060606
2026-08-14 12:28:36,Simpang 3,lane_2,4,0,0,4,0,0,0,0,12.121212
2026-08-14 12:28:36,Simpang 3,lane_3,4,0,0,0,4,0,0,2,11.764706
2026-08-14 12:28:38,Simpang 1,lane_2,3,0,0,3,0,0,0,0,9.090909
2026-08-14 12:28:38,Simpang 1,lane_3,2,0,0,2,0,0,0,0,5.882353
2026-08-14 12:28:38,Simpang 2,lane_2,2,0,0,2,0,0,0,0,6.060606
2026-08-14 12:28:38,Simpang 2,lane_1,1,0,0,0,1,0,0,0,3.030303
2026-08-14 12:28:41,Simpang 3,lane_2,4,0,0,4,0,0,0,0,12.121212
2026-08-14 12:28:41,Simpang 3,lane_3,4,0,0,0,4,0,0,2,11.764706
2026-08-14 12:28:41,Simpang 4,lane_1,3,0,0,2,1,0,0,0,9.090909
2026-08-14 12:28:41,Simpang 4,lane_3,1,1,0,1,0,0,0,0,2.941176
2026-08-14 12:28:41,Simpang 4,lane_2,2,0,0,2,0,0,0,0,6.060606
2026-08-14 12:28:44,Simpang 1,lane_2,3,0,0,3,0,0,0,0,9.090909
2026-08-14 12:28:44,Simpang 1,lane_3,2,0,0,2,0,0,0,0,5.882353
2026-08-14 12:28:44,Simpang 2,lane_2,2,0,0,2,0,0,0,0,6.060606
2026-08-14 12:28:44,Simpang 2,lane_1,1,0,0,0,1,0,0,0,3.030303
2026-08-14 12:28:47,Simpang 3,lane_2,4,0,0,4,0,0,0,0,12.121212
2026-08-14 12:28:47,Simpang 3,lane_3,4,0,0,0,4,0,0,2,11.764706
2026-08-14 12:28:47,Simpang 4,lane_1,4,0,0,2,2,0,0,0,12.121212
2026-08-14 12:28:47,Simpang 4,lane_3,1,2,0,1,0,0,0,0,2.941176
2026-08-14 12:28:47,Simpang 4,lane_2,2,0,0,2,0,0,0,0,6.060606
2026-08-14 12:28:51,Simpang 1,lane_2,3,0,0,3,0,0,0,0,9.090909
2026-08-14 12:28:51,Simpang 1,lane_3,2,0,0,2,0,0,0,0,5.882353
2026-08-14 12:28:51,Simpang 2,lane_2,2,0,0,2,0,0,0,0,6.060606
2026-08-14 12:28:51,Simpang 2,lane_1,1,0,0,0,1,0,0,0,3.030303
2026-08-14 12:28:53,Simpang 3,lane_2,4,0,0,4,0,0,0,0,12.121212
2026-08-14 12:28:53,Simpang 3,lane_3,4,0,0,0,4,0,0,2,11.764706
2026-08-14 12:28:54,Simpang 4,lane_1,3,0,1,2,1,0,0,0,9.090909
2026-08-14 12:28:54,Simpang 4,lane_3,1,2,0,1,0,0,0,0,2.941176
2026-08-14 12:28:54,Simpang 4,lane_2,2,0,0,2,0,0,0,0,6.060606
2026-08-14 12:28:57,Simpang 1,lane_2,3,0,0,3,0,0,0,0,9.090909
2026-08-14 12:28:57,Simpang 1,lane_3,2,0,0,2,0,0,0,0,5.882353
2026-08-14 12:28:57,Simpang 2,lane_2,2,0,0,2,0,0,0,0,6.060606
2026-08-14 12:28:57,Simpang 2,lane_1,1,0,0,0,1,0,0,0,3.030303
2026-08-14 12:29:00,Simpang 3,lane_2,3,0,0,3,0,0,0,0,9.090909
2026-08-14 12:29:00,Simpang 3,lane_3,4,0,0,0,4,0,0,2,11.764706
2026-08-14 12:29:00,Simpang 4,lane_1,2,0,1,2,0,0,0,0,6.060606
2026-08-14 12:29:00,Simpang 4,lane_3,1,1,0,1,0,0,0,0,2.941176
2026-08-14 12:29:00,Simpang 4,lane_2,2,0,0,2,0,0,0,0,6.060606
2026-08-14 12:29:03,Simpang 2,lane_2,2,0,0,2,0,0,0,0,6.060606
2026-08-14 12:29:03,Simpang 2,lane_1,1,0,0,0,1,0,0,0,3.030303
2026-08-14 12:29:03,Simpang 1,lane_2,3,0,0,3,0,0,0,0,9.090909
2026-08-14 12:29:03,Simpang 1,lane_3,2,0,0,2,0,0,0,0,5.882353
2026-08-14 12:29:05,Simpang 3,lane_2,3,1,0,3,0,0,0,0,9.090909
2026-08-14 12:29:05,Simpang 3,lane_3,4,0,0,0,4,0,0,2,11.764706
2026-08-14 12:29:07,Simpang 4,lane_1,5,0,0,2,3,0,0,0,15.151515
2026-08-14 12:29:07,Simpang 4,lane_3,1,1,0,1,0,0,0,0,2.941176
2026-08-14 12:29:07,Simpang 4,lane_2,3,0,0,3,0,0,0,0,9.090909
2026-08-14 12:29:10,Simpang 2,lane_2,2,0,0,2,0,0,0,0,6.060606
2026-08-14 12:29:10,Simpang 2,lane_1,1,0,0,0,1,0,0,0,3.030303
2026-08-14 12:29:10,Simpang 1,lane_2,3,0,0,3,0,0,0,0,9.090909
2026-08-14 12:29:10,Simpang 1,lane_3,2,0,0,2,0,0,0,0,5.882353
2026-08-14 12:29:12,Simpang 3,lane_2,3,1,0,3,0,0,0,0,9.090909
2026-08-14 12:29:12,Simpang 3,lane_3,4,0,0,0,4,0,0,2,11.764706
2026-08-14 12:29:13,Simpang 4,lane_1,4,0,0,2,2,0,0,0,12.121212
2026-08-14 12:29:13,Simpang 4,lane_3,2,1,0,2,0,0,0,0,5.882353
2026-08-14 12:29:13,Simpang 4,lane_2,4,0,0,3,0,0,1,0,12.121212
2026-08-14 12:29:18,Simpang 2,lane_2,2,0,0,2,0,0,0,0,6.060606
2026-08-14 12:29:18,Simpang 2,lane_1,1,0,0,0,1,0,0,0,3.030303
2026-08-14 12:29:18,Simpang 1,lane_2,3,0,0,3,0,0,0,0,9.090909
2026-08-14 12:29:18,Simpang 1,lane_3,2,0,0,2,0,0,0,0,5.882353
2026-08-14 12:29:18,Simpang 3,lane_2,3,0,0,3,0,0,0,0,9.090909
2026-08-14 12:29:18,Simpang 3,lane_3,4,0,0,0,4,0,0,2,11.764706
2026-08-14 12:29:21,Simpang 4,lane_1,3,0,0,2,1,0,0,0,9.090909
2026-08-14 12:29:21,Simpang 4,lane_3,3,1,0,2,1,0,0,0,8.823529
2026-08-14 12:29:21,Simpang 4,lane_2,4,0,0,3,0,0,1,0,12.121212
2026-08-14 12:29:26,Simpang 1,lane_2,3,0,0,3,0,0,0,0,9.090909
2026-08-14 12:29:26,Simpang 1,lane_3,2,0,0,2,0,0,0,0,5.882353
2026-08-14 12:29:26,Simpang 3,lane_2,3,0,0,3,0,0,0,0,9.090909
2026-08-14 12:29:26,Simpang 3,lane_3,4,0,0,0,4,0,0,2,11.764706
2026-08-14 12:29:26,Simpang 2,lane_2,2,0,0,2,0,0,0,0,6.060606
2026-08-14 12:29:26,Simpang 2,lane_1,1,0,0,0,1,0,0,0,3.030303
2026-08-14 12:29:27,Simpang 4,lane_1,3,0,0,2,1,0,0,0,9.090909
2026-08-14 12:29:27,Simpang 4,lane_3,3,1,0,2,0,1,0,0,8.823529
2026-08-14 12:29:27,Simpang 4,lane_2,5,0,0,3,0,0,2,0,15.151515
2026-08-14 12:29:33,Simpang 3,lane_2,4,0,0,4,0,0,0,0,12.121212
2026-08-14 12:29:33,Simpang 3,lane_3,4,0,0,0,4,0,0,2,11.764706
2026-08-14 12:29:33,Simpang 4,lane_1,4,0,0,2,2,0,0,0,12.121212
2026-08-14 12:29:33,Simpang 4,lane_3,2,1,0,1,1,0,0,0,5.882353
2026-08-14 12:29:33,Simpang 4,lane_2,3,0,0,3,0,0,0,0,9.090909
2026-08-14 12:29:34,Simpang 1,lane_2,3,0,0,3,0,0,0,0,9.090909
2026-08-14 12:29:34,Simpang 1,lane_3,1,0,0,1,0,0,0,0,2.941176
2026-08-14 12:29:35,Simpang 2,lane_2,2,0,0,2,0,0,0,0,6.060606
2026-08-14 12:29:35,Simpang 2,lane_1,1,0,0,0,1,0,0,0,3.030303
2026-08-14 12:29:42,Simpang 3,lane_2,4,0,0,4,0,0,0,0,12.121212
2026-08-14 12:29:42,Simpang 3,lane_3,4,0,0,0,4,0,0,2,11.764706
2026-08-14 12:29:42,Simpang 4,lane_1,4,0,0,2,2,0,0,0,12.121212
2026-08-14 12:29:42,Simpang 4,lane_3,2,1,0,1,0,1,0,0,5.882353
2026-08-14 12:29:42,Simpang 4,lane_2,2,0,0,2,0,0,0,0,6.060606
2026-08-14 12:29:43,Simpang 1,lane_2,3,0,0,3,0,0,0,0,9.090909
2026-08-14 12:29:43,Simpang 1,lane_3,1,0,0,1,0,0,0,0,2.941176
2026-08-14 12:29:45,Simpang 2,lane_2,2,0,0,2,0,0,0,0,6.060606
2026-08-14 12:29:45,Simpang 2,lane_1,1,0,0,0,1,0,0,0,3.030303
2026-08-14 12:29:50,Simpang 4,lane_1,3,0,0,2,1,0,0,0,9.090909
2026-08-14 12:29:50,Simpang 4,lane_3,3,1,0,1,1,1,0,0,8.823529
2026-08-14 12:29:50,Simpang 4,lane_2,4,0,0,3,0,0,1,0,12.121212
2026-08-14 12:29:50,Simpang 3,lane_2,4,0,0,4,0,0,0,0,12.121212
2026-08-14 12:29:50,Simpang 3,lane_3,4,0,0,0,4,0,0,2,11.764706
2026-08-14 12:29:52,Simpang 1,lane_2,3,0,0,3,0,0,0,0,9.090909
2026-08-14 12:29:52,Simpang 1,lane_3,1,0,0,1,0,0,0,0,2.941176
2026-08-14 12:29:52,Simpang 2,lane_2,2,0,0,2,0,0,0,0,6.060606
2026-08-14 12:29:52,Simpang 2,lane_1,1,0,0,0,1,0,0,0,3.030303
2026-08-14 12:29:57,Simpang 3,lane_2,4,0,0,4,0,0,0,0,12.121212
2026-08-14 12:29:57,Simpang 3,lane_3,4,0,0,0,4,0,0,2,11.764706
2026-08-14 12:29:57,Simpang 4,lane_1,3,0,0,2,1,0,0,0,9.090909
2026-08-14 12:29:57,Simpang 4,lane_3,3,1,0,1,1,1,0,0,8.823529
2026-08-14 12:29:57,Simpang 4,lane_2,4,0,0,3,0,0,1,0,12.121212
2026-08-14 12:29:59,Simpang 1,lane_2,3,0,0,3,0,0,0,0,9.090909
2026-08-14 12:29:59,Simpang 1,lane_3,1,0,0,1,0,0,0,0,2.941176
2026-08-14 12:30:01,Simpang 2,lane_2,2,0,0,2,0,0,0,0,6.060606
2026-08-14 12:30:01,Simpang 2,lane_1,1,0,0,0,1,0,0,0,3.030303
2026-08-14 12:30:04,Simpang 3,lane_2,4,0,0,4,0,0,0,0,12.121212
2026-08-14 12:30:04,Simpang 3,lane_3,4,0,0,0,4,0,0,2,11.764706
2026-08-14 12:30:05,Simpang 4,lane_1,3,0,0,2,1,0,0,0,9.090909
2026-08-14 12:30:05,Simpang 4,lane_3,3,1,0,1,1,1,0,0,8.823529
2026-08-14 12:30:05,Simpang 4,lane_2,4,0,0,3,0,0,1,0,12.121212
2026-08-14 12:30:07,Simpang 1,lane_2,3,0,0,3,0,0,0,0,9.090909
2026-08-14 12:30:07,Simpang 1,lane_3,1,0,0,1,0,0,0,0,2.941176
2026-08-14 12:30:08,Simpang 2,lane_2,2,0,0,2,0,0,0,0,6.060606
2026-08-14 12:30:08,Simpang 2,lane_1,1,0,0,0,1,0,0,0,3.030303
2026-08-14 12:30:11,Simpang 3,lane_2,4,0,0,4,0,0,0,0,12.121212
2026-08-14 12:30:11,Simpang 3,lane_3,4,0,0,0,4,0,0,2,11.764706
2026-08-14 12:30:11,Simpang 4,lane_1,4,0,0,2,2,0,0,0,12.121212
2026-08-14 12:30:11,Simpang 4,lane_3,3,1,0,1,1,1,0,0,8.823529
2026-08-14 12:30:11,Simpang 4,lane_2,4,1,0,3,0,0,1,0,12.121212
2026-08-14 12:30:14,Simpang 1,lane_2,3,0,0,3,0,0,0,0,9.090909
2026-08-14 12:30:14,Simpang 1,lane_3,1,0,0,1,0,0,0,0,2.941176
2026-08-14 12:30:14,Simpang 2,lane_2,2,0,0,2,0,0,0,0,6.060606
2026-08-14 12:30:14,Simpang 2,lane_1,1,0,0,0,1,0,0,0,3.030303
2026-08-14 12:30:18,Simpang 3,lane_2,4,0,0,4,0,0,0,0,12.121212
2026-08-14 12:30:18,Simpang 3,lane_3,4,0,0,0,4,0,0,2,11.764706
2026-08-14 12:30:18,Simpang 4,lane_1,3,0,0,2,1,0,0,0,9.090909
2026-08-14 12:30:18,Simpang 4,lane_3,3,1,0,1,1,1,0,0,8.823529
2026-08-14 12:30:18,Simpang 4,lane_2,4,0,0,3,0,0,1,0,12.121212
2026-08-14 12:30:21,Simpang 1,lane_2,3,0,0,3,0,0,0,0,9.090909
2026-08-14 12:30:21,Simpang 1,lane_3,1,0,0,1,0,0,0,0,2.941176
2026-08-14 12:30:21,Simpang 2,lane_2,2,0,0,2,0,0,0,0,6.060606
2026-08-14 12:30:21,Simpang 2,lane_1,1,0,0,0,1,0,0,0,3.030303
2026-08-14 12:30:24,Simpang 4,lane_1,2,0,0,2,0,0,0,0,6.060606
2026-08-14 12:30:24,Simpang 4,lane_3,3,1,0,1,1,1,0,0,8.823529
2026-08-14 12:30:24,Simpang 4,lane_2,4,0,0,3,0,0,1,0,12.121212
2026-08-14 12:30:24,Simpang 3,lane_2,4,0,0,4,0,0,0,0,12.121212
2026-08-14 12:30:24,Simpang 3,lane_3,4,0,0,0,4,0,0,2,11.764706
2026-08-14 12:30:27,Simpang 1,lane_2,3,0,0,3,0,0,0,0,9.090909
2026-08-14 12:30:27,Simpang 1,lane_3,1,0,0,1,0,0,0,0,2.941176
2026-08-14 12:30:27,Simpang 2,lane_2,2,0,0,2,0,0,0,0,6.060606
2026-08-14 12:30:27,Simpang 2,lane_1,1,0,0,0,1,0,0,0,3.030303
2026-08-14 12:30:30,Simpang 3,lane_2,4,0,0,4,0,0,0,0,12.121212
2026-08-14 12:30:30,Simpang 3,lane_3,4,0,0,0,4,0,0,2,11.764706
2026-08-14 12:30:30,Simpang 4,lane_1,3,0,0,2,1,0,0,0,9.090909
2026-08-14 12:30:30,Simpang 4,lane_3,3,1,0,1,1,1,0,0,8.823529
2026-08-14 12:30:30,Simpang 4,lane_2,4,0,0,3,0,0,1,0,12.121212
2026-08-14 12:30:34,Simpang 1,lane_2,3,0,0,3,0,0,0,0,9.090909
2026-08-14 12:30:34,Simpang 1,lane_3,1,0,0,1,0,0,0,0,2.941176
2026-08-14 12:30:34,Simpang 2,lane_2,2,0,0,2,0,0,0,0,6.060606
2026-08-14 12:30:34,Simpang 2,lane_1,1,0,0,0,1,0,0,0,3.030303
2026-08-14 12:30:37,Simpang 3,lane_2,4,0,0,4,0,0,0,0,12.121212
2026-08-14 12:30:37,Simpang 3,lane_3,4,0,0,0,4,0,0,2,11.764706
2026-08-14 12:30:37,Simpang 4,lane_1,3,0,0,2,1,0,0,0,9.090909
2026-08-14 12:30:37,Simpang 4,lane_3,3,1,0,1,2,0,0,0,8.823529
2026-08-14 12:30:37,Simpang 4,lane_2,4,0,0,3,0,0,1,0,12.121212
2026-08-14 12:30:41,Simpang 1,lane_2,3,0,0,3,0,0,0,0,9.090909
2026-08-14 12:30:41,Simpang 1,lane_3,1,0,0,1,0,0,0,0,2.941176
2026-08-14 12:30:41,Simpang 2,lane_2,2,0,0,2,0,0,0,0,6.060606
2026-08-14 12:30:41,Simpang 2,lane_1,1,0,0,0,1,0,0,0,3.030303
2026-08-14 12:30:43,Simpang 3,lane_2,3,0,0,3,0,0,0,0,9.090909
2026-08-14 12:30:43,Simpang 3,lane_3,4,0,0,0,4,0,0,2,11.764706
2026-08-14 12:30:43,Simpang 4,lane_1,4,0,0,2,2,0,0,0,12.121212
2026-08-14 12:30:43,Simpang 4,lane_3,3,1,0,1,2,0,0,0,8.823529
2026-08-14 12:30:43,Simpang 4,lane_2,4,0,0,3,0,1,0,0,12.121212
2026-08-14 12:30:48,Simpang 2,lane_2,2,0,0,2,0,0,0,0,6.060606
2026-08-14 12:30:48,Simpang 2,lane_1,1,0,0,0,1,0,0,0,3.030303
2026-08-14 12:30:48,Simpang 1,lane_2,3,0,0,3,0,0,0,0,9.090909
2026-08-14 12:30:48,Simpang 1,lane_3,1,0,0,1,0,0,0,0,2.941176
2026-08-14 12:30:49,Simpang 3,lane_2,3,0,0,3,0,0,0,0,9.090909
2026-08-14 12:30:49,Simpang 3,lane_3,4,0,0,0,4,0,0,2,11.764706
2026-08-14 12:30:50,Simpang 4,lane_1,4,0,0,2,2,0,0,0,12.121212
2026-08-14 12:30:50,Simpang 4,lane_3,3,1,0,1,2,0,0,0,8.823529
2026-08-14 12:30:50,Simpang 4,lane_2,5,0,0,3,0,1,1,0,15.151515
2026-08-14 12:30:54,Simpang 1,lane_2,3,0,0,3,0,0,0,0,9.090909
2026-08-14 12:30:54,Simpang 1,lane_3,1,0,0,1,0,0,0,0,2.941176
2026-08-14 12:30:54,Simpang 2,lane_2,2,0,0,2,0,0,0,0,6.060606
2026-08-14 12:30:54,Simpang 2,lane_1,1,0,0,0,1,0,0,0,3.030303
2026-08-14 12:30:54,Simpang 3,lane_2,3,0,0,3,0,0,0,0,9.090909
2026-08-14 12:30:54,Simpang 3,lane_3,4,0,0,0,4,0,0,2,11.764706
2026-08-14 12:30:55,Simpang 4,lane_1,3,0,0,2,1,0,0,0,9.090909
2026-08-14 12:30:55,Simpang 4,lane_3,3,1,0,1,2,0,0,0,8.823529
2026-08-14 12:30:55,Simpang 4,lane_2,5,0,0,3,0,1,1,0,15.151515
2026-08-14 12:30:58,Simpang 3,lane_2,3,1,0,3,0,0,0,0,9.090909
2026-08-14 12:30:58,Simpang 3,lane_3,4,0,0,0,4,0,0,2,11.764706
2026-08-14 12:30:58,Simpang 1,lane_2,3,0,0,3,0,0,0,0,9.090909
2026-08-14 12:30:58,Simpang 1,lane_3,1,0,0,1,0,0,0,0,2.941176
2026-08-14 12:30:58,Simpang 4,lane_1,2,0,0,2,0,0,0,0,6.060606
2026-08-14 12:30:58,Simpang 4,lane_3,3,1,0,1,2,0,0,0,8.823529
2026-08-14 12:30:58,Simpang 4,lane_2,3,0,0,3,0,0,0,0,9.090909
2026-08-14 12:30:58,Simpang 2,lane_2,2,0,0,2,0,0,0,0,6.060606
2026-08-14 12:30:58,Simpang 2,lane_1,1,0,0,0,1,0,0,0,3.030303
2026-08-14 12:31:04,Simpang 3,lane_2,3,1,0,3,0,0,0,0,9.090909
2026-08-14 12:31:04,Simpang 3,lane_3,4,0,0,0,4,0,0,2,11.764706
2026-08-14 12:31:04,Simpang 4,lane_1,2,0,0,2,0,0,0,0,6.060606
2026-08-14 12:31:04,Simpang 4,lane_3,3,1,1,1,2,0,0,0,8.823529
2026-08-14 12:31:04,Simpang 4,lane_2,3,0,0,3,0,0,0,0,9.090909
2026-08-14 12:31:05,Simpang 1,lane_2,3,0,0,3,0,0,0,0,9.090909
2026-08-14 12:31:05,Simpang 2,lane_2,2,0,0,2,0,0,0,0,6.060606
2026-08-14 12:31:05,Simpang 2,lane_1,1,0,0,0,1,0,0,0,3.030303
2026-08-14 12:31:09,Simpang 3,lane_2,3,1,0,3,0,0,0,0,9.090909
2026-08-14 12:31:09,Simpang 3,lane_3,3,0,0,0,3,0,0,2,8.823529
2026-08-14 12:31:10,Simpang 4,lane_1,2,0,0,2,0,0,0,0,6.060606
2026-08-14 12:31:10,Simpang 4,lane_3,1,2,0,1,0,0,0,0,2.941176
2026-08-14 12:31:10,Simpang 4,lane_2,3,0,0,3,0,0,0,0,9.090909
2026-08-14 12:31:12,Simpang 1,lane_2,3,0,0,3,0,0,0,0,9.090909
2026-08-14 12:31:12,Simpang 2,lane_2,2,0,0,2,0,0,0,0,6.060606
2026-08-14 12:31:12,Simpang 2,lane_1,1,0,0,0,1,0,0,0,3.030303
2026-08-14 12:31:17,Simpang 3,lane_2,3,1,0,3,0,0,0,0,9.090909
2026-08-14 12:31:17,Simpang 3,lane_3,3,0,0,0,3,0,0,2,8.823529
2026-08-14 12:31:17,Simpang 4,lane_1,3,0,0,2,1,0,0,0,9.090909
2026-08-14 12:31:17,Simpang 4,lane_3,3,1,0,1,2,0,0,0,8.823529
2026-08-14 12:31:17,Simpang 4,lane_2,4,0,0,3,0,1,0,0,12.121212
2026-08-14 12:31:20,Simpang 1,lane_2,3,0,0,3,0,0,0,0,9.090909
2026-08-14 12:31:21,Simpang 2,lane_2,2,0,0,2,0,0,0,0,6.060606
2026-08-14 12:31:21,Simpang 2,lane_1,1,0,0,0,1,0,0,0,3.030303
2026-08-14 12:31:24,Simpang 3,lane_2,3,0,0,3,0,0,0,0,9.090909
2026-08-14 12:31:24,Simpang 3,lane_3,4,0,0,0,4,0,0,2,11.764706
2026-08-14 12:31:25,Simpang 4,lane_1,3,0,0,2,1,0,0,0,9.090909
2026-08-14 12:31:25,Simpang 4,lane_3,3,1,0,1,2,0,0,0,8.823529
2026-08-14 12:31:25,Simpang 4,lane_2,4,0,0,3,0,1,0,0,12.121212
2026-08-14 12:31:28,Simpang 1,lane_2,3,0,0,3,0,0,0,0,9.090909
2026-08-14 12:31:28,Simpang 2,lane_2,2,0,0,2,0,0,0,0,6.060606
2026-08-14 12:31:28,Simpang 2,lane_1,1,0,0,0,1,0,0,0,3.030303
2026-08-14 12:31:32,Simpang 3,lane_2,3,0,0,3,0,0,0,0,9.090909
2026-08-14 12:31:32,Simpang 3,lane_3,4,0,0,0,4,0,0,2,11.764706
2026-08-14 12:31:32,Simpang 4,lane_1,3,0,0,2,1,0,0,0,9.090909
2026-08-14 12:31:32,Simpang 4,lane_3,3,1,0,1,2,0,0,0,8.823529
2026-08-14 12:31:32,Simpang 4,lane_2,4,0,0,3,0,1,0,0,12.121212
2026-08-14 12:31:36,Simpang 1,lane_2,3,0,0,3,0,0,0,0,9.090909
2026-08-14 12:31:38,Simpang 2,lane_2,2,0,0,2,0,0,0,0,6.060606
2026-08-14 12:31:38,Simpang 2,lane_1,1,0,0,0,1,0,0,0,3.030303
2026-08-14 12:31:41,Simpang 3,lane_2,3,0,0,3,0,0,0,0,9.090909
2026-08-14 12:31:41,Simpang 3,lane_3,4,0,0,0,4,0,0,2,11.764706
2026-08-14 12:31:42,Simpang 4,lane_1,2,0,0,2,0,0,0,0,6.060606
2026-08-14 12:31:42,Simpang 4,lane_3,2,1,0,1,1,0,0,0,5.882353
2026-08-14 12:31:42,Simpang 4,lane_2,4,0,0,3,0,1,0,0,12.121212
2026-08-14 12:31:45,Simpang 1,lane_2,3,0,0,3,0,0,0,0,9.090909
2026-08-14 12:31:46,Simpang 2,lane_2,2,0,0,2,0,0,0,0,6.060606
2026-08-14 12:31:46,Simpang 2,lane_1,1,0,0,0,1,0,0,0,3.030303
2026-08-14 12:31:48,Simpang 3,lane_2,3,0,0,3,0,0,0,0,9.090909
2026-08-14 12:31:48,Simpang 3,lane_3,4,0,0,0,4,0,0,2,11.764706
2026-08-14 12:31:48,Simpang 4,lane_1,2,0,0,2,0,0,0,0,6.060606
2026-08-14 12:31:48,Simpang 4,lane_2,5,1,0,3,0,2,0,0,15.151515
2026-08-14 12:31:48,Simpang 4,lane_3,3,0,0,1,1,1,0,0,8.823529
2026-08-14 12:31:52,Simpang 1,lane_2,3,0,0,3,0,0,0,0,9.090909
2026-08-14 12:31:52,Simpang 1,lane_1,0,1,0,0,0,0,0,0,0.0
2026-08-14 12:31:52,Simpang 2,lane_2,2,0,0,2,0,0,0,0,6.060606
2026-08-14 12:31:52,Simpang 2,lane_1,1,0,0,0,1,0,0,0,3.030303
2026-08-14 12:31:53,Simpang 3,lane_2,3,0,0,3,0,0,0,0,9.090909
2026-08-14 12:31:53,Simpang 3,lane_3,4,0,0,0,4,0,0,2,11.764706
2026-08-14 12:31:53,Simpang 4,lane_1,3,0,0,2,1,0,0,0,9.090909
2026-08-14 12:31:53,Simpang 4,lane_2,5,1,1,3,0,2,0,0,15.151515
2026-08-14 12:31:53,Simpang 4,lane_3,3,0,0,1,1,1,0,0,8.823529
2026-08-14 12:31:54,Simpang 1,lane_2,3,0,0,3,0,0,0,0,9.090909
2026-08-14 12:31:54,Simpang 1,lane_1,0,1,0,0,0,0,0,0,0.0
2026-08-14 12:31:55,Simpang 2,lane_2,2,0,0,2,0,0,0,0,6.060606
2026-08-14 12:31:55,Simpang 2,lane_1,1,0,0,0,1,0,0,0,3.030303
2026-08-14 12:31:55,Simpang 3,lane_2,3,0,0,3,0,0,0,0,9.090909
2026-08-14 12:31:55,Simpang 3,lane_3,4,0,0,0,4,0,0,2,11.764706
2026-08-14 12:31:55,Simpang 4,lane_1,2,0,0,2,0,0,0,0,6.060606
2026-08-14 12:31:55,Simpang 4,lane_2,5,1,0,3,0,1,1,0,15.151515
2026-08-14 12:31:55,Simpang 4,lane_3,3,0,0,1,1,1,0,0,8.823529
2026-08-14 12:31:57,Simpang 1,lane_2,3,0,0,3,0,0,0,0,9.090909
2026-08-14 12:31:57,Simpang 2,lane_2,2,0,0,2,0,0,0,0,6.060606
2026-08-14 12:31:57,Simpang 2,lane_1,1,0,0,0,1,0,0,0,3.030303
2026-08-14 12:31:57,Simpang 3,lane_2,3,1,0,3,0,0,0,0,9.090909
2026-08-14 12:31:57,Simpang 3,lane_3,4,0,0,0,4,0,0,2,11.764706
2026-08-14 12:31:57,Simpang 4,lane_1,2,0,0,2,0,0,0,0,6.060606
2026-08-14 12:31:57,Simpang 4,lane_2,5,1,0,3,0,1,1,0,15.151515
2026-08-14 12:31:57,Simpang 4,lane_3,4,0,0,2,1,1,0,0,11.764706
2026-08-14 12:31:59,Simpang 3,lane_2,3,1,0,3,0,0,0,0,9.090909
2026-08-14 12:31:59,Simpang 3,lane_3,4,0,0,0,4,0,0,2,11.764706
2026-08-14 12:31:59,Simpang 1,lane_2,3,0,0,3,0,0,0,0,9.090909
2026-08-14 12:31:59,Simpang 4,lane_1,2,0,0,2,0,0,0,0,6.060606
2026-08-14 12:31:59,Simpang 4,lane_2,3,1,0,2,0,1,0,0,9.090909
2026-08-14 12:31:59,Simpang 4,lane_3,3,0,1,2,0,1,0,0,8.823529
2026-08-14 12:31:59,Simpang 2,lane_2,2,0,0,2,0,0,0,0,6.060606
2026-08-14 12:31:59,Simpang 2,lane_1,1,0,0,0,1,0,0,0,3.030303
2026-08-14 12:32:02,Simpang 3,lane_2,3,1,0,3,0,0,0,0,9.090909
2026-08-14 12:32:02,Simpang 3,lane_3,4,0,0,0,4,0,0,2,11.764706
2026-08-14 12:32:02,Simpang 4,lane_1,2,0,0,2,0,0,0,0,6.060606
2026-08-14 12:32:02,Simpang 4,lane_2,4,1,0,3,0,1,0,0,12.121212
2026-08-14 12:32:02,Simpang 4,lane_3,2,0,0,0,1,0,1,0,5.882353
2026-08-14 12:32:02,Simpang 1,lane_2,3,0,0,3,0,0,0,0,9.090909
2026-08-14 12:32:04,Simpang 2,lane_2,2,0,0,2,0,0,0,0,6.060606
2026-08-14 12:32:04,Simpang 2,lane_1,1,0,0,0,1,0,0,0,3.030303
2026-08-14 12:32:06,Simpang 3,lane_2,3,1,0,3,0,0,0,0,9.090909
2026-08-14 12:32:06,Simpang 3,lane_3,4,0,0,0,4,0,0,2,11.764706
2026-08-14 12:32:06,Simpang 4,lane_1,2,0,0,2,0,0,0,0,6.060606
2026-08-14 12:32:06,Simpang 4,lane_2,4,1,0,3,0,1,0,0,12.121212
2026-08-14 12:32:06,Simpang 4,lane_3,3,0,0,0,1,1,1,0,8.823529
2026-08-14 12:32:06,Simpang 1,lane_2,3,0,0,3,0,0,0,0,9.090909
2026-08-14 12:32:06,Simpang 2,lane_2,2,0,0,2,0,0,0,0,6.060606
2026-08-14 12:32:06,Simpang 2,lane_1,1,0,0,0,1,0,0,0,3.030303
2026-08-14 12:32:11,Simpang 4,lane_1,2,0,0,2,0,0,0,0,6.060606
2026-08-14 12:32:11,Simpang 4,lane_2,4,1,0,3,0,1,0,0,12.121212
2026-08-14 12:32:11,Simpang 4,lane_3,3,0,1,0,1,1,1,0,8.823529
2026-08-14 12:32:11,Simpang 3,lane_2,3,1,0,3,0,0,0,0,9.090909
2026-08-14 12:32:11,Simpang 3,lane_3,4,0,0,0,4,0,0,2,11.764706
2026-08-14 12:32:13,Simpang 1,lane_2,3,0,0,3,0,0,0,0,9.090909
2026-08-14 12:32:14,Simpang 2,lane_2,2,0,0,2,0,0,0,0,6.060606
2026-08-14 12:32:14,Simpang 2,lane_1,1,0,0,0,1,0,0,0,3.030303
2026-08-14 12:32:18,Simpang 4,lane_1,3,0,0,3,0,0,0,0,9.090909
2026-08-14 12:32:18,Simpang 4,lane_2,4,1,1,3,0,1,0,0,12.121212
2026-08-14 12:32:18,Simpang 4,lane_3,3,0,1,0,1,1,1,0,8.823529
2026-08-14 12:32:19,Simpang 3,lane_2,3,1,0,3,0,0,0,0,9.090909
2026-08-14 12:32:19,Simpang 3,lane_3,4,0,0,0,4,0,0,2,11.764706
2026-08-14 12:32:21,Simpang 1,lane_2,3,0,0,3,0,0,0,0,9.090909
2026-08-14 12:32:22,Simpang 2,lane_2,2,0,0,2,0,0,0,0,6.060606
2026-08-14 12:32:22,Simpang 2,lane_1,1,0,0,0,1,0,0,0,3.030303
2026-08-14 12:32:26,Simpang 4,lane_1,3,0,0,3,0,0,0,0,9.090909
2026-08-14 12:32:26,Simpang 4,lane_2,3,1,0,3,0,0,0,0,9.090909
2026-08-14 12:32:26,Simpang 4,lane_3,1,0,0,0,1,0,0,0,2.941176
2026-08-14 12:32:26,Simpang 3,lane_2,3,0,0,3,0,0,0,0,9.090909
2026-08-14 12:32:26,Simpang 3,lane_3,4,0,0,0,4,0,0,2,11.764706
2026-08-14 12:32:28,Simpang 1,lane_2,3,0,0,3,0,0,0,0,9.090909
2026-08-14 12:32:29,Simpang 2,lane_2,2,0,0,2,0,0,0,0,6.060606
2026-08-14 12:32:29,Simpang 2,lane_1,1,0,0,0,1,0,0,0,3.030303
2026-08-14 12:32:32,Simpang 4,lane_1,3,0,0,3,0,0,0,0,9.090909
2026-08-14 12:32:32,Simpang 4,lane_2,3,1,0,3,0,0,0,0,9.090909
2026-08-14 12:32:32,Simpang 4,lane_3,1,0,0,0,1,0,0,0,2.941176
2026-08-14 12:32:32,Simpang 3,lane_2,3,0,0,3,0,0,0,0,9.090909
2026-08-14 12:32:32,Simpang 3,lane_3,4,0,0,0,4,0,0,2,11.764706
2026-08-14 12:32:36,Simpang 1,lane_2,3,0,0,3,0,0,0,0,9.090909
2026-08-14 12:32:36,Simpang 2,lane_2,2,0,0,2,0,0,0,0,6.060606
2026-08-14 12:32:36,Simpang 2,lane_1,1,0,0,0,1,0,0,0,3.030303
2026-08-14 12:32:39,Simpang 4,lane_1,3,0,0,3,0,0,0,0,9.090909
2026-08-14 12:32:39,Simpang 4,lane_2,3,1,0,3,0,0,0,0,9.090909
2026-08-14 12:32:39,Simpang 4,lane_3,2,0,0,0,1,1,0,0,5.882353
2026-08-14 12:32:39,Simpang 3,lane_2,3,0,0,3,0,0,0,0,9.090909
2026-08-14 12:32:39,Simpang 3,lane_3,4,0,0,0,4,0,0,2,11.764706
2026-08-14 12:32:42,Simpang 1,lane_2,3,0,0,3,0,0,0,0,9.090909
2026-08-14 12:32:43,Simpang 2,lane_2,2,0,0,2,0,0,0,0,6.060606
2026-08-14 12:32:43,Simpang 2,lane_1,1,0,0,0,1,0,0,0,3.030303
2026-08-14 12:32:45,Simpang 4,lane_1,3,0,0,3,0,0,0,0,9.090909
2026-08-14 12:32:45,Simpang 4,lane_2,4,1,0,3,1,0,0,0,12.121212
2026-08-14 12:32:45,Simpang 4,lane_3,3,0,0,0,2,1,0,0,8.823529
2026-08-14 12:32:45,Simpang 3,lane_2,3,0,0,3,0,0,0,0,9.090909
2026-08-14 12:32:45,Simpang 3,lane_3,4,0,0,0,4,0,0,2,11.764706
2026-08-14 12:32:49,Simpang 1,lane_2,3,0,0,3,0,0,0,0,9.090909
2026-08-14 12:32:49,Simpang 2,lane_2,2,0,0,2,0,0,0,0,6.060606
2026-08-14 12:32:49,Simpang 2,lane_1,1,0,0,0,1,0,0,0,3.030303
2026-08-14 12:32:51,Simpang 4,lane_1,3,0,0,3,0,0,0,0,9.090909
2026-08-14 12:32:51,Simpang 4,lane_2,4,1,0,3,1,0,0,0,12.121212
2026-08-14 12:32:51,Simpang 4,lane_3,3,0,0,0,2,1,0,0,8.823529
2026-08-14 12:32:52,Simpang 3,lane_2,3,0,0,3,0,0,0,0,9.090909
2026-08-14 12:32:52,Simpang 3,lane_3,4,0,0,0,4,0,0,2,11.764706
2026-08-14 12:32:56,Simpang 1,lane_2,3,0,0,3,0,0,0,0,9.090909
2026-08-14 12:32:56,Simpang 2,lane_2,2,0,0,2,0,0,0,0,6.060606
2026-08-14 12:32:56,Simpang 2,lane_1,1,0,0,0,1,0,0,0,3.030303
2026-08-14 12:32:58,Simpang 4,lane_1,3,0,0,3,0,0,0,0,9.090909
2026-08-14 12:32:58,Simpang 4,lane_2,5,1,0,3,1,0,1,0,15.151515
2026-08-14 12:32:58,Simpang 4,lane_3,3,0,0,0,2,1,0,0,8.823529
2026-08-14 12:32:58,Simpang 3,lane_2,3,0,0,3,0,0,0,0,9.090909
2026-08-14 12:32:58,Simpang 3,lane_3,4,0,0,0,4,0,0,2,11.764706
2026-08-14 12:33:03,Simpang 2,lane_2,2,0,0,2,0,0,0,0,6.060606
2026-08-14 12:33:03,Simpang 2,lane_1,1,0,0,0,1,0,0,0,3.030303
2026-08-14 12:33:03,Simpang 1,lane_2,3,0,0,3,0,0,0,0,9.090909
2026-08-14 12:33:05,Simpang 4,lane_1,4,0,0,3,1,0,0,0,12.121212
2026-08-14 12:33:05,Simpang 4,lane_2,5,1,0,3,1,0,1,0,15.151515
2026-08-14 12:33:05,Simpang 4,lane_3,3,0,0,1,1,1,0,0,8.823529
2026-08-14 12:33:06,Simpang 3,lane_2,3,0,0,3,0,0,0,0,9.090909
2026-08-14 12:33:06,Simpang 3,lane_3,4,0,0,0,4,0,0,2,11.764706
2026-08-14 12:33:07,Simpang 4,lane_1,4,0,0,3,1,0,0,0,12.121212
2026-08-14 12:33:07,Simpang 4,lane_2,5,1,0,3,1,0,1,0,15.151515
2026-08-14 12:33:07,Simpang 4,lane_3,3,0,0,1,1,1,0,0,8.823529
2026-08-14 12:33:07,Simpang 1,lane_2,3,0,0,3,0,0,0,0,9.090909
2026-08-14 12:33:07,Simpang 2,lane_2,2,0,0,2,0,0,0,0,6.060606
2026-08-14 12:33:07,Simpang 2,lane_1,1,0,0,0,1,0,0,0,3.030303
2026-08-14 12:33:07,Simpang 3,lane_2,3,0,0,3,0,0,0,0,9.090909
2026-08-14 12:33:07,Simpang 3,lane_3,4,0,0,0,4,0,0,2,11.764706
2026-08-14 12:33:09,Simpang 4,lane_1,4,0,0,3,1,0,0,0,12.121212
2026-08-14 12:33:09,Simpang 4,lane_2,5,1,0,3,1,1,0,0,15.151515
2026-08-14 12:33:09,Simpang 4,lane_3,2,0,0,0,1,1,0,0,5.882353
2026-08-14 12:33:09,Simpang 3,lane_2,3,0,0,3,0,0,0,0,9.090909
2026-08-14 12:33:09,Simpang 3,lane_3,4,0,0,0,4,0,0,2,11.764706
2026-08-14 12:33:09,Simpang 1,lane_2,3,0,0,3,0,0,0,0,9.090909
2026-08-14 12:33:09,Simpang 2,lane_2,2,0,0,2,0,0,0,0,6.060606
2026-08-14 12:33:09,Simpang 2,lane_1,1,0,0,0,1,0,0,0,3.030303
2026-08-14 12:33:11,Simpang 4,lane_1,5,0,0,4,1,0,0,0,15.151515
2026-08-14 12:33:11,Simpang 4,lane_2,4,1,0,2,1,0,1,0,12.121212
2026-08-14 12:33:11,Simpang 4,lane_3,2,0,0,0,1,1,0,0,5.882353
2026-08-14 12:33:12,Simpang 3,lane_2,3,0,0,3,0,0,0,0,9.090909
2026-08-14 12:33:12,Simpang 3,lane_3,4,0,0,0,4,0,0,2,11.764706
2026-08-14 12:33:13,Simpang 1,lane_2,3,0,0,3,0,0,0,0,9.090909
2026-08-14 12:33:13,Simpang 2,lane_2,2,0,0,2,0,0,0,0,6.060606
2026-08-14 12:33:13,Simpang 2,lane_1,1,0,0,0,1,0,0,0,3.030303
2026-08-14 12:33:18,Simpang 4,lane_1,5,0,0,4,1,0,0,0,15.151515
2026-08-14 12:33:18,Simpang 4,lane_2,3,1,1,2,0,0,1,0,9.090909
2026-08-14 12:33:18,Simpang 4,lane_3,2,0,0,0,1,1,0,0,5.882353
2026-08-14 12:33:18,Simpang 3,lane_2,3,0,0,3,0,0,0,0,9.090909
2026-08-14 12:33:18,Simpang 3,lane_3,3,0,0,0,3,0,0,2,8.823529
2026-08-14 12:33:19,Simpang 1,lane_2,3,0,0,3,0,0,0,0,9.090909
2026-08-14 12:33:19,Simpang 1,lane_1,1,0,0,1,0,0,0,0,3.030303
2026-08-14 12:33:19,Simpang 2,lane_2,2,0,0,2,0,0,0,0,6.060606
2026-08-14 12:33:19,Simpang 2,lane_1,1,0,0,0,1,0,0,0,3.030303
2026-08-14 12:33:23,Simpang 4,lane_1,5,0,0,4,1,0,0,0,15.151515
2026-08-14 12:33:23,Simpang 4,lane_2,4,1,0,2,1,0,1,0,12.121212
2026-08-14 12:33:23,Simpang 4,lane_3,1,0,0,0,0,1,0,0,2.941176
2026-08-14 12:33:23,Simpang 3,lane_2,3,0,0,3,0,0,0,0,9.090909
2026-08-14 12:33:23,Simpang 3,lane_3,3,0,0,0,3,0,0,2,8.823529
2026-08-14 12:33:24,Simpang 1,lane_2,3,0,0,3,0,0,0,0,9.090909
2026-08-14 12:33:25,Simpang 2,lane_2,2,0,0,2,0,0,0,0,6.060606
2026-08-14 12:33:25,Simpang 2,lane_1,1,0,0,0,1,0,0,0,3.030303
2026-08-14 12:33:28,Simpang 4,lane_1,5,0,0,4,1,0,0,0,15.151515
2026-08-14 12:33:28,Simpang 4,lane_2,4,1,0,2,1,0,1,0,12.121212
2026-08-14 12:33:28,Simpang 4,lane_3,1,2,0,0,0,1,0,0,2.941176
2026-08-14 12:33:28,Simpang 3,lane_2,3,0,0,3,0,0,0,0,9.090909
2026-08-14 12:33:28,Simpang 3,lane_3,3,0,0,0,3,0,0,2,8.823529
2026-08-14 12:33:30,Simpang 1,lane_2,3,0,0,3,0,0,0,0,9.090909
2026-08-14 12:33:31,Simpang 2,lane_2,2,0,0,2,0,0,0,0,6.060606
2026-08-14 12:33:31,Simpang 2,lane_1,1,0,0,0,1,0,0,0,3.030303
2026-08-14 12:33:32,Simpang 4,lane_1,5,0,0,4,1,0,0,0,15.151515
2026-08-14 12:33:32,Simpang 4,lane_2,4,1,0,1,1,0,2,0,12.121212
2026-08-14 12:33:32,Simpang 4,lane_3,5,0,0,1,3,1,0,0,14.705882
2026-08-14 12:33:32,Simpang 3,lane_2,3,0,0,3,0,0,0,0,9.090909
2026-08-14 12:33:32,Simpang 3,lane_3,3,0,0,0,3,0,0,2,8.823529
2026-08-14 12:33:35,Simpang 1,lane_2,3,0,0,3,0,0,0,0,9.090909
2026-08-14 12:33:36,Simpang 2,lane_2,2,0,0,2,0,0,0,0,6.060606
2026-08-14 12:33:36,Simpang 2,lane_1,1,0,0,0,1,0,0,0,3.030303
2026-08-14 12:33:38,Simpang 4,lane_1,6,0,0,4,2,0,0,0,18.181818
2026-08-14 12:33:38,Simpang 4,lane_2,5,1,0,1,1,1,2,0,15.151515
2026-08-14 12:33:38,Simpang 4,lane_3,5,1,0,2,3,0,0,0,14.705882
2026-08-14 12:33:38,Simpang 3,lane_2,3,0,0,3,0,0,0,0,9.090909
2026-08-14 12:33:38,Simpang 3,lane_3,4,0,0,0,4,0,0,2,11.764706
2026-08-14 12:33:41,Simpang 1,lane_2,3,0,0,3,0,0,0,0,9.090909
2026-08-14 12:33:41,Simpang 2,lane_2,2,0,0,2,0,0,0,0,6.060606
2026-08-14 12:33:41,Simpang 2,lane_1,1,0,0,0,1,0,0,0,3.030303
2026-08-14 12:33:44,Simpang 4,lane_1,6,0,0,4,2,0,0,0,18.181818
2026-08-14 12:33:44,Simpang 4,lane_2,3,1,0,1,1,0,1,0,9.090909
2026-08-14 12:33:44,Simpang 4,lane_3,3,1,0,0,3,0,0,0,8.823529
2026-08-14 12:33:44,Simpang 3,lane_2,3,0,0,3,0,0,0,0,9.090909
2026-08-14 12:33:44,Simpang 3,lane_3,4,0,0,0,4,0,0,2,11.764706
2026-08-14 12:33:47,Simpang 1,lane_2,3,0,0,3,0,0,0,0,9.090909
2026-08-14 12:33:47,Simpang 1,lane_1,1,0,0,1,0,0,0,0,3.030303
2026-08-14 12:33:47,Simpang 2,lane_2,2,0,0,2,0,0,0,0,6.060606
2026-08-14 12:33:47,Simpang 2,lane_1,1,0,0,0,1,0,0,0,3.030303
2026-08-14 12:33:49,Simpang 4,lane_1,4,0,0,4,0,0,0,0,12.121212
2026-08-14 12:33:49,Simpang 4,lane_2,4,1,0,1,1,0,2,0,12.121212
2026-08-14 12:33:49,Simpang 4,lane_3,6,0,0,1,4,1,0,0,17.647059
2026-08-14 12:33:49,Simpang 3,lane_2,3,0,0,3,0,0,0,0,9.090909
2026-08-14 12:33:49,Simpang 3,lane_3,4,0,0,0,4,0,0,2,11.764706
2026-08-14 12:33:53,Simpang 1,lane_2,3,0,0,3,0,0,0,0,9.090909
2026-08-14 12:33:54,Simpang 2,lane_2,2,0,0,2,0,0,0,0,6.060606
2026-08-14 12:33:54,Simpang 2,lane_1,1,0,0,0,1,0,0,0,3.030303
2026-08-14 12:33:55,Simpang 4,lane_1,5,0,0,4,1,0,0,0,15.151515
2026-08-14 12:33:55,Simpang 4,lane_2,6,1,0,1,3,1,1,0,18.181818
2026-08-14 12:33:55,Simpang 4,lane_3,3,0,0,0,2,1,0,0,8.823529
2026-08-14 12:33:55,Simpang 3,lane_2,3,0,0,3,0,0,0,0,9.090909
2026-08-14 12:33:55,Simpang 3,lane_3,4,0,0,0,4,0,0,2,11.764706
2026-08-14 12:33:58,Simpang 1,lane_2,3,0,0,3,0,0,0,0,9.090909
2026-08-14 12:33:58,Simpang 1,lane_3,1,0,0,1,0,0,0,0,2.941176
2026-08-14 12:33:59,Simpang 2,lane_2,2,0,0,2,0,0,0,0,6.060606
2026-08-14 12:33:59,Simpang 2,lane_1,1,0,0,0,1,0,0,0,3.030303
2026-08-14 12:34:00,Simpang 4,lane_1,6,0,0,4,2,0,0,0,18.181818
2026-08-14 12:34:00,Simpang 4,lane_2,9,1,0,1,5,1,2,0,27.272727
2026-08-14 12:34:00,Simpang 4,lane_3,4,0,0,1,2,1,0,0,11.764706
2026-08-14 12:34:00,Simpang 3,lane_2,3,0,0,3,0,0,0,0,9.090909
2026-08-14 12:34:00,Simpang 3,lane_3,4,0,0,0,4,0,0,2,11.764706
2026-08-14 12:34:04,Simpang 1,lane_2,3,0,0,3,0,0,0,0,9.090909
2026-08-14 12:34:04,Simpang 1,lane_3,1,0,0,1,0,0,0,0,2.941176
2026-08-14 12:34:04,Simpang 2,lane_2,2,0,0,2,0,0,0,0,6.060606
2026-08-14 12:34:04,Simpang 2,lane_1,1,0,0,0,1,0,0,0,3.030303
2026-08-14 12:34:05,Simpang 3,lane_2,3,0,0,3,0,0,0,0,9.090909
2026-08-14 12:34:05,Simpang 3,lane_3,4,0,0,0,4,0,0,2,11.764706
2026-08-14 12:34:05,Simpang 4,lane_1,5,0,0,4,1,0,0,0,15.151515
2026-08-14 12:34:05,Simpang 4,lane_2,5,1,0,2,3,0,0,0,15.151515
2026-08-14 12:34:05,Simpang 4,lane_3,3,0,0,1,1,1,0,0,8.823529
2026-08-14 12:34:09,Simpang 1,lane_2,3,0,0,3,0,0,0,0,9.090909
2026-08-14 12:34:09,Simpang 1,lane_3,1,0,0,1,0,0,0,0,2.941176
2026-08-14 12:34:09,Simpang 2,lane_2,2,0,0,2,0,0,0,0,6.060606
2026-08-14 12:34:09,Simpang 2,lane_1,1,0,0,0,1,0,0,0,3.030303
2026-08-14 12:34:09,Simpang 3,lane_2,3,0,0,3,0,0,0,0,9.090909
2026-08-14 12:34:09,Simpang 3,lane_3,4,0,0,0,4,0,0,2,11.764706
2026-08-14 12:34:10,Simpang 4,lane_1,4,0,0,4,0,0,0,0,12.121212
2026-08-14 12:34:10,Simpang 4,lane_2,6,1,0,2,4,0,0,0,18.181818
2026-08-14 12:34:10,Simpang 4,lane_3,4,0,0,1,2,1,0,0,11.764706
2026-08-14 12:34:14,Simpang 1,lane_2,3,0,0,3,0,0,0,0,9.090909
2026-08-14 12:34:14,Simpang 1,lane_3,1,0,0,1,0,0,0,0,2.941176
2026-08-14 12:34:14,Simpang 3,lane_2,3,0,0,3,0,0,0,0,9.090909
2026-08-14 12:34:14,Simpang 3,lane_3,4,0,0,0,4,0,0,2,11.764706
2026-08-14 12:34:14,Simpang 4,lane_1,6,0,0,5,1,0,0,0,18.181818
2026-08-14 12:34:14,Simpang 4,lane_2,6,1,0,0,4,0,2,0,18.181818
2026-08-14 12:34:14,Simpang 4,lane_3,6,0,0,1,4,1,0,0,17.647059
2026-08-14 12:34:14,Simpang 2,lane_2,2,0,0,2,0,0,0,0,6.060606
2026-08-14 12:34:14,Simpang 2,lane_1,1,0,0,0,1,0,0,0,3.030303
2026-08-14 12:34:19,Simpang 3,lane_2,3,0,0,3,0,0,0,0,9.090909
2026-08-14 12:34:19,Simpang 3,lane_3,4,0,0,0,4,0,0,2,11.764706
2026-08-14 12:34:19,Simpang 1,lane_2,3,0,0,3,0,0,0,0,9.090909
2026-08-14 12:34:19,Simpang 1,lane_3,1,0,0,1,0,0,0,0,2.941176
2026-08-14 12:34:19,Simpang 4,lane_1,5,0,0,4,1,0,0,0,15.151515
2026-08-14 12:34:19,Simpang 4,lane_2,7,0,0,0,5,0,2,0,21.212121
2026-08-14 12:34:19,Simpang 4,lane_3,4,0,0,1,3,0,0,0,11.764706
2026-08-14 12:34:20,Simpang 2,lane_2,2,0,0,2,0,0,0,0,6.060606
2026-08-14 12:34:20,Simpang 2,lane_1,1,0,0,0,1,0,0,0,3.030303
2026-08-14 12:34:25,Simpang 3,lane_2,3,0,0,3,0,0,0,0,9.090909
2026-08-14 12:34:25,Simpang 3,lane_3,4,0,0,0,4,0,0,2,11.764706
2026-08-14 12:34:25,Simpang 4,lane_1,5,0,0,4,1,0,0,0,15.151515
2026-08-14 12:34:25,Simpang 4,lane_2,5,1,0,1,3,0,1,0,15.151515
2026-08-14 12:34:25,Simpang 4,lane_3,3,0,0,1,2,0,0,0,8.823529
2026-08-14 12:34:26,Simpang 1,lane_2,4,0,0,4,0,0,0,0,12.121212
2026-08-14 12:34:26,Simpang 1,lane_3,1,0,0,1,0,0,0,0,2.941176
2026-08-14 12:34:26,Simpang 2,lane_2,2,0,0,2,0,0,0,0,6.060606
2026-08-14 12:34:26,Simpang 2,lane_1,1,0,0,0,1,0,0,0,3.030303
2026-08-14 12:34:30,Simpang 3,lane_2,3,0,0,3,0,0,0,0,9.090909
2026-08-14 12:34:30,Simpang 3,lane_3,4,0,0,0,4,0,0,2,11.764706
2026-08-14 12:34:30,Simpang 4,lane_1,5,0,0,4,1,0,0,0,15.151515
2026-08-14 12:34:30,Simpang 4,lane_2,7,0,0,1,5,0,1,0,21.212121
2026-08-14 12:34:30,Simpang 4,lane_3,3,0,0,1,2,0,0,0,8.823529
2026-08-14 12:34:31,Simpang 1,lane_2,4,0,0,4,0,0,0,0,12.121212
2026-08-14 12:34:31,Simpang 1,lane_3,1,0,0,1,0,0,0,0,2.941176
2026-08-14 12:34:31,Simpang 2,lane_2,2,0,0,2,0,0,0,0,6.060606
2026-08-14 12:34:31,Simpang 2,lane_1,1,0,0,0,1,0,0,0,3.030303
2026-08-14 12:34:35,Simpang 3,lane_2,3,0,0,3,0,0,0,0,9.090909
2026-08-14 12:34:35,Simpang 3,lane_3,4,0,0,0,4,0,0,2,11.764706
2026-08-14 12:34:35,Simpang 4,lane_1,6,0,0,5,1,0,0,0,18.181818
2026-08-14 12:34:35,Simpang 4,lane_2,8,0,0,1,6,0,1,0,24.242424
2026-08-14 12:34:35,Simpang 4,lane_3,3,0,0,1,1,1,0,0,8.823529
2026-08-14 12:34:36,Simpang 1,lane_2,4,0,0,4,0,0,0,0,12.121212
2026-08-14 12:34:36,Simpang 1,lane_3,1,0,0,1,0,0,0,0,2.941176
2026-08-14 12:34:36,Simpang 2,lane_2,2,0,0,2,0,0,0,0,6.060606
2026-08-14 12:34:36,Simpang 2,lane_1,1,0,0,0,1,0,0,0,3.030303
2026-08-14 12:34:39,Simpang 3,lane_2,3,0,0,3,0,0,0,0,9.090909
2026-08-14 12:34:39,Simpang 3,lane_3,4,0,0,0,4,0,0,2,11.764706
2026-08-14 12:34:39,Simpang 4,lane_1,5,0,0,4,1,0,0,0,15.151515
2026-08-14 12:34:39,Simpang 4,lane_2,8,0,0,1,6,0,1,0,24.242424
2026-08-14 12:34:39,Simpang 4,lane_3,3,2,0,1,1,1,0,0,8.823529
2026-08-14 12:34:41,Simpang 1,lane_2,4,0,0,3,1,0,0,0,12.121212
2026-08-14 12:34:41,Simpang 1,lane_3,1,0,0,1,0,0,0,0,2.941176
2026-08-14 12:34:41,Simpang 2,lane_2,2,0,0,2,0,0,0,0,6.060606
2026-08-14 12:34:41,Simpang 2,lane_1,1,0,0,0,1,0,0,0,3.030303
2026-08-14 12:34:44,Simpang 3,lane_2,3,0,0,3,0,0,0,0,9.090909
2026-08-14 12:34:44,Simpang 3,lane_3,4,0,0,0,4,0,0,2,11.764706
2026-08-14 12:34:44,Simpang 4,lane_1,6,0,0,5,1,0,0,0,18.181818
2026-08-14 12:34:44,Simpang 4,lane_2,8,0,0,1,6,0,1,0,24.242424
2026-08-14 12:34:44,Simpang 4,lane_3,3,2,0,1,1,1,0,0,8.823529
2026-08-14 12:34:47,Simpang 1,lane_2,4,0,0,3,1,0,0,0,12.121212
2026-08-14 12:34:47,Simpang 1,lane_3,1,0,0,1,0,0,0,0,2.941176
2026-08-14 12:34:47,Simpang 2,lane_2,2,0,0,2,0,0,0,0,6.060606
2026-08-14 12:34:47,Simpang 2,lane_1,1,0,0,0,1,0,0,0,3.030303
2026-08-14 12:34:50,Simpang 3,lane_2,3,0,0,3,0,0,0,0,9.090909
2026-08-14 12:34:50,Simpang 3,lane_3,4,0,0,0,4,0,0,2,11.764706
2026-08-14 12:34:50,Simpang 4,lane_1,6,0,0,5,1,0,0,0,18.181818
2026-08-14 12:34:50,Simpang 4,lane_2,7,0,0,1,6,0,0,0,21.212121
2026-08-14 12:34:50,Simpang 4,lane_3,2,2,0,1,1,0,0,0,5.882353
2026-08-14 12:34:52,Simpang 1,lane_2,4,0,0,3,1,0,0,0,12.121212
2026-08-14 12:34:52,Simpang 1,lane_3,1,0,0,1,0,0,0,0,2.941176
2026-08-14 12:34:52,Simpang 2,lane_2,2,0,0,2,0,0,0,0,6.060606
2026-08-14 12:34:52,Simpang 2,lane_1,1,0,0,0,1,0,0,0,3.030303
2026-08-14 12:34:54,Simpang 3,lane_2,3,0,0,3,0,0,0,0,9.090909
2026-08-14 12:34:54,Simpang 3,lane_3,4,0,0,0,4,0,0,2,11.764706
2026-08-14 12:34:54,Simpang 4,lane_1,4,0,0,3,1,0,0,0,12.121212
2026-08-14 12:34:54,Simpang 4,lane_2,8,0,0,1,6,0,1,0,24.242424
2026-08-14 12:34:54,Simpang 4,lane_3,2,2,0,1,1,0,0,0,5.882353
2026-08-14 12:34:57,Simpang 1,lane_2,3,0,0,3,0,0,0,0,9.090909
2026-08-14 12:34:57,Simpang 1,lane_3,1,0,0,1,0,0,0,0,2.941176
2026-08-14 12:34:57,Simpang 2,lane_2,2,0,0,2,0,0,0,0,6.060606
2026-08-14 12:34:57,Simpang 2,lane_1,1,0,0,0,1,0,0,0,3.030303
2026-08-14 12:34:59,Simpang 3,lane_2,3,0,0,3,0,0,0,0,9.090909
2026-08-14 12:34:59,Simpang 3,lane_3,4,0,0,0,4,0,0,2,11.764706
2026-08-14 12:35:00,Simpang 4,lane_1,4,0,0,3,1,0,0,0,12.121212
2026-08-14 12:35:00,Simpang 4,lane_2,9,0,0,1,6,0,2,0,27.272727
2026-08-14 12:35:00,Simpang 4,lane_3,2,2,0,1,1,0,0,0,5.882353
2026-08-14 12:35:02,Simpang 1,lane_2,3,0,0,3,0,0,0,0,9.090909
2026-08-14 12:35:02,Simpang 1,lane_3,1,0,0,1,0,0,0,0,2.941176
2026-08-14 12:35:03,Simpang 2,lane_2,2,0,0,2,0,0,0,0,6.060606
2026-08-14 12:35:03,Simpang 2,lane_1,1,0,0,0,1,0,0,0,3.030303
2026-08-14 12:35:05,Simpang 3,lane_2,3,0,0,3,0,0,0,0,9.090909
2026-08-14 12:35:05,Simpang 3,lane_3,4,0,0,0,4,0,0,2,11.764706
2026-08-14 12:35:05,Simpang 4,lane_1,4,0,0,3,1,0,0,0,12.121212
2026-08-14 12:35:05,Simpang 4,lane_2,10,0,0,1,8,0,1,0,30.30303
2026-08-14 12:35:05,Simpang 4,lane_3,2,2,0,1,1,0,0,0,5.882353
2026-08-14 12:35:08,Simpang 1,lane_2,4,0,0,4,0,0,0,0,12.121212
2026-08-14 12:35:08,Simpang 1,lane_3,1,0,0,1,0,0,0,0,2.941176
2026-08-14 12:35:08,Simpang 2,lane_2,2,0,0,2,0,0,0,0,6.060606
2026-08-14 12:35:08,Simpang 2,lane_1,1,0,0,0,1,0,0,0,3.030303
2026-08-14 12:35:10,Simpang 4,lane_1,4,0,0,3,1,0,0,0,12.121212
2026-08-14 12:35:10,Simpang 4,lane_2,11,0,0,1,9,0,1,0,33.333333
2026-08-14 12:35:10,Simpang 4,lane_3,2,2,0,1,1,0,0,0,5.882353
2026-08-14 12:35:10,Simpang 3,lane_2,3,0,0,3,0,0,0,0,9.090909
2026-08-14 12:35:10,Simpang 3,lane_3,4,0,0,0,4,0,0,2,11.764706
2026-08-14 12:35:13,Simpang 2,lane_2,2,0,0,2,0,0,0,0,6.060606
2026-08-14 12:35:13,Simpang 2,lane_1,1,0,0,0,1,0,0,0,3.030303
2026-08-14 12:35:13,Simpang 1,lane_2,4,0,0,4,0,0,0,0,12.121212
2026-08-14 12:35:13,Simpang 1,lane_3,1,0,0,1,0,0,0,0,2.941176
2026-08-14 12:35:14,Simpang 4,lane_1,5,0,0,4,1,0,0,0,15.151515
2026-08-14 12:35:14,Simpang 4,lane_2,12,0,0,1,9,0,2,0,36.363636
2026-08-14 12:35:14,Simpang 4,lane_3,2,2,0,1,1,0,0,0,5.882353
2026-08-14 12:35:15,Simpang 3,lane_2,3,0,0,3,0,0,0,0,9.090909
2026-08-14 12:35:15,Simpang 3,lane_3,4,0,0,0,4,0,0,2,11.764706
2026-08-14 12:35:19,Simpang 2,lane_2,2,0,0,2,0,0,0,0,6.060606
2026-08-14 12:35:19,Simpang 2,lane_1,1,0,0,0,1,0,0,0,3.030303
2026-08-14 12:35:19,Simpang 1,lane_2,4,0,0,4,0,0,0,0,12.121212
2026-08-14 12:35:19,Simpang 1,lane_3,1,0,0,1,0,0,0,0,2.941176
2026-08-14 12:35:19,Simpang 3,lane_2,3,0,0,3,0,0,0,0,9.090909
2026-08-14 12:35:19,Simpang 3,lane_3,4,0,0,0,4,0,0,2,11.764706
2026-08-14 12:35:19,Simpang 4,lane_1,5,0,0,4,1,0,0,0,15.151515
2026-08-14 12:35:19,Simpang 4,lane_2,12,0,0,1,9,0,2,0,36.363636
2026-08-14 12:35:19,Simpang 4,lane_3,2,3,0,1,1,0,0,0,5.882353
2026-08-14 12:35:24,Simpang 3,lane_2,3,0,0,3,0,0,0,0,9.090909
2026-08-14 12:35:24,Simpang 3,lane_3,4,0,0,0,4,0,0,2,11.764706
2026-08-14 12:35:24,Simpang 1,lane_2,4,0,0,4,0,0,0,0,12.121212
2026-08-14 12:35:24,Simpang 1,lane_3,1,0,0,1,0,0,0,0,2.941176
2026-08-14 12:35:24,Simpang 2,lane_2,2,0,0,2,0,0,0,0,6.060606
2026-08-14 12:35:24,Simpang 2,lane_1,1,0,0,0,1,0,0,0,3.030303
2026-08-14 12:35:24,Simpang 4,lane_1,4,0,0,3,1,0,0,0,12.121212
2026-08-14 12:35:24,Simpang 4,lane_2,9,0,0,0,8,0,1,0,27.272727
2026-08-14 12:35:24,Simpang 4,lane_3,2,3,0,1,1,0,0,0,5.882353
2026-08-14 12:35:28,Simpang 3,lane_2,3,0,0,3,0,0,0,0,9.090909
2026-08-14 12:35:28,Simpang 3,lane_3,4,0,0,0,4,0,0,2,11.764706
2026-08-14 12:35:28,Simpang 4,lane_1,6,0,0,4,2,0,0,0,18.181818
2026-08-14 12:35:28,Simpang 4,lane_2,10,0,0,0,9,0,1,0,30.30303
2026-08-14 12:35:28,Simpang 4,lane_3,2,3,0,1,1,0,0,0,5.882353
2026-08-14 12:35:29,Simpang 1,lane_2,4,0,0,4,0,0,0,0,12.121212
2026-08-14 12:35:29,Simpang 1,lane_3,1,0,0,1,0,0,0,0,2.941176
2026-08-14 12:35:29,Simpang 2,lane_2,2,0,0,2,0,0,0,0,6.060606
2026-08-14 12:35:29,Simpang 2,lane_1,1,0,0,0,1,0,0,0,3.030303
2026-08-14 12:35:33,Simpang 3,lane_2,3,0,0,3,0,0,0,0,9.090909
2026-08-14 12:35:33,Simpang 3,lane_3,4,0,0,0,4,0,0,2,11.764706
2026-08-14 12:35:33,Simpang 4,lane_1,4,0,0,3,1,0,0,0,12.121212
2026-08-14 12:35:33,Simpang 4,lane_2,9,0,0,0,8,0,1,0,27.272727
2026-08-14 12:35:33,Simpang 4,lane_3,2,2,0,1,1,0,0,0,5.882353
2026-08-14 12:35:33,Simpang 1,lane_2,4,0,0,4,0,0,0,0,12.121212
2026-08-14 12:35:33,Simpang 1,lane_3,1,0,0,1,0,0,0,0,2.941176
2026-08-14 12:35:33,Simpang 2,lane_2,2,0,0,2,0,0,0,0,6.060606
2026-08-14 12:35:33,Simpang 2,lane_1,1,0,0,0,1,0,0,0,3.030303
2026-08-14 12:35:36,Simpang 3,lane_2,3,0,0,3,0,0,0,0,9.090909
2026-08-14 12:35:36,Simpang 3,lane_3,4,0,0,0,4,0,0,2,11.764706
2026-08-14 12:35:37,Simpang 4,lane_1,5,0,0,4,1,0,0,0,15.151515
2026-08-14 12:35:37,Simpang 4,lane_2,9,0,0,0,8,0,1,0,27.272727
2026-08-14 12:35:37,Simpang 4,lane_3,3,2,0,1,2,0,0,0,8.823529
2026-08-14 12:35:38,Simpang 1,lane_2,4,0,0,4,0,0,0,0,12.121212
2026-08-14 12:35:38,Simpang 1,lane_3,1,0,0,1,0,0,0,0,2.941176
2026-08-14 12:35:38,Simpang 2,lane_2,2,0,0,2,0,0,0,0,6.060606
2026-08-14 12:35:38,Simpang 2,lane_1,1,0,0,0,1,0,0,0,3.030303
2026-08-14 12:35:42,Simpang 3,lane_2,3,0,0,3,0,0,0,0,9.090909
2026-08-14 12:35:42,Simpang 3,lane_3,4,0,0,0,4,0,0,2,11.764706
2026-08-14 12:35:42,Simpang 4,lane_1,5,0,0,4,1,0,0,0,15.151515
2026-08-14 12:35:42,Simpang 4,lane_2,9,0,0,0,8,1,0,0,27.272727
2026-08-14 12:35:42,Simpang 4,lane_3,4,0,0,1,3,0,0,0,11.764706
2026-08-14 12:35:44,Simpang 1,lane_2,4,0,0,4,0,0,0,0,12.121212
2026-08-14 12:35:44,Simpang 1,lane_3,1,0,0,1,0,0,0,0,2.941176
2026-08-14 12:35:44,Simpang 2,lane_2,2,0,0,2,0,0,0,0,6.060606
2026-08-14 12:35:44,Simpang 2,lane_1,1,0,0,0,1,0,0,0,3.030303
2026-08-14 12:35:47,Simpang 3,lane_2,3,0,0,3,0,0,0,0,9.090909
2026-08-14 12:35:47,Simpang 3,lane_3,4,0,0,0,4,0,0,2,11.764706
2026-08-14 12:35:47,Simpang 4,lane_1,5,0,0,3,2,0,0,0,15.151515
2026-08-14 12:35:47,Simpang 4,lane_2,11,0,0,1,9,1,0,0,33.333333
2026-08-14 12:35:47,Simpang 4,lane_3,6,0,0,1,5,0,0,0,17.647059
2026-08-14 12:35:49,Simpang 2,lane_2,2,0,0,2,0,0,0,0,6.060606
2026-08-14 12:35:49,Simpang 2,lane_1,1,0,0,0,1,0,0,0,3.030303
2026-08-14 12:35:49,Simpang 1,lane_2,4,0,0,4,0,0,0,0,12.121212
2026-08-14 12:35:49,Simpang 1,lane_3,1,0,0,1,0,0,0,0,2.941176
2026-08-14 12:35:53,Simpang 3,lane_2,3,0,0,3,0,0,0,0,9.090909
2026-08-14 12:35:53,Simpang 3,lane_3,4,0,0,0,4,0,0,2,11.764706
2026-08-14 12:35:54,Simpang 4,lane_1,6,0,0,4,2,0,0,0,18.181818
2026-08-14 12:35:54,Simpang 4,lane_2,7,2,1,1,5,1,0,0,21.212121
2026-08-14 12:35:54,Simpang 4,lane_3,4,0,0,1,3,0,0,0,11.764706
2026-08-14 12:35:57,Simpang 2,lane_2,2,0,0,2,0,0,0,0,6.060606
2026-08-14 12:35:57,Simpang 2,lane_1,1,0,0,0,1,0,0,0,3.030303
2026-08-14 12:35:57,Simpang 1,lane_2,4,0,0,4,0,0,0,0,12.121212
2026-08-14 12:35:57,Simpang 1,lane_3,1,0,0,1,0,0,0,0,2.941176
2026-08-14 12:36:01,Simpang 3,lane_2,3,0,0,3,0,0,0,0,9.090909
2026-08-14 12:36:01,Simpang 3,lane_3,4,0,0,0,4,0,0,2,11.764706
2026-08-14 12:36:02,Simpang 4,lane_1,6,0,0,5,1,0,0,0,18.181818
2026-08-14 12:36:02,Simpang 4,lane_2,7,2,1,1,5,1,0,0,21.212121
2026-08-14 12:36:02,Simpang 4,lane_3,6,0,0,1,5,0,0,0,17.647059
2026-08-14 12:36:04,Simpang 1,lane_2,3,0,0,3,0,0,0,0,9.090909
2026-08-14 12:36:04,Simpang 1,lane_3,1,0,0,1,0,0,0,0,2.941176
2026-08-14 12:36:05,Simpang 2,lane_2,2,0,0,2,0,0,0,0,6.060606
2026-08-14 12:36:05,Simpang 2,lane_1,1,0,0,0,1,0,0,0,3.030303
2026-08-14 12:36:07,Simpang 3,lane_2,3,0,0,3,0,0,0,0,9.090909
2026-08-14 12:36:07,Simpang 3,lane_3,4,0,0,0,4,0,0,2,11.764706
2026-08-14 12:36:07,Simpang 4,lane_1,4,0,0,3,1,0,0,0,12.121212
2026-08-14 12:36:07,Simpang 4,lane_2,8,0,0,1,7,0,0,0,24.242424
2026-08-14 12:36:07,Simpang 4,lane_3,3,0,0,1,2,0,0,0,8.823529
2026-08-14 12:36:10,Simpang 2,lane_2,2,0,0,2,0,0,0,0,6.060606
2026-08-14 12:36:10,Simpang 2,lane_1,1,0,0,0,1,0,0,0,3.030303
2026-08-14 12:36:10,Simpang 1,lane_2,3,0,0,3,0,0,0,0,9.090909
2026-08-14 12:36:10,Simpang 1,lane_3,1,0,0,1,0,0,0,0,2.941176
2026-08-14 12:36:12,Simpang 3,lane_2,3,0,0,3,0,0,0,0,9.090909
2026-08-14 12:36:12,Simpang 3,lane_3,4,0,0,0,4,0,0,2,11.764706
2026-08-14 12:36:12,Simpang 4,lane_1,4,0,0,3,1,0,0,0,12.121212
2026-08-14 12:36:12,Simpang 4,lane_2,9,0,0,1,8,0,0,0,27.272727
2026-08-14 12:36:12,Simpang 4,lane_3,3,1,0,1,2,0,0,0,8.823529
2026-08-14 12:36:15,Simpang 2,lane_2,2,0,0,2,0,0,0,0,6.060606
2026-08-14 12:36:15,Simpang 2,lane_1,1,0,0,0,1,0,0,0,3.030303
2026-08-14 12:36:15,Simpang 1,lane_2,4,0,0,4,0,0,0,0,12.121212
2026-08-14 12:36:15,Simpang 1,lane_3,1,0,0,1,0,0,0,0,2.941176
2026-08-14 12:36:17,Simpang 3,lane_2,3,0,0,3,0,0,0,0,9.090909
2026-08-14 12:36:17,Simpang 3,lane_3,4,0,0,0,4,0,0,2,11.764706
2026-08-14 12:36:17,Simpang 4,lane_1,5,0,0,3,2,0,0,0,15.151515
2026-08-14 12:36:17,Simpang 4,lane_3,1,1,0,1,0,0,0,0,2.941176
2026-08-14 12:36:17,Simpang 4,lane_2,8,0,0,1,7,0,0,0,24.242424
2026-08-14 12:36:21,Simpang 2,lane_2,2,0,0,2,0,0,0,0,6.060606
2026-08-14 12:36:21,Simpang 2,lane_1,1,0,0,0,1,0,0,0,3.030303
2026-08-14 12:36:21,Simpang 1,lane_2,4,0,0,4,0,0,0,0,12.121212
2026-08-14 12:36:21,Simpang 1,lane_3,1,0,0,1,0,0,0,0,2.941176
2026-08-14 12:36:23,Simpang 4,lane_1,4,0,0,3,1,0,0,0,12.121212
2026-08-14 12:36:23,Simpang 4,lane_3,1,2,0,1,0,0,0,0,2.941176
2026-08-14 12:36:23,Simpang 4,lane_2,9,0,0,1,7,1,0,0,27.272727
2026-08-14 12:36:23,Simpang 3,lane_2,3,0,0,3,0,0,0,0,9.090909
2026-08-14 12:36:23,Simpang 3,lane_3,4,0,0,0,4,0,0,2,11.764706
2026-08-14 12:36:28,Simpang 2,lane_2,2,0,0,2,0,0,0,0,6.060606
2026-08-14 12:36:28,Simpang 2,lane_1,1,0,0,0,1,0,0,0,3.030303
2026-08-14 12:36:28,Simpang 1,lane_2,4,0,0,4,0,0,0,0,12.121212
2026-08-14 12:36:28,Simpang 1,lane_3,1,0,0,1,0,0,0,0,2.941176
2026-08-14 12:36:28,Simpang 4,lane_1,5,0,0,3,2,0,0,0,15.151515
2026-08-14 12:36:28,Simpang 4,lane_3,6,1,0,1,4,1,0,0,17.647059
2026-08-14 12:36:28,Simpang 4,lane_2,7,0,0,1,5,1,0,0,21.212121
2026-08-14 12:36:29,Simpang 3,lane_2,3,0,0,3,0,0,0,0,9.090909
2026-08-14 12:36:29,Simpang 3,lane_3,4,0,0,0,4,0,0,2,11.764706
2026-08-14 12:36:33,Simpang 2,lane_2,2,0,0,2,0,0,0,0,6.060606
2026-08-14 12:36:33,Simpang 2,lane_1,1,0,0,0,1,0,0,0,3.030303
2026-08-14 12:36:33,Simpang 1,lane_2,4,0,0,4,0,0,0,0,12.121212
2026-08-14 12:36:33,Simpang 1,lane_3,1,0,0,1,0,0,0,0,2.941176
2026-08-14 12:36:33,Simpang 4,lane_1,3,0,0,2,0,0,1,0,9.090909
2026-08-14 12:36:33,Simpang 4,lane_3,5,1,0,1,3,1,0,0,14.705882
2026-08-14 12:36:33,Simpang 4,lane_2,7,0,1,1,5,1,0,0,21.212121
2026-08-14 12:36:34,Simpang 3,lane_2,3,0,0,3,0,0,0,0,9.090909
2026-08-14 12:36:34,Simpang 3,lane_3,4,0,0,0,4,0,0,2,11.764706
2026-08-14 12:36:39,Simpang 4,lane_1,4,0,0,3,0,0,1,0,12.121212
2026-08-14 12:36:39,Simpang 4,lane_3,5,1,0,1,4,0,0,0,14.705882
2026-08-14 12:36:39,Simpang 4,lane_2,7,0,1,1,5,1,0,0,21.212121
2026-08-14 12:36:39,Simpang 3,lane_2,3,0,0,3,0,0,0,0,9.090909
2026-08-14 12:36:39,Simpang 3,lane_3,4,0,0,0,4,0,0,2,11.764706
2026-08-14 12:36:39,Simpang 2,lane_2,2,0,0,2,0,0,0,0,6.060606
2026-08-14 12:36:39,Simpang 2,lane_1,1,0,0,0,1,0,0,0,3.030303
2026-08-14 12:36:39,Simpang 1,lane_2,3,0,0,3,0,0,0,0,9.090909
2026-08-14 12:36:39,Simpang 1,lane_3,1,0,0,1,0,0,0,0,2.941176
2026-08-14 12:36:44,Simpang 4,lane_1,4,0,0,1,3,0,0,0,12.121212
2026-08-14 12:36:44,Simpang 4,lane_3,4,1,0,1,3,0,0,0,11.764706
2026-08-14 12:36:44,Simpang 4,lane_2,6,0,0,0,5,1,0,0,18.181818
2026-08-14 12:36:45,Simpang 3,lane_2,3,0,0,3,0,0,0,0,9.090909
2026-08-14 12:36:45,Simpang 3,lane_3,4,0,0,0,4,0,0,2,11.764706
2026-08-14 12:36:45,Simpang 2,lane_2,2,0,0,2,0,0,0,0,6.060606
2026-08-14 12:36:45,Simpang 2,lane_1,1,0,0,0,1,0,0,0,3.030303
2026-08-14 12:36:45,Simpang 1,lane_2,3,0,0,3,0,0,0,0,9.090909
2026-08-14 12:36:45,Simpang 1,lane_3,1,0,0,1,0,0,0,0,2.941176
2026-08-14 12:36:46,Simpang 4,lane_1,5,0,0,1,3,0,1,0,15.151515
2026-08-14 12:36:46,Simpang 4,lane_3,5,1,0,2,3,0,0,0,14.705882
2026-08-14 12:36:46,Simpang 4,lane_2,7,0,0,0,6,1,0,0,21.212121
2026-08-14 12:36:46,Simpang 3,lane_2,3,1,0,3,0,0,0,0,9.090909
2026-08-14 12:36:46,Simpang 3,lane_3,4,0,0,0,4,0,0,2,11.764706
2026-08-14 12:36:47,Simpang 2,lane_2,2,0,0,2,0,0,0,0,6.060606
2026-08-14 12:36:47,Simpang 2,lane_1,1,0,0,0,1,0,0,0,3.030303
2026-08-14 12:36:47,Simpang 1,lane_2,3,0,0,3,0,0,0,0,9.090909
2026-08-14 12:36:47,Simpang 1,lane_3,1,0,0,1,0,0,0,0,2.941176
2026-08-14 12:36:50,Simpang 4,lane_1,4,1,1,3,1,0,0,0,12.121212
2026-08-14 12:36:50,Simpang 4,lane_3,5,1,0,2,3,0,0,0,14.705882
2026-08-14 12:36:50,Simpang 4,lane_2,7,0,0,1,6,0,0,0,21.212121
2026-08-14 12:36:50,Simpang 3,lane_2,3,1,0,3,0,0,0,0,9.090909
2026-08-14 12:36:50,Simpang 3,lane_3,4,0,0,0,4,0,0,2,11.764706
2026-08-14 12:36:52,Simpang 2,lane_2,2,0,0,2,0,0,0,0,6.060606
2026-08-14 12:36:52,Simpang 2,lane_1,1,0,0,0,1,0,0,0,3.030303
2026-08-14 12:36:52,Simpang 1,lane_2,3,0,0,3,0,0,0,0,9.090909
2026-08-14 12:36:52,Simpang 1,lane_3,1,0,0,1,0,0,0,0,2.941176
2026-08-14 12:36:55,Simpang 4,lane_1,6,0,0,3,3,0,0,0,18.181818
2026-08-14 12:36:55,Simpang 4,lane_3,4,0,0,2,2,0,0,0,11.764706
2026-08-14 12:36:55,Simpang 4,lane_2,7,0,0,1,6,0,0,0,21.212121
2026-08-14 12:36:55,Simpang 3,lane_2,3,0,0,3,0,0,0,0,9.090909
2026-08-14 12:36:55,Simpang 3,lane_3,4,0,0,0,4,0,0,2,11.764706
2026-08-14 12:36:56,Simpang 2,lane_2,2,0,0,2,0,0,0,0,6.060606
2026-08-14 12:36:56,Simpang 2,lane_1,1,0,0,0,1,0,0,0,3.030303
2026-08-14 12:36:56,Simpang 1,lane_2,3,0,0,3,0,0,0,0,9.090909
2026-08-14 12:36:56,Simpang 1,lane_3,1,0,0,1,0,0,0,0,2.941176
2026-08-14 12:36:57,Simpang 4,lane_1,6,0,0,3,2,0,1,0,18.181818
2026-08-14 12:36:57,Simpang 4,lane_3,4,0,0,1,3,0,0,0,11.764706
2026-08-14 12:36:57,Simpang 4,lane_2,8,0,0,1,6,1,0,0,24.242424
2026-08-14 12:36:57,Simpang 3,lane_2,3,0,0,3,0,0,0,0,9.090909
2026-08-14 12:36:57,Simpang 3,lane_3,4,0,0,0,4,0,0,2,11.764706
2026-08-14 12:36:57,Simpang 2,lane_2,2,0,0,2,0,0,0,0,6.060606
2026-08-14 12:36:57,Simpang 2,lane_1,1,0,0,0,1,0,0,0,3.030303
2026-08-14 12:36:58,Simpang 1,lane_2,3,0,0,3,0,0,0,0,9.090909
2026-08-14 12:36:58,Simpang 1,lane_3,1,0,0,1,0,0,0,0,2.941176
2026-08-14 12:36:58,Simpang 4,lane_1,4,0,0,2,2,0,0,0,12.121212
2026-08-14 12:36:58,Simpang 4,lane_3,4,0,0,1,3,0,0,0,11.764706
2026-08-14 12:36:58,Simpang 4,lane_2,7,0,0,1,5,1,0,0,21.212121
2026-08-14 12:36:58,Simpang 3,lane_2,3,0,0,3,0,0,0,0,9.090909
2026-08-14 12:36:58,Simpang 3,lane_3,4,0,0,0,4,0,0,2,11.764706
2026-08-14 12:36:59,Simpang 1,lane_2,3,0,0,3,0,0,0,0,9.090909
2026-08-14 12:36:59,Simpang 1,lane_3,1,0,0,1,0,0,0,0,2.941176
2026-08-14 12:36:59,Simpang 2,lane_2,2,0,0,2,0,0,0,0,6.060606
2026-08-14 12:36:59,Simpang 2,lane_1,1,0,0,0,1,0,0,0,3.030303
2026-08-14 12:37:00,Simpang 4,lane_1,4,0,0,2,2,0,0,0,12.121212
2026-08-14 12:37:00,Simpang 4,lane_3,3,1,0,0,3,0,0,0,8.823529
2026-08-14 12:37:00,Simpang 4,lane_2,6,0,0,1,4,1,0,0,18.181818
2026-08-14 12:37:00,Simpang 3,lane_2,3,0,0,3,0,0,0,0,9.090909
2026-08-14 12:37:00,Simpang 3,lane_3,4,0,0,0,4,0,0,2,11.764706
2026-08-14 12:37:04,Simpang 2,lane_2,2,0,0,2,0,0,0,0,6.060606
2026-08-14 12:37:04,Simpang 2,lane_1,1,0,0,0,1,0,0,0,3.030303
2026-08-14 12:37:04,Simpang 1,lane_2,3,0,0,3,0,0,0,0,9.090909
2026-08-14 12:37:04,Simpang 1,lane_3,1,1,0,1,0,0,0,0,2.941176
2026-08-14 12:37:04,Simpang 4,lane_1,4,0,0,2,2,0,0,0,12.121212
2026-08-14 12:37:04,Simpang 4,lane_3,4,1,0,1,3,0,0,0,11.764706
2026-08-14 12:37:04,Simpang 4,lane_2,7,0,0,1,6,0,0,0,21.212121
2026-08-14 12:37:05,Simpang 3,lane_2,3,0,0,3,0,0,0,0,9.090909
2026-08-14 12:37:05,Simpang 3,lane_3,4,0,0,0,4,0,0,2,11.764706
2026-08-14 12:37:09,Simpang 1,lane_2,3,0,0,3,0,0,0,0,9.090909
2026-08-14 12:37:09,Simpang 1,lane_3,1,1,0,1,0,0,0,0,2.941176
2026-08-14 12:37:09,Simpang 2,lane_2,2,0,0,2,0,0,0,0,6.060606
2026-08-14 12:37:09,Simpang 2,lane_1,1,0,0,0,1,0,0,0,3.030303
2026-08-14 12:37:09,Simpang 4,lane_1,4,1,0,4,0,0,0,0,12.121212
2026-08-14 12:37:09,Simpang 4,lane_3,4,1,0,1,3,0,0,0,11.764706
2026-08-14 12:37:09,Simpang 4,lane_2,6,0,0,1,5,0,0,0,18.181818
2026-08-14 12:37:10,Simpang 3,lane_2,3,0,0,3,0,0,0,0,9.090909
2026-08-14 12:37:10,Simpang 3,lane_3,4,0,0,0,4,0,0,2,11.764706
2026-08-14 12:37:14,Simpang 4,lane_1,4,1,0,4,0,0,0,0,12.121212
2026-08-14 12:37:14,Simpang 4,lane_3,4,0,0,1,3,0,0,0,11.764706
2026-08-14 12:37:14,Simpang 4,lane_2,6,0,0,1,5,0,0,0,18.181818
2026-08-14 12:37:14,Simpang 2,lane_2,2,0,0,2,0,0,0,0,6.060606
2026-08-14 12:37:14,Simpang 2,lane_1,1,0,0,0,1,0,0,0,3.030303
2026-08-14 12:37:14,Simpang 1,lane_2,3,0,0,3,0,0,0,0,9.090909
2026-08-14 12:37:14,Simpang 1,lane_3,1,1,0,1,0,0,0,0,2.941176
2026-08-14 12:37:15,Simpang 3,lane_2,3,1,0,3,0,0,0,0,9.090909
2026-08-14 12:37:15,Simpang 3,lane_3,4,0,0,0,4,0,0,2,11.764706
2026-08-14 12:37:19,Simpang 4,lane_1,4,1,0,4,0,0,0,0,12.121212
2026-08-14 12:37:19,Simpang 4,lane_3,3,0,0,1,2,0,0,0,8.823529
2026-08-14 12:37:19,Simpang 4,lane_2,7,0,0,1,5,1,0,0,21.212121
2026-08-14 12:37:19,Simpang 2,lane_2,2,0,0,2,0,0,0,0,6.060606
2026-08-14 12:37:19,Simpang 2,lane_1,1,0,0,0,1,0,0,0,3.030303
2026-08-14 12:37:19,Simpang 1,lane_2,3,0,0,3,0,0,0,0,9.090909
2026-08-14 12:37:19,Simpang 1,lane_3,1,1,0,1,0,0,0,0,2.941176
2026-08-14 12:37:20,Simpang 3,lane_2,3,0,0,3,0,0,0,0,9.090909
2026-08-14 12:37:20,Simpang 3,lane_3,4,0,0,0,4,0,0,2,11.764706
2026-08-14 12:37:24,Simpang 4,lane_1,5,1,0,4,1,0,0,0,15.151515
2026-08-14 12:37:24,Simpang 4,lane_3,3,0,0,1,2,0,0,0,8.823529
2026-08-14 12:37:24,Simpang 4,lane_2,7,0,0,1,5,1,0,0,21.212121
2026-08-14 12:37:25,Simpang 3,lane_2,3,0,0,3,0,0,0,0,9.090909
2026-08-14 12:37:25,Simpang 3,lane_3,4,0,0,0,4,0,0,2,11.764706
2026-08-14 12:37:25,Simpang 2,lane_2,2,0,0,2,0,0,0,0,6.060606
2026-08-14 12:37:25,Simpang 2,lane_1,1,0,0,0,1,0,0,0,3.030303
2026-08-14 12:37:25,Simpang 1,lane_2,3,0,0,3,0,0,0,0,9.090909
2026-08-14 12:37:25,Simpang 1,lane_3,1,1,0,1,0,0,0,0,2.941176
2026-08-14 12:37:25,Simpang 1,lane_1,1,0,0,1,0,0,0,0,3.030303
2026-08-14 12:37:29,Simpang 4,lane_1,4,1,0,4,0,0,0,0,12.121212
2026-08-14 12:37:29,Simpang 4,lane_3,3,0,0,1,1,0,1,0,8.823529
2026-08-14 12:37:29,Simpang 4,lane_2,6,0,0,0,6,0,0,0,18.181818
2026-08-14 12:37:29,Simpang 3,lane_2,3,0,0,3,0,0,0,0,9.090909
2026-08-14 12:37:29,Simpang 3,lane_3,4,0,0,0,4,0,0,2,11.764706
2026-08-14 12:37:29,Simpang 2,lane_2,2,0,0,2,0,0,0,0,6.060606
2026-08-14 12:37:29,Simpang 2,lane_1,1,0,0,0,1,0,0,0,3.030303
2026-08-14 12:37:29,Simpang 1,lane_2,3,0,0,3,0,0,0,0,9.090909
2026-08-14 12:37:29,Simpang 1,lane_3,1,1,0,1,0,0,0,0,2.941176
2026-08-14 12:37:29,Simpang 1,lane_1,1,0,0,1,0,0,0,0,3.030303
2026-08-14 12:37:33,Simpang 4,lane_1,4,0,0,4,0,0,0,0,12.121212
2026-08-14 12:37:33,Simpang 4,lane_2,8,0,0,0,8,0,0,0,24.242424
2026-08-14 12:37:33,Simpang 4,lane_3,3,1,0,2,0,0,1,0,8.823529
2026-08-14 12:37:34,Simpang 3,lane_2,3,0,0,3,0,0,0,0,9.090909
2026-08-14 12:37:34,Simpang 3,lane_3,4,0,0,0,4,0,0,2,11.764706
2026-08-14 12:37:35,Simpang 2,lane_2,2,0,0,2,0,0,0,0,6.060606
2026-08-14 12:37:35,Simpang 2,lane_1,1,0,0,0,1,0,0,0,3.030303
2026-08-14 12:37:35,Simpang 1,lane_2,3,0,0,3,0,0,0,0,9.090909
2026-08-14 12:37:35,Simpang 1,lane_3,1,1,0,1,0,0,0,0,2.941176
2026-08-14 12:37:39,Simpang 4,lane_1,4,0,0,3,1,0,0,0,12.121212
2026-08-14 12:37:39,Simpang 4,lane_2,7,1,0,0,7,0,0,0,21.212121
2026-08-14 12:37:39,Simpang 4,lane_3,2,2,0,2,0,0,0,0,5.882353
2026-08-14 12:37:39,Simpang 3,lane_2,3,0,0,3,0,0,0,0,9.090909
2026-08-14 12:37:39,Simpang 3,lane_3,4,0,0,0,4,0,0,2,11.764706
2026-08-14 12:37:41,Simpang 2,lane_2,2,0,0,2,0,0,0,0,6.060606
2026-08-14 12:37:41,Simpang 2,lane_1,1,0,0,0,1,0,0,0,3.030303
2026-08-14 12:37:41,Simpang 1,lane_2,3,0,0,3,0,0,0,0,9.090909
2026-08-14 12:37:41,Simpang 1,lane_3,1,1,0,1,0,0,0,0,2.941176
2026-08-14 12:37:44,Simpang 4,lane_2,8,0,0,0,8,0,0,0,24.242424
2026-08-14 12:37:44,Simpang 4,lane_1,1,0,0,1,0,0,0,0,3.030303
2026-08-14 12:37:44,Simpang 4,lane_3,3,2,0,2,1,0,0,0,8.823529
2026-08-14 12:37:45,Simpang 3,lane_2,3,0,0,3,0,0,0,0,9.090909
2026-08-14 12:37:45,Simpang 3,lane_3,4,0,0,0,4,0,0,2,11.764706
2026-08-14 12:37:46,Simpang 2,lane_2,2,0,0,2,0,0,0,0,6.060606
2026-08-14 12:37:46,Simpang 2,lane_1,1,0,0,0,1,0,0,0,3.030303
2026-08-14 12:37:46,Simpang 1,lane_2,4,0,0,4,0,0,0,0,12.121212
2026-08-14 12:37:46,Simpang 1,lane_3,1,1,0,1,0,0,0,0,2.941176
2026-08-14 12:37:50,Simpang 4,lane_2,6,2,0,0,5,1,0,0,18.181818
2026-08-14 12:37:50,Simpang 4,lane_1,3,0,0,2,1,0,0,0,9.090909
2026-08-14 12:37:50,Simpang 4,lane_3,3,1,0,2,1,0,0,0,8.823529
2026-08-14 12:37:50,Simpang 3,lane_2,3,0,0,3,0,0,0,0,9.090909
2026-08-14 12:37:50,Simpang 3,lane_3,4,0,0,0,4,0,0,2,11.764706
2026-08-14 12:37:52,Simpang 2,lane_2,2,0,0,2,0,0,0,0,6.060606
2026-08-14 12:37:52,Simpang 2,lane_1,1,0,0,0,1,0,0,0,3.030303
2026-08-14 12:37:52,Simpang 1,lane_2,4,0,0,4,0,0,0,0,12.121212
2026-08-14 12:37:52,Simpang 1,lane_3,1,1,0,1,0,0,0,0,2.941176
2026-08-14 12:37:55,Simpang 4,lane_2,8,1,0,0,7,1,0,0,24.242424
2026-08-14 12:37:55,Simpang 4,lane_1,3,0,0,2,1,0,0,0,9.090909
2026-08-14 12:37:55,Simpang 4,lane_3,4,1,0,2,2,0,0,0,11.764706
2026-08-14 12:37:55,Simpang 3,lane_2,3,0,0,3,0,0,0,0,9.090909
2026-08-14 12:37:55,Simpang 3,lane_3,4,0,0,0,4,0,0,2,11.764706
2026-08-14 12:37:58,Simpang 2,lane_2,2,0,0,2,0,0,0,0,6.060606
2026-08-14 12:37:58,Simpang 2,lane_1,1,0,0,0,1,0,0,0,3.030303
2026-08-14 12:37:58,Simpang 1,lane_2,4,0,0,4,0,0,0,0,12.121212
2026-08-14 12:37:58,Simpang 1,lane_3,1,1,0,1,0,0,0,0,2.941176
2026-08-14 12:38:00,Simpang 4,lane_2,6,1,0,0,6,0,0,0,18.181818
2026-08-14 12:38:00,Simpang 4,lane_1,5,0,0,2,3,0,0,0,15.151515
2026-08-14 12:38:00,Simpang 4,lane_3,3,2,0,1,1,0,1,0,8.823529
2026-08-14 12:38:00,Simpang 3,lane_2,3,0,0,3,0,0,0,0,9.090909
2026-08-14 12:38:00,Simpang 3,lane_3,4,0,0,0,4,0,0,2,11.764706
2026-08-14 12:38:03,Simpang 2,lane_2,2,0,0,2,0,0,0,0,6.060606
2026-08-14 12:38:03,Simpang 2,lane_1,1,0,0,0,1,0,0,0,3.030303
2026-08-14 12:38:03,Simpang 1,lane_2,3,0,0,3,0,0,0,0,9.090909
2026-08-14 12:38:03,Simpang 1,lane_3,1,0,0,1,0,0,0,0,2.941176
2026-08-14 12:38:05,Simpang 4,lane_2,8,0,0,0,7,1,0,0,24.242424
2026-08-14 12:38:05,Simpang 4,lane_1,3,2,0,1,1,0,1,0,9.090909
2026-08-14 12:38:05,Simpang 4,lane_3,6,0,0,1,4,0,1,0,17.647059
2026-08-14 12:38:06,Simpang 3,lane_2,3,0,0,3,0,0,0,0,9.090909
2026-08-14 12:38:06,Simpang 3,lane_3,4,0,0,0,4,0,0,2,11.764706
2026-08-14 12:38:09,Simpang 2,lane_2,2,0,0,2,0,0,0,0,6.060606
2026-08-14 12:38:09,Simpang 2,lane_1,1,0,0,0,1,0,0,0,3.030303
2026-08-14 12:38:09,Simpang 1,lane_2,5,0,0,5,0,0,0,0,15.151515
2026-08-14 12:38:09,Simpang 1,lane_3,1,0,0,1,0,0,0,0,2.941176
2026-08-14 12:38:11,Simpang 4,lane_2,9,0,0,0,8,1,0,0,27.272727
2026-08-14 12:38:11,Simpang 4,lane_1,4,2,0,2,1,0,1,0,12.121212
2026-08-14 12:38:11,Simpang 4,lane_3,7,0,0,1,5,0,1,0,20.588235
2026-08-14 12:38:11,Simpang 3,lane_2,3,1,0,3,0,0,0,0,9.090909
2026-08-14 12:38:11,Simpang 3,lane_3,4,0,0,0,4,0,0,2,11.764706
2026-08-14 12:38:15,Simpang 2,lane_2,2,0,0,2,0,0,0,0,6.060606
2026-08-14 12:38:15,Simpang 2,lane_1,1,0,0,0,1,0,0,0,3.030303
2026-08-14 12:38:15,Simpang 1,lane_2,5,0,0,5,0,0,0,0,15.151515
2026-08-14 12:38:15,Simpang 1,lane_3,1,0,0,1,0,0,0,0,2.941176
2026-08-14 12:38:15,Simpang 4,lane_2,4,0,0,0,4,0,0,0,12.121212
2026-08-14 12:38:15,Simpang 4,lane_1,1,0,0,1,0,0,0,0,3.030303
2026-08-14 12:38:15,Simpang 4,lane_3,5,1,0,2,2,0,1,0,14.705882
2026-08-14 12:38:15,Simpang 3,lane_2,3,1,0,3,0,0,0,0,9.090909
2026-08-14 12:38:15,Simpang 3,lane_3,4,0,0,0,4,0,0,2,11.764706
2026-08-14 12:38:17,Simpang 1,lane_2,5,0,0,5,0,0,0,0,15.151515
2026-08-14 12:38:17,Simpang 1,lane_3,1,0,0,1,0,0,0,0,2.941176
2026-08-14 12:38:17,Simpang 3,lane_2,3,0,0,3,0,0,0,0,9.090909
2026-08-14 12:38:17,Simpang 3,lane_3,3,0,0,0,3,0,0,2,8.823529
2026-08-14 12:38:17,Simpang 2,lane_2,2,0,0,2,0,0,0,0,6.060606
2026-08-14 12:38:17,Simpang 2,lane_1,1,0,0,0,1,0,0,0,3.030303
2026-08-14 12:38:18,Simpang 4,lane_2,5,1,0,0,5,0,0,0,15.151515
2026-08-14 12:38:18,Simpang 4,lane_1,2,0,0,1,0,0,1,0,6.060606
2026-08-14 12:38:18,Simpang 4,lane_3,7,1,0,2,3,0,2,0,20.588235
2026-08-14 12:38:20,Simpang 3,lane_2,3,0,0,3,0,0,0,0,9.090909
2026-08-14 12:38:20,Simpang 3,lane_3,4,0,0,0,4,0,0,2,11.764706
2026-08-14 12:38:20,Simpang 4,lane_2,6,0,0,0,6,0,0,0,18.181818
2026-08-14 12:38:20,Simpang 4,lane_1,3,0,0,2,0,0,1,0,9.090909
2026-08-14 12:38:20,Simpang 4,lane_3,7,0,0,1,5,0,1,0,20.588235
2026-08-14 12:38:20,Simpang 1,lane_2,5,0,0,5,0,0,0,0,15.151515
2026-08-14 12:38:20,Simpang 1,lane_3,1,0,0,1,0,0,0,0,2.941176
2026-08-14 12:38:20,Simpang 2,lane_2,2,0,0,2,0,0,0,0,6.060606
2026-08-14 12:38:20,Simpang 2,lane_1,1,0,0,0,1,0,0,0,3.030303
2026-08-14 12:38:22,Simpang 3,lane_2,3,0,0,3,0,0,0,0,9.090909
2026-08-14 12:38:22,Simpang 3,lane_3,4,0,0,0,4,0,0,2,11.764706
2026-08-14 12:38:22,Simpang 4,lane_2,4,2,0,0,4,0,0,0,12.121212
2026-08-14 12:38:22,Simpang 4,lane_1,3,0,0,2,0,0,1,0,9.090909
2026-08-14 12:38:22,Simpang 4,lane_3,6,1,0,1,4,0,1,0,17.647059
2026-08-14 12:38:22,Simpang 1,lane_2,5,0,0,5,0,0,0,0,15.151515
2026-08-14 12:38:22,Simpang 1,lane_3,1,0,0,1,0,0,0,0,2.941176
2026-08-14 12:38:22,Simpang 2,lane_2,2,0,0,2,0,0,0,0,6.060606
2026-08-14 12:38:22,Simpang 2,lane_1,1,0,0,0,1,0,0,0,3.030303
2026-08-14 12:38:25,Simpang 3,lane_2,3,0,0,3,0,0,0,0,9.090909
2026-08-14 12:38:25,Simpang 3,lane_3,4,0,0,0,4,0,0,2,11.764706
2026-08-14 12:38:25,Simpang 4,lane_2,4,1,0,0,4,0,0,0,12.121212
2026-08-14 12:38:25,Simpang 4,lane_1,3,0,0,2,0,0,1,0,9.090909
2026-08-14 12:38:25,Simpang 4,lane_3,4,1,0,1,2,0,1,0,11.764706
2026-08-14 12:38:27,Simpang 2,lane_2,2,0,0,2,0,0,0,0,6.060606
2026-08-14 12:38:27,Simpang 2,lane_1,1,0,0,0,1,0,0,0,3.030303
2026-08-14 12:38:27,Simpang 1,lane_2,5,0,0,5,0,0,0,0,15.151515
2026-08-14 12:38:27,Simpang 1,lane_3,1,0,0,1,0,0,0,0,2.941176
2026-08-14 12:38:31,Simpang 3,lane_2,3,0,0,3,0,0,0,0,9.090909
2026-08-14 12:38:31,Simpang 3,lane_3,4,0,0,0,4,0,0,2,11.764706
2026-08-14 12:38:31,Simpang 4,lane_2,4,1,0,0,4,0,0,0,12.121212
2026-08-14 12:38:31,Simpang 4,lane_1,2,0,0,1,0,0,1,0,6.060606
2026-08-14 12:38:31,Simpang 4,lane_3,4,1,0,1,2,0,1,0,11.764706
2026-08-14 12:38:33,Simpang 2,lane_2,2,0,0,2,0,0,0,0,6.060606
2026-08-14 12:38:33,Simpang 2,lane_1,1,0,0,0,1,0,0,0,3.030303
2026-08-14 12:38:34,Simpang 1,lane_2,5,0,0,5,0,0,0,0,15.151515
2026-08-14 12:38:34,Simpang 1,lane_3,1,0,0,1,0,0,0,0,2.941176
2026-08-14 12:38:36,Simpang 3,lane_2,3,0,0,3,0,0,0,0,9.090909
2026-08-14 12:38:36,Simpang 3,lane_3,4,0,0,0,4,0,0,2,11.764706
2026-08-14 12:38:37,Simpang 4,lane_2,4,1,0,0,4,0,0,0,12.121212
2026-08-14 12:38:37,Simpang 4,lane_1,4,0,0,2,1,0,1,0,12.121212
2026-08-14 12:38:37,Simpang 4,lane_3,4,1,0,1,2,0,1,0,11.764706
2026-08-14 12:38:38,Simpang 2,lane_2,2,0,0,2,0,0,0,0,6.060606
2026-08-14 12:38:38,Simpang 2,lane_1,1,0,0,0,1,0,0,0,3.030303
2026-08-14 12:38:39,Simpang 1,lane_2,5,0,0,5,0,0,0,0,15.151515
2026-08-14 12:38:39,Simpang 1,lane_3,1,0,0,1,0,0,0,0,2.941176
2026-08-14 12:38:41,Simpang 3,lane_2,3,0,0,3,0,0,0,0,9.090909
2026-08-14 12:38:41,Simpang 3,lane_3,4,0,0,0,4,0,0,2,11.764706
2026-08-14 12:38:42,Simpang 4,lane_2,4,1,0,0,4,0,0,0,12.121212
2026-08-14 12:38:42,Simpang 4,lane_1,4,0,0,2,1,0,1,0,12.121212
2026-08-14 12:38:42,Simpang 4,lane_3,4,1,0,1,2,0,1,0,11.764706
2026-08-14 12:38:44,Simpang 2,lane_2,2,0,0,2,0,0,0,0,6.060606
2026-08-14 12:38:44,Simpang 2,lane_1,1,0,0,0,1,0,0,0,3.030303
2026-08-14 12:38:44,Simpang 1,lane_2,5,0,0,5,0,0,0,0,15.151515
2026-08-14 12:38:44,Simpang 1,lane_3,1,0,0,1,0,0,0,0,2.941176
2026-08-14 12:38:47,Simpang 3,lane_2,3,0,0,3,0,0,0,0,9.090909
2026-08-14 12:38:47,Simpang 3,lane_3,4,0,0,0,4,0,0,2,11.764706
2026-08-14 12:38:48,Simpang 4,lane_2,4,2,0,0,4,0,0,0,12.121212
2026-08-14 12:38:48,Simpang 4,lane_1,4,0,0,2,1,0,1,0,12.121212
2026-08-14 12:38:48,Simpang 4,lane_3,5,1,0,1,3,0,1,0,14.705882
2026-08-14 12:38:51,Simpang 2,lane_2,2,0,0,2,0,0,0,0,6.060606
2026-08-14 12:38:51,Simpang 2,lane_1,1,0,0,0,1,0,0,0,3.030303
2026-08-14 12:38:51,Simpang 1,lane_2,5,0,0,5,0,0,0,0,15.151515
2026-08-14 12:38:51,Simpang 1,lane_3,1,0,0,1,0,0,0,0,2.941176
2026-08-14 12:38:53,Simpang 3,lane_2,3,0,0,3,0,0,0,0,9.090909
2026-08-14 12:38:53,Simpang 3,lane_3,4,0,0,0,4,0,0,2,11.764706
2026-08-14 12:38:54,Simpang 4,lane_2,4,2,0,0,4,0,0,0,12.121212
2026-08-14 12:38:54,Simpang 4,lane_1,4,0,0,2,1,0,1,0,12.121212
2026-08-14 12:38:54,Simpang 4,lane_3,5,1,0,1,3,0,1,0,14.705882
2026-08-14 12:38:57,Simpang 2,lane_2,2,0,0,2,0,0,0,0,6.060606
2026-08-14 12:38:57,Simpang 2,lane_1,1,0,0,0,1,0,0,0,3.030303
2026-08-14 12:38:57,Simpang 1,lane_2,5,0,0,5,0,0,0,0,15.151515
2026-08-14 12:38:57,Simpang 1,lane_3,1,0,0,1,0,0,0,0,2.941176
2026-08-14 12:38:58,Simpang 3,lane_2,3,0,0,3,0,0,0,0,9.090909
2026-08-14 12:38:58,Simpang 3,lane_3,4,0,0,0,4,0,0,2,11.764706
2026-08-14 12:38:59,Simpang 4,lane_2,4,2,0,0,4,0,0,0,12.121212
2026-08-14 12:38:59,Simpang 4,lane_1,4,0,0,2,1,0,1,0,12.121212
2026-08-14 12:38:59,Simpang 4,lane_3,2,2,0,1,0,0,1,0,5.882353
2026-08-14 12:39:03,Simpang 1,lane_2,5,0,0,5,0,0,0,0,15.151515
2026-08-14 12:39:03,Simpang 1,lane_3,1,0,0,1,0,0,0,0,2.941176
2026-08-14 12:39:03,Simpang 2,lane_2,2,0,0,2,0,0,0,0,6.060606
2026-08-14 12:39:03,Simpang 2,lane_1,1,0,0,0,1,0,0,0,3.030303
2026-08-14 12:39:03,Simpang 3,lane_2,3,0,0,3,0,0,0,0,9.090909
2026-08-14 12:39:03,Simpang 3,lane_3,3,0,0,0,3,0,0,2,8.823529
2026-08-14 12:39:04,Simpang 4,lane_2,2,2,0,0,1,1,0,0,6.060606
2026-08-14 12:39:04,Simpang 4,lane_1,3,0,0,2,1,0,0,0,9.090909
2026-08-14 12:39:04,Simpang 4,lane_3,5,1,0,2,3,0,0,0,14.705882
2026-08-14 12:39:08,Simpang 1,lane_2,5,0,0,5,0,0,0,0,15.151515
2026-08-14 12:39:08,Simpang 1,lane_3,1,0,0,1,0,0,0,0,2.941176
2026-08-14 12:39:08,Simpang 3,lane_2,3,0,0,3,0,0,0,0,9.090909
2026-08-14 12:39:08,Simpang 3,lane_3,3,0,0,0,3,0,0,2,8.823529
2026-08-14 12:39:08,Simpang 2,lane_2,2,0,0,2,0,0,0,0,6.060606
2026-08-14 12:39:08,Simpang 2,lane_1,1,0,0,0,1,0,0,0,3.030303
2026-08-14 12:39:09,Simpang 4,lane_2,7,0,0,0,6,1,0,0,21.212121
2026-08-14 12:39:09,Simpang 4,lane_1,3,0,0,2,1,0,0,0,9.090909
2026-08-14 12:39:09,Simpang 4,lane_3,6,1,0,3,3,0,0,0,17.647059
2026-08-14 12:39:13,Simpang 3,lane_2,3,0,0,3,0,0,0,0,9.090909
2026-08-14 12:39:13,Simpang 3,lane_3,3,0,0,0,3,0,0,2,8.823529
2026-08-14 12:39:13,Simpang 1,lane_2,5,0,0,5,0,0,0,0,15.151515
2026-08-14 12:39:13,Simpang 1,lane_3,1,0,0,1,0,0,0,0,2.941176
2026-08-14 12:39:14,Simpang 4,lane_2,1,2,0,0,1,0,0,0,3.030303
2026-08-14 12:39:14,Simpang 4,lane_3,8,0,0,3,5,0,0,0,23.529412
2026-08-14 12:39:14,Simpang 4,lane_1,2,0,0,1,1,0,0,0,6.060606
2026-08-14 12:39:14,Simpang 2,lane_2,2,0,0,2,0,0,0,0,6.060606
2026-08-14 12:39:14,Simpang 2,lane_1,1,0,0,0,1,0,0,0,3.030303
2026-08-14 12:39:18,Simpang 3,lane_2,3,0,0,3,0,0,0,0,9.090909
2026-08-14 12:39:18,Simpang 3,lane_3,3,0,0,0,3,0,0,2,8.823529
2026-08-14 12:39:19,Simpang 4,lane_2,5,1,0,0,5,0,0,0,15.151515
2026-08-14 12:39:19,Simpang 4,lane_3,9,0,0,3,6,0,0,0,26.470588
2026-08-14 12:39:19,Simpang 4,lane_1,3,1,0,2,1,0,0,0,9.090909
2026-08-14 12:39:19,Simpang 1,lane_2,6,0,0,6,0,0,0,0,18.181818
2026-08-14 12:39:19,Simpang 1,lane_3,1,0,0,1,0,0,0,0,2.941176
2026-08-14 12:39:19,Simpang 2,lane_2,2,0,0,2,0,0,0,0,6.060606
2026-08-14 12:39:19,Simpang 2,lane_1,1,0,0,0,1,0,0,0,3.030303
2026-08-14 12:39:23,Simpang 3,lane_2,3,0,0,3,0,0,0,0,9.090909
2026-08-14 12:39:23,Simpang 3,lane_3,4,0,0,0,4,0,0,2,11.764706
2026-08-14 12:39:23,Simpang 4,lane_2,5,1,0,1,3,1,0,0,15.151515
2026-08-14 12:39:23,Simpang 4,lane_3,8,0,0,2,5,0,1,0,23.529412
2026-08-14 12:39:23,Simpang 4,lane_1,5,1,0,2,2,1,0,0,15.151515
2026-08-14 12:39:24,Simpang 1,lane_2,6,0,0,6,0,0,0,0,18.181818
2026-08-14 12:39:24,Simpang 1,lane_3,1,0,0,1,0,0,0,0,2.941176
2026-08-14 12:39:25,Simpang 2,lane_2,2,0,0,2,0,0,0,0,6.060606
2026-08-14 12:39:25,Simpang 2,lane_1,1,0,0,0,1,0,0,0,3.030303
2026-08-14 12:39:28,Simpang 3,lane_2,3,0,0,3,0,0,0,0,9.090909
2026-08-14 12:39:28,Simpang 3,lane_3,4,0,0,0,4,0,0,2,11.764706
2026-08-14 12:39:29,Simpang 4,lane_2,8,0,0,0,7,0,1,0,24.242424
2026-08-14 12:39:29,Simpang 4,lane_3,7,0,0,2,5,0,0,0,20.588235
2026-08-14 12:39:29,Simpang 4,lane_1,5,0,0,2,2,0,1,0,15.151515
2026-08-14 12:39:31,Simpang 1,lane_2,3,0,0,3,0,0,0,0,9.090909
2026-08-14 12:39:31,Simpang 1,lane_3,1,0,0,1,0,0,0,0,2.941176
2026-08-14 12:39:31,Simpang 2,lane_2,2,0,0,2,0,0,0,0,6.060606
2026-08-14 12:39:31,Simpang 2,lane_1,1,0,0,0,1,0,0,0,3.030303
2026-08-14 12:39:34,Simpang 3,lane_2,3,0,0,3,0,0,0,0,9.090909
2026-08-14 12:39:34,Simpang 3,lane_3,3,0,0,0,3,0,0,2,8.823529
2026-08-14 12:39:35,Simpang 4,lane_2,6,0,0,0,6,0,0,0,18.181818
2026-08-14 12:39:35,Simpang 4,lane_3,6,0,0,3,3,0,0,0,17.647059
2026-08-14 12:39:35,Simpang 4,lane_1,4,0,0,2,2,0,0,0,12.121212
2026-08-14 12:39:36,Simpang 1,lane_2,3,0,0,3,0,0,0,0,9.090909
2026-08-14 12:39:36,Simpang 1,lane_3,1,0,0,1,0,0,0,0,2.941176
2026-08-14 12:39:37,Simpang 2,lane_2,2,0,0,2,0,0,0,0,6.060606
2026-08-14 12:39:37,Simpang 2,lane_1,1,0,0,0,1,0,0,0,3.030303
2026-08-14 12:39:39,Simpang 3,lane_2,3,0,0,3,0,0,0,0,9.090909
2026-08-14 12:39:39,Simpang 3,lane_3,3,0,0,0,3,0,0,2,8.823529
2026-08-14 12:39:39,Simpang 4,lane_3,6,0,0,3,3,0,0,0,17.647059
2026-08-14 12:39:39,Simpang 4,lane_2,7,0,0,0,6,0,1,0,21.212121
2026-08-14 12:39:39,Simpang 4,lane_1,4,0,0,2,2,0,0,0,12.121212
2026-08-14 12:39:41,Simpang 1,lane_2,3,0,0,3,0,0,0,0,9.090909
2026-08-14 12:39:41,Simpang 1,lane_3,1,0,0,1,0,0,0,0,2.941176
2026-08-14 12:39:42,Simpang 2,lane_2,2,0,0,2,0,0,0,0,6.060606
2026-08-14 12:39:42,Simpang 2,lane_1,1,0,0,0,1,0,0,0,3.030303
2026-08-14 12:39:44,Simpang 3,lane_2,3,0,0,3,0,0,0,0,9.090909
2026-08-14 12:39:44,Simpang 3,lane_3,3,0,0,0,3,0,0,2,8.823529
2026-08-14 12:39:44,Simpang 4,lane_3,9,0,0,3,5,0,1,0,26.470588
2026-08-14 12:39:44,Simpang 4,lane_2,7,0,0,0,6,0,1,0,21.212121
2026-08-14 12:39:44,Simpang 4,lane_1,4,0,0,2,2,0,0,0,12.121212
2026-08-14 12:39:46,Simpang 1,lane_2,3,0,0,3,0,0,0,0,9.090909
2026-08-14 12:39:46,Simpang 1,lane_3,1,0,0,1,0,0,0,0,2.941176
2026-08-14 12:39:46,Simpang 2,lane_2,2,0,0,2,0,0,0,0,6.060606
2026-08-14 12:39:46,Simpang 2,lane_1,1,0,0,0,1,0,0,0,3.030303
2026-08-14 12:39:48,Simpang 3,lane_2,3,0,0,3,0,0,0,0,9.090909
2026-08-14 12:39:48,Simpang 3,lane_3,4,0,0,0,4,0,0,2,11.764706
2026-08-14 12:39:49,Simpang 4,lane_2,6,0,0,1,5,0,0,0,18.181818
2026-08-14 12:39:49,Simpang 4,lane_3,3,0,0,0,2,0,1,0,8.823529
2026-08-14 12:39:49,Simpang 4,lane_1,2,0,0,1,1,0,0,0,6.060606
2026-08-14 12:39:51,Simpang 1,lane_2,4,0,0,4,0,0,0,0,12.121212
2026-08-14 12:39:51,Simpang 1,lane_3,1,0,0,1,0,0,0,0,2.941176
2026-08-14 12:39:51,Simpang 2,lane_2,2,0,0,2,0,0,0,0,6.060606
2026-08-14 12:39:51,Simpang 2,lane_1,1,0,0,0,1,0,0,0,3.030303
2026-08-14 12:39:52,Simpang 3,lane_2,3,0,0,3,0,0,0,0,9.090909
2026-08-14 12:39:52,Simpang 3,lane_3,5,0,0,1,4,0,0,2,14.705882
2026-08-14 12:39:53,Simpang 4,lane_2,8,0,0,1,7,0,0,0,24.242424
2026-08-14 12:39:53,Simpang 4,lane_3,3,0,0,0,2,0,1,0,8.823529
2026-08-14 12:39:53,Simpang 4,lane_1,2,0,0,1,1,0,0,0,6.060606
2026-08-14 12:39:55,Simpang 1,lane_2,4,0,0,4,0,0,0,0,12.121212
2026-08-14 12:39:55,Simpang 1,lane_3,1,0,0,1,0,0,0,0,2.941176
2026-08-14 12:39:56,Simpang 2,lane_2,2,0,0,2,0,0,0,0,6.060606
2026-08-14 12:39:56,Simpang 2,lane_1,1,0,0,0,1,0,0,0,3.030303
2026-08-14 12:39:56,Simpang 3,lane_2,3,0,0,3,0,0,0,0,9.090909
2026-08-14 12:39:56,Simpang 3,lane_3,5,0,0,1,4,0,0,2,14.705882
2026-08-14 12:39:57,Simpang 4,lane_2,7,0,0,1,6,0,0,0,21.212121
2026-08-14 12:39:57,Simpang 4,lane_3,5,0,0,1,2,0,2,0,14.705882
2026-08-14 12:39:57,Simpang 4,lane_1,2,0,0,0,2,0,0,0,6.060606
2026-08-14 12:40:01,Simpang 1,lane_2,4,0,0,4,0,0,0,0,12.121212
2026-08-14 12:40:01,Simpang 1,lane_3,1,0,0,1,0,0,0,0,2.941176
2026-08-14 12:40:01,Simpang 2,lane_2,2,0,0,2,0,0,0,0,6.060606
2026-08-14 12:40:01,Simpang 2,lane_1,1,0,0,0,1,0,0,0,3.030303
2026-08-14 12:40:01,Simpang 3,lane_2,3,0,0,3,0,0,0,0,9.090909
2026-08-14 12:40:01,Simpang 3,lane_3,5,0,0,1,4,0,0,2,14.705882
2026-08-14 12:40:02,Simpang 4,lane_2,7,0,0,1,6,0,0,0,21.212121
2026-08-14 12:40:02,Simpang 4,lane_3,3,0,0,0,2,0,1,0,8.823529
2026-08-14 12:40:02,Simpang 4,lane_1,1,0,0,0,1,0,0,0,3.030303
2026-08-14 12:40:05,Simpang 3,lane_2,3,0,0,3,0,0,0,0,9.090909
2026-08-14 12:40:05,Simpang 3,lane_3,5,0,0,1,4,0,0,2,14.705882
2026-08-14 12:40:05,Simpang 2,lane_2,2,0,0,2,0,0,0,0,6.060606
2026-08-14 12:40:05,Simpang 2,lane_1,1,0,0,0,1,0,0,0,3.030303
2026-08-14 12:40:05,Simpang 1,lane_2,3,0,0,3,0,0,0,0,9.090909
2026-08-14 12:40:05,Simpang 1,lane_3,1,0,0,1,0,0,0,0,2.941176
2026-08-14 12:40:06,Simpang 4,lane_2,7,0,0,1,6,0,0,0,21.212121
2026-08-14 12:40:06,Simpang 4,lane_3,3,0,0,0,2,0,1,0,8.823529
2026-08-14 12:40:06,Simpang 4,lane_1,1,0,0,0,1,0,0,0,3.030303
2026-08-14 12:40:09,Simpang 3,lane_2,3,0,0,3,0,0,0,0,9.090909
2026-08-14 12:40:09,Simpang 3,lane_3,5,0,0,1,4,0,0,2,14.705882
2026-08-14 12:40:10,Simpang 2,lane_2,2,0,0,2,0,0,0,0,6.060606
2026-08-14 12:40:10,Simpang 2,lane_1,1,0,0,0,1,0,0,0,3.030303
2026-08-14 12:40:10,Simpang 1,lane_2,3,0,0,3,0,0,0,0,9.090909
2026-08-14 12:40:10,Simpang 1,lane_3,1,0,0,1,0,0,0,0,2.941176
2026-08-14 12:40:10,Simpang 4,lane_2,2,1,0,1,1,0,0,0,6.060606
2026-08-14 12:40:10,Simpang 4,lane_3,2,0,0,0,2,0,0,0,5.882353
2026-08-14 12:40:10,Simpang 4,lane_1,1,0,0,0,1,0,0,0,3.030303
2026-08-14 12:40:14,Simpang 3,lane_2,3,0,0,3,0,0,0,0,9.090909
2026-08-14 12:40:14,Simpang 3,lane_3,5,0,0,1,4,0,0,2,14.705882
2026-08-14 12:40:14,Simpang 4,lane_2,6,0,0,1,5,0,0,0,18.181818
2026-08-14 12:40:14,Simpang 4,lane_3,2,0,0,0,2,0,0,0,5.882353
2026-08-14 12:40:14,Simpang 4,lane_1,1,0,0,0,1,0,0,0,3.030303
2026-08-14 12:40:15,Simpang 2,lane_2,2,0,0,2,0,0,0,0,6.060606
2026-08-14 12:40:15,Simpang 2,lane_1,1,0,0,0,1,0,0,0,3.030303
2026-08-14 12:40:15,Simpang 1,lane_2,5,0,0,5,0,0,0,0,15.151515
2026-08-14 12:40:15,Simpang 1,lane_3,1,0,0,1,0,0,0,0,2.941176
2026-08-14 12:40:18,Simpang 3,lane_2,5,0,0,5,0,0,0,0,15.151515
2026-08-14 12:40:18,Simpang 3,lane_3,5,0,0,1,4,0,0,2,14.705882
2026-08-14 12:40:19,Simpang 4,lane_2,7,0,0,1,6,0,0,0,21.212121
2026-08-14 12:40:19,Simpang 4,lane_3,5,0,0,0,4,0,1,0,14.705882
2026-08-14 12:40:19,Simpang 4,lane_1,1,0,0,0,1,0,0,0,3.030303
2026-08-14 12:40:20,Simpang 2,lane_2,2,0,0,2,0,0,0,0,6.060606
2026-08-14 12:40:20,Simpang 2,lane_1,1,0,0,0,1,0,0,0,3.030303
2026-08-14 12:40:20,Simpang 1,lane_2,6,1,0,6,0,0,0,0,18.181818
2026-08-14 12:40:20,Simpang 1,lane_3,1,0,0,1,0,0,0,0,2.941176
2026-08-14 12:40:22,Simpang 3,lane_2,5,0,0,5,0,0,0,0,15.151515
2026-08-14 12:40:22,Simpang 3,lane_3,5,0,0,1,4,0,0,2,14.705882
2026-08-14 12:40:23,Simpang 4,lane_2,9,0,0,2,7,0,0,0,27.272727
2026-08-14 12:40:23,Simpang 4,lane_3,6,0,0,0,5,0,1,0,17.647059
2026-08-14 12:40:23,Simpang 4,lane_1,1,0,0,0,1,0,0,0,3.030303
2026-08-14 12:40:24,Simpang 2,lane_2,2,0,0,2,0,0,0,0,6.060606
2026-08-14 12:40:24,Simpang 2,lane_1,1,0,0,0,1,0,0,0,3.030303
2026-08-14 12:40:24,Simpang 1,lane_2,6,1,0,6,0,0,0,0,18.181818
2026-08-14 12:40:24,Simpang 1,lane_3,1,0,0,1,0,0,0,0,2.941176
2026-08-14 12:40:27,Simpang 3,lane_2,5,0,0,5,0,0,0,0,15.151515
2026-08-14 12:40:27,Simpang 3,lane_3,5,0,0,1,4,0,0,2,14.705882
2026-08-14 12:40:27,Simpang 4,lane_2,7,0,0,1,5,0,1,0,21.212121
2026-08-14 12:40:27,Simpang 4,lane_3,4,0,0,0,2,0,2,0,11.764706
2026-08-14 12:40:27,Simpang 4,lane_1,2,0,0,0,2,0,0,0,6.060606
2026-08-14 12:40:29,Simpang 2,lane_2,2,0,0,2,0,0,0,0,6.060606
2026-08-14 12:40:29,Simpang 2,lane_1,1,0,0,0,1,0,0,0,3.030303
2026-08-14 12:40:29,Simpang 1,lane_2,4,0,0,4,0,0,0,0,12.121212
2026-08-14 12:40:29,Simpang 1,lane_3,1,0,0,1,0,0,0,0,2.941176
2026-08-14 12:40:31,Simpang 3,lane_2,4,0,0,4,0,0,0,0,12.121212
2026-08-14 12:40:31,Simpang 3,lane_3,5,0,0,1,4,0,0,2,14.705882
2026-08-14 12:40:32,Simpang 4,lane_2,10,0,0,1,8,0,1,0,30.30303
2026-08-14 12:40:32,Simpang 4,lane_1,2,0,0,0,2,0,0,0,6.060606
2026-08-14 12:40:32,Simpang 4,lane_3,3,0,0,0,1,0,2,0,8.823529
2026-08-14 12:40:34,Simpang 2,lane_2,2,0,0,2,0,0,0,0,6.060606
2026-08-14 12:40:34,Simpang 2,lane_1,1,0,0,0,1,0,0,0,3.030303
2026-08-14 12:40:34,Simpang 1,lane_2,4,0,0,4,0,0,0,0,12.121212
2026-08-14 12:40:34,Simpang 1,lane_3,1,0,0,1,0,0,0,0,2.941176
2026-08-14 12:40:36,Simpang 3,lane_2,4,0,0,4,0,0,0,0,12.121212
2026-08-14 12:40:36,Simpang 3,lane_3,5,0,0,1,4,0,0,2,14.705882
2026-08-14 12:40:36,Simpang 4,lane_2,7,0,0,1,5,0,1,0,21.212121
2026-08-14 12:40:36,Simpang 4,lane_1,2,0,0,0,2,0,0,0,6.060606
2026-08-14 12:40:36,Simpang 4,lane_3,3,0,0,0,2,0,1,0,8.823529
2026-08-14 12:40:38,Simpang 1,lane_2,4,0,0,4,0,0,0,0,12.121212
2026-08-14 12:40:38,Simpang 1,lane_3,1,0,0,1,0,0,0,0,2.941176
2026-08-14 12:40:38,Simpang 2,lane_2,2,0,0,2,0,0,0,0,6.060606
2026-08-14 12:40:38,Simpang 2,lane_1,1,0,0,0,1,0,0,0,3.030303
2026-08-14 12:40:40,Simpang 3,lane_2,4,0,0,4,0,0,0,0,12.121212
2026-08-14 12:40:40,Simpang 3,lane_3,5,0,0,1,4,0,0,2,14.705882
2026-08-14 12:40:40,Simpang 4,lane_2,8,0,0,1,6,0,1,0,24.242424
2026-08-14 12:40:40,Simpang 4,lane_1,2,0,0,0,2,0,0,0,6.060606
2026-08-14 12:40:40,Simpang 4,lane_3,4,0,0,0,2,0,2,0,11.764706
2026-08-14 12:40:43,Simpang 1,lane_2,3,0,0,3,0,0,0,0,9.090909
2026-08-14 12:40:43,Simpang 1,lane_3,1,0,0,1,0,0,0,0,2.941176
2026-08-14 12:40:43,Simpang 2,lane_2,2,0,0,2,0,0,0,0,6.060606
2026-08-14 12:40:43,Simpang 2,lane_1,1,0,0,0,1,0,0,0,3.030303
2026-08-14 12:40:44,Simpang 3,lane_2,4,0,0,4,0,0,0,0,12.121212
2026-08-14 12:40:44,Simpang 3,lane_3,5,0,0,1,4,0,0,2,14.705882
2026-08-14 12:40:45,Simpang 4,lane_2,5,0,0,1,4,0,0,0,15.151515
2026-08-14 12:40:45,Simpang 4,lane_1,3,0,0,0,3,0,0,0,9.090909
2026-08-14 12:40:45,Simpang 4,lane_3,5,0,0,2,2,0,1,0,14.705882
2026-08-14 12:40:47,Simpang 1,lane_2,3,0,0,3,0,0,0,0,9.090909
2026-08-14 12:40:47,Simpang 1,lane_3,1,0,0,1,0,0,0,0,2.941176
2026-08-14 12:40:47,Simpang 2,lane_2,2,0,0,2,0,0,0,0,6.060606
2026-08-14 12:40:47,Simpang 2,lane_1,1,0,0,0,1,0,0,0,3.030303
2026-08-14 12:40:48,Simpang 3,lane_2,4,0,0,4,0,0,0,0,12.121212
2026-08-14 12:40:48,Simpang 3,lane_3,5,0,0,1,4,0,0,2,14.705882
2026-08-14 12:40:49,Simpang 4,lane_2,5,0,0,1,4,0,0,0,15.151515
2026-08-14 12:40:49,Simpang 4,lane_1,5,0,0,0,5,0,0,0,15.151515
2026-08-14 12:40:49,Simpang 4,lane_3,5,0,0,2,2,0,1,0,14.705882
2026-08-14 12:40:52,Simpang 1,lane_2,4,0,0,4,0,0,0,0,12.121212
2026-08-14 12:40:52,Simpang 1,lane_3,1,0,0,1,0,0,0,0,2.941176
2026-08-14 12:40:52,Simpang 2,lane_2,2,0,0,2,0,0,0,0,6.060606
2026-08-14 12:40:52,Simpang 2,lane_1,1,0,0,0,1,0,0,0,3.030303
2026-08-14 12:40:53,Simpang 3,lane_2,4,0,0,4,0,0,0,0,12.121212
2026-08-14 12:40:53,Simpang 3,lane_3,4,0,0,1,3,0,0,2,11.764706
2026-08-14 12:40:53,Simpang 4,lane_2,5,0,0,1,4,0,0,0,15.151515
2026-08-14 12:40:53,Simpang 4,lane_3,5,0,0,1,2,0,2,0,14.705882
2026-08-14 12:40:53,Simpang 4,lane_1,3,0,0,0,3,0,0,0,9.090909
2026-08-14 12:40:57,Simpang 1,lane_2,4,0,0,4,0,0,0,0,12.121212
2026-08-14 12:40:57,Simpang 1,lane_3,1,0,0,1,0,0,0,0,2.941176
2026-08-14 12:40:57,Simpang 3,lane_2,5,1,0,5,0,0,0,0,15.151515
2026-08-14 12:40:57,Simpang 3,lane_3,4,0,0,1,3,0,0,2,11.764706
2026-08-14 12:40:57,Simpang 2,lane_2,2,0,0,2,0,0,0,0,6.060606
2026-08-14 12:40:57,Simpang 2,lane_1,1,0,0,0,1,0,0,0,3.030303
2026-08-14 12:40:58,Simpang 4,lane_2,5,0,0,1,4,0,0,0,15.151515
2026-08-14 12:40:58,Simpang 4,lane_3,5,0,0,2,1,0,2,0,14.705882
2026-08-14 12:40:58,Simpang 4,lane_1,1,1,0,0,1,0,0,0,3.030303
2026-08-14 12:41:01,Simpang 3,lane_2,3,1,0,3,0,0,0,0,9.090909
2026-08-14 12:41:01,Simpang 3,lane_3,4,0,0,1,3,0,0,2,11.764706
2026-08-14 12:41:01,Simpang 1,lane_2,4,0,0,4,0,0,0,0,12.121212
2026-08-14 12:41:01,Simpang 1,lane_3,1,0,0,1,0,0,0,0,2.941176
2026-08-14 12:41:02,Simpang 2,lane_2,2,0,0,2,0,0,0,0,6.060606
2026-08-14 12:41:02,Simpang 2,lane_1,1,0,0,0,1,0,0,0,3.030303
2026-08-14 12:41:02,Simpang 4,lane_2,3,1,0,1,2,0,0,0,9.090909
2026-08-14 12:41:02,Simpang 4,lane_3,5,0,0,2,1,0,2,0,14.705882
2026-08-14 12:41:02,Simpang 4,lane_1,3,0,0,0,3,0,0,0,9.090909
2026-08-14 12:41:03,Simpang 3,lane_2,3,1,0,3,0,0,0,0,9.090909
2026-08-14 12:41:03,Simpang 3,lane_3,4,0,0,1,3,0,0,2,11.764706
2026-08-14 12:41:03,Simpang 4,lane_2,3,1,0,1,2,0,0,0,9.090909
2026-08-14 12:41:03,Simpang 4,lane_3,4,0,0,2,1,0,1,0,11.764706
2026-08-14 12:41:03,Simpang 4,lane_1,1,1,0,0,1,0,0,0,3.030303
2026-08-14 12:41:03,Simpang 1,lane_2,4,0,0,4,0,0,0,0,12.121212
2026-08-14 12:41:03,Simpang 1,lane_3,1,0,0,1,0,0,0,0,2.941176
2026-08-14 12:41:03,Simpang 2,lane_2,2,0,0,2,0,0,0,0,6.060606
2026-08-14 12:41:03,Simpang 2,lane_1,1,0,0,0,1,0,0,0,3.030303
2026-08-14 12:41:05,Simpang 3,lane_2,3,0,0,3,0,0,0,0,9.090909
2026-08-14 12:41:05,Simpang 3,lane_3,5,0,0,1,4,0,0,2,14.705882
2026-08-14 12:41:05,Simpang 4,lane_2,5,1,0,2,3,0,0,0,15.151515
2026-08-14 12:41:05,Simpang 4,lane_3,3,0,0,1,1,0,1,0,8.823529
2026-08-14 12:41:05,Simpang 4,lane_1,4,0,0,0,4,0,0,0,12.121212
2026-08-14 12:41:06,Simpang 1,lane_2,6,0,0,6,0,0,0,0,18.181818
2026-08-14 12:41:06,Simpang 1,lane_3,1,0,0,1,0,0,0,0,2.941176
2026-08-14 12:41:07,Simpang 2,lane_2,2,0,0,2,0,0,0,0,6.060606
2026-08-14 12:41:07,Simpang 2,lane_1,1,0,0,0,1,0,0,0,3.030303
2026-08-14 12:41:09,Simpang 3,lane_2,3,0,0,3,0,0,0,0,9.090909
2026-08-14 12:41:09,Simpang 3,lane_3,5,0,0,1,4,0,0,2,14.705882
2026-08-14 12:41:10,Simpang 4,lane_2,5,1,0,2,3,0,0,0,15.151515
2026-08-14 12:41:10,Simpang 4,lane_3,3,0,0,1,1,0,1,0,8.823529
2026-08-14 12:41:10,Simpang 4,lane_1,4,0,0,0,4,0,0,0,12.121212
2026-08-14 12:41:11,Simpang 1,lane_2,6,0,0,6,0,0,0,0,18.181818
2026-08-14 12:41:11,Simpang 1,lane_3,1,0,0,1,0,0,0,0,2.941176
2026-08-14 12:41:12,Simpang 2,lane_2,2,0,0,2,0,0,0,0,6.060606
2026-08-14 12:41:12,Simpang 2,lane_1,1,0,0,0,1,0,0,0,3.030303
2026-08-14 12:41:14,Simpang 3,lane_2,3,0,0,3,0,0,0,0,9.090909
2026-08-14 12:41:14,Simpang 3,lane_3,5,0,0,1,4,0,0,2,14.705882
2026-08-14 12:41:14,Simpang 4,lane_2,5,0,0,2,3,0,0,0,15.151515
2026-08-14 12:41:14,Simpang 4,lane_3,3,0,0,1,1,0,1,0,8.823529
2026-08-14 12:41:14,Simpang 4,lane_1,3,0,0,0,3,0,0,0,9.090909
2026-08-14 12:41:16,Simpang 1,lane_2,4,0,0,4,0,0,0,0,12.121212
2026-08-14 12:41:16,Simpang 1,lane_3,1,0,0,1,0,0,0,0,2.941176
2026-08-14 12:41:16,Simpang 2,lane_2,2,0,0,2,0,0,0,0,6.060606
2026-08-14 12:41:16,Simpang 2,lane_1,1,0,0,0,1,0,0,0,3.030303
2026-08-14 12:41:18,Simpang 3,lane_2,3,0,0,3,0,0,0,0,9.090909
2026-08-14 12:41:18,Simpang 3,lane_3,4,0,0,1,3,0,0,2,11.764706
2026-08-14 12:41:19,Simpang 4,lane_2,5,0,0,2,3,0,0,0,15.151515
2026-08-14 12:41:19,Simpang 4,lane_3,3,0,0,1,1,0,1,0,8.823529
2026-08-14 12:41:19,Simpang 4,lane_1,4,0,0,0,4,0,0,0,12.121212
2026-08-14 12:41:21,Simpang 1,lane_2,4,0,0,4,0,0,0,0,12.121212
2026-08-14 12:41:21,Simpang 1,lane_3,1,0,0,1,0,0,0,0,2.941176
2026-08-14 12:41:21,Simpang 2,lane_2,2,0,0,2,0,0,0,0,6.060606
2026-08-14 12:41:21,Simpang 2,lane_1,1,0,0,0,1,0,0,0,3.030303
2026-08-14 12:41:22,Simpang 3,lane_2,4,0,0,4,0,0,0,0,12.121212
2026-08-14 12:41:22,Simpang 3,lane_3,5,0,0,2,3,0,0,2,14.705882
2026-08-14 12:41:23,Simpang 4,lane_2,6,0,0,2,4,0,0,0,18.181818
2026-08-14 12:41:23,Simpang 4,lane_3,3,0,0,1,1,0,1,0,8.823529
2026-08-14 12:41:23,Simpang 4,lane_1,3,0,0,0,3,0,0,0,9.090909
2026-08-14 12:41:25,Simpang 1,lane_2,4,0,0,4,0,0,0,0,12.121212
2026-08-14 12:41:25,Simpang 1,lane_3,2,0,0,2,0,0,0,0,5.882353
2026-08-14 12:41:26,Simpang 2,lane_2,2,0,0,2,0,0,0,0,6.060606
2026-08-14 12:41:26,Simpang 2,lane_1,1,0,0,0,1,0,0,0,3.030303
2026-08-14 12:41:27,Simpang 3,lane_2,4,0,0,4,0,0,0,0,12.121212
2026-08-14 12:41:27,Simpang 3,lane_3,4,0,0,1,3,0,0,2,11.764706
2026-08-14 12:41:27,Simpang 4,lane_2,4,0,0,2,2,0,0,0,12.121212
2026-08-14 12:41:27,Simpang 4,lane_3,3,0,0,1,1,0,1,0,8.823529
2026-08-14 12:41:27,Simpang 4,lane_1,3,0,0,0,3,0,0,0,9.090909
2026-08-14 12:41:30,Simpang 1,lane_2,4,0,0,4,0,0,0,0,12.121212
2026-08-14 12:41:30,Simpang 1,lane_3,2,0,0,2,0,0,0,0,5.882353
2026-08-14 12:41:30,Simpang 2,lane_2,2,0,0,2,0,0,0,0,6.060606
2026-08-14 12:41:30,Simpang 2,lane_1,1,0,0,0,1,0,0,0,3.030303
2026-08-14 12:41:31,Simpang 3,lane_2,4,0,0,4,0,0,0,0,12.121212
2026-08-14 12:41:31,Simpang 3,lane_3,4,0,0,1,3,0,0,2,11.764706
2026-08-14 12:41:32,Simpang 4,lane_2,7,0,0,2,4,0,1,0,21.212121
2026-08-14 12:41:32,Simpang 4,lane_3,3,0,0,1,1,0,1,0,8.823529
2026-08-14 12:41:32,Simpang 4,lane_1,1,1,0,0,1,0,0,0,3.030303
2026-08-14 12:41:35,Simpang 1,lane_2,5,0,0,5,0,0,0,0,15.151515
2026-08-14 12:41:35,Simpang 1,lane_3,1,0,0,1,0,0,0,0,2.941176
2026-08-14 12:41:35,Simpang 2,lane_2,2,0,0,2,0,0,0,0,6.060606
2026-08-14 12:41:35,Simpang 2,lane_1,1,0,0,0,1,0,0,0,3.030303
2026-08-14 12:41:35,Simpang 3,lane_2,4,0,0,4,0,0,0,0,12.121212
2026-08-14 12:41:35,Simpang 3,lane_3,4,0,0,1,3,0,0,2,11.764706
2026-08-14 12:41:36,Simpang 4,lane_2,7,0,0,2,4,0,1,0,21.212121
2026-08-14 12:41:36,Simpang 4,lane_3,3,0,0,1,1,0,1,0,8.823529
2026-08-14 12:41:36,Simpang 4,lane_1,2,1,0,0,2,0,0,0,6.060606
2026-08-14 12:41:40,Simpang 2,lane_2,2,0,0,2,0,0,0,0,6.060606
2026-08-14 12:41:40,Simpang 2,lane_1,1,0,0,0,1,0,0,0,3.030303
2026-08-14 12:41:40,Simpang 3,lane_2,4,0,0,4,0,0,0,0,12.121212
2026-08-14 12:41:40,Simpang 3,lane_3,2,0,0,0,2,0,0,2,5.882353
2026-08-14 12:41:40,Simpang 1,lane_2,4,0,0,4,0,0,0,0,12.121212
2026-08-14 12:41:40,Simpang 1,lane_3,1,0,0,1,0,0,0,0,2.941176
2026-08-14 12:41:41,Simpang 4,lane_2,6,0,0,2,3,0,1,0,18.181818
2026-08-14 12:41:41,Simpang 4,lane_3,4,0,0,1,2,0,1,0,11.764706
2026-08-14 12:41:41,Simpang 4,lane_1,2,1,0,0,2,0,0,0,6.060606
2026-08-14 12:41:44,Simpang 3,lane_2,4,0,0,4,0,0,0,0,12.121212
2026-08-14 12:41:44,Simpang 3,lane_3,3,0,0,0,3,0,0,2,8.823529
2026-08-14 12:41:44,Simpang 2,lane_2,2,0,0,2,0,0,0,0,6.060606
2026-08-14 12:41:44,Simpang 2,lane_1,1,0,0,0,1,0,0,0,3.030303
2026-08-14 12:41:45,Simpang 1,lane_2,4,0,0,4,0,0,0,0,12.121212
2026-08-14 12:41:45,Simpang 1,lane_3,1,0,0,1,0,0,0,0,2.941176
2026-08-14 12:41:45,Simpang 4,lane_2,6,0,0,3,3,0,0,0,18.181818
2026-08-14 12:41:45,Simpang 4,lane_3,4,0,0,1,2,0,1,0,11.764706
2026-08-14 12:41:45,Simpang 4,lane_1,1,1,0,0,1,0,0,0,3.030303
2026-08-14 12:41:48,Simpang 3,lane_2,4,0,0,4,0,0,0,0,12.121212
2026-08-14 12:41:48,Simpang 3,lane_3,4,0,0,2,2,0,0,1,11.764706
2026-08-14 12:41:49,Simpang 4,lane_2,6,0,0,3,3,0,0,0,18.181818
2026-08-14 12:41:49,Simpang 4,lane_3,4,0,0,1,2,0,1,0,11.764706
2026-08-14 12:41:49,Simpang 4,lane_1,1,0,0,0,1,0,0,0,3.030303
2026-08-14 12:41:49,Simpang 2,lane_2,2,0,0,2,0,0,0,0,6.060606
2026-08-14 12:41:49,Simpang 2,lane_1,1,0,0,0,1,0,0,0,3.030303
2026-08-14 12:41:49,Simpang 1,lane_2,4,0,0,4,0,0,0,0,12.121212
2026-08-14 12:41:49,Simpang 1,lane_3,1,0,0,1,0,0,0,0,2.941176
2026-08-14 12:41:53,Simpang 3,lane_2,4,0,0,4,0,0,0,0,12.121212
2026-08-14 12:41:53,Simpang 3,lane_3,4,0,0,2,2,0,0,1,11.764706
2026-08-14 12:41:54,Simpang 4,lane_2,5,0,0,2,3,0,0,0,15.151515
2026-08-14 12:41:54,Simpang 4,lane_1,1,0,0,0,1,0,0,0,3.030303
2026-08-14 12:41:54,Simpang 4,lane_3,3,0,0,1,1,0,1,0,8.823529
2026-08-14 12:41:54,Simpang 2,lane_2,2,0,0,2,0,0,0,0,6.060606
2026-08-14 12:41:54,Simpang 2,lane_1,1,0,0,0,1,0,0,0,3.030303
2026-08-14 12:41:54,Simpang 1,lane_2,4,0,0,4,0,0,0,0,12.121212
2026-08-14 12:41:54,Simpang 1,lane_3,1,0,0,1,0,0,0,0,2.941176
2026-08-14 12:41:58,Simpang 3,lane_2,3,0,0,3,0,0,0,0,9.090909
2026-08-14 12:41:58,Simpang 3,lane_3,3,0,0,1,2,0,0,1,8.823529
2026-08-14 12:41:58,Simpang 4,lane_2,6,0,0,2,4,0,0,0,18.181818
2026-08-14 12:41:58,Simpang 4,lane_1,3,0,0,1,2,0,0,0,9.090909
2026-08-14 12:41:58,Simpang 4,lane_3,3,0,0,1,1,0,1,0,8.823529
2026-08-14 12:41:59,Simpang 2,lane_2,2,0,0,2,0,0,0,0,6.060606
2026-08-14 12:41:59,Simpang 2,lane_1,1,0,0,0,1,0,0,0,3.030303
2026-08-14 12:41:59,Simpang 1,lane_2,4,0,0,4,0,0,0,0,12.121212
2026-08-14 12:41:59,Simpang 1,lane_3,1,0,0,1,0,0,0,0,2.941176
2026-08-14 12:42:02,Simpang 3,lane_2,3,0,0,3,0,0,0,0,9.090909
2026-08-14 12:42:02,Simpang 3,lane_3,3,0,0,1,2,0,0,1,8.823529
2026-08-14 12:42:02,Simpang 4,lane_2,3,2,0,2,1,0,0,0,9.090909
2026-08-14 12:42:02,Simpang 4,lane_1,3,0,0,1,2,0,0,0,9.090909
2026-08-14 12:42:02,Simpang 4,lane_3,2,0,0,1,0,0,1,0,5.882353
2026-08-14 12:42:04,Simpang 1,lane_2,4,0,0,4,0,0,0,0,12.121212
2026-08-14 12:42:04,Simpang 1,lane_3,1,0,0,1,0,0,0,0,2.941176
2026-08-14 12:42:04,Simpang 2,lane_2,2,0,0,2,0,0,0,0,6.060606
2026-08-14 12:42:04,Simpang 2,lane_1,1,0,0,0,1,0,0,0,3.030303
2026-08-14 12:42:07,Simpang 3,lane_2,3,0,0,3,0,0,0,0,9.090909
2026-08-14 12:42:07,Simpang 3,lane_3,3,0,0,1,2,0,0,1,8.823529
2026-08-14 12:42:07,Simpang 4,lane_2,3,2,0,2,1,0,0,0,9.090909
2026-08-14 12:42:07,Simpang 4,lane_1,2,0,0,1,1,0,0,0,6.060606
2026-08-14 12:42:07,Simpang 4,lane_3,4,0,0,1,2,0,1,0,11.764706
2026-08-14 12:42:08,Simpang 2,lane_2,2,0,0,2,0,0,0,0,6.060606
2026-08-14 12:42:08,Simpang 2,lane_1,1,0,0,0,1,0,0,0,3.030303
2026-08-14 12:42:08,Simpang 1,lane_2,4,0,0,4,0,0,0,0,12.121212
2026-08-14 12:42:08,Simpang 1,lane_3,2,0,0,2,0,0,0,0,5.882353
2026-08-14 12:42:11,Simpang 3,lane_2,3,0,0,3,0,0,0,0,9.090909
2026-08-14 12:42:11,Simpang 3,lane_3,4,0,0,1,3,0,0,1,11.764706
2026-08-14 12:42:11,Simpang 4,lane_2,2,2,0,2,0,0,0,0,6.060606
2026-08-14 12:42:11,Simpang 4,lane_1,3,0,0,2,1,0,0,0,9.090909
2026-08-14 12:42:11,Simpang 4,lane_3,3,0,0,1,1,0,1,0,8.823529
2026-08-14 12:42:14,Simpang 1,lane_2,3,0,0,3,0,0,0,0,9.090909
2026-08-14 12:42:14,Simpang 2,lane_2,2,0,0,2,0,0,0,0,6.060606
2026-08-14 12:42:14,Simpang 2,lane_1,1,0,0,0,1,0,0,0,3.030303
2026-08-14 12:42:16,Simpang 3,lane_2,3,0,0,3,0,0,0,0,9.090909
2026-08-14 12:42:16,Simpang 3,lane_3,4,0,0,1,3,0,0,1,11.764706
2026-08-14 12:42:16,Simpang 4,lane_2,2,2,0,2,0,0,0,0,6.060606
2026-08-14 12:42:16,Simpang 4,lane_1,4,0,0,2,2,0,0,0,12.121212
2026-08-14 12:42:16,Simpang 4,lane_3,3,0,0,1,1,0,1,0,8.823529
2026-08-14 12:42:18,Simpang 1,lane_2,3,0,0,3,0,0,0,0,9.090909
2026-08-14 12:42:18,Simpang 1,lane_3,1,0,0,1,0,0,0,0,2.941176
2026-08-14 12:42:18,Simpang 2,lane_2,2,0,0,2,0,0,0,0,6.060606
2026-08-14 12:42:18,Simpang 2,lane_1,1,0,0,0,1,0,0,0,3.030303
2026-08-14 12:42:20,Simpang 3,lane_2,3,0,0,3,0,0,0,0,9.090909
2026-08-14 12:42:20,Simpang 3,lane_3,3,0,0,0,3,0,0,1,8.823529
2026-08-14 12:42:20,Simpang 4,lane_2,3,1,0,3,0,0,0,0,9.090909
2026-08-14 12:42:20,Simpang 4,lane_1,2,0,0,1,1,0,0,0,6.060606
2026-08-14 12:42:20,Simpang 4,lane_3,3,0,0,1,1,0,1,0,8.823529
2026-08-14 12:42:22,Simpang 1,lane_2,3,0,0,3,0,0,0,0,9.090909
2026-08-14 12:42:22,Simpang 1,lane_3,2,0,0,2,0,0,0,0,5.882353
2026-08-14 12:42:22,Simpang 2,lane_2,2,0,0,2,0,0,0,0,6.060606
2026-08-14 12:42:22,Simpang 2,lane_1,1,0,0,0,1,0,0,0,3.030303
2026-08-14 12:42:24,Simpang 3,lane_2,3,0,0,3,0,0,0,0,9.090909
2026-08-14 12:42:24,Simpang 3,lane_3,3,0,0,0,3,0,0,1,8.823529
2026-08-14 12:42:24,Simpang 4,lane_2,3,1,0,3,0,0,0,0,9.090909
2026-08-14 12:42:24,Simpang 4,lane_1,2,0,0,1,1,0,0,0,6.060606
2026-08-14 12:42:24,Simpang 4,lane_3,4,0,0,1,2,0,1,0,11.764706
2026-08-14 12:42:27,Simpang 1,lane_2,3,0,0,3,0,0,0,0,9.090909
2026-08-14 12:42:27,Simpang 2,lane_2,2,0,0,2,0,0,0,0,6.060606
2026-08-14 12:42:27,Simpang 2,lane_1,1,0,0,0,1,0,0,0,3.030303
2026-08-14 12:42:28,Simpang 3,lane_2,3,0,0,3,0,0,0,0,9.090909
2026-08-14 12:42:28,Simpang 3,lane_3,3,0,0,0,3,0,0,1,8.823529
2026-08-14 12:42:29,Simpang 4,lane_2,2,1,0,2,0,0,0,0,6.060606
2026-08-14 12:42:29,Simpang 4,lane_1,2,0,0,1,1,0,0,0,6.060606
2026-08-14 12:42:29,Simpang 4,lane_3,5,0,0,1,3,0,1,0,14.705882
2026-08-14 12:42:31,Simpang 1,lane_2,4,0,0,4,0,0,0,0,12.121212
2026-08-14 12:42:31,Simpang 1,lane_3,1,0,0,1,0,0,0,0,2.941176
2026-08-14 12:42:31,Simpang 2,lane_2,2,0,0,2,0,0,0,0,6.060606
2026-08-14 12:42:31,Simpang 2,lane_1,1,0,0,0,1,0,0,0,3.030303
2026-08-14 12:42:32,Simpang 3,lane_2,3,0,0,3,0,0,0,0,9.090909
2026-08-14 12:42:32,Simpang 3,lane_3,4,0,0,1,3,0,0,1,11.764706
2026-08-14 12:42:33,Simpang 4,lane_2,2,0,0,2,0,0,0,0,6.060606
2026-08-14 12:42:33,Simpang 4,lane_1,3,1,0,1,2,0,0,0,9.090909
2026-08-14 12:42:33,Simpang 4,lane_3,5,0,0,1,3,0,1,0,14.705882
2026-08-14 12:42:36,Simpang 1,lane_2,4,0,0,4,0,0,0,0,12.121212
2026-08-14 12:42:36,Simpang 1,lane_3,1,0,0,1,0,0,0,0,2.941176
2026-08-14 12:42:36,Simpang 2,lane_2,2,0,0,2,0,0,0,0,6.060606
2026-08-14 12:42:36,Simpang 2,lane_1,1,0,0,0,1,0,0,0,3.030303
2026-08-14 12:42:36,Simpang 3,lane_2,3,0,0,3,0,0,0,0,9.090909
2026-08-14 12:42:36,Simpang 3,lane_3,4,0,0,1,3,0,0,1,11.764706
2026-08-14 12:42:37,Simpang 4,lane_2,3,0,0,2,1,0,0,0,9.090909
2026-08-14 12:42:37,Simpang 4,lane_1,3,0,0,1,2,0,0,0,9.090909
2026-08-14 12:42:37,Simpang 4,lane_3,5,0,0,1,3,0,1,0,14.705882
2026-08-14 12:42:40,Simpang 3,lane_2,3,0,0,3,0,0,0,0,9.090909
2026-08-14 12:42:40,Simpang 3,lane_3,3,0,0,0,3,0,0,1,8.823529
2026-08-14 12:42:40,Simpang 1,lane_2,4,0,0,4,0,0,0,0,12.121212
2026-08-14 12:42:40,Simpang 1,lane_3,1,0,0,1,0,0,0,0,2.941176
2026-08-14 12:42:40,Simpang 2,lane_2,2,0,0,2,0,0,0,0,6.060606
2026-08-14 12:42:40,Simpang 2,lane_1,1,0,0,0,1,0,0,0,3.030303
2026-08-14 12:42:40,Simpang 4,lane_2,3,0,0,2,1,0,0,0,9.090909
2026-08-14 12:42:40,Simpang 4,lane_1,3,0,0,1,2,0,0,0,9.090909
2026-08-14 12:42:40,Simpang 4,lane_3,5,0,0,1,3,0,1,0,14.705882
2026-08-14 12:42:44,Simpang 3,lane_2,3,0,0,3,0,0,0,0,9.090909
2026-08-14 12:42:44,Simpang 3,lane_3,3,0,0,0,3,0,0,1,8.823529
2026-08-14 12:42:44,Simpang 4,lane_2,3,0,0,2,1,0,0,0,9.090909
2026-08-14 12:42:44,Simpang 4,lane_1,2,0,0,1,1,0,0,0,6.060606
2026-08-14 12:42:44,Simpang 4,lane_3,3,0,0,0,2,0,1,0,8.823529
2026-08-14 12:42:44,Simpang 1,lane_2,4,0,0,4,0,0,0,0,12.121212
2026-08-14 12:42:44,Simpang 1,lane_3,1,0,0,1,0,0,0,0,2.941176
2026-08-14 12:42:44,Simpang 2,lane_2,2,0,0,2,0,0,0,0,6.060606
2026-08-14 12:42:44,Simpang 2,lane_1,1,0,0,0,1,0,0,0,3.030303
2026-08-14 12:42:47,Simpang 3,lane_2,3,0,0,3,0,0,0,0,9.090909
2026-08-14 12:42:47,Simpang 3,lane_3,3,0,0,0,3,0,0,1,8.823529
2026-08-14 12:42:49,Simpang 4,lane_2,4,0,0,2,2,0,0,0,12.121212
2026-08-14 12:42:49,Simpang 4,lane_1,2,0,0,1,1,0,0,0,6.060606
2026-08-14 12:42:49,Simpang 4,lane_3,4,0,0,0,3,0,1,0,11.764706
2026-08-14 12:42:50,Simpang 1,lane_2,4,1,0,4,0,0,0,0,12.121212
2026-08-14 12:42:50,Simpang 1,lane_3,1,0,0,1,0,0,0,0,2.941176
2026-08-14 12:42:50,Simpang 2,lane_2,2,0,0,2,0,0,0,0,6.060606
2026-08-14 12:42:50,Simpang 2,lane_1,1,0,0,0,1,0,0,0,3.030303
2026-08-14 12:42:54,Simpang 3,lane_2,3,0,0,3,0,0,0,0,9.090909
2026-08-14 12:42:54,Simpang 3,lane_3,4,0,0,1,3,0,0,1,11.764706
2026-08-14 12:42:54,Simpang 4,lane_2,4,0,0,2,2,0,0,0,12.121212
2026-08-14 12:42:54,Simpang 4,lane_1,2,0,0,1,1,0,0,0,6.060606
2026-08-14 12:42:54,Simpang 4,lane_3,4,0,0,0,3,0,1,0,11.764706
2026-08-14 12:42:55,Simpang 1,lane_2,4,1,0,4,0,0,0,0,12.121212
2026-08-14 12:42:55,Simpang 1,lane_3,1,0,0,1,0,0,0,0,2.941176
2026-08-14 12:42:55,Simpang 2,lane_2,2,0,0,2,0,0,0,0,6.060606
2026-08-14 12:42:55,Simpang 2,lane_1,1,0,0,0,1,0,0,0,3.030303
2026-08-14 12:42:58,Simpang 3,lane_2,3,0,0,3,0,0,0,0,9.090909
2026-08-14 12:42:58,Simpang 3,lane_3,4,0,0,1,3,0,0,1,11.764706
2026-08-14 12:42:58,Simpang 4,lane_2,3,0,0,2,1,0,0,0,9.090909
2026-08-14 12:42:58,Simpang 4,lane_1,3,0,0,1,2,0,0,0,9.090909
2026-08-14 12:42:58,Simpang 4,lane_3,5,0,0,0,4,0,1,0,14.705882
2026-08-14 12:42:59,Simpang 1,lane_2,4,0,0,4,0,0,0,0,12.121212
2026-08-14 12:42:59,Simpang 1,lane_3,1,0,0,1,0,0,0,0,2.941176
2026-08-14 12:43:00,Simpang 2,lane_2,2,0,0,2,0,0,0,0,6.060606
2026-08-14 12:43:00,Simpang 2,lane_1,1,0,0,0,1,0,0,0,3.030303
2026-08-14 12:43:02,Simpang 3,lane_2,3,0,0,3,0,0,0,0,9.090909
2026-08-14 12:43:02,Simpang 3,lane_3,4,0,0,1,3,0,0,1,11.764706
2026-08-14 12:43:02,Simpang 4,lane_2,3,0,0,2,1,0,0,0,9.090909
2026-08-14 12:43:02,Simpang 4,lane_1,3,0,0,1,2,0,0,0,9.090909
2026-08-14 12:43:02,Simpang 4,lane_3,7,0,0,0,6,0,1,0,20.588235
2026-08-14 12:43:04,Simpang 1,lane_2,4,0,0,4,0,0,0,0,12.121212
2026-08-14 12:43:04,Simpang 1,lane_3,1,0,0,1,0,0,0,0,2.941176
2026-08-14 12:43:04,Simpang 2,lane_2,2,0,0,2,0,0,0,0,6.060606
2026-08-14 12:43:04,Simpang 2,lane_1,1,0,0,0,1,0,0,0,3.030303
2026-08-14 12:43:06,Simpang 3,lane_2,3,0,0,3,0,0,0,0,9.090909
2026-08-14 12:43:06,Simpang 3,lane_3,4,0,0,1,3,0,0,1,11.764706
2026-08-14 12:43:07,Simpang 4,lane_2,4,0,0,2,2,0,0,0,12.121212
2026-08-14 12:43:07,Simpang 4,lane_1,3,0,0,1,2,0,0,0,9.090909
2026-08-14 12:43:07,Simpang 4,lane_3,5,0,0,0,4,0,1,0,14.705882
2026-08-14 12:43:09,Simpang 1,lane_2,4,0,0,4,0,0,0,0,12.121212
2026-08-14 12:43:09,Simpang 1,lane_3,1,0,0,1,0,0,0,0,2.941176
2026-08-14 12:43:09,Simpang 2,lane_2,2,0,0,2,0,0,0,0,6.060606
2026-08-14 12:43:09,Simpang 2,lane_1,1,0,0,0,1,0,0,0,3.030303
2026-08-14 12:43:10,Simpang 3,lane_2,3,0,0,3,0,0,0,0,9.090909
2026-08-14 12:43:10,Simpang 3,lane_3,3,0,0,1,2,0,0,1,8.823529
2026-08-14 12:43:11,Simpang 4,lane_2,4,0,0,2,2,0,0,0,12.121212
2026-08-14 12:43:11,Simpang 4,lane_1,3,0,0,1,2,0,0,0,9.090909
2026-08-14 12:43:11,Simpang 4,lane_3,4,0,0,0,3,0,1,0,11.764706
2026-08-14 12:43:13,Simpang 1,lane_2,3,0,0,3,0,0,0,0,9.090909
2026-08-14 12:43:13,Simpang 1,lane_3,1,0,0,1,0,0,0,0,2.941176
2026-08-14 12:43:13,Simpang 2,lane_2,2,0,0,2,0,0,0,0,6.060606
2026-08-14 12:43:13,Simpang 2,lane_1,1,0,0,0,1,0,0,0,3.030303
2026-08-14 12:43:14,Simpang 3,lane_2,3,0,0,3,0,0,0,0,9.090909
2026-08-14 12:43:14,Simpang 3,lane_3,3,0,0,1,2,0,0,1,8.823529
2026-08-14 12:43:15,Simpang 4,lane_2,3,0,0,2,1,0,0,0,9.090909
2026-08-14 12:43:15,Simpang 4,lane_1,3,0,0,1,2,0,0,0,9.090909
2026-08-14 12:43:15,Simpang 4,lane_3,5,0,0,0,4,0,1,0,14.705882
2026-08-14 12:43:17,Simpang 1,lane_2,3,0,0,3,0,0,0,0,9.090909
2026-08-14 12:43:17,Simpang 1,lane_3,1,0,0,1,0,0,0,0,2.941176
2026-08-14 12:43:17,Simpang 2,lane_2,2,0,0,2,0,0,0,0,6.060606
2026-08-14 12:43:17,Simpang 2,lane_1,1,0,0,0,1,0,0,0,3.030303
2026-08-14 12:43:18,Simpang 3,lane_2,3,0,0,3,0,0,0,0,9.090909
2026-08-14 12:43:18,Simpang 3,lane_3,3,0,0,1,2,0,0,1,8.823529
2026-08-14 12:43:19,Simpang 4,lane_2,3,0,0,2,1,0,0,0,9.090909
2026-08-14 12:43:19,Simpang 4,lane_1,3,0,0,1,2,0,0,0,9.090909
2026-08-14 12:43:19,Simpang 4,lane_3,5,0,0,0,4,0,1,0,14.705882
2026-08-14 12:43:22,Simpang 1,lane_2,4,0,0,4,0,0,0,0,12.121212
2026-08-14 12:43:22,Simpang 1,lane_3,1,0,0,1,0,0,0,0,2.941176
2026-08-14 12:43:22,Simpang 2,lane_2,2,0,0,2,0,0,0,0,6.060606
2026-08-14 12:43:22,Simpang 2,lane_1,1,0,0,0,1,0,0,0,3.030303
2026-08-14 12:43:22,Simpang 3,lane_2,3,0,0,3,0,0,0,0,9.090909
2026-08-14 12:43:22,Simpang 3,lane_3,3,0,0,1,2,0,0,1,8.823529
2026-08-14 12:43:23,Simpang 4,lane_2,3,0,0,2,1,0,0,0,9.090909
2026-08-14 12:43:23,Simpang 4,lane_1,3,0,0,1,2,0,0,0,9.090909
2026-08-14 12:43:23,Simpang 4,lane_3,3,0,0,0,2,0,1,0,8.823529
2026-08-14 12:43:26,Simpang 1,lane_2,4,0,0,4,0,0,0,0,12.121212
2026-08-14 12:43:26,Simpang 1,lane_3,1,0,0,1,0,0,0,0,2.941176
2026-08-14 12:43:26,Simpang 3,lane_2,3,0,0,3,0,0,0,0,9.090909
2026-08-14 12:43:26,Simpang 3,lane_3,3,0,0,1,2,0,0,1,8.823529
2026-08-14 12:43:26,Simpang 2,lane_2,2,0,0,2,0,0,0,0,6.060606
2026-08-14 12:43:26,Simpang 2,lane_1,1,0,0,0,1,0,0,0,3.030303
2026-08-14 12:43:27,Simpang 4,lane_2,3,0,0,2,1,0,0,0,9.090909
2026-08-14 12:43:27,Simpang 4,lane_1,2,0,0,1,1,0,0,0,6.060606
2026-08-14 12:43:27,Simpang 4,lane_3,4,1,0,0,3,0,1,0,11.764706
2026-08-14 12:43:30,Simpang 3,lane_2,3,0,0,3,0,0,0,0,9.090909
2026-08-14 12:43:30,Simpang 3,lane_3,4,0,0,1,3,0,0,1,11.764706
2026-08-14 12:43:30,Simpang 1,lane_2,4,0,0,4,0,0,0,0,12.121212
2026-08-14 12:43:30,Simpang 1,lane_3,1,0,0,1,0,0,0,0,2.941176
2026-08-14 12:43:30,Simpang 2,lane_2,2,0,0,2,0,0,0,0,6.060606
2026-08-14 12:43:30,Simpang 2,lane_1,1,0,0,0,1,0,0,0,3.030303
2026-08-14 12:43:31,Simpang 4,lane_2,3,0,0,2,1,0,0,0,9.090909
2026-08-14 12:43:31,Simpang 4,lane_1,3,0,0,1,2,0,0,0,9.090909
2026-08-14 12:43:31,Simpang 4,lane_3,4,2,0,0,3,0,1,0,11.764706
2026-08-14 12:43:33,Simpang 3,lane_2,3,0,0,3,0,0,0,0,9.090909
2026-08-14 12:43:33,Simpang 3,lane_3,4,0,0,1,3,0,0,1,11.764706
2026-08-14 12:43:33,Simpang 1,lane_2,4,0,0,4,0,0,0,0,12.121212
2026-08-14 12:43:33,Simpang 1,lane_3,1,0,0,1,0,0,0,0,2.941176
2026-08-14 12:43:33,Simpang 4,lane_2,3,0,0,2,1,0,0,0,9.090909
2026-08-14 12:43:33,Simpang 4,lane_1,3,0,0,1,2,0,0,0,9.090909
2026-08-14 12:43:33,Simpang 4,lane_3,4,2,0,0,3,0,1,0,11.764706
2026-08-14 12:43:33,Simpang 2,lane_2,2,0,0,2,0,0,0,0,6.060606
2026-08-14 12:43:33,Simpang 2,lane_1,1,0,0,0,1,0,0,0,3.030303
2026-08-14 12:43:36,Simpang 3,lane_2,3,0,0,3,0,0,0,0,9.090909
2026-08-14 12:43:36,Simpang 3,lane_3,3,0,0,1,2,0,0,1,8.823529
2026-08-14 12:43:37,Simpang 4,lane_2,2,0,0,2,0,0,0,0,6.060606
2026-08-14 12:43:37,Simpang 4,lane_1,3,0,0,1,2,0,0,0,9.090909
2026-08-14 12:43:37,Simpang 4,lane_3,4,0,0,0,3,0,1,0,11.764706
2026-08-14 12:43:37,Simpang 1,lane_2,4,0,0,4,0,0,0,0,12.121212
2026-08-14 12:43:37,Simpang 1,lane_3,1,0,0,1,0,0,0,0,2.941176
2026-08-14 12:43:37,Simpang 2,lane_2,2,0,0,2,0,0,0,0,6.060606
2026-08-14 12:43:37,Simpang 2,lane_1,1,0,0,0,1,0,0,0,3.030303
2026-08-14 12:43:40,Simpang 3,lane_2,3,0,0,3,0,0,0,0,9.090909
2026-08-14 12:43:40,Simpang 3,lane_3,3,0,0,1,2,0,0,1,8.823529
2026-08-14 12:43:40,Simpang 4,lane_2,2,0,0,2,0,0,0,0,6.060606
2026-08-14 12:43:40,Simpang 4,lane_1,3,0,0,1,2,0,0,0,9.090909
2026-08-14 12:43:40,Simpang 4,lane_3,5,1,0,0,4,0,1,0,14.705882
2026-08-14 12:43:41,Simpang 1,lane_2,5,0,0,4,1,0,0,0,15.151515
2026-08-14 12:43:41,Simpang 1,lane_3,1,0,0,1,0,0,0,0,2.941176
2026-08-14 12:43:41,Simpang 2,lane_2,2,0,0,2,0,0,0,0,6.060606
2026-08-14 12:43:41,Simpang 2,lane_1,1,0,0,0,1,0,0,0,3.030303
2026-08-14 12:43:44,Simpang 3,lane_2,3,0,0,3,0,0,0,0,9.090909
2026-08-14 12:43:44,Simpang 3,lane_3,3,0,0,1,2,0,0,1,8.823529
2026-08-14 12:43:44,Simpang 4,lane_2,2,0,0,2,0,0,0,0,6.060606
2026-08-14 12:43:44,Simpang 4,lane_1,2,0,0,1,1,0,0,0,6.060606
2026-08-14 12:43:44,Simpang 4,lane_3,5,0,0,0,4,0,1,0,14.705882
2026-08-14 12:43:45,Simpang 1,lane_2,5,0,0,4,1,0,0,0,15.151515
2026-08-14 12:43:45,Simpang 1,lane_3,1,0,0,1,0,0,0,0,2.941176
2026-08-14 12:43:45,Simpang 2,lane_2,2,0,0,2,0,0,0,0,6.060606
2026-08-14 12:43:45,Simpang 2,lane_1,1,0,0,0,1,0,0,0,3.030303
2026-08-14 12:43:47,Simpang 3,lane_2,3,0,0,3,0,0,0,0,9.090909
2026-08-14 12:43:47,Simpang 3,lane_3,3,0,0,1,2,0,0,1,8.823529
2026-08-14 12:43:48,Simpang 4,lane_2,2,0,0,2,0,0,0,0,6.060606
2026-08-14 12:43:48,Simpang 4,lane_1,2,0,0,1,1,0,0,0,6.060606
2026-08-14 12:43:48,Simpang 4,lane_3,6,0,0,0,5,0,1,0,17.647059
2026-08-14 12:43:49,Simpang 1,lane_2,4,0,0,4,0,0,0,0,12.121212
2026-08-14 12:43:49,Simpang 1,lane_3,1,0,0,1,0,0,0,0,2.941176
2026-08-14 12:43:49,Simpang 2,lane_2,2,0,0,2,0,0,0,0,6.060606
2026-08-14 12:43:49,Simpang 2,lane_1,1,0,0,0,1,0,0,0,3.030303
2026-08-14 12:43:51,Simpang 3,lane_2,3,1,0,3,0,0,0,0,9.090909
2026-08-14 12:43:51,Simpang 3,lane_3,3,0,0,1,2,0,0,1,8.823529
2026-08-14 12:43:52,Simpang 4,lane_2,2,0,0,2,0,0,0,0,6.060606
2026-08-14 12:43:52,Simpang 4,lane_1,2,0,0,1,1,0,0,0,6.060606
2026-08-14 12:43:52,Simpang 4,lane_3,7,0,0,0,6,0,1,0,20.588235
2026-08-14 12:43:53,Simpang 1,lane_2,5,0,0,5,0,0,0,0,15.151515
2026-08-14 12:43:53,Simpang 1,lane_3,1,0,0,1,0,0,0,0,2.941176
2026-08-14 12:43:53,Simpang 1,lane_1,1,0,0,1,0,0,0,0,3.030303
2026-08-14 12:43:54,Simpang 2,lane_2,2,0,0,2,0,0,0,0,6.060606
2026-08-14 12:43:54,Simpang 2,lane_1,1,0,0,0,1,0,0,0,3.030303
2026-08-14 12:43:55,Simpang 3,lane_2,3,1,0,3,0,0,0,0,9.090909
2026-08-14 12:43:55,Simpang 3,lane_3,3,0,0,1,2,0,0,1,8.823529
2026-08-14 12:43:56,Simpang 4,lane_2,3,0,0,2,1,0,0,0,9.090909
2026-08-14 12:43:56,Simpang 4,lane_1,2,0,0,1,1,0,0,0,6.060606
2026-08-14 12:43:56,Simpang 4,lane_3,5,0,0,0,4,0,1,0,14.705882
2026-08-14 12:43:58,Simpang 1,lane_2,5,0,0,5,0,0,0,0,15.151515
2026-08-14 12:43:58,Simpang 1,lane_3,1,0,0,1,0,0,0,0,2.941176
2026-08-14 12:43:58,Simpang 1,lane_1,1,0,0,1,0,0,0,0,3.030303
2026-08-14 12:43:58,Simpang 2,lane_2,2,0,0,2,0,0,0,0,6.060606
2026-08-14 12:43:58,Simpang 2,lane_1,1,0,0,0,1,0,0,0,3.030303
2026-08-14 12:43:59,Simpang 3,lane_2,3,2,0,3,0,0,0,0,9.090909
2026-08-14 12:43:59,Simpang 3,lane_3,3,0,0,1,2,0,0,1,8.823529
2026-08-14 12:44:00,Simpang 4,lane_2,3,0,0,2,1,0,0,0,9.090909
2026-08-14 12:44:00,Simpang 4,lane_1,2,0,0,1,1,0,0,0,6.060606
2026-08-14 12:44:00,Simpang 4,lane_3,6,0,0,0,5,0,1,0,17.647059
2026-08-14 12:44:02,Simpang 1,lane_2,5,0,0,5,0,0,0,0,15.151515
2026-08-14 12:44:02,Simpang 1,lane_3,1,0,0,1,0,0,0,0,2.941176
2026-08-14 12:44:02,Simpang 1,lane_1,1,0,0,1,0,0,0,0,3.030303
2026-08-14 12:44:02,Simpang 2,lane_2,2,0,0,2,0,0,0,0,6.060606
2026-08-14 12:44:02,Simpang 2,lane_1,1,0,0,0,1,0,0,0,3.030303
2026-08-14 12:44:03,Simpang 3,lane_2,3,2,0,3,0,0,0,0,9.090909
2026-08-14 12:44:03,Simpang 3,lane_3,3,0,0,1,2,0,0,1,8.823529
2026-08-14 12:44:04,Simpang 4,lane_2,3,0,0,2,1,0,0,0,9.090909
2026-08-14 12:44:04,Simpang 4,lane_1,2,0,0,1,1,0,0,0,6.060606
2026-08-14 12:44:04,Simpang 4,lane_3,5,1,0,0,4,0,1,0,14.705882
2026-08-14 12:44:06,Simpang 3,lane_2,3,1,0,3,0,0,0,0,9.090909
2026-08-14 12:44:06,Simpang 3,lane_3,3,0,0,1,2,0,0,1,8.823529
2026-08-14 12:44:07,Simpang 1,lane_2,5,0,0,5,0,0,0,0,15.151515
2026-08-14 12:44:07,Simpang 1,lane_3,2,0,0,2,0,0,0,0,5.882353
2026-08-14 12:44:07,Simpang 1,lane_1,1,0,0,1,0,0,0,0,3.030303
2026-08-14 12:44:07,Simpang 2,lane_2,2,0,0,2,0,0,0,0,6.060606
2026-08-14 12:44:07,Simpang 2,lane_1,1,0,0,0,1,0,0,0,3.030303
2026-08-14 12:44:08,Simpang 4,lane_2,2,0,0,2,0,0,0,0,6.060606
2026-08-14 12:44:08,Simpang 4,lane_1,2,0,0,1,1,0,0,0,6.060606
2026-08-14 12:44:08,Simpang 4,lane_3,5,1,0,1,3,0,1,0,14.705882
2026-08-14 12:44:10,Simpang 3,lane_2,4,1,0,4,0,0,0,0,12.121212
2026-08-14 12:44:10,Simpang 3,lane_3,2,0,0,0,2,0,0,1,5.882353
2026-08-14 12:44:11,Simpang 1,lane_2,5,0,0,5,0,0,0,0,15.151515
2026-08-14 12:44:11,Simpang 1,lane_1,1,0,0,1,0,0,0,0,3.030303
2026-08-14 12:44:11,Simpang 2,lane_2,2,0,0,2,0,0,0,0,6.060606
2026-08-14 12:44:11,Simpang 2,lane_1,1,0,0,0,1,0,0,0,3.030303
2026-08-14 12:44:12,Simpang 4,lane_2,2,1,0,2,0,0,0,0,6.060606
2026-08-14 12:44:12,Simpang 4,lane_3,6,0,0,0,5,0,1,0,17.647059
2026-08-14 12:44:12,Simpang 4,lane_1,1,0,0,1,0,0,0,0,3.030303
2026-08-14 12:44:14,Simpang 3,lane_2,3,2,0,3,0,0,0,0,9.090909
2026-08-14 12:44:14,Simpang 3,lane_3,3,0,0,1,2,0,0,1,8.823529
2026-08-14 12:44:15,Simpang 1,lane_2,5,0,0,5,0,0,0,0,15.151515
2026-08-14 12:44:15,Simpang 1,lane_1,1,0,0,1,0,0,0,0,3.030303
2026-08-14 12:44:15,Simpang 1,lane_3,1,0,0,1,0,0,0,0,2.941176
2026-08-14 12:44:15,Simpang 2,lane_2,2,0,0,2,0,0,0,0,6.060606
2026-08-14 12:44:15,Simpang 2,lane_1,1,0,0,0,1,0,0,0,3.030303
2026-08-14 12:44:16,Simpang 4,lane_2,5,0,0,3,2,0,0,0,15.151515
2026-08-14 12:44:16,Simpang 4,lane_3,5,1,0,0,4,0,1,0,14.705882
2026-08-14 12:44:16,Simpang 4,lane_1,2,0,0,1,1,0,0,0,6.060606
2026-08-14 12:44:17,Simpang 3,lane_2,3,2,0,3,0,0,0,0,9.090909
2026-08-14 12:44:17,Simpang 3,lane_3,3,0,0,1,2,0,0,1,8.823529
2026-08-14 12:44:18,Simpang 4,lane_2,5,0,0,3,2,0,0,0,15.151515
2026-08-14 12:44:18,Simpang 4,lane_3,5,1,0,0,4,0,1,0,14.705882
2026-08-14 12:44:18,Simpang 4,lane_1,2,0,0,1,1,0,0,0,6.060606
2026-08-14 12:44:19,Simpang 1,lane_2,5,0,0,5,0,0,0,0,15.151515
2026-08-14 12:44:19,Simpang 1,lane_1,1,0,0,1,0,0,0,0,3.030303
2026-08-14 12:44:19,Simpang 1,lane_3,1,0,0,1,0,0,0,0,2.941176
2026-08-14 12:44:19,Simpang 2,lane_2,2,0,0,2,0,0,0,0,6.060606
2026-08-14 12:44:19,Simpang 2,lane_1,1,0,0,0,1,0,0,0,3.030303
2026-08-14 12:44:22,Simpang 3,lane_2,4,2,0,4,0,0,0,0,12.121212
2026-08-14 12:44:22,Simpang 3,lane_3,4,0,0,1,3,0,0,1,11.764706
2026-08-14 12:44:22,Simpang 4,lane_2,3,0,0,2,1,0,0,0,9.090909
2026-08-14 12:44:22,Simpang 4,lane_3,7,0,0,0,6,0,1,0,20.588235
2026-08-14 12:44:22,Simpang 4,lane_1,2,0,0,1,1,0,0,0,6.060606
2026-08-14 12:44:23,Simpang 2,lane_2,2,0,0,2,0,0,0,0,6.060606
2026-08-14 12:44:23,Simpang 2,lane_1,1,0,0,0,1,0,0,0,3.030303
2026-08-14 12:44:23,Simpang 1,lane_2,3,0,0,3,0,0,0,0,9.090909
2026-08-14 12:44:23,Simpang 1,lane_1,1,0,0,1,0,0,0,0,3.030303
2026-08-14 12:44:23,Simpang 1,lane_3,1,0,0,1,0,0,0,0,2.941176
2026-08-14 12:44:25,Simpang 3,lane_2,4,2,0,4,0,0,0,0,12.121212
2026-08-14 12:44:25,Simpang 3,lane_3,4,0,0,1,3,0,0,1,11.764706
2026-08-14 12:44:26,Simpang 4,lane_2,3,0,0,2,1,0,0,0,9.090909
2026-08-14 12:44:26,Simpang 4,lane_3,7,0,0,0,6,0,1,0,20.588235
2026-08-14 12:44:26,Simpang 4,lane_1,2,0,0,1,1,0,0,0,6.060606
2026-08-14 12:44:27,Simpang 1,lane_2,3,0,0,3,0,0,0,0,9.090909
2026-08-14 12:44:27,Simpang 1,lane_1,1,0,0,1,0,0,0,0,3.030303
2026-08-14 12:44:27,Simpang 1,lane_3,1,0,0,1,0,0,0,0,2.941176
2026-08-14 12:44:27,Simpang 2,lane_2,2,0,0,2,0,0,0,0,6.060606
2026-08-14 12:44:27,Simpang 2,lane_1,1,0,0,0,1,0,0,0,3.030303
2026-08-14 12:44:29,Simpang 3,lane_2,4,2,0,4,0,0,0,0,12.121212
2026-08-14 12:44:29,Simpang 3,lane_3,4,0,0,1,3,0,0,1,11.764706
2026-08-14 12:44:30,Simpang 4,lane_2,5,0,0,3,2,0,0,0,15.151515
2026-08-14 12:44:30,Simpang 4,lane_3,6,0,0,0,5,0,1,0,17.647059
2026-08-14 12:44:30,Simpang 4,lane_1,1,0,0,1,0,0,0,0,3.030303
2026-08-14 12:44:31,Simpang 1,lane_2,3,0,0,3,0,0,0,0,9.090909
2026-08-14 12:44:31,Simpang 1,lane_1,1,0,0,1,0,0,0,0,3.030303
2026-08-14 12:44:31,Simpang 1,lane_3,1,0,0,1,0,0,0,0,2.941176
2026-08-14 12:44:31,Simpang 2,lane_2,2,0,0,2,0,0,0,0,6.060606
2026-08-14 12:44:31,Simpang 2,lane_1,1,0,0,0,1,0,0,0,3.030303
2026-08-14 12:44:33,Simpang 3,lane_2,4,1,0,4,0,0,0,0,12.121212
2026-08-14 12:44:33,Simpang 3,lane_3,3,0,0,1,2,0,0,1,8.823529
2026-08-14 12:44:34,Simpang 4,lane_2,4,0,0,3,1,0,0,0,12.121212
2026-08-14 12:44:34,Simpang 4,lane_3,5,1,0,0,4,0,1,0,14.705882
2026-08-14 12:44:34,Simpang 4,lane_1,4,0,0,2,2,0,0,0,12.121212
2026-08-14 12:44:36,Simpang 2,lane_2,2,0,0,2,0,0,0,0,6.060606
2026-08-14 12:44:36,Simpang 2,lane_1,1,0,0,0,1,0,0,0,3.030303
2026-08-14 12:44:36,Simpang 1,lane_2,4,0,0,4,0,0,0,0,12.121212
2026-08-14 12:44:36,Simpang 1,lane_1,1,0,0,1,0,0,0,0,3.030303
2026-08-14 12:44:36,Simpang 1,lane_3,1,0,0,1,0,0,0,0,2.941176
2026-08-14 12:44:37,Simpang 3,lane_2,4,1,0,4,0,0,0,0,12.121212
2026-08-14 12:44:37,Simpang 3,lane_3,3,0,0,1,2,0,0,1,8.823529
2026-08-14 12:44:38,Simpang 4,lane_2,4,0,0,3,1,0,0,0,12.121212
2026-08-14 12:44:38,Simpang 4,lane_3,6,1,0,1,4,0,1,0,17.647059
2026-08-14 12:44:38,Simpang 4,lane_1,4,0,0,2,2,0,0,0,12.121212
2026-08-14 12:44:40,Simpang 2,lane_2,2,0,0,2,0,0,0,0,6.060606
2026-08-14 12:44:40,Simpang 2,lane_1,1,0,0,0,1,0,0,0,3.030303
2026-08-14 12:44:40,Simpang 1,lane_2,4,0,0,4,0,0,0,0,12.121212
2026-08-14 12:44:40,Simpang 1,lane_1,1,0,0,1,0,0,0,0,3.030303
2026-08-14 12:44:40,Simpang 1,lane_3,1,0,0,1,0,0,0,0,2.941176
2026-08-14 12:44:41,Simpang 3,lane_2,4,1,0,4,0,0,0,0,12.121212
2026-08-14 12:44:41,Simpang 3,lane_3,3,0,0,1,2,0,0,1,8.823529
2026-08-14 12:44:42,Simpang 4,lane_2,3,0,0,2,1,0,0,0,9.090909
2026-08-14 12:44:42,Simpang 4,lane_3,7,0,0,1,5,0,1,0,20.588235
2026-08-14 12:44:42,Simpang 4,lane_1,4,0,0,2,2,0,0,0,12.121212
2026-08-14 12:44:44,Simpang 2,lane_2,2,0,0,2,0,0,0,0,6.060606
2026-08-14 12:44:44,Simpang 2,lane_1,1,0,0,0,1,0,0,0,3.030303
2026-08-14 12:44:44,Simpang 1,lane_2,4,0,0,4,0,0,0,0,12.121212
2026-08-14 12:44:44,Simpang 1,lane_1,1,1,0,1,0,0,0,0,3.030303
2026-08-14 12:44:44,Simpang 1,lane_3,1,0,0,1,0,0,0,0,2.941176
2026-08-14 12:44:45,Simpang 3,lane_2,4,1,0,4,0,0,0,0,12.121212
2026-08-14 12:44:45,Simpang 3,lane_3,3,0,0,1,2,0,0,1,8.823529
2026-08-14 12:44:46,Simpang 4,lane_2,4,0,0,2,2,0,0,0,12.121212
2026-08-14 12:44:46,Simpang 4,lane_3,9,0,0,1,7,0,1,0,26.470588
2026-08-14 12:44:46,Simpang 4,lane_1,4,0,0,2,2,0,0,0,12.121212
2026-08-14 12:44:48,Simpang 2,lane_2,2,0,0,2,0,0,0,0,6.060606
2026-08-14 12:44:48,Simpang 2,lane_1,1,0,0,0,1,0,0,0,3.030303
2026-08-14 12:44:49,Simpang 1,lane_2,4,0,0,4,0,0,0,0,12.121212
2026-08-14 12:44:49,Simpang 1,lane_1,1,1,0,1,0,0,0,0,3.030303
2026-08-14 12:44:49,Simpang 1,lane_3,1,0,0,1,0,0,0,0,2.941176
2026-08-14 12:44:49,Simpang 3,lane_2,4,1,0,4,0,0,0,0,12.121212
2026-08-14 12:44:49,Simpang 3,lane_3,2,0,0,0,2,0,0,1,5.882353
2026-08-14 12:44:50,Simpang 4,lane_1,5,0,0,3,2,0,0,0,15.151515
2026-08-14 12:44:50,Simpang 4,lane_3,8,0,0,1,6,0,1,0,23.529412
2026-08-14 12:44:50,Simpang 4,lane_2,5,0,0,2,3,0,0,0,15.151515
2026-08-14 12:44:53,Simpang 3,lane_2,4,1,0,4,0,0,0,0,12.121212
2026-08-14 12:44:53,Simpang 3,lane_3,3,0,0,1,2,0,0,1,8.823529
2026-08-14 12:44:53,Simpang 2,lane_2,2,0,0,2,0,0,0,0,6.060606
2026-08-14 12:44:53,Simpang 2,lane_1,1,0,0,0,1,0,0,0,3.030303
2026-08-14 12:44:53,Simpang 1,lane_2,4,0,0,4,0,0,0,0,12.121212
2026-08-14 12:44:53,Simpang 1,lane_1,1,1,0,1,0,0,0,0,3.030303
2026-08-14 12:44:53,Simpang 1,lane_3,1,0,0,1,0,0,0,0,2.941176
2026-08-14 12:44:54,Simpang 4,lane_1,5,0,0,3,2,0,0,0,15.151515
2026-08-14 12:44:54,Simpang 4,lane_3,9,0,0,1,7,0,1,0,26.470588
2026-08-14 12:44:54,Simpang 4,lane_2,5,0,0,2,3,0,0,0,15.151515
2026-08-14 12:44:57,Simpang 3,lane_2,4,1,0,4,0,0,0,0,12.121212
2026-08-14 12:44:57,Simpang 3,lane_3,3,0,0,1,2,0,0,1,8.823529
2026-08-14 12:44:58,Simpang 2,lane_2,2,0,0,2,0,0,0,0,6.060606
2026-08-14 12:44:58,Simpang 2,lane_1,1,0,0,0,1,0,0,0,3.030303
2026-08-14 12:44:58,Simpang 1,lane_2,4,1,0,4,0,0,0,0,12.121212
2026-08-14 12:44:58,Simpang 1,lane_1,1,0,0,1,0,0,0,0,3.030303
2026-08-14 12:44:58,Simpang 1,lane_3,1,0,0,1,0,0,0,0,2.941176
2026-08-14 12:44:58,Simpang 4,lane_1,4,0,0,3,1,0,0,0,12.121212
2026-08-14 12:44:58,Simpang 4,lane_3,7,1,0,1,5,0,1,0,20.588235
2026-08-14 12:44:58,Simpang 4,lane_2,4,0,0,2,2,0,0,0,12.121212
2026-08-14 12:45:01,Simpang 3,lane_2,4,1,0,4,0,0,0,0,12.121212
2026-08-14 12:45:01,Simpang 3,lane_3,3,0,0,1,2,0,0,1,8.823529
2026-08-14 12:45:02,Simpang 1,lane_2,4,1,0,4,0,0,0,0,12.121212
2026-08-14 12:45:02,Simpang 1,lane_1,1,0,0,1,0,0,0,0,3.030303
2026-08-14 12:45:02,Simpang 1,lane_3,1,0,0,1,0,0,0,0,2.941176
2026-08-14 12:45:02,Simpang 4,lane_1,4,0,0,3,1,0,0,0,12.121212
2026-08-14 12:45:02,Simpang 4,lane_3,7,1,0,1,5,0,1,0,20.588235
2026-08-14 12:45:02,Simpang 4,lane_2,5,0,0,3,2,0,0,0,15.151515
2026-08-14 12:45:02,Simpang 2,lane_2,2,0,0,2,0,0,0,0,6.060606
2026-08-14 12:45:02,Simpang 2,lane_1,1,0,0,0,1,0,0,0,3.030303
2026-08-14 12:45:06,Simpang 3,lane_2,4,1,0,4,0,0,0,0,12.121212
2026-08-14 12:45:06,Simpang 3,lane_3,3,0,0,1,2,0,0,1,8.823529
2026-08-14 12:45:06,Simpang 4,lane_1,4,0,0,3,1,0,0,0,12.121212
2026-08-14 12:45:06,Simpang 4,lane_3,8,0,0,1,6,0,1,0,23.529412
2026-08-14 12:45:06,Simpang 4,lane_2,3,0,0,0,3,0,0,0,9.090909
2026-08-14 12:45:06,Simpang 1,lane_2,4,1,0,4,0,0,0,0,12.121212
2026-08-14 12:45:06,Simpang 1,lane_1,1,1,0,1,0,0,0,0,3.030303
2026-08-14 12:45:06,Simpang 1,lane_3,1,0,0,1,0,0,0,0,2.941176
2026-08-14 12:45:07,Simpang 2,lane_2,2,0,0,2,0,0,0,0,6.060606
2026-08-14 12:45:07,Simpang 2,lane_1,1,0,0,0,1,0,0,0,3.030303
2026-08-14 12:45:10,Simpang 3,lane_2,4,1,0,4,0,0,0,0,12.121212
2026-08-14 12:45:10,Simpang 3,lane_3,3,0,0,1,2,0,0,1,8.823529
2026-08-14 12:45:10,Simpang 4,lane_1,4,0,0,3,1,0,0,0,12.121212
2026-08-14 12:45:10,Simpang 4,lane_3,7,0,0,1,5,0,1,0,20.588235
2026-08-14 12:45:10,Simpang 4,lane_2,8,0,0,1,7,0,0,0,24.242424
2026-08-14 12:45:11,Simpang 1,lane_2,4,1,0,4,0,0,0,0,12.121212
2026-08-14 12:45:11,Simpang 1,lane_3,1,0,0,1,0,0,0,0,2.941176
2026-08-14 12:45:11,Simpang 2,lane_2,2,0,0,2,0,0,0,0,6.060606
2026-08-14 12:45:11,Simpang 2,lane_1,1,0,0,0,1,0,0,0,3.030303
2026-08-14 12:45:14,Simpang 3,lane_2,5,1,0,5,0,0,0,0,15.151515
2026-08-14 12:45:14,Simpang 3,lane_3,3,0,0,1,2,0,0,1,8.823529
2026-08-14 12:45:14,Simpang 4,lane_1,4,0,0,3,1,0,0,0,12.121212
2026-08-14 12:45:14,Simpang 4,lane_3,7,0,0,1,5,0,1,0,20.588235
2026-08-14 12:45:14,Simpang 4,lane_2,8,0,0,1,7,0,0,0,24.242424
2026-08-14 12:45:15,Simpang 1,lane_2,4,1,0,4,0,0,0,0,12.121212
2026-08-14 12:45:15,Simpang 1,lane_3,1,0,0,1,0,0,0,0,2.941176
2026-08-14 12:45:15,Simpang 2,lane_2,2,0,0,2,0,0,0,0,6.060606
2026-08-14 12:45:15,Simpang 2,lane_1,1,0,0,0,1,0,0,0,3.030303
2026-08-14 12:45:18,Simpang 3,lane_2,5,1,0,5,0,0,0,0,15.151515
2026-08-14 12:45:18,Simpang 3,lane_3,3,0,0,1,2,0,0,1,8.823529
2026-08-14 12:45:18,Simpang 4,lane_1,4,0,0,3,1,0,0,0,12.121212
2026-08-14 12:45:18,Simpang 4,lane_3,3,1,0,1,1,0,1,0,8.823529
2026-08-14 12:45:18,Simpang 4,lane_2,7,1,0,2,5,0,0,0,21.212121
2026-08-14 12:45:20,Simpang 1,lane_2,4,0,0,4,0,0,0,0,12.121212
2026-08-14 12:45:20,Simpang 1,lane_3,1,0,0,1,0,0,0,0,2.941176
2026-08-14 12:45:20,Simpang 1,lane_1,1,0,0,1,0,0,0,0,3.030303
2026-08-14 12:45:20,Simpang 2,lane_2,2,0,0,2,0,0,0,0,6.060606
2026-08-14 12:45:20,Simpang 2,lane_1,1,0,0,0,1,0,0,0,3.030303
2026-08-14 12:45:22,Simpang 3,lane_2,4,1,0,4,0,0,0,0,12.121212
2026-08-14 12:45:22,Simpang 3,lane_3,3,0,0,1,2,0,0,1,8.823529
2026-08-14 12:45:22,Simpang 4,lane_1,3,0,0,3,0,0,0,0,9.090909
2026-08-14 12:45:22,Simpang 4,lane_3,5,0,0,1,3,0,1,0,14.705882
2026-08-14 12:45:22,Simpang 4,lane_2,6,0,0,1,5,0,0,0,18.181818
2026-08-14 12:45:24,Simpang 1,lane_2,4,0,0,4,0,0,0,0,12.121212
2026-08-14 12:45:24,Simpang 1,lane_3,1,0,0,1,0,0,0,0,2.941176
2026-08-14 12:45:24,Simpang 1,lane_1,1,0,0,1,0,0,0,0,3.030303
2026-08-14 12:45:24,Simpang 2,lane_2,2,0,0,2,0,0,0,0,6.060606
2026-08-14 12:45:24,Simpang 2,lane_1,1,0,0,0,1,0,0,0,3.030303
2026-08-14 12:45:26,Simpang 3,lane_2,4,1,0,4,0,0,0,0,12.121212
2026-08-14 12:45:26,Simpang 3,lane_3,3,0,0,1,2,0,0,1,8.823529
2026-08-14 12:45:26,Simpang 4,lane_1,3,0,0,3,0,0,0,0,9.090909
2026-08-14 12:45:26,Simpang 4,lane_3,5,0,0,1,3,0,1,0,14.705882
2026-08-14 12:45:26,Simpang 4,lane_2,6,0,0,1,5,0,0,0,18.181818
2026-08-14 12:45:28,Simpang 1,lane_2,4,0,0,4,0,0,0,0,12.121212
2026-08-14 12:45:28,Simpang 1,lane_3,1,0,0,1,0,0,0,0,2.941176
2026-08-14 12:45:28,Simpang 1,lane_1,1,0,0,1,0,0,0,0,3.030303
2026-08-14 12:45:28,Simpang 2,lane_2,2,0,0,2,0,0,0,0,6.060606
2026-08-14 12:45:28,Simpang 2,lane_1,1,0,0,0,1,0,0,0,3.030303
2026-08-14 12:45:30,Simpang 3,lane_2,4,1,0,4,0,0,0,0,12.121212
2026-08-14 12:45:30,Simpang 3,lane_3,3,0,0,1,2,0,0,1,8.823529
2026-08-14 12:45:30,Simpang 4,lane_1,3,0,0,2,1,0,0,0,9.090909
2026-08-14 12:45:30,Simpang 4,lane_3,4,0,0,1,2,0,1,0,11.764706
2026-08-14 12:45:30,Simpang 4,lane_2,7,1,0,2,5,0,0,0,21.212121
2026-08-14 12:45:33,Simpang 1,lane_2,4,0,0,4,0,0,0,0,12.121212
2026-08-14 12:45:33,Simpang 1,lane_3,1,0,0,1,0,0,0,0,2.941176
2026-08-14 12:45:33,Simpang 1,lane_1,1,0,0,1,0,0,0,0,3.030303
2026-08-14 12:45:33,Simpang 2,lane_2,2,0,0,2,0,0,0,0,6.060606
2026-08-14 12:45:33,Simpang 2,lane_1,1,0,0,0,1,0,0,0,3.030303
2026-08-14 12:45:34,Simpang 3,lane_2,4,1,0,4,0,0,0,0,12.121212
2026-08-14 12:45:34,Simpang 3,lane_3,3,0,0,1,2,0,0,1,8.823529
2026-08-14 12:45:34,Simpang 4,lane_1,3,0,0,2,1,0,0,0,9.090909
2026-08-14 12:45:34,Simpang 4,lane_3,4,0,0,1,2,0,1,0,11.764706
2026-08-14 12:45:34,Simpang 4,lane_2,6,2,0,2,4,0,0,0,18.181818
2026-08-14 12:45:37,Simpang 1,lane_2,4,0,0,4,0,0,0,0,12.121212
2026-08-14 12:45:37,Simpang 1,lane_3,1,0,0,1,0,0,0,0,2.941176
2026-08-14 12:45:37,Simpang 1,lane_1,1,0,0,1,0,0,0,0,3.030303
2026-08-14 12:45:37,Simpang 2,lane_2,2,0,0,2,0,0,0,0,6.060606
2026-08-14 12:45:37,Simpang 2,lane_1,1,0,0,0,1,0,0,0,3.030303
2026-08-14 12:45:38,Simpang 3,lane_2,4,1,0,4,0,0,0,0,12.121212
2026-08-14 12:45:38,Simpang 3,lane_3,3,0,0,1,2,0,0,1,8.823529
2026-08-14 12:45:38,Simpang 4,lane_1,4,0,0,3,1,0,0,0,12.121212
2026-08-14 12:45:38,Simpang 4,lane_3,4,1,0,1,2,0,1,0,11.764706
2026-08-14 12:45:38,Simpang 4,lane_2,6,1,0,2,4,0,0,0,18.181818
2026-08-14 12:45:41,Simpang 1,lane_2,4,0,0,4,0,0,0,0,12.121212
2026-08-14 12:45:41,Simpang 1,lane_3,1,0,0,1,0,0,0,0,2.941176
2026-08-14 12:45:41,Simpang 1,lane_1,1,0,0,1,0,0,0,0,3.030303
2026-08-14 12:45:42,Simpang 2,lane_2,2,0,0,2,0,0,0,0,6.060606
2026-08-14 12:45:42,Simpang 2,lane_1,1,0,0,0,1,0,0,0,3.030303
2026-08-14 12:45:42,Simpang 3,lane_2,4,1,0,4,0,0,0,0,12.121212
2026-08-14 12:45:42,Simpang 3,lane_3,3,0,0,1,2,0,0,1,8.823529
2026-08-14 12:45:42,Simpang 4,lane_1,3,0,0,3,0,0,0,0,9.090909
2026-08-14 12:45:42,Simpang 4,lane_3,4,1,0,1,2,0,1,0,11.764706
2026-08-14 12:45:42,Simpang 4,lane_2,6,1,0,2,4,0,0,0,18.181818
2026-08-14 12:45:45,Simpang 3,lane_2,4,1,0,4,0,0,0,0,12.121212
2026-08-14 12:45:45,Simpang 3,lane_3,3,1,0,1,2,0,0,1,8.823529
2026-08-14 12:45:45,Simpang 1,lane_2,4,0,0,4,0,0,0,0,12.121212
2026-08-14 12:45:45,Simpang 1,lane_3,1,0,0,1,0,0,0,0,2.941176
2026-08-14 12:45:45,Simpang 1,lane_1,1,0,0,1,0,0,0,0,3.030303
2026-08-14 12:45:46,Simpang 4,lane_1,2,0,0,2,0,0,0,0,6.060606
2026-08-14 12:45:46,Simpang 4,lane_3,4,1,0,1,2,0,1,0,11.764706
2026-08-14 12:45:46,Simpang 4,lane_2,10,0,0,2,8,0,0,0,30.30303
2026-08-14 12:45:46,Simpang 2,lane_2,2,0,0,2,0,0,0,0,6.060606
2026-08-14 12:45:46,Simpang 2,lane_1,1,0,0,0,1,0,0,0,3.030303
2026-08-14 12:45:49,Simpang 3,lane_2,4,1,0,4,0,0,0,0,12.121212
2026-08-14 12:45:49,Simpang 3,lane_3,3,0,0,1,2,0,0,1,8.823529
2026-08-14 12:45:49,Simpang 4,lane_1,3,0,0,2,1,0,0,0,9.090909
2026-08-14 12:45:49,Simpang 4,lane_3,4,1,0,1,2,0,1,0,11.764706
2026-08-14 12:45:49,Simpang 4,lane_2,9,1,0,2,7,0,0,0,27.272727
2026-08-14 12:45:50,Simpang 1,lane_2,4,0,0,4,0,0,0,0,12.121212
2026-08-14 12:45:50,Simpang 1,lane_3,1,0,0,1,0,0,0,0,2.941176
2026-08-14 12:45:50,Simpang 1,lane_1,1,0,0,1,0,0,0,0,3.030303
2026-08-14 12:45:50,Simpang 2,lane_2,2,0,0,2,0,0,0,0,6.060606
2026-08-14 12:45:50,Simpang 2,lane_1,1,0,0,0,1,0,0,0,3.030303
2026-08-14 12:45:53,Simpang 3,lane_2,4,1,0,4,0,0,0,0,12.121212
2026-08-14 12:45:53,Simpang 3,lane_3,3,0,0,1,2,0,0,1,8.823529
2026-08-14 12:45:53,Simpang 4,lane_1,4,0,0,2,2,0,0,0,12.121212
2026-08-14 12:45:53,Simpang 4,lane_3,4,1,0,1,2,0,1,0,11.764706
2026-08-14 12:45:53,Simpang 4,lane_2,10,2,0,2,8,0,0,0,30.30303
2026-08-14 12:45:54,Simpang 1,lane_2,4,0,0,4,0,0,0,0,12.121212
2026-08-14 12:45:54,Simpang 1,lane_3,1,0,0,1,0,0,0,0,2.941176
2026-08-14 12:45:54,Simpang 1,lane_1,1,0,0,1,0,0,0,0,3.030303
2026-08-14 12:45:54,Simpang 2,lane_2,2,0,0,2,0,0,0,0,6.060606
2026-08-14 12:45:54,Simpang 2,lane_1,1,0,0,0,1,0,0,0,3.030303
2026-08-14 12:45:57,Simpang 3,lane_2,4,0,0,4,0,0,0,0,12.121212
2026-08-14 12:45:57,Simpang 3,lane_3,2,0,0,1,1,0,0,1,5.882353
2026-08-14 12:45:57,Simpang 4,lane_1,3,0,0,2,1,0,0,0,9.090909
2026-08-14 12:45:57,Simpang 4,lane_3,4,1,0,1,2,0,1,0,11.764706
2026-08-14 12:45:57,Simpang 4,lane_2,10,1,0,2,8,0,0,0,30.30303
2026-08-14 12:45:58,Simpang 1,lane_2,4,0,0,4,0,0,0,0,12.121212
2026-08-14 12:45:58,Simpang 1,lane_3,1,0,0,1,0,0,0,0,2.941176
2026-08-14 12:45:58,Simpang 1,lane_1,1,0,0,1,0,0,0,0,3.030303
2026-08-14 12:45:58,Simpang 2,lane_2,2,0,0,2,0,0,0,0,6.060606
2026-08-14 12:45:58,Simpang 2,lane_1,1,0,0,0,1,0,0,0,3.030303
2026-08-14 12:46:01,Simpang 3,lane_2,4,0,0,4,0,0,0,0,12.121212
2026-08-14 12:46:01,Simpang 3,lane_3,2,0,0,1,1,0,0,1,5.882353
2026-08-14 12:46:01,Simpang 4,lane_1,3,0,0,2,1,0,0,0,9.090909
2026-08-14 12:46:01,Simpang 4,lane_3,4,1,0,1,1,1,1,0,11.764706
2026-08-14 12:46:01,Simpang 4,lane_2,11,1,0,2,9,0,0,0,33.333333
2026-08-14 12:46:03,Simpang 1,lane_2,4,0,0,4,0,0,0,0,12.121212
2026-08-14 12:46:03,Simpang 1,lane_3,1,0,0,1,0,0,0,0,2.941176
2026-08-14 12:46:03,Simpang 1,lane_1,1,0,0,1,0,0,0,0,3.030303
2026-08-14 12:46:03,Simpang 2,lane_2,2,0,0,2,0,0,0,0,6.060606
2026-08-14 12:46:03,Simpang 2,lane_1,1,0,0,0,1,0,0,0,3.030303
2026-08-14 12:46:05,Simpang 3,lane_2,4,0,0,4,0,0,0,0,12.121212
2026-08-14 12:46:05,Simpang 3,lane_3,2,0,0,1,1,0,0,1,5.882353
2026-08-14 12:46:05,Simpang 4,lane_1,3,0,0,2,1,0,0,0,9.090909
2026-08-14 12:46:05,Simpang 4,lane_2,11,0,0,2,9,0,0,0,33.333333
2026-08-14 12:46:05,Simpang 4,lane_3,2,1,0,1,0,0,1,0,5.882353
2026-08-14 12:46:07,Simpang 1,lane_2,4,0,0,4,0,0,0,0,12.121212
2026-08-14 12:46:07,Simpang 1,lane_3,1,0,0,1,0,0,0,0,2.941176
2026-08-14 12:46:07,Simpang 1,lane_1,1,0,0,1,0,0,0,0,3.030303
2026-08-14 12:46:07,Simpang 2,lane_2,2,0,0,2,0,0,0,0,6.060606
2026-08-14 12:46:07,Simpang 2,lane_1,1,0,0,0,1,0,0,0,3.030303
2026-08-14 12:46:09,Simpang 4,lane_1,3,0,0,2,1,0,0,0,9.090909
2026-08-14 12:46:09,Simpang 4,lane_2,10,0,0,2,8,0,0,0,30.30303
2026-08-14 12:46:09,Simpang 4,lane_3,3,1,0,1,0,1,1,0,8.823529
2026-08-14 12:46:09,Simpang 3,lane_2,4,0,0,4,0,0,0,0,12.121212
2026-08-14 12:46:09,Simpang 3,lane_3,2,0,0,1,1,0,0,1,5.882353
2026-08-14 12:46:11,Simpang 1,lane_2,4,0,0,4,0,0,0,0,12.121212
2026-08-14 12:46:11,Simpang 1,lane_3,1,0,0,1,0,0,0,0,2.941176
2026-08-14 12:46:11,Simpang 1,lane_1,1,0,0,1,0,0,0,0,3.030303
2026-08-14 12:46:12,Simpang 2,lane_2,2,0,0,2,0,0,0,0,6.060606
2026-08-14 12:46:12,Simpang 2,lane_1,1,0,0,0,1,0,0,0,3.030303
2026-08-14 12:46:13,Simpang 4,lane_1,3,0,0,2,1,0,0,0,9.090909
2026-08-14 12:46:13,Simpang 4,lane_2,10,0,0,2,8,0,0,0,30.30303
2026-08-14 12:46:13,Simpang 4,lane_3,3,2,0,1,0,1,1,0,8.823529
2026-08-14 12:46:13,Simpang 3,lane_2,4,0,0,4,0,0,0,0,12.121212
2026-08-14 12:46:13,Simpang 3,lane_3,2,0,0,1,1,0,0,1,5.882353
2026-08-14 12:46:16,Simpang 1,lane_2,4,0,0,4,0,0,0,0,12.121212
2026-08-14 12:46:16,Simpang 1,lane_3,1,0,0,1,0,0,0,0,2.941176
2026-08-14 12:46:16,Simpang 1,lane_1,1,0,0,1,0,0,0,0,3.030303
2026-08-14 12:46:16,Simpang 2,lane_2,2,0,0,2,0,0,0,0,6.060606
2026-08-14 12:46:16,Simpang 2,lane_1,1,0,0,0,1,0,0,0,3.030303
2026-08-14 12:46:17,Simpang 4,lane_1,3,0,0,2,1,0,0,0,9.090909
2026-08-14 12:46:17,Simpang 4,lane_2,10,0,0,1,8,0,1,0,30.30303
2026-08-14 12:46:17,Simpang 4,lane_3,3,2,0,1,0,1,1,0,8.823529
2026-08-14 12:46:17,Simpang 3,lane_2,4,0,0,4,0,0,0,0,12.121212
2026-08-14 12:46:17,Simpang 3,lane_3,3,0,0,1,2,0,0,1,8.823529
2026-08-14 12:46:20,Simpang 1,lane_2,4,0,0,4,0,0,0,0,12.121212
2026-08-14 12:46:20,Simpang 1,lane_3,1,0,0,1,0,0,0,0,2.941176
2026-08-14 12:46:20,Simpang 1,lane_1,1,0,0,1,0,0,0,0,3.030303
2026-08-14 12:46:20,Simpang 2,lane_2,2,0,0,2,0,0,0,0,6.060606
2026-08-14 12:46:20,Simpang 2,lane_1,1,0,0,0,1,0,0,0,3.030303
2026-08-14 12:46:21,Simpang 3,lane_2,4,0,0,4,0,0,0,0,12.121212
2026-08-14 12:46:21,Simpang 3,lane_3,3,0,0,1,2,0,0,1,8.823529
2026-08-14 12:46:21,Simpang 4,lane_1,3,0,0,2,1,0,0,0,9.090909
2026-08-14 12:46:21,Simpang 4,lane_2,9,0,0,0,8,0,1,0,27.272727
2026-08-14 12:46:21,Simpang 4,lane_3,3,2,0,1,0,1,1,0,8.823529
2026-08-14 12:46:24,Simpang 1,lane_2,4,0,0,4,0,0,0,0,12.121212
2026-08-14 12:46:24,Simpang 1,lane_3,1,0,0,1,0,0,0,0,2.941176
2026-08-14 12:46:24,Simpang 1,lane_1,1,0,0,1,0,0,0,0,3.030303
2026-08-14 12:46:24,Simpang 2,lane_2,2,0,0,2,0,0,0,0,6.060606
2026-08-14 12:46:24,Simpang 2,lane_1,1,0,0,0,1,0,0,0,3.030303
2026-08-14 12:46:25,Simpang 3,lane_2,4,0,0,4,0,0,0,0,12.121212
2026-08-14 12:46:25,Simpang 3,lane_3,3,0,0,1,2,0,0,1,8.823529
2026-08-14 12:46:25,Simpang 4,lane_1,2,0,0,2,0,0,0,0,6.060606
2026-08-14 12:46:25,Simpang 4,lane_2,10,0,0,1,8,0,1,0,30.30303
2026-08-14 12:46:25,Simpang 4,lane_3,0,2,0,0,0,0,0,0,0.0
2026-08-14 12:46:28,Simpang 1,lane_2,4,0,0,4,0,0,0,0,12.121212
2026-08-14 12:46:28,Simpang 1,lane_3,1,0,0,1,0,0,0,0,2.941176
2026-08-14 12:46:28,Simpang 1,lane_1,1,0,0,1,0,0,0,0,3.030303
2026-08-14 12:46:29,Simpang 2,lane_2,2,0,0,2,0,0,0,0,6.060606
2026-08-14 12:46:29,Simpang 2,lane_1,1,0,0,0,1,0,0,0,3.030303
2026-08-14 12:46:29,Simpang 3,lane_2,4,0,0,4,0,0,0,0,12.121212
2026-08-14 12:46:29,Simpang 3,lane_3,3,0,0,1,2,0,0,1,8.823529
2026-08-14 12:46:29,Simpang 4,lane_1,4,0,0,3,1,0,0,0,12.121212
2026-08-14 12:46:29,Simpang 4,lane_2,8,0,0,0,7,0,1,0,24.242424
2026-08-14 12:46:29,Simpang 4,lane_3,1,2,0,0,0,1,0,0,2.941176
2026-08-14 12:46:32,Simpang 1,lane_2,4,0,0,4,0,0,0,0,12.121212
2026-08-14 12:46:32,Simpang 1,lane_3,1,0,0,1,0,0,0,0,2.941176
2026-08-14 12:46:32,Simpang 1,lane_1,1,0,0,1,0,0,0,0,3.030303
2026-08-14 12:46:33,Simpang 4,lane_1,4,0,0,3,1,0,0,0,12.121212
2026-08-14 12:46:33,Simpang 4,lane_2,8,0,0,0,7,0,1,0,24.242424
2026-08-14 12:46:33,Simpang 4,lane_3,2,2,0,1,0,0,1,0,5.882353
2026-08-14 12:46:33,Simpang 3,lane_2,4,0,0,4,0,0,0,0,12.121212
2026-08-14 12:46:33,Simpang 3,lane_3,3,0,0,1,2,0,0,1,8.823529
2026-08-14 12:46:33,Simpang 2,lane_2,2,0,0,2,0,0,0,0,6.060606
2026-08-14 12:46:33,Simpang 2,lane_1,1,0,0,0,1,0,0,0,3.030303
2026-08-14 12:46:36,Simpang 4,lane_1,4,0,0,3,1,0,0,0,12.121212
2026-08-14 12:46:36,Simpang 4,lane_2,9,0,0,0,8,0,1,0,27.272727
2026-08-14 12:46:36,Simpang 4,lane_3,2,2,0,1,0,0,1,0,5.882353
2026-08-14 12:46:36,Simpang 1,lane_2,4,0,0,4,0,0,0,0,12.121212
2026-08-14 12:46:36,Simpang 1,lane_3,1,0,0,1,0,0,0,0,2.941176
2026-08-14 12:46:36,Simpang 1,lane_1,1,0,0,1,0,0,0,0,3.030303
2026-08-14 12:46:36,Simpang 3,lane_2,4,0,0,4,0,0,0,0,12.121212
2026-08-14 12:46:36,Simpang 3,lane_3,3,1,0,1,2,0,0,1,8.823529
2026-08-14 12:46:37,Simpang 2,lane_2,2,0,0,2,0,0,0,0,6.060606
2026-08-14 12:46:37,Simpang 2,lane_1,1,0,0,0,1,0,0,0,3.030303
2026-08-14 12:46:40,Simpang 4,lane_1,4,0,0,2,2,0,0,0,12.121212
2026-08-14 12:46:40,Simpang 4,lane_2,10,0,0,1,8,0,1,0,30.30303
2026-08-14 12:46:40,Simpang 4,lane_3,5,0,0,1,3,1,0,0,14.705882
2026-08-14 12:46:40,Simpang 3,lane_2,4,0,0,4,0,0,0,0,12.121212
2026-08-14 12:46:40,Simpang 3,lane_3,3,1,0,1,2,0,0,1,8.823529
2026-08-14 12:46:40,Simpang 1,lane_2,4,0,0,4,0,0,0,0,12.121212
2026-08-14 12:46:40,Simpang 1,lane_3,1,0,0,1,0,0,0,0,2.941176
2026-08-14 12:46:40,Simpang 1,lane_1,1,0,0,1,0,0,0,0,3.030303
2026-08-14 12:46:41,Simpang 2,lane_2,2,0,0,2,0,0,0,0,6.060606
2026-08-14 12:46:41,Simpang 2,lane_1,1,0,0,0,1,0,0,0,3.030303
2026-08-14 12:46:44,Simpang 4,lane_1,5,0,0,2,3,0,0,0,15.151515
2026-08-14 12:46:44,Simpang 4,lane_2,11,0,0,2,8,0,1,0,33.333333
2026-08-14 12:46:44,Simpang 4,lane_3,6,0,0,1,3,1,1,0,17.647059
2026-08-14 12:46:44,Simpang 3,lane_2,4,0,0,4,0,0,0,0,12.121212
2026-08-14 12:46:44,Simpang 3,lane_3,3,1,0,1,2,0,0,1,8.823529
2026-08-14 12:46:45,Simpang 1,lane_2,4,0,0,4,0,0,0,0,12.121212
2026-08-14 12:46:45,Simpang 1,lane_3,1,0,0,1,0,0,0,0,2.941176
2026-08-14 12:46:45,Simpang 1,lane_1,1,0,0,1,0,0,0,0,3.030303
2026-08-14 12:46:45,Simpang 2,lane_2,2,0,0,2,0,0,0,0,6.060606
2026-08-14 12:46:45,Simpang 2,lane_1,1,0,0,0,1,0,0,0,3.030303
2026-08-14 12:46:48,Simpang 3,lane_2,4,0,0,4,0,0,0,0,12.121212
2026-08-14 12:46:48,Simpang 3,lane_3,4,1,0,2,2,0,0,1,11.764706
2026-08-14 12:46:48,Simpang 4,lane_1,5,0,0,2,3,0,0,0,15.151515
2026-08-14 12:46:48,Simpang 4,lane_2,8,0,0,1,7,0,0,0,24.242424
2026-08-14 12:46:48,Simpang 4,lane_3,5,0,0,0,3,1,1,0,14.705882
2026-08-14 12:46:49,Simpang 1,lane_2,4,1,0,4,0,0,0,0,12.121212
2026-08-14 12:46:49,Simpang 1,lane_3,1,0,0,1,0,0,0,0,2.941176
2026-08-14 12:46:49,Simpang 1,lane_1,1,0,0,1,0,0,0,0,3.030303
2026-08-14 12:46:50,Simpang 2,lane_2,2,0,0,2,0,0,0,0,6.060606
2026-08-14 12:46:50,Simpang 2,lane_1,1,0,0,0,1,0,0,0,3.030303
2026-08-14 12:46:52,Simpang 3,lane_2,4,0,0,4,0,0,0,0,12.121212
2026-08-14 12:46:52,Simpang 3,lane_3,4,1,0,2,2,0,0,1,11.764706
2026-08-14 12:46:53,Simpang 4,lane_1,3,0,0,2,1,0,0,0,9.090909
2026-08-14 12:46:53,Simpang 4,lane_2,10,0,0,1,8,0,1,0,30.30303
2026-08-14 12:46:53,Simpang 4,lane_3,2,2,0,0,0,1,1,0,5.882353
2026-08-14 12:46:55,Simpang 1,lane_2,4,1,0,4,0,0,0,0,12.121212
2026-08-14 12:46:55,Simpang 1,lane_3,1,0,0,1,0,0,0,0,2.941176
2026-08-14 12:46:55,Simpang 1,lane_1,1,0,0,1,0,0,0,0,3.030303
2026-08-14 12:46:55,Simpang 2,lane_2,2,0,0,2,0,0,0,0,6.060606
2026-08-14 12:46:55,Simpang 2,lane_1,1,0,0,0,1,0,0,0,3.030303
2026-08-14 12:46:57,Simpang 3,lane_2,4,0,0,4,0,0,0,0,12.121212
2026-08-14 12:46:57,Simpang 3,lane_3,3,1,0,1,2,0,0,1,8.823529
2026-08-14 12:46:58,Simpang 4,lane_1,2,0,0,2,0,0,0,0,6.060606
2026-08-14 12:46:58,Simpang 4,lane_2,10,0,0,1,8,0,1,0,30.30303
2026-08-14 12:46:58,Simpang 4,lane_3,3,1,0,1,2,0,0,0,8.823529
2026-08-14 12:47:00,Simpang 1,lane_2,4,0,0,4,0,0,0,0,12.121212
2026-08-14 12:47:00,Simpang 1,lane_3,1,0,0,1,0,0,0,0,2.941176
2026-08-14 12:47:00,Simpang 1,lane_1,1,0,0,1,0,0,0,0,3.030303
2026-08-14 12:47:00,Simpang 2,lane_2,2,0,0,2,0,0,0,0,6.060606
2026-08-14 12:47:00,Simpang 2,lane_1,1,0,0,0,1,0,0,0,3.030303
2026-08-14 12:47:02,Simpang 3,lane_2,5,1,0,5,0,0,0,0,15.151515
2026-08-14 12:47:02,Simpang 3,lane_3,3,1,0,1,2,0,0,1,8.823529
2026-08-14 12:47:03,Simpang 4,lane_1,3,0,0,2,1,0,0,0,9.090909
2026-08-14 12:47:03,Simpang 4,lane_2,10,0,0,1,8,0,1,0,30.30303
2026-08-14 12:47:03,Simpang 4,lane_3,4,1,0,1,2,1,0,0,11.764706
2026-08-14 12:47:05,Simpang 1,lane_2,4,0,0,4,0,0,0,0,12.121212
2026-08-14 12:47:05,Simpang 1,lane_3,1,0,0,1,0,0,0,0,2.941176
2026-08-14 12:47:05,Simpang 1,lane_1,1,0,0,1,0,0,0,0,3.030303
2026-08-14 12:47:06,Simpang 2,lane_2,2,0,0,2,0,0,0,0,6.060606
2026-08-14 12:47:06,Simpang 2,lane_1,1,0,0,0,1,0,0,0,3.030303
2026-08-14 12:47:07,Simpang 3,lane_2,5,1,0,5,0,0,0,0,15.151515
2026-08-14 12:47:07,Simpang 3,lane_3,3,1,0,1,2,0,0,1,8.823529
2026-08-14 12:47:08,Simpang 4,lane_1,3,0,0,2,1,0,0,0,9.090909
2026-08-14 12:47:08,Simpang 4,lane_2,8,1,0,1,6,0,1,0,24.242424
2026-08-14 12:47:08,Simpang 4,lane_3,4,1,0,1,2,1,0,0,11.764706
2026-08-14 12:47:10,Simpang 1,lane_2,4,1,0,4,0,0,0,0,12.121212
2026-08-14 12:47:10,Simpang 1,lane_3,1,0,0,1,0,0,0,0,2.941176
2026-08-14 12:47:10,Simpang 1,lane_1,1,0,0,1,0,0,0,0,3.030303
2026-08-14 12:47:11,Simpang 2,lane_2,2,0,0,2,0,0,0,0,6.060606
2026-08-14 12:47:11,Simpang 2,lane_1,1,0,0,0,1,0,0,0,3.030303
2026-08-14 12:47:12,Simpang 3,lane_2,5,1,0,5,0,0,0,0,15.151515
2026-08-14 12:47:12,Simpang 3,lane_3,3,1,0,1,2,0,0,1,8.823529
2026-08-14 12:47:12,Simpang 4,lane_1,2,0,0,2,0,0,0,0,6.060606
2026-08-14 12:47:12,Simpang 4,lane_2,8,0,0,1,6,0,1,0,24.242424
2026-08-14 12:47:12,Simpang 4,lane_3,4,1,0,1,2,1,0,0,11.764706
2026-08-14 12:47:16,Simpang 1,lane_2,4,1,0,4,0,0,0,0,12.121212
2026-08-14 12:47:16,Simpang 1,lane_3,1,0,0,1,0,0,0,0,2.941176
2026-08-14 12:47:16,Simpang 1,lane_1,1,0,0,1,0,0,0,0,3.030303
2026-08-14 12:47:16,Simpang 2,lane_2,2,0,0,2,0,0,0,0,6.060606
2026-08-14 12:47:16,Simpang 2,lane_1,1,0,0,0,1,0,0,0,3.030303
2026-08-14 12:47:17,Simpang 3,lane_2,5,1,0,5,0,0,0,0,15.151515
2026-08-14 12:47:17,Simpang 3,lane_3,3,1,0,1,2,0,0,1,8.823529
2026-08-14 12:47:17,Simpang 4,lane_1,2,0,0,2,0,0,0,0,6.060606
2026-08-14 12:47:17,Simpang 4,lane_2,9,0,0,1,7,0,1,0,27.272727
2026-08-14 12:47:17,Simpang 4,lane_3,6,0,0,1,4,1,0,0,17.647059
2026-08-14 12:47:21,Simpang 1,lane_2,4,1,0,4,0,0,0,0,12.121212
2026-08-14 12:47:21,Simpang 1,lane_3,1,0,0,1,0,0,0,0,2.941176
2026-08-14 12:47:21,Simpang 1,lane_1,1,0,0,1,0,0,0,0,3.030303
2026-08-14 12:47:22,Simpang 2,lane_2,2,0,0,2,0,0,0,0,6.060606
2026-08-14 12:47:22,Simpang 2,lane_1,1,0,0,0,1,0,0,0,3.030303
2026-08-14 12:47:23,Simpang 3,lane_2,4,1,0,4,0,0,0,0,12.121212
2026-08-14 12:47:23,Simpang 3,lane_3,2,0,0,1,1,0,0,1,5.882353
2026-08-14 12:47:23,Simpang 4,lane_1,3,0,0,2,1,0,0,0,9.090909
2026-08-14 12:47:23,Simpang 4,lane_2,9,1,0,1,7,0,1,0,27.272727
2026-08-14 12:47:23,Simpang 4,lane_3,2,1,0,1,0,1,0,0,5.882353
2026-08-14 12:47:28,Simpang 1,lane_2,4,1,0,4,0,0,0,0,12.121212
2026-08-14 12:47:28,Simpang 1,lane_3,1,0,0,1,0,0,0,0,2.941176
2026-08-14 12:47:28,Simpang 1,lane_1,1,0,0,1,0,0,0,0,3.030303
2026-08-14 12:47:29,Simpang 3,lane_2,4,1,0,4,0,0,0,0,12.121212
2026-08-14 12:47:29,Simpang 3,lane_3,2,0,0,1,1,0,0,1,5.882353
2026-08-14 12:47:29,Simpang 4,lane_1,2,0,0,2,0,0,0,0,6.060606
2026-08-14 12:47:29,Simpang 4,lane_2,11,0,0,1,9,0,1,0,33.333333
2026-08-14 12:47:29,Simpang 4,lane_3,6,0,0,1,4,1,0,0,17.647059
2026-08-14 12:47:29,Simpang 2,lane_2,2,0,0,2,0,0,0,0,6.060606
2026-08-14 12:47:29,Simpang 2,lane_1,1,0,0,0,1,0,0,0,3.030303
2026-08-14 12:47:35,Simpang 1,lane_2,4,1,0,4,0,0,0,0,12.121212
2026-08-14 12:47:35,Simpang 1,lane_3,1,0,0,1,0,0,0,0,2.941176
2026-08-14 12:47:35,Simpang 1,lane_1,1,0,0,1,0,0,0,0,3.030303
2026-08-14 12:47:35,Simpang 3,lane_2,5,1,0,5,0,0,0,0,15.151515
2026-08-14 12:47:35,Simpang 3,lane_3,2,1,0,1,1,0,0,1,5.882353
2026-08-14 12:47:35,Simpang 4,lane_1,2,0,0,2,0,0,0,0,6.060606
2026-08-14 12:47:35,Simpang 4,lane_2,11,0,0,1,9,0,1,0,33.333333
2026-08-14 12:47:35,Simpang 4,lane_3,7,0,0,1,5,1,0,0,20.588235
2026-08-14 12:47:36,Simpang 2,lane_2,2,0,0,2,0,0,0,0,6.060606
2026-08-14 12:47:36,Simpang 2,lane_1,1,0,0,0,1,0,0,0,3.030303
2026-08-14 12:47:40,Simpang 3,lane_2,5,2,0,5,0,0,0,0,15.151515
2026-08-14 12:47:40,Simpang 3,lane_3,2,1,0,1,1,0,0,1,5.882353
2026-08-14 12:47:40,Simpang 1,lane_2,4,1,0,4,0,0,0,0,12.121212
2026-08-14 12:47:40,Simpang 1,lane_3,1,0,0,1,0,0,0,0,2.941176
2026-08-14 12:47:40,Simpang 1,lane_1,1,0,0,1,0,0,0,0,3.030303
2026-08-14 12:47:40,Simpang 4,lane_1,3,0,0,2,1,0,0,0,9.090909
2026-08-14 12:47:40,Simpang 4,lane_2,11,0,0,1,9,0,1,0,33.333333
2026-08-14 12:47:40,Simpang 4,lane_3,6,0,0,1,4,1,0,0,17.647059
2026-08-14 12:47:41,Simpang 2,lane_2,2,0,0,2,0,0,0,0,6.060606
2026-08-14 12:47:41,Simpang 2,lane_1,1,0,0,0,1,0,0,0,3.030303
2026-08-14 12:47:43,Simpang 3,lane_2,5,1,0,5,0,0,0,0,15.151515
2026-08-14 12:47:43,Simpang 3,lane_3,2,1,0,1,1,0,0,1,5.882353
2026-08-14 12:47:44,Simpang 4,lane_1,2,0,0,2,0,0,0,0,6.060606
2026-08-14 12:47:44,Simpang 4,lane_2,11,0,0,1,9,0,1,0,33.333333
2026-08-14 12:47:44,Simpang 4,lane_3,5,0,0,1,3,1,0,0,14.705882
2026-08-14 12:47:44,Simpang 1,lane_2,4,1,0,4,0,0,0,0,12.121212
2026-08-14 12:47:44,Simpang 1,lane_3,1,0,0,1,0,0,0,0,2.941176
2026-08-14 12:47:44,Simpang 1,lane_1,1,0,0,1,0,0,0,0,3.030303
2026-08-14 12:47:45,Simpang 2,lane_2,2,0,0,2,0,0,0,0,6.060606
2026-08-14 12:47:45,Simpang 2,lane_1,1,0,0,0,1,0,0,0,3.030303
2026-08-14 12:47:49,Simpang 3,lane_2,5,1,0,5,0,0,0,0,15.151515
2026-08-14 12:47:49,Simpang 3,lane_3,2,2,0,1,1,0,0,1,5.882353
2026-08-14 12:47:50,Simpang 4,lane_1,2,0,0,2,0,0,0,0,6.060606
2026-08-14 12:47:50,Simpang 4,lane_2,13,0,0,1,11,0,1,0,39.393939
2026-08-14 12:47:50,Simpang 4,lane_3,4,0,0,1,2,1,0,0,11.764706
2026-08-14 12:47:52,Simpang 1,lane_2,4,1,0,4,0,0,0,0,12.121212
2026-08-14 12:47:52,Simpang 1,lane_3,1,0,0,1,0,0,0,0,2.941176
2026-08-14 12:47:52,Simpang 1,lane_1,1,0,0,1,0,0,0,0,3.030303
2026-08-14 12:47:52,Simpang 2,lane_2,2,0,0,2,0,0,0,0,6.060606
2026-08-14 12:47:52,Simpang 2,lane_1,1,0,0,0,1,0,0,0,3.030303
2026-08-14 12:47:57,Simpang 3,lane_2,5,1,0,5,0,0,0,0,15.151515
2026-08-14 12:47:57,Simpang 3,lane_3,2,2,0,1,1,0,0,1,5.882353
2026-08-14 12:47:58,Simpang 4,lane_1,3,0,0,2,1,0,0,0,9.090909
2026-08-14 12:47:58,Simpang 4,lane_2,10,1,0,1,8,0,1,0,30.30303
2026-08-14 12:47:58,Simpang 4,lane_3,4,1,0,1,2,0,1,0,11.764706
2026-08-14 12:47:59,Simpang 1,lane_2,4,1,0,4,0,0,0,0,12.121212
2026-08-14 12:47:59,Simpang 1,lane_3,1,0,0,1,0,0,0,0,2.941176
2026-08-14 12:47:59,Simpang 1,lane_1,1,0,0,1,0,0,0,0,3.030303
2026-08-14 12:47:59,Simpang 2,lane_2,2,0,0,2,0,0,0,0,6.060606
2026-08-14 12:47:59,Simpang 2,lane_1,1,0,0,0,1,0,0,0,3.030303
2026-08-14 12:48:01,Simpang 3,lane_2,5,1,0,5,0,0,0,0,15.151515
2026-08-14 12:48:01,Simpang 3,lane_3,2,1,0,1,1,0,0,1,5.882353
2026-08-14 12:48:02,Simpang 4,lane_1,5,0,0,2,3,0,0,0,15.151515
2026-08-14 12:48:02,Simpang 4,lane_2,10,1,0,1,8,0,1,0,30.30303
2026-08-14 12:48:02,Simpang 4,lane_3,5,1,0,1,3,0,1,0,14.705882
2026-08-14 12:48:03,Simpang 1,lane_2,4,1,0,4,0,0,0,0,12.121212
2026-08-14 12:48:03,Simpang 1,lane_3,1,0,0,1,0,0,0,0,2.941176
2026-08-14 12:48:03,Simpang 1,lane_1,1,0,0,1,0,0,0,0,3.030303
2026-08-14 12:48:04,Simpang 2,lane_2,2,0,0,2,0,0,0,0,6.060606
2026-08-14 12:48:04,Simpang 2,lane_1,1,0,0,0,1,0,0,0,3.030303
2026-08-14 12:48:05,Simpang 3,lane_2,5,1,0,5,0,0,0,0,15.151515
2026-08-14 12:48:05,Simpang 3,lane_3,2,1,0,1,1,0,0,1,5.882353
2026-08-14 12:48:06,Simpang 4,lane_1,4,0,0,2,2,0,0,0,12.121212
2026-08-14 12:48:06,Simpang 4,lane_2,9,1,0,1,7,0,1,0,27.272727
2026-08-14 12:48:06,Simpang 4,lane_3,4,1,0,1,2,0,1,0,11.764706
2026-08-14 12:48:08,Simpang 1,lane_2,4,1,0,4,0,0,0,0,12.121212
2026-08-14 12:48:08,Simpang 1,lane_3,1,0,0,1,0,0,0,0,2.941176
2026-08-14 12:48:08,Simpang 1,lane_1,1,0,0,1,0,0,0,0,3.030303
2026-08-14 12:48:08,Simpang 2,lane_2,2,0,0,2,0,0,0,0,6.060606
2026-08-14 12:48:08,Simpang 2,lane_1,1,0,0,0,1,0,0,0,3.030303
2026-08-14 12:48:09,Simpang 3,lane_2,7,0,0,5,2,0,0,0,21.212121
2026-08-14 12:48:09,Simpang 3,lane_3,2,1,0,1,1,0,0,1,5.882353
2026-08-14 12:48:10,Simpang 4,lane_1,7,0,0,3,4,0,0,0,21.212121
2026-08-14 12:48:10,Simpang 4,lane_2,11,0,0,1,9,0,1,0,33.333333
2026-08-14 12:48:10,Simpang 4,lane_3,5,0,0,1,3,0,1,0,14.705882
2026-08-14 12:48:12,Simpang 1,lane_2,4,1,0,4,0,0,0,0,12.121212
2026-08-14 12:48:12,Simpang 1,lane_3,1,0,0,1,0,0,0,0,2.941176
2026-08-14 12:48:12,Simpang 1,lane_1,1,0,0,1,0,0,0,0,3.030303
2026-08-14 12:48:13,Simpang 2,lane_2,2,0,0,2,0,0,0,0,6.060606
2026-08-14 12:48:13,Simpang 2,lane_1,1,0,0,0,1,0,0,0,3.030303
2026-08-14 12:48:14,Simpang 3,lane_2,7,0,0,5,2,0,0,0,21.212121
2026-08-14 12:48:14,Simpang 3,lane_3,2,1,0,1,1,0,0,1,5.882353
2026-08-14 12:48:14,Simpang 4,lane_1,6,0,0,2,4,0,0,0,18.181818
2026-08-14 12:48:14,Simpang 4,lane_2,9,1,0,1,7,0,1,0,27.272727
2026-08-14 12:48:14,Simpang 4,lane_3,5,0,0,1,3,0,1,0,14.705882
2026-08-14 12:48:17,Simpang 1,lane_2,4,1,0,4,0,0,0,0,12.121212
2026-08-14 12:48:17,Simpang 1,lane_3,1,0,0,1,0,0,0,0,2.941176
2026-08-14 12:48:17,Simpang 1,lane_1,1,0,0,1,0,0,0,0,3.030303
2026-08-14 12:48:18,Simpang 2,lane_2,2,0,0,2,0,0,0,0,6.060606
2026-08-14 12:48:18,Simpang 2,lane_1,1,0,0,0,1,0,0,0,3.030303
2026-08-14 12:48:18,Simpang 3,lane_2,7,0,0,5,2,0,0,0,21.212121
2026-08-14 12:48:18,Simpang 3,lane_3,2,1,0,1,1,0,0,1,5.882353
2026-08-14 12:48:19,Simpang 4,lane_1,7,0,0,3,4,0,0,0,21.212121
2026-08-14 12:48:19,Simpang 4,lane_2,10,1,0,1,8,0,1,0,30.30303
2026-08-14 12:48:19,Simpang 4,lane_3,4,0,0,1,2,0,1,0,11.764706
2026-08-14 12:48:21,Simpang 1,lane_2,4,1,0,4,0,0,0,0,12.121212
2026-08-14 12:48:21,Simpang 1,lane_3,1,0,0,1,0,0,0,0,2.941176
2026-08-14 12:48:21,Simpang 1,lane_1,1,0,0,1,0,0,0,0,3.030303
2026-08-14 12:48:22,Simpang 2,lane_2,2,0,0,2,0,0,0,0,6.060606
2026-08-14 12:48:22,Simpang 2,lane_1,1,0,0,0,1,0,0,0,3.030303
2026-08-14 12:48:22,Simpang 3,lane_2,5,1,0,5,0,0,0,0,15.151515
2026-08-14 12:48:22,Simpang 3,lane_3,3,1,0,1,2,0,0,1,8.823529
2026-08-14 12:48:23,Simpang 4,lane_1,5,1,0,2,3,0,0,0,15.151515
2026-08-14 12:48:23,Simpang 4,lane_2,9,1,0,1,7,0,1,0,27.272727
2026-08-14 12:48:23,Simpang 4,lane_3,4,0,0,1,2,0,1,0,11.764706
2026-08-14 12:48:26,Simpang 1,lane_2,4,1,0,4,0,0,0,0,12.121212
2026-08-14 12:48:26,Simpang 1,lane_3,1,0,0,1,0,0,0,0,2.941176
2026-08-14 12:48:26,Simpang 1,lane_1,1,0,0,1,0,0,0,0,3.030303
2026-08-14 12:48:26,Simpang 3,lane_2,5,1,0,5,0,0,0,0,15.151515
2026-08-14 12:48:26,Simpang 3,lane_3,3,1,0,1,2,0,0,1,8.823529
2026-08-14 12:48:27,Simpang 2,lane_2,2,0,0,2,0,0,0,0,6.060606
2026-08-14 12:48:27,Simpang 2,lane_1,1,0,0,0,1,0,0,0,3.030303
2026-08-14 12:48:27,Simpang 4,lane_1,5,1,0,2,3,0,0,0,15.151515
2026-08-14 12:48:27,Simpang 4,lane_2,11,0,0,1,9,0,1,0,33.333333
2026-08-14 12:48:27,Simpang 4,lane_3,3,0,0,1,1,0,1,0,8.823529
2026-08-14 12:48:30,Simpang 3,lane_2,7,0,0,5,2,0,0,0,21.212121
2026-08-14 12:48:30,Simpang 3,lane_3,2,2,0,1,1,0,0,1,5.882353
2026-08-14 12:48:30,Simpang 1,lane_2,4,1,0,4,0,0,0,0,12.121212
2026-08-14 12:48:30,Simpang 1,lane_3,1,0,0,1,0,0,0,0,2.941176
2026-08-14 12:48:30,Simpang 1,lane_1,1,0,0,1,0,0,0,0,3.030303
2026-08-14 12:48:30,Simpang 4,lane_1,5,0,0,2,3,0,0,0,15.151515
2026-08-14 12:48:30,Simpang 4,lane_2,13,0,0,1,11,0,1,0,39.393939
2026-08-14 12:48:30,Simpang 4,lane_3,3,0,0,1,1,0,1,0,8.823529
2026-08-14 12:48:31,Simpang 2,lane_2,2,0,0,2,0,0,0,0,6.060606
2026-08-14 12:48:31,Simpang 2,lane_1,1,0,0,0,1,0,0,0,3.030303
2026-08-14 12:48:34,Simpang 3,lane_2,7,0,0,5,2,0,0,0,21.212121
2026-08-14 12:48:34,Simpang 3,lane_3,2,2,0,1,1,0,0,1,5.882353
2026-08-14 12:48:34,Simpang 1,lane_2,4,1,0,4,0,0,0,0,12.121212
2026-08-14 12:48:34,Simpang 1,lane_3,1,0,0,1,0,0,0,0,2.941176
2026-08-14 12:48:34,Simpang 1,lane_1,1,0,0,1,0,0,0,0,3.030303
2026-08-14 12:48:34,Simpang 4,lane_1,4,1,0,3,1,0,0,0,12.121212
2026-08-14 12:48:34,Simpang 4,lane_2,11,0,0,1,9,0,1,0,33.333333
2026-08-14 12:48:34,Simpang 4,lane_3,2,0,0,0,1,0,1,0,5.882353
2026-08-14 12:48:35,Simpang 2,lane_2,2,0,0,2,0,0,0,0,6.060606
2026-08-14 12:48:35,Simpang 2,lane_1,1,0,0,0,1,0,0,0,3.030303
2026-08-14 12:48:37,Simpang 3,lane_2,7,0,0,5,2,0,0,0,21.212121
2026-08-14 12:48:37,Simpang 3,lane_3,2,2,0,1,1,0,0,1,5.882353
2026-08-14 12:48:38,Simpang 4,lane_1,5,1,0,3,2,0,0,0,15.151515
2026-08-14 12:48:38,Simpang 4,lane_2,12,0,0,1,10,0,1,0,36.363636
2026-08-14 12:48:38,Simpang 4,lane_3,3,0,0,0,2,0,1,0,8.823529
2026-08-14 12:48:38,Simpang 1,lane_2,4,1,0,4,0,0,0,0,12.121212
2026-08-14 12:48:38,Simpang 1,lane_3,1,0,0,1,0,0,0,0,2.941176
2026-08-14 12:48:38,Simpang 1,lane_1,1,0,0,1,0,0,0,0,3.030303
2026-08-14 12:48:39,Simpang 2,lane_2,2,0,0,2,0,0,0,0,6.060606
2026-08-14 12:48:39,Simpang 2,lane_1,1,0,0,0,1,0,0,0,3.030303
2026-08-14 12:48:41,Simpang 3,lane_2,7,0,0,5,2,0,0,0,21.212121
2026-08-14 12:48:41,Simpang 3,lane_3,2,2,0,1,1,0,0,1,5.882353
2026-08-14 12:48:42,Simpang 4,lane_1,5,1,0,3,2,0,0,0,15.151515
2026-08-14 12:48:42,Simpang 4,lane_2,12,0,0,1,10,0,1,0,36.363636
2026-08-14 12:48:42,Simpang 4,lane_3,4,0,0,1,2,0,1,0,11.764706
2026-08-14 12:48:43,Simpang 1,lane_2,4,1,0,4,0,0,0,0,12.121212
2026-08-14 12:48:43,Simpang 1,lane_3,1,0,0,1,0,0,0,0,2.941176
2026-08-14 12:48:43,Simpang 1,lane_1,1,0,0,1,0,0,0,0,3.030303
2026-08-14 12:48:43,Simpang 2,lane_2,2,0,0,2,0,0,0,0,6.060606
2026-08-14 12:48:43,Simpang 2,lane_1,1,0,0,0,1,0,0,0,3.030303
2026-08-14 12:48:45,Simpang 3,lane_2,7,0,0,5,2,0,0,0,21.212121
2026-08-14 12:48:45,Simpang 3,lane_3,2,2,0,1,1,0,0,1,5.882353
2026-08-14 12:48:46,Simpang 4,lane_1,6,0,0,2,4,0,0,0,18.181818
2026-08-14 12:48:46,Simpang 4,lane_2,10,0,0,1,8,0,1,0,30.30303
2026-08-14 12:48:46,Simpang 4,lane_3,3,0,0,0,2,0,1,0,8.823529
2026-08-14 12:48:47,Simpang 1,lane_2,4,1,0,4,0,0,0,0,12.121212
2026-08-14 12:48:47,Simpang 1,lane_3,1,0,0,1,0,0,0,0,2.941176
2026-08-14 12:48:47,Simpang 1,lane_1,1,0,0,1,0,0,0,0,3.030303
2026-08-14 12:48:48,Simpang 2,lane_2,2,0,0,2,0,0,0,0,6.060606
2026-08-14 12:48:48,Simpang 2,lane_1,1,0,0,0,1,0,0,0,3.030303
2026-08-14 12:48:49,Simpang 3,lane_2,5,1,0,5,0,0,0,0,15.151515
2026-08-14 12:48:49,Simpang 3,lane_3,2,0,0,1,1,0,0,1,5.882353
2026-08-14 12:48:50,Simpang 4,lane_1,4,1,0,2,2,0,0,0,12.121212
2026-08-14 12:48:50,Simpang 4,lane_2,8,0,0,2,6,0,0,0,24.242424
2026-08-14 12:48:50,Simpang 4,lane_3,2,0,0,0,1,0,1,0,5.882353
2026-08-14 12:48:52,Simpang 1,lane_2,4,1,0,4,0,0,0,0,12.121212
2026-08-14 12:48:52,Simpang 1,lane_3,1,0,0,1,0,0,0,0,2.941176
2026-08-14 12:48:52,Simpang 1,lane_1,2,0,0,2,0,0,0,0,6.060606
2026-08-14 12:48:52,Simpang 2,lane_2,2,0,0,2,0,0,0,0,6.060606
2026-08-14 12:48:52,Simpang 2,lane_1,1,0,0,0,1,0,0,0,3.030303
2026-08-14 12:48:53,Simpang 3,lane_2,8,0,0,5,3,0,0,0,24.242424
2026-08-14 12:48:53,Simpang 3,lane_3,2,1,0,1,1,0,0,1,5.882353
2026-08-14 12:48:54,Simpang 4,lane_1,4,1,0,2,2,0,0,0,12.121212
2026-08-14 12:48:54,Simpang 4,lane_2,9,0,0,2,7,0,0,0,27.272727
2026-08-14 12:48:54,Simpang 4,lane_3,2,0,0,0,1,0,1,0,5.882353
2026-08-14 12:48:56,Simpang 1,lane_2,4,1,0,4,0,0,0,0,12.121212
2026-08-14 12:48:56,Simpang 1,lane_3,1,0,0,1,0,0,0,0,2.941176
2026-08-14 12:48:56,Simpang 1,lane_1,2,0,0,2,0,0,0,0,6.060606
2026-08-14 12:48:56,Simpang 2,lane_2,2,0,0,2,0,0,0,0,6.060606
2026-08-14 12:48:56,Simpang 2,lane_1,1,0,0,0,1,0,0,0,3.030303
2026-08-14 12:48:58,Simpang 3,lane_2,5,2,0,5,0,0,0,0,15.151515
2026-08-14 12:48:58,Simpang 3,lane_3,2,0,0,1,1,0,0,1,5.882353
2026-08-14 12:48:58,Simpang 4,lane_1,5,0,0,3,2,0,0,0,15.151515
2026-08-14 12:48:58,Simpang 4,lane_2,8,0,0,2,6,0,0,0,24.242424
2026-08-14 12:48:58,Simpang 4,lane_3,3,0,0,0,2,0,1,0,8.823529
2026-08-14 12:49:01,Simpang 1,lane_2,5,1,0,5,0,0,0,0,15.151515
2026-08-14 12:49:01,Simpang 1,lane_3,1,0,0,1,0,0,0,0,2.941176
2026-08-14 12:49:01,Simpang 2,lane_2,2,0,0,2,0,0,0,0,6.060606
2026-08-14 12:49:01,Simpang 2,lane_1,1,0,0,0,1,0,0,0,3.030303
2026-08-14 12:49:02,Simpang 3,lane_2,8,0,0,5,3,0,0,0,24.242424
2026-08-14 12:49:02,Simpang 3,lane_3,2,0,0,1,1,0,0,1,5.882353
2026-08-14 12:49:03,Simpang 4,lane_1,6,1,0,3,3,0,0,0,18.181818
2026-08-14 12:49:03,Simpang 4,lane_2,9,0,0,2,7,0,0,0,27.272727
2026-08-14 12:49:03,Simpang 4,lane_3,3,0,0,0,2,0,1,0,8.823529
2026-08-14 12:49:05,Simpang 1,lane_2,5,1,0,5,0,0,0,0,15.151515
2026-08-14 12:49:05,Simpang 1,lane_3,1,0,0,1,0,0,0,0,2.941176
2026-08-14 12:49:06,Simpang 2,lane_2,2,0,0,2,0,0,0,0,6.060606
2026-08-14 12:49:06,Simpang 2,lane_1,1,0,0,0,1,0,0,0,3.030303
2026-08-14 12:49:06,Simpang 3,lane_2,8,0,0,5,3,0,0,0,24.242424
2026-08-14 12:49:06,Simpang 3,lane_3,2,0,0,1,1,0,0,1,5.882353
2026-08-14 12:49:07,Simpang 4,lane_1,6,1,0,3,3,0,0,0,18.181818
2026-08-14 12:49:07,Simpang 4,lane_2,9,0,0,2,7,0,0,0,27.272727
2026-08-14 12:49:07,Simpang 4,lane_3,3,0,0,0,2,0,1,0,8.823529
2026-08-14 12:49:10,Simpang 1,lane_2,5,1,0,5,0,0,0,0,15.151515
2026-08-14 12:49:10,Simpang 1,lane_3,1,0,0,1,0,0,0,0,2.941176
2026-08-14 12:49:10,Simpang 2,lane_2,2,0,0,2,0,0,0,0,6.060606
2026-08-14 12:49:10,Simpang 2,lane_1,1,0,0,0,1,0,0,0,3.030303
2026-08-14 12:49:10,Simpang 3,lane_2,6,0,0,5,1,0,0,0,18.181818
2026-08-14 12:49:10,Simpang 3,lane_3,2,0,0,1,1,0,0,1,5.882353
2026-08-14 12:49:11,Simpang 4,lane_1,5,0,0,2,3,0,0,0,15.151515
2026-08-14 12:49:11,Simpang 4,lane_2,5,0,0,1,4,0,0,0,15.151515
2026-08-14 12:49:11,Simpang 4,lane_3,1,1,0,0,0,0,1,0,2.941176
2026-08-14 12:49:13,Simpang 1,lane_2,5,1,0,5,0,0,0,0,15.151515
2026-08-14 12:49:13,Simpang 1,lane_3,1,0,0,1,0,0,0,0,2.941176
2026-08-14 12:49:13,Simpang 3,lane_2,6,0,0,5,1,0,0,0,18.181818
2026-08-14 12:49:13,Simpang 3,lane_3,2,0,0,1,1,0,0,1,5.882353
2026-08-14 12:49:14,Simpang 4,lane_1,5,0,0,2,3,0,0,0,15.151515
2026-08-14 12:49:14,Simpang 4,lane_2,5,0,0,2,3,0,0,0,15.151515
2026-08-14 12:49:14,Simpang 4,lane_3,3,0,0,0,2,0,1,0,8.823529
2026-08-14 12:49:14,Simpang 2,lane_2,2,0,0,2,0,0,0,0,6.060606
2026-08-14 12:49:14,Simpang 2,lane_1,1,0,0,0,1,0,0,0,3.030303
2026-08-14 12:49:17,Simpang 3,lane_2,7,0,0,5,2,0,0,0,21.212121
2026-08-14 12:49:17,Simpang 3,lane_3,2,0,0,1,1,0,0,1,5.882353
2026-08-14 12:49:18,Simpang 4,lane_1,5,0,0,2,3,0,0,0,15.151515
2026-08-14 12:49:18,Simpang 4,lane_2,5,0,0,2,3,0,0,0,15.151515
2026-08-14 12:49:18,Simpang 4,lane_3,3,0,0,0,2,0,1,0,8.823529
2026-08-14 12:49:18,Simpang 1,lane_2,5,1,0,5,0,0,0,0,15.151515
2026-08-14 12:49:18,Simpang 1,lane_3,1,0,0,1,0,0,0,0,2.941176
2026-08-14 12:49:18,Simpang 2,lane_2,2,0,0,2,0,0,0,0,6.060606
2026-08-14 12:49:18,Simpang 2,lane_1,1,0,0,0,1,0,0,0,3.030303
2026-08-14 12:49:21,Simpang 3,lane_2,7,1,0,5,2,0,0,0,21.212121
2026-08-14 12:49:21,Simpang 3,lane_3,2,1,0,1,1,0,0,1,5.882353
2026-08-14 12:49:21,Simpang 4,lane_1,4,0,0,2,2,0,0,0,12.121212
2026-08-14 12:49:21,Simpang 4,lane_2,5,0,0,2,3,0,0,0,15.151515
2026-08-14 12:49:21,Simpang 4,lane_3,3,0,0,0,2,0,1,0,8.823529
2026-08-14 12:49:22,Simpang 1,lane_2,5,1,0,5,0,0,0,0,15.151515
2026-08-14 12:49:22,Simpang 1,lane_3,1,0,0,1,0,0,0,0,2.941176
2026-08-14 12:49:22,Simpang 2,lane_2,2,0,0,2,0,0,0,0,6.060606
2026-08-14 12:49:22,Simpang 2,lane_1,1,0,0,0,1,0,0,0,3.030303
2026-08-14 12:49:25,Simpang 3,lane_2,7,0,0,5,2,0,0,0,21.212121
2026-08-14 12:49:25,Simpang 3,lane_3,2,0,0,1,1,0,0,1,5.882353
2026-08-14 12:49:25,Simpang 4,lane_1,5,0,0,2,3,0,0,0,15.151515
2026-08-14 12:49:25,Simpang 4,lane_2,7,0,0,2,5,0,0,0,21.212121
2026-08-14 12:49:25,Simpang 4,lane_3,4,0,0,0,3,0,1,0,11.764706
2026-08-14 12:49:26,Simpang 1,lane_2,5,1,0,5,0,0,0,0,15.151515
2026-08-14 12:49:26,Simpang 1,lane_3,1,0,0,1,0,0,0,0,2.941176
2026-08-14 12:49:27,Simpang 2,lane_2,2,0,0,2,0,0,0,0,6.060606
2026-08-14 12:49:27,Simpang 2,lane_1,1,0,0,0,1,0,0,0,3.030303
2026-08-14 12:49:29,Simpang 3,lane_2,8,0,0,5,3,0,0,0,24.242424
2026-08-14 12:49:29,Simpang 3,lane_3,2,0,0,1,1,0,0,1,5.882353
2026-08-14 12:49:29,Simpang 4,lane_1,4,0,0,2,2,0,0,0,12.121212
2026-08-14 12:49:29,Simpang 4,lane_2,7,0,0,2,5,0,0,0,21.212121
2026-08-14 12:49:29,Simpang 4,lane_3,4,0,0,0,3,0,1,0,11.764706
2026-08-14 12:49:31,Simpang 1,lane_2,5,1,0,5,0,0,0,0,15.151515
2026-08-14 12:49:31,Simpang 1,lane_3,1,0,0,1,0,0,0,0,2.941176
2026-08-14 12:49:31,Simpang 2,lane_2,2,0,0,2,0,0,0,0,6.060606
2026-08-14 12:49:31,Simpang 2,lane_1,1,0,0,0,1,0,0,0,3.030303
2026-08-14 12:49:33,Simpang 3,lane_2,5,1,0,5,0,0,0,0,15.151515
2026-08-14 12:49:33,Simpang 3,lane_3,2,0,0,1,1,0,0,1,5.882353
2026-08-14 12:49:33,Simpang 4,lane_1,5,0,0,2,3,0,0,0,15.151515
2026-08-14 12:49:33,Simpang 4,lane_2,7,0,0,2,5,0,0,0,21.212121
2026-08-14 12:49:33,Simpang 4,lane_3,4,0,0,0,3,0,1,0,11.764706
2026-08-14 12:49:35,Simpang 1,lane_2,5,1,0,5,0,0,0,0,15.151515
2026-08-14 12:49:35,Simpang 1,lane_3,1,0,0,1,0,0,0,0,2.941176
2026-08-14 12:49:35,Simpang 2,lane_2,2,0,0,2,0,0,0,0,6.060606
2026-08-14 12:49:35,Simpang 2,lane_1,1,0,0,0,1,0,0,0,3.030303
2026-08-14 12:49:37,Simpang 3,lane_2,7,0,0,5,2,0,0,0,21.212121
2026-08-14 12:49:37,Simpang 3,lane_3,1,0,0,0,1,0,0,1,2.941176
2026-08-14 12:49:38,Simpang 4,lane_1,3,1,0,2,1,0,0,0,9.090909
2026-08-14 12:49:38,Simpang 4,lane_2,5,1,0,2,3,0,0,0,15.151515
2026-08-14 12:49:38,Simpang 4,lane_3,3,0,0,0,2,0,1,0,8.823529
2026-08-14 12:49:40,Simpang 2,lane_2,2,0,0,2,0,0,0,0,6.060606
2026-08-14 12:49:40,Simpang 2,lane_1,1,0,0,0,1,0,0,0,3.030303
2026-08-14 12:49:40,Simpang 1,lane_2,5,1,0,5,0,0,0,0,15.151515
2026-08-14 12:49:40,Simpang 1,lane_3,1,0,0,1,0,0,0,0,2.941176
2026-08-14 12:49:42,Simpang 3,lane_2,7,0,0,5,2,0,0,0,21.212121
2026-08-14 12:49:42,Simpang 3,lane_3,1,0,0,0,1,0,0,1,2.941176
2026-08-14 12:49:42,Simpang 4,lane_1,5,0,0,2,3,0,0,0,15.151515
2026-08-14 12:49:42,Simpang 4,lane_2,7,0,0,2,5,0,0,0,21.212121
2026-08-14 12:49:42,Simpang 4,lane_3,3,0,0,0,2,0,1,0,8.823529
2026-08-14 12:49:45,Simpang 2,lane_2,2,0,0,2,0,0,0,0,6.060606
2026-08-14 12:49:45,Simpang 2,lane_1,1,0,0,0,1,0,0,0,3.030303
2026-08-14 12:49:45,Simpang 1,lane_2,5,1,0,5,0,0,0,0,15.151515
2026-08-14 12:49:45,Simpang 1,lane_3,2,0,0,2,0,0,0,0,5.882353
2026-08-14 12:49:46,Simpang 3,lane_2,7,0,0,5,2,0,0,0,21.212121
2026-08-14 12:49:46,Simpang 3,lane_3,1,0,0,0,1,0,0,1,2.941176
2026-08-14 12:49:47,Simpang 4,lane_1,2,1,0,2,0,0,0,0,6.060606
2026-08-14 12:49:47,Simpang 4,lane_2,8,0,0,2,6,0,0,0,24.242424
2026-08-14 12:49:47,Simpang 4,lane_3,4,0,0,1,2,0,1,0,11.764706
2026-08-14 12:49:49,Simpang 2,lane_2,2,0,0,2,0,0,0,0,6.060606
2026-08-14 12:49:49,Simpang 2,lane_1,1,0,0,0,1,0,0,0,3.030303
2026-08-14 12:49:49,Simpang 1,lane_2,5,1,0,5,0,0,0,0,15.151515
2026-08-14 12:49:50,Simpang 3,lane_2,7,0,0,5,2,0,0,0,21.212121
2026-08-14 12:49:50,Simpang 3,lane_3,2,0,0,0,2,0,0,1,5.882353
2026-08-14 12:49:51,Simpang 4,lane_1,2,0,0,2,0,0,0,0,6.060606
2026-08-14 12:49:51,Simpang 4,lane_2,11,0,0,2,9,0,0,0,33.333333
2026-08-14 12:49:51,Simpang 4,lane_3,2,0,0,1,0,0,1,0,5.882353
2026-08-14 12:49:53,Simpang 2,lane_2,2,0,0,2,0,0,0,0,6.060606
2026-08-14 12:49:53,Simpang 2,lane_1,1,0,0,0,1,0,0,0,3.030303
2026-08-14 12:49:53,Simpang 1,lane_2,5,1,0,5,0,0,0,0,15.151515
2026-08-14 12:49:53,Simpang 1,lane_3,1,0,0,1,0,0,0,0,2.941176
2026-08-14 12:49:54,Simpang 3,lane_2,7,0,0,5,2,0,0,0,21.212121
2026-08-14 12:49:54,Simpang 3,lane_3,2,0,0,0,2,0,0,1,5.882353
2026-08-14 12:49:55,Simpang 4,lane_1,3,0,0,3,0,0,0,0,9.090909
2026-08-14 12:49:55,Simpang 4,lane_3,2,0,0,1,0,0,1,0,5.882353
2026-08-14 12:49:55,Simpang 4,lane_2,9,0,0,0,8,0,1,0,27.272727
2026-08-14 12:49:57,Simpang 3,lane_2,7,0,0,5,2,0,0,0,21.212121
2026-08-14 12:49:57,Simpang 3,lane_3,4,0,0,0,4,0,0,1,11.764706
2026-08-14 12:49:57,Simpang 2,lane_2,2,0,0,2,0,0,0,0,6.060606
2026-08-14 12:49:57,Simpang 2,lane_1,1,0,0,0,1,0,0,0,3.030303
2026-08-14 12:49:58,Simpang 1,lane_2,5,1,0,5,0,0,0,0,15.151515
2026-08-14 12:49:58,Simpang 1,lane_3,1,0,0,1,0,0,0,0,2.941176
2026-08-14 12:49:58,Simpang 4,lane_1,4,0,0,4,0,0,0,0,12.121212
2026-08-14 12:49:58,Simpang 4,lane_3,2,0,0,1,0,0,1,0,5.882353
2026-08-14 12:49:58,Simpang 4,lane_2,9,0,0,0,8,0,1,0,27.272727
2026-08-14 12:50:02,Simpang 3,lane_2,8,0,0,5,3,0,0,0,24.242424
2026-08-14 12:50:02,Simpang 3,lane_3,4,0,0,0,4,0,0,1,11.764706
2026-08-14 12:50:02,Simpang 2,lane_2,2,0,0,2,0,0,0,0,6.060606
2026-08-14 12:50:02,Simpang 2,lane_1,1,0,0,0,1,0,0,0,3.030303
2026-08-14 12:50:02,Simpang 1,lane_2,5,1,0,5,0,0,0,0,15.151515
2026-08-14 12:50:02,Simpang 1,lane_3,1,0,0,1,0,0,0,0,2.941176
2026-08-14 12:50:02,Simpang 4,lane_1,3,0,0,3,0,0,0,0,9.090909
2026-08-14 12:50:02,Simpang 4,lane_3,2,0,0,1,0,0,1,0,5.882353
2026-08-14 12:50:02,Simpang 4,lane_2,9,0,0,0,8,0,1,0,27.272727
2026-08-14 12:50:05,Simpang 3,lane_2,5,0,0,4,1,0,0,0,15.151515
2026-08-14 12:50:05,Simpang 3,lane_3,3,0,0,0,3,0,0,1,8.823529
2026-08-14 12:50:06,Simpang 4,lane_1,3,0,0,3,0,0,0,0,9.090909
2026-08-14 12:50:06,Simpang 4,lane_3,2,0,0,1,0,0,1,0,5.882353
2026-08-14 12:50:06,Simpang 4,lane_2,9,0,0,0,8,0,1,0,27.272727
2026-08-14 12:50:06,Simpang 2,lane_2,2,0,0,2,0,0,0,0,6.060606
2026-08-14 12:50:06,Simpang 2,lane_1,1,0,0,0,1,0,0,0,3.030303
2026-08-14 12:50:06,Simpang 1,lane_2,5,1,0,5,0,0,0,0,15.151515
2026-08-14 12:50:06,Simpang 1,lane_3,1,0,0,1,0,0,0,0,2.941176
2026-08-14 12:50:09,Simpang 3,lane_2,4,0,0,4,0,0,0,0,12.121212
2026-08-14 12:50:09,Simpang 3,lane_3,3,0,0,0,3,0,0,1,8.823529
2026-08-14 12:50:09,Simpang 3,lane_1,1,0,0,0,1,0,0,0,3.030303
2026-08-14 12:50:09,Simpang 4,lane_1,3,0,0,3,0,0,0,0,9.090909
2026-08-14 12:50:09,Simpang 4,lane_3,2,0,0,1,0,0,1,0,5.882353
2026-08-14 12:50:09,Simpang 4,lane_2,9,0,0,0,8,0,1,0,27.272727
2026-08-14 12:50:10,Simpang 2,lane_2,2,0,0,2,0,0,0,0,6.060606
2026-08-14 12:50:10,Simpang 2,lane_1,1,0,0,0,1,0,0,0,3.030303
2026-08-14 12:50:10,Simpang 1,lane_2,5,1,0,5,0,0,0,0,15.151515
2026-08-14 12:50:10,Simpang 1,lane_3,1,0,0,1,0,0,0,0,2.941176
2026-08-14 12:50:13,Simpang 3,lane_2,5,0,0,5,0,0,0,0,15.151515
2026-08-14 12:50:13,Simpang 3,lane_3,3,0,0,0,3,0,0,1,8.823529
2026-08-14 12:50:13,Simpang 3,lane_1,0,1,0,0,0,0,0,0,0.0
2026-08-14 12:50:14,Simpang 4,lane_1,3,0,0,3,0,0,0,0,9.090909
2026-08-14 12:50:14,Simpang 4,lane_3,2,0,0,1,0,0,1,0,5.882353
2026-08-14 12:50:14,Simpang 4,lane_2,9,0,0,0,8,0,1,0,27.272727
2026-08-14 12:50:15,Simpang 1,lane_2,6,1,0,5,0,0,1,0,18.181818
2026-08-14 12:50:15,Simpang 1,lane_3,1,0,0,1,0,0,0,0,2.941176
2026-08-14 12:50:15,Simpang 2,lane_2,2,0,0,2,0,0,0,0,6.060606
2026-08-14 12:50:15,Simpang 2,lane_1,1,0,0,0,1,0,0,0,3.030303
2026-08-14 12:50:17,Simpang 3,lane_2,5,0,0,5,0,0,0,0,15.151515
2026-08-14 12:50:17,Simpang 3,lane_3,3,0,0,0,3,0,0,1,8.823529
2026-08-14 12:50:17,Simpang 3,lane_1,0,1,0,0,0,0,0,0,0.0
2026-08-14 12:50:18,Simpang 4,lane_1,3,0,0,3,0,0,0,0,9.090909
2026-08-14 12:50:18,Simpang 4,lane_3,2,0,0,1,0,0,1,0,5.882353
2026-08-14 12:50:18,Simpang 4,lane_2,9,0,0,0,8,0,1,0,27.272727
2026-08-14 12:50:19,Simpang 1,lane_2,6,1,0,5,0,0,1,0,18.181818
2026-08-14 12:50:19,Simpang 1,lane_3,1,0,0,1,0,0,0,0,2.941176
2026-08-14 12:50:19,Simpang 2,lane_2,2,0,0,2,0,0,0,0,6.060606
2026-08-14 12:50:19,Simpang 2,lane_1,1,0,0,0,1,0,0,0,3.030303
2026-08-14 12:50:21,Simpang 3,lane_2,5,0,0,5,0,0,0,0,15.151515
2026-08-14 12:50:21,Simpang 3,lane_3,3,0,0,0,3,0,0,1,8.823529
2026-08-14 12:50:21,Simpang 3,lane_1,0,1,0,0,0,0,0,0,0.0
2026-08-14 12:50:21,Simpang 4,lane_1,2,0,0,2,0,0,0,0,6.060606
2026-08-14 12:50:21,Simpang 4,lane_3,1,0,0,0,0,0,1,0,2.941176
2026-08-14 12:50:21,Simpang 4,lane_2,9,0,0,0,8,0,1,0,27.272727
2026-08-14 12:50:23,Simpang 2,lane_2,2,0,0,2,0,0,0,0,6.060606
2026-08-14 12:50:23,Simpang 2,lane_1,1,0,0,0,1,0,0,0,3.030303
2026-08-14 12:50:24,Simpang 1,lane_2,6,1,0,5,0,0,1,0,18.181818
2026-08-14 12:50:24,Simpang 1,lane_3,1,0,0,1,0,0,0,0,2.941176
2026-08-14 12:50:25,Simpang 3,lane_2,5,0,0,5,0,0,0,0,15.151515
2026-08-14 12:50:25,Simpang 3,lane_3,3,0,0,0,3,0,0,2,8.823529
2026-08-14 12:50:25,Simpang 3,lane_1,0,1,0,0,0,0,0,0,0.0
2026-08-14 12:50:26,Simpang 4,lane_1,3,0,0,3,0,0,0,0,9.090909
2026-08-14 12:50:26,Simpang 4,lane_3,1,0,0,0,0,0,1,0,2.941176
2026-08-14 12:50:26,Simpang 4,lane_2,10,0,0,0,9,0,1,0,30.30303
2026-08-14 12:50:28,Simpang 2,lane_2,2,0,0,2,0,0,0,0,6.060606
2026-08-14 12:50:28,Simpang 2,lane_1,1,0,0,0,1,0,0,0,3.030303
2026-08-14 12:50:28,Simpang 1,lane_2,6,1,0,5,0,0,1,0,18.181818
2026-08-14 12:50:28,Simpang 1,lane_3,1,0,0,1,0,0,0,0,2.941176
2026-08-14 12:50:29,Simpang 3,lane_2,5,0,0,5,0,0,0,0,15.151515
2026-08-14 12:50:29,Simpang 3,lane_3,3,0,0,0,3,0,0,2,8.823529
2026-08-14 12:50:29,Simpang 3,lane_1,0,1,0,0,0,0,0,0,0.0
2026-08-14 12:50:30,Simpang 4,lane_1,4,0,0,4,0,0,0,0,12.121212
2026-08-14 12:50:30,Simpang 4,lane_3,2,0,0,1,0,0,1,0,5.882353
2026-08-14 12:50:30,Simpang 4,lane_2,10,0,0,0,9,0,1,0,30.30303
2026-08-14 12:50:32,Simpang 2,lane_2,2,0,0,2,0,0,0,0,6.060606
2026-08-14 12:50:32,Simpang 2,lane_1,1,0,0,0,1,0,0,0,3.030303
2026-08-14 12:50:32,Simpang 1,lane_2,6,1,0,5,0,0,1,0,18.181818
2026-08-14 12:50:32,Simpang 1,lane_3,1,0,0,1,0,0,0,0,2.941176
2026-08-14 12:50:33,Simpang 3,lane_2,4,0,0,4,0,0,0,0,12.121212
2026-08-14 12:50:33,Simpang 3,lane_3,3,0,0,0,3,0,0,2,8.823529
2026-08-14 12:50:34,Simpang 4,lane_1,4,0,0,4,0,0,0,0,12.121212
2026-08-14 12:50:34,Simpang 4,lane_3,2,0,0,1,0,0,1,0,5.882353
2026-08-14 12:50:34,Simpang 4,lane_2,11,0,0,0,10,0,1,0,33.333333
2026-08-14 12:50:37,Simpang 2,lane_2,2,0,0,2,0,0,0,0,6.060606
2026-08-14 12:50:37,Simpang 2,lane_1,1,0,0,0,1,0,0,0,3.030303
2026-08-14 12:50:37,Simpang 1,lane_2,6,1,0,5,0,0,1,0,18.181818
2026-08-14 12:50:37,Simpang 1,lane_3,1,0,0,1,0,0,0,0,2.941176
2026-08-14 12:50:37,Simpang 3,lane_2,3,0,0,3,0,0,0,0,9.090909
2026-08-14 12:50:37,Simpang 3,lane_3,3,0,0,0,3,0,0,2,8.823529
2026-08-14 12:50:38,Simpang 4,lane_1,4,0,0,4,0,0,0,0,12.121212
2026-08-14 12:50:38,Simpang 4,lane_3,2,0,0,1,0,0,1,0,5.882353
2026-08-14 12:50:38,Simpang 4,lane_2,10,0,0,0,9,0,1,0,30.30303
2026-08-14 12:50:41,Simpang 2,lane_2,2,0,0,2,0,0,0,0,6.060606
2026-08-14 12:50:41,Simpang 2,lane_1,1,0,0,0,1,0,0,0,3.030303
2026-08-14 12:50:41,Simpang 3,lane_2,4,0,0,4,0,0,0,0,12.121212
2026-08-14 12:50:41,Simpang 3,lane_3,3,0,0,0,3,0,0,2,8.823529
2026-08-14 12:50:41,Simpang 1,lane_2,6,1,0,5,0,0,1,0,18.181818
2026-08-14 12:50:41,Simpang 1,lane_3,1,0,0,1,0,0,0,0,2.941176
2026-08-14 12:50:41,Simpang 4,lane_1,4,0,0,4,0,0,0,0,12.121212
2026-08-14 12:50:41,Simpang 4,lane_3,2,0,0,1,0,0,1,0,5.882353
2026-08-14 12:50:41,Simpang 4,lane_2,11,0,0,0,10,0,1,0,33.333333
2026-08-14 12:50:45,Simpang 3,lane_2,4,0,0,4,0,0,0,0,12.121212
2026-08-14 12:50:45,Simpang 3,lane_3,2,0,0,0,2,0,0,2,5.882353
2026-08-14 12:50:45,Simpang 3,lane_1,2,0,0,0,2,0,0,0,6.060606
2026-08-14 12:50:45,Simpang 4,lane_1,4,0,0,4,0,0,0,0,12.121212
2026-08-14 12:50:45,Simpang 4,lane_3,2,0,0,1,0,0,1,0,5.882353
2026-08-14 12:50:45,Simpang 4,lane_2,9,0,0,0,8,0,1,0,27.272727
2026-08-14 12:50:45,Simpang 2,lane_2,2,0,0,2,0,0,0,0,6.060606
2026-08-14 12:50:45,Simpang 2,lane_1,1,0,0,0,1,0,0,0,3.030303
2026-08-14 12:50:45,Simpang 1,lane_2,5,0,0,5,0,0,0,0,15.151515
2026-08-14 12:50:45,Simpang 1,lane_3,1,0,0,1,0,0,0,0,2.941176
2026-08-14 12:50:48,Simpang 3,lane_2,4,0,0,4,0,0,0,0,12.121212
2026-08-14 12:50:48,Simpang 3,lane_3,2,0,0,0,2,0,0,2,5.882353
2026-08-14 12:50:48,Simpang 3,lane_1,2,0,0,0,2,0,0,0,6.060606
2026-08-14 12:50:49,Simpang 4,lane_1,6,2,0,5,1,0,0,0,18.181818
2026-08-14 12:50:49,Simpang 4,lane_3,2,0,0,1,0,0,1,0,5.882353
2026-08-14 12:50:49,Simpang 4,lane_2,9,0,0,0,8,0,1,0,27.272727
2026-08-14 12:50:49,Simpang 2,lane_2,2,0,0,2,0,0,0,0,6.060606
2026-08-14 12:50:49,Simpang 2,lane_1,1,0,0,0,1,0,0,0,3.030303
2026-08-14 12:50:49,Simpang 1,lane_2,5,0,0,5,0,0,0,0,15.151515
2026-08-14 12:50:49,Simpang 1,lane_3,1,0,0,1,0,0,0,0,2.941176
2026-08-14 12:50:52,Simpang 3,lane_2,4,0,0,4,0,0,0,0,12.121212
2026-08-14 12:50:52,Simpang 3,lane_3,3,0,0,0,3,0,0,2,8.823529
2026-08-14 12:50:52,Simpang 3,lane_1,1,0,0,0,1,0,0,0,3.030303
2026-08-14 12:50:53,Simpang 4,lane_3,2,0,0,1,0,0,1,0,5.882353
2026-08-14 12:50:53,Simpang 4,lane_2,8,0,0,0,7,0,1,0,24.242424
2026-08-14 12:50:53,Simpang 4,lane_1,3,2,0,3,0,0,0,0,9.090909
2026-08-14 12:50:53,Simpang 1,lane_2,6,0,0,5,0,0,1,0,18.181818
2026-08-14 12:50:53,Simpang 1,lane_3,1,0,0,1,0,0,0,0,2.941176
2026-08-14 12:50:53,Simpang 2,lane_2,2,0,0,2,0,0,0,0,6.060606
2026-08-14 12:50:53,Simpang 2,lane_1,1,0,0,0,1,0,0,0,3.030303
2026-08-14 12:50:56,Simpang 3,lane_2,4,0,0,4,0,0,0,0,12.121212
2026-08-14 12:50:56,Simpang 3,lane_3,3,0,0,0,3,0,0,2,8.823529
2026-08-14 12:50:56,Simpang 3,lane_1,1,0,0,0,1,0,0,0,3.030303
2026-08-14 12:50:56,Simpang 4,lane_3,2,0,0,1,0,0,1,0,5.882353
2026-08-14 12:50:56,Simpang 4,lane_2,9,0,0,0,8,0,1,0,27.272727
2026-08-14 12:50:56,Simpang 4,lane_1,7,0,0,3,4,0,0,0,21.212121
2026-08-14 12:50:57,Simpang 1,lane_2,6,0,0,5,0,0,1,0,18.181818
2026-08-14 12:50:57,Simpang 1,lane_3,1,0,0,1,0,0,0,0,2.941176
2026-08-14 12:50:58,Simpang 2,lane_2,2,0,0,2,0,0,0,0,6.060606
2026-08-14 12:50:58,Simpang 2,lane_1,1,0,0,0,1,0,0,0,3.030303
2026-08-14 12:51:00,Simpang 3,lane_2,4,0,0,4,0,0,0,0,12.121212
2026-08-14 12:51:00,Simpang 3,lane_3,3,0,0,0,3,0,0,2,8.823529
2026-08-14 12:51:00,Simpang 3,lane_1,1,0,0,0,1,0,0,0,3.030303
2026-08-14 12:51:01,Simpang 4,lane_3,2,0,0,1,0,0,1,0,5.882353
2026-08-14 12:51:01,Simpang 4,lane_2,7,0,0,0,7,0,0,0,21.212121
2026-08-14 12:51:01,Simpang 4,lane_1,3,2,0,2,0,0,1,0,9.090909
2026-08-14 12:51:02,Simpang 1,lane_2,6,0,0,5,0,0,1,0,18.181818
2026-08-14 12:51:02,Simpang 1,lane_3,1,0,0,1,0,0,0,0,2.941176
2026-08-14 12:51:02,Simpang 2,lane_2,2,0,0,2,0,0,0,0,6.060606
2026-08-14 12:51:02,Simpang 2,lane_1,1,0,0,0,1,0,0,0,3.030303
2026-08-14 12:51:05,Simpang 3,lane_2,4,0,0,4,0,0,0,0,12.121212
2026-08-14 12:51:05,Simpang 3,lane_3,3,0,0,0,3,0,0,2,8.823529
2026-08-14 12:51:05,Simpang 3,lane_1,1,0,0,0,1,0,0,0,3.030303
2026-08-14 12:51:05,Simpang 4,lane_3,2,0,0,1,0,0,1,0,5.882353
2026-08-14 12:51:05,Simpang 4,lane_2,7,0,0,0,7,0,0,0,21.212121
2026-08-14 12:51:05,Simpang 4,lane_1,5,1,0,3,1,0,1,0,15.151515
2026-08-14 12:51:07,Simpang 1,lane_2,5,0,0,4,0,0,1,0,15.151515
2026-08-14 12:51:07,Simpang 1,lane_3,1,0,0,1,0,0,0,0,2.941176
2026-08-14 12:51:07,Simpang 2,lane_2,2,0,0,2,0,0,0,0,6.060606
2026-08-14 12:51:07,Simpang 2,lane_1,1,0,0,0,1,0,0,0,3.030303
2026-08-14 12:51:09,Simpang 3,lane_2,4,0,0,4,0,0,0,0,12.121212
2026-08-14 12:51:09,Simpang 3,lane_3,3,0,0,0,3,0,0,2,8.823529
2026-08-14 12:51:09,Simpang 3,lane_1,1,0,0,0,1,0,0,0,3.030303
2026-08-14 12:51:09,Simpang 4,lane_3,2,0,0,1,0,0,1,0,5.882353
2026-08-14 12:51:09,Simpang 4,lane_2,6,0,0,0,6,0,0,0,18.181818
2026-08-14 12:51:09,Simpang 4,lane_1,4,0,0,3,0,0,1,0,12.121212
2026-08-14 12:51:11,Simpang 1,lane_2,5,0,0,4,0,0,1,0,15.151515
2026-08-14 12:51:11,Simpang 1,lane_3,1,0,0,1,0,0,0,0,2.941176
2026-08-14 12:51:11,Simpang 2,lane_2,2,0,0,2,0,0,0,0,6.060606
2026-08-14 12:51:11,Simpang 2,lane_1,1,0,0,0,1,0,0,0,3.030303
2026-08-14 12:51:13,Simpang 3,lane_2,3,0,0,3,0,0,0,0,9.090909
2026-08-14 12:51:13,Simpang 3,lane_3,3,0,0,0,3,0,0,2,8.823529
2026-08-14 12:51:13,Simpang 3,lane_1,2,0,0,0,2,0,0,0,6.060606
2026-08-14 12:51:13,Simpang 4,lane_3,1,0,0,0,0,0,1,0,2.941176
2026-08-14 12:51:13,Simpang 4,lane_1,4,0,0,3,0,0,1,0,12.121212
2026-08-14 12:51:13,Simpang 4,lane_2,5,0,0,0,5,0,0,0,15.151515
2026-08-14 12:51:15,Simpang 2,lane_2,2,0,0,2,0,0,0,0,6.060606
2026-08-14 12:51:15,Simpang 2,lane_1,1,0,0,0,1,0,0,0,3.030303
2026-08-14 12:51:15,Simpang 1,lane_2,5,0,0,5,0,0,0,0,15.151515
2026-08-14 12:51:15,Simpang 1,lane_3,1,0,0,1,0,0,0,0,2.941176
2026-08-14 12:51:17,Simpang 3,lane_2,3,0,0,3,0,0,0,0,9.090909
2026-08-14 12:51:17,Simpang 3,lane_3,3,0,0,0,3,0,0,2,8.823529
2026-08-14 12:51:17,Simpang 4,lane_3,1,0,0,0,0,0,1,0,2.941176
2026-08-14 12:51:17,Simpang 4,lane_1,5,0,0,4,0,0,1,0,15.151515
2026-08-14 12:51:17,Simpang 4,lane_2,6,0,0,0,6,0,0,0,18.181818
2026-08-14 12:51:19,Simpang 2,lane_2,2,0,0,2,0,0,0,0,6.060606
2026-08-14 12:51:19,Simpang 2,lane_1,1,0,0,0,1,0,0,0,3.030303
2026-08-14 12:51:19,Simpang 1,lane_2,5,0,0,5,0,0,0,0,15.151515
2026-08-14 12:51:19,Simpang 1,lane_3,1,0,0,1,0,0,0,0,2.941176
2026-08-14 12:51:20,Simpang 3,lane_2,5,0,0,5,0,0,0,0,15.151515
2026-08-14 12:51:20,Simpang 3,lane_3,2,0,0,0,2,0,0,2,5.882353
2026-08-14 12:51:20,Simpang 3,lane_1,1,0,0,0,1,0,0,0,3.030303
2026-08-14 12:51:21,Simpang 4,lane_3,2,0,0,1,0,0,1,0,5.882353
2026-08-14 12:51:21,Simpang 4,lane_1,5,0,0,4,0,0,1,0,15.151515
2026-08-14 12:51:21,Simpang 4,lane_2,4,0,0,0,4,0,0,0,12.121212
2026-08-14 12:51:24,Simpang 2,lane_2,2,0,0,2,0,0,0,0,6.060606
2026-08-14 12:51:24,Simpang 2,lane_1,1,0,0,0,1,0,0,0,3.030303
2026-08-14 12:51:24,Simpang 1,lane_2,5,1,0,5,0,0,0,0,15.151515
2026-08-14 12:51:24,Simpang 1,lane_3,1,0,0,1,0,0,0,0,2.941176
2026-08-14 12:51:24,Simpang 3,lane_2,3,0,0,3,0,0,0,0,9.090909
2026-08-14 12:51:24,Simpang 3,lane_3,2,0,0,0,2,0,0,2,5.882353
2026-08-14 12:51:24,Simpang 3,lane_1,1,0,0,0,1,0,0,0,3.030303
2026-08-14 12:51:25,Simpang 4,lane_3,2,0,0,1,0,0,1,0,5.882353
2026-08-14 12:51:25,Simpang 4,lane_1,6,0,0,4,1,0,1,0,18.181818
2026-08-14 12:51:25,Simpang 4,lane_2,9,0,0,0,9,0,0,0,27.272727
2026-08-14 12:51:28,Simpang 2,lane_2,2,0,0,2,0,0,0,0,6.060606
2026-08-14 12:51:28,Simpang 2,lane_1,1,0,0,0,1,0,0,0,3.030303
2026-08-14 12:51:28,Simpang 3,lane_2,3,0,0,3,0,0,0,0,9.090909
2026-08-14 12:51:28,Simpang 3,lane_3,2,0,0,0,2,0,0,2,5.882353
2026-08-14 12:51:28,Simpang 3,lane_1,1,0,0,0,1,0,0,0,3.030303
2026-08-14 12:51:28,Simpang 1,lane_2,6,1,0,5,0,0,1,0,18.181818
2026-08-14 12:51:28,Simpang 1,lane_3,1,0,0,1,0,0,0,0,2.941176
2026-08-14 12:51:29,Simpang 4,lane_3,2,0,0,1,0,0,1,0,5.882353
2026-08-14 12:51:29,Simpang 4,lane_1,4,0,0,3,0,0,1,0,12.121212
2026-08-14 12:51:29,Simpang 4,lane_2,6,1,0,0,6,0,0,0,18.181818
2026-08-14 12:51:32,Simpang 3,lane_2,5,0,0,5,0,0,0,0,15.151515
2026-08-14 12:51:32,Simpang 3,lane_3,1,0,0,0,1,0,0,1,2.941176
2026-08-14 12:51:33,Simpang 1,lane_2,6,1,0,5,0,0,1,0,18.181818
2026-08-14 12:51:33,Simpang 1,lane_3,1,0,0,1,0,0,0,0,2.941176
2026-08-14 12:51:33,Simpang 2,lane_2,2,0,0,2,0,0,0,0,6.060606
2026-08-14 12:51:33,Simpang 2,lane_1,1,0,0,0,1,0,0,0,3.030303
2026-08-14 12:51:33,Simpang 4,lane_3,2,0,0,1,0,0,1,0,5.882353
2026-08-14 12:51:33,Simpang 4,lane_1,4,1,0,3,0,0,1,0,12.121212
2026-08-14 12:51:33,Simpang 4,lane_2,7,1,0,0,7,0,0,0,21.212121
2026-08-14 12:51:36,Simpang 3,lane_2,5,0,0,5,0,0,0,0,15.151515
2026-08-14 12:51:36,Simpang 3,lane_3,1,0,0,0,1,0,0,1,2.941176
2026-08-14 12:51:37,Simpang 4,lane_3,2,0,0,1,0,0,1,0,5.882353
2026-08-14 12:51:37,Simpang 4,lane_1,5,1,0,3,1,0,1,0,15.151515
2026-08-14 12:51:37,Simpang 4,lane_2,6,1,0,0,6,0,0,0,18.181818
2026-08-14 12:51:37,Simpang 1,lane_2,5,0,0,5,0,0,0,0,15.151515
2026-08-14 12:51:37,Simpang 1,lane_3,1,0,0,1,0,0,0,0,2.941176
2026-08-14 12:51:37,Simpang 2,lane_2,2,0,0,2,0,0,0,0,6.060606
2026-08-14 12:51:37,Simpang 2,lane_1,1,0,0,0,1,0,0,0,3.030303
2026-08-14 12:51:40,Simpang 3,lane_2,3,0,0,3,0,0,0,0,9.090909
2026-08-14 12:51:40,Simpang 3,lane_3,1,0,0,0,1,0,0,1,2.941176
2026-08-14 12:51:40,Simpang 4,lane_3,2,0,0,1,0,0,1,0,5.882353
2026-08-14 12:51:40,Simpang 4,lane_1,7,1,0,5,1,0,1,0,21.212121
2026-08-14 12:51:40,Simpang 4,lane_2,5,0,0,0,5,0,0,0,15.151515
2026-08-14 12:51:41,Simpang 1,lane_2,5,0,0,5,0,0,0,0,15.151515
2026-08-14 12:51:41,Simpang 1,lane_3,1,0,0,1,0,0,0,0,2.941176
2026-08-14 12:51:41,Simpang 2,lane_2,2,0,0,2,0,0,0,0,6.060606
2026-08-14 12:51:41,Simpang 2,lane_1,1,0,0,0,1,0,0,0,3.030303
2026-08-14 12:51:44,Simpang 3,lane_2,3,0,0,3,0,0,0,0,9.090909
2026-08-14 12:51:44,Simpang 3,lane_3,1,1,0,0,1,0,0,1,2.941176
2026-08-14 12:51:45,Simpang 4,lane_3,2,0,0,1,0,0,1,0,5.882353
2026-08-14 12:51:45,Simpang 4,lane_1,5,2,1,3,1,0,1,0,15.151515
2026-08-14 12:51:45,Simpang 4,lane_2,4,0,0,0,4,0,0,0,12.121212
2026-08-14 12:51:45,Simpang 1,lane_2,5,1,0,5,0,0,0,0,15.151515
2026-08-14 12:51:45,Simpang 1,lane_3,1,0,0,1,0,0,0,0,2.941176
2026-08-14 12:51:45,Simpang 2,lane_2,2,0,0,2,0,0,0,0,6.060606
2026-08-14 12:51:45,Simpang 2,lane_1,1,0,0,0,1,0,0,0,3.030303
2026-08-14 12:51:47,Simpang 3,lane_2,3,0,0,3,0,0,0,0,9.090909
2026-08-14 12:51:47,Simpang 3,lane_3,1,0,0,0,1,0,0,1,2.941176
2026-08-14 12:51:47,Simpang 3,lane_1,1,0,0,0,1,0,0,0,3.030303
2026-08-14 12:51:48,Simpang 4,lane_3,3,0,0,2,0,0,1,0,8.823529
2026-08-14 12:51:48,Simpang 4,lane_1,5,2,1,3,1,0,1,0,15.151515
2026-08-14 12:51:48,Simpang 4,lane_2,4,0,0,0,4,0,0,0,12.121212
2026-08-14 12:51:49,Simpang 2,lane_2,2,0,0,2,0,0,0,0,6.060606
2026-08-14 12:51:49,Simpang 2,lane_1,1,0,0,0,1,0,0,0,3.030303
2026-08-14 12:51:49,Simpang 1,lane_2,5,1,0,5,0,0,0,0,15.151515
2026-08-14 12:51:49,Simpang 1,lane_3,1,0,0,1,0,0,0,0,2.941176
2026-08-14 12:51:51,Simpang 3,lane_2,3,0,0,3,0,0,0,0,9.090909
2026-08-14 12:51:51,Simpang 3,lane_3,1,0,0,0,1,0,0,1,2.941176
2026-08-14 12:51:51,Simpang 3,lane_1,1,0,0,0,1,0,0,0,3.030303
2026-08-14 12:51:52,Simpang 4,lane_3,3,0,0,2,0,0,1,0,8.823529
2026-08-14 12:51:52,Simpang 4,lane_1,4,2,0,3,0,0,1,0,12.121212
2026-08-14 12:51:52,Simpang 4,lane_2,4,0,0,0,4,0,0,0,12.121212
2026-08-14 12:51:53,Simpang 2,lane_2,2,0,0,2,0,0,0,0,6.060606
2026-08-14 12:51:53,Simpang 2,lane_1,1,0,0,0,1,0,0,0,3.030303
2026-08-14 12:51:53,Simpang 1,lane_2,5,1,0,5,0,0,0,0,15.151515
2026-08-14 12:51:53,Simpang 1,lane_3,1,0,0,1,0,0,0,0,2.941176
2026-08-14 12:51:55,Simpang 3,lane_2,3,0,0,3,0,0,0,0,9.090909
2026-08-14 12:51:55,Simpang 3,lane_3,1,0,0,0,1,0,0,1,2.941176
2026-08-14 12:51:55,Simpang 3,lane_1,1,0,0,0,1,0,0,0,3.030303
2026-08-14 12:51:56,Simpang 4,lane_3,3,0,0,2,0,0,1,0,8.823529
2026-08-14 12:51:56,Simpang 4,lane_1,6,1,1,3,2,0,1,0,18.181818
2026-08-14 12:51:56,Simpang 4,lane_2,4,0,0,0,4,0,0,0,12.121212
2026-08-14 12:51:57,Simpang 2,lane_2,2,0,0,2,0,0,0,0,6.060606
2026-08-14 12:51:57,Simpang 2,lane_1,1,0,0,0,1,0,0,0,3.030303
2026-08-14 12:51:58,Simpang 1,lane_2,5,1,0,5,0,0,0,0,15.151515
2026-08-14 12:51:58,Simpang 1,lane_3,1,0,0,1,0,0,0,0,2.941176
2026-08-14 12:51:59,Simpang 3,lane_2,3,0,0,3,0,0,0,0,9.090909
2026-08-14 12:51:59,Simpang 3,lane_3,1,0,0,0,1,0,0,1,2.941176
2026-08-14 12:51:59,Simpang 3,lane_1,1,0,0,0,1,0,0,0,3.030303
2026-08-14 12:52:00,Simpang 4,lane_3,3,0,0,2,0,0,1,0,8.823529
2026-08-14 12:52:00,Simpang 4,lane_1,4,2,0,3,0,0,1,0,12.121212
2026-08-14 12:52:00,Simpang 4,lane_2,3,0,0,0,3,0,0,0,9.090909
2026-08-14 12:52:02,Simpang 2,lane_2,2,0,0,2,0,0,0,0,6.060606
2026-08-14 12:52:02,Simpang 2,lane_1,1,0,0,0,1,0,0,0,3.030303
2026-08-14 12:52:02,Simpang 1,lane_2,6,1,0,5,0,0,1,0,18.181818
2026-08-14 12:52:02,Simpang 1,lane_3,1,0,0,1,0,0,0,0,2.941176
2026-08-14 12:52:04,Simpang 3,lane_2,3,0,0,3,0,0,0,0,9.090909
2026-08-14 12:52:04,Simpang 3,lane_3,1,1,0,0,1,0,0,1,2.941176
2026-08-14 12:52:04,Simpang 3,lane_1,1,0,0,0,1,0,0,0,3.030303
2026-08-14 12:52:05,Simpang 4,lane_3,3,0,0,2,0,0,1,0,8.823529
2026-08-14 12:52:05,Simpang 4,lane_1,4,2,0,3,0,0,1,0,12.121212
2026-08-14 12:52:05,Simpang 4,lane_2,4,0,0,0,4,0,0,0,12.121212
2026-08-14 12:52:06,Simpang 2,lane_2,2,0,0,2,0,0,0,0,6.060606
2026-08-14 12:52:06,Simpang 2,lane_1,1,0,0,0,1,0,0,0,3.030303
2026-08-14 12:52:07,Simpang 1,lane_2,6,1,0,5,0,0,1,0,18.181818
2026-08-14 12:52:07,Simpang 1,lane_3,1,0,0,1,0,0,0,0,2.941176
2026-08-14 12:52:08,Simpang 3,lane_2,3,0,0,3,0,0,0,0,9.090909
2026-08-14 12:52:08,Simpang 3,lane_3,1,1,0,0,1,0,0,1,2.941176
2026-08-14 12:52:08,Simpang 3,lane_1,1,0,0,0,1,0,0,0,3.030303
2026-08-14 12:52:09,Simpang 4,lane_3,3,0,0,2,0,0,1,0,8.823529
2026-08-14 12:52:09,Simpang 4,lane_1,4,0,0,3,0,0,1,0,12.121212
2026-08-14 12:52:09,Simpang 4,lane_2,4,0,0,0,4,0,0,0,12.121212
2026-08-14 12:52:11,Simpang 2,lane_2,2,0,0,2,0,0,0,0,6.060606
2026-08-14 12:52:11,Simpang 2,lane_1,1,0,0,0,1,0,0,0,3.030303
2026-08-14 12:52:11,Simpang 1,lane_2,4,0,0,4,0,0,0,0,12.121212
2026-08-14 12:52:11,Simpang 1,lane_3,1,0,0,1,0,0,0,0,2.941176
2026-08-14 12:52:11,Simpang 3,lane_2,3,0,0,3,0,0,0,0,9.090909
2026-08-14 12:52:11,Simpang 3,lane_3,1,2,0,0,1,0,0,1,2.941176
2026-08-14 12:52:11,Simpang 3,lane_1,1,0,0,0,1,0,0,0,3.030303
2026-08-14 12:52:12,Simpang 4,lane_3,3,0,0,2,0,0,1,0,8.823529
2026-08-14 12:52:12,Simpang 4,lane_1,4,1,0,3,0,0,1,0,12.121212
2026-08-14 12:52:12,Simpang 4,lane_2,4,0,0,0,4,0,0,0,12.121212
2026-08-14 12:52:15,Simpang 2,lane_2,2,0,0,2,0,0,0,0,6.060606
2026-08-14 12:52:15,Simpang 2,lane_1,1,0,0,0,1,0,0,0,3.030303
2026-08-14 12:52:15,Simpang 1,lane_2,5,0,0,5,0,0,0,0,15.151515
2026-08-14 12:52:15,Simpang 1,lane_3,1,0,0,1,0,0,0,0,2.941176
2026-08-14 12:52:15,Simpang 3,lane_2,3,0,0,3,0,0,0,0,9.090909
2026-08-14 12:52:15,Simpang 3,lane_3,1,2,0,0,1,0,0,1,2.941176
2026-08-14 12:52:15,Simpang 3,lane_1,1,0,0,0,1,0,0,0,3.030303
2026-08-14 12:52:16,Simpang 4,lane_3,3,0,0,2,0,0,1,0,8.823529
2026-08-14 12:52:16,Simpang 4,lane_1,5,0,0,3,1,0,1,0,15.151515
2026-08-14 12:52:16,Simpang 4,lane_2,3,0,0,0,3,0,0,0,9.090909
2026-08-14 12:52:19,Simpang 3,lane_2,3,0,0,3,0,0,0,0,9.090909
2026-08-14 12:52:19,Simpang 3,lane_3,1,1,0,0,1,0,0,1,2.941176
2026-08-14 12:52:19,Simpang 3,lane_1,1,0,0,0,1,0,0,0,3.030303
2026-08-14 12:52:19,Simpang 2,lane_2,2,0,0,2,0,0,0,0,6.060606
2026-08-14 12:52:19,Simpang 2,lane_1,1,0,0,0,1,0,0,0,3.030303
2026-08-14 12:52:19,Simpang 1,lane_2,5,0,0,5,0,0,0,0,15.151515
2026-08-14 12:52:19,Simpang 1,lane_3,1,0,0,1,0,0,0,0,2.941176
2026-08-14 12:52:20,Simpang 4,lane_3,2,0,0,1,0,0,1,0,5.882353
2026-08-14 12:52:20,Simpang 4,lane_1,5,1,0,3,1,0,1,0,15.151515
2026-08-14 12:52:20,Simpang 4,lane_2,5,0,0,0,5,0,0,0,15.151515
2026-08-14 12:52:23,Simpang 3,lane_2,3,0,0,3,0,0,0,0,9.090909
2026-08-14 12:52:23,Simpang 3,lane_3,1,1,0,0,1,0,0,1,2.941176
2026-08-14 12:52:23,Simpang 3,lane_1,1,0,0,0,1,0,0,0,3.030303
2026-08-14 12:52:23,Simpang 4,lane_3,3,0,0,2,0,0,1,0,8.823529
2026-08-14 12:52:23,Simpang 4,lane_1,5,0,0,3,1,0,1,0,15.151515
2026-08-14 12:52:23,Simpang 4,lane_2,3,0,0,0,3,0,0,0,9.090909
2026-08-14 12:52:23,Simpang 1,lane_2,5,1,0,5,0,0,0,0,15.151515
2026-08-14 12:52:23,Simpang 1,lane_3,1,0,0,1,0,0,0,0,2.941176
2026-08-14 12:52:23,Simpang 2,lane_2,2,0,0,2,0,0,0,0,6.060606
2026-08-14 12:52:23,Simpang 2,lane_1,1,0,0,0,1,0,0,0,3.030303
2026-08-14 12:52:27,Simpang 3,lane_2,4,0,0,4,0,0,0,0,12.121212
2026-08-14 12:52:27,Simpang 3,lane_3,1,1,0,0,1,0,0,1,2.941176
2026-08-14 12:52:27,Simpang 3,lane_1,1,0,0,0,1,0,0,0,3.030303
2026-08-14 12:52:27,Simpang 4,lane_3,3,0,0,2,0,0,1,0,8.823529
2026-08-14 12:52:27,Simpang 4,lane_1,5,0,0,3,1,0,1,0,15.151515
2026-08-14 12:52:27,Simpang 4,lane_2,3,0,0,0,3,0,0,0,9.090909
2026-08-14 12:52:28,Simpang 1,lane_2,5,1,0,5,0,0,0,0,15.151515
2026-08-14 12:52:28,Simpang 1,lane_3,1,0,0,1,0,0,0,0,2.941176
2026-08-14 12:52:28,Simpang 2,lane_2,2,0,0,2,0,0,0,0,6.060606
2026-08-14 12:52:28,Simpang 2,lane_1,1,0,0,0,1,0,0,0,3.030303
2026-08-14 12:52:31,Simpang 3,lane_2,4,0,0,4,0,0,0,0,12.121212
2026-08-14 12:52:31,Simpang 3,lane_3,3,0,0,0,3,0,0,1,8.823529
2026-08-14 12:52:31,Simpang 3,lane_1,1,0,0,0,1,0,0,0,3.030303
2026-08-14 12:52:31,Simpang 4,lane_3,3,0,0,2,0,0,1,0,8.823529
2026-08-14 12:52:31,Simpang 4,lane_1,5,0,0,3,1,0,1,0,15.151515
2026-08-14 12:52:31,Simpang 4,lane_2,3,0,0,0,3,0,0,0,9.090909
2026-08-14 12:52:32,Simpang 2,lane_2,2,0,0,2,0,0,0,0,6.060606
2026-08-14 12:52:32,Simpang 2,lane_1,1,0,0,0,1,0,0,0,3.030303
2026-08-14 12:52:32,Simpang 1,lane_2,5,1,0,5,0,0,0,0,15.151515
2026-08-14 12:52:32,Simpang 1,lane_3,1,0,0,1,0,0,0,0,2.941176
2026-08-14 12:52:34,Simpang 3,lane_2,4,0,0,4,0,0,0,0,12.121212
2026-08-14 12:52:34,Simpang 3,lane_3,3,0,0,0,3,0,0,1,8.823529
2026-08-14 12:52:34,Simpang 3,lane_1,1,0,0,0,1,0,0,0,3.030303
2026-08-14 12:52:35,Simpang 4,lane_3,3,0,0,2,0,0,1,0,8.823529
2026-08-14 12:52:35,Simpang 4,lane_1,7,0,0,5,1,0,1,0,21.212121
2026-08-14 12:52:35,Simpang 4,lane_2,4,0,0,0,4,0,0,0,12.121212
2026-08-14 12:52:36,Simpang 1,lane_2,5,1,0,5,0,0,0,0,15.151515
2026-08-14 12:52:36,Simpang 1,lane_3,1,0,0,1,0,0,0,0,2.941176
2026-08-14 12:52:36,Simpang 2,lane_2,2,0,0,2,0,0,0,0,6.060606
2026-08-14 12:52:36,Simpang 2,lane_1,1,0,0,0,1,0,0,0,3.030303
2026-08-14 12:52:38,Simpang 3,lane_2,4,0,0,4,0,0,0,0,12.121212
2026-08-14 12:52:38,Simpang 3,lane_3,3,0,0,0,3,0,0,1,8.823529
2026-08-14 12:52:38,Simpang 3,lane_1,1,0,0,0,1,0,0,0,3.030303
2026-08-14 12:52:39,Simpang 4,lane_3,3,0,0,2,0,0,1,0,8.823529
2026-08-14 12:52:39,Simpang 4,lane_1,7,0,0,4,1,0,2,0,21.212121
2026-08-14 12:52:39,Simpang 4,lane_2,3,0,0,0,3,0,0,0,9.090909
2026-08-14 12:52:40,Simpang 1,lane_2,5,1,0,5,0,0,0,0,15.151515
2026-08-14 12:52:40,Simpang 1,lane_3,1,0,0,1,0,0,0,0,2.941176
2026-08-14 12:52:40,Simpang 2,lane_2,2,0,0,2,0,0,0,0,6.060606
2026-08-14 12:52:40,Simpang 2,lane_1,1,0,0,0,1,0,0,0,3.030303
2026-08-14 12:52:42,Simpang 3,lane_2,4,0,0,4,0,0,0,0,12.121212
2026-08-14 12:52:42,Simpang 3,lane_3,3,0,0,0,3,0,0,1,8.823529
2026-08-14 12:52:42,Simpang 3,lane_1,1,0,0,0,1,0,0,0,3.030303
2026-08-14 12:52:43,Simpang 4,lane_3,2,0,0,1,0,0,1,0,5.882353
2026-08-14 12:52:43,Simpang 4,lane_1,6,0,0,4,1,0,1,0,18.181818
2026-08-14 12:52:43,Simpang 4,lane_2,2,0,0,0,2,0,0,0,6.060606
2026-08-14 12:52:45,Simpang 2,lane_2,2,0,0,2,0,0,0,0,6.060606
2026-08-14 12:52:45,Simpang 2,lane_1,1,0,0,0,1,0,0,0,3.030303
2026-08-14 12:52:45,Simpang 1,lane_2,5,1,0,5,0,0,0,0,15.151515
2026-08-14 12:52:45,Simpang 1,lane_3,1,0,0,1,0,0,0,0,2.941176
2026-08-14 12:52:46,Simpang 3,lane_2,4,0,0,4,0,0,0,0,12.121212
2026-08-14 12:52:46,Simpang 3,lane_3,3,0,0,0,3,0,0,1,8.823529
2026-08-14 12:52:47,Simpang 4,lane_3,3,0,0,1,0,0,2,0,8.823529
2026-08-14 12:52:47,Simpang 4,lane_2,3,0,0,0,3,0,0,0,9.090909
2026-08-14 12:52:47,Simpang 4,lane_1,5,0,0,4,1,0,0,0,15.151515
2026-08-14 12:52:49,Simpang 2,lane_2,2,0,0,2,0,0,0,0,6.060606
2026-08-14 12:52:49,Simpang 2,lane_1,1,0,0,0,1,0,0,0,3.030303
2026-08-14 12:52:49,Simpang 1,lane_2,5,1,0,5,0,0,0,0,15.151515
2026-08-14 12:52:49,Simpang 1,lane_3,1,0,0,1,0,0,0,0,2.941176
2026-08-14 12:52:50,Simpang 3,lane_2,4,0,0,4,0,0,0,0,12.121212
2026-08-14 12:52:50,Simpang 3,lane_3,3,0,0,0,3,0,0,2,8.823529
2026-08-14 12:52:51,Simpang 4,lane_3,2,0,0,0,0,0,2,0,5.882353
2026-08-14 12:52:51,Simpang 4,lane_1,7,0,0,4,3,0,0,0,21.212121
2026-08-14 12:52:51,Simpang 4,lane_2,1,0,0,0,1,0,0,0,3.030303
2026-08-14 12:52:53,Simpang 1,lane_2,5,1,0,5,0,0,0,0,15.151515
2026-08-14 12:52:53,Simpang 1,lane_3,1,0,0,1,0,0,0,0,2.941176
2026-08-14 12:52:53,Simpang 2,lane_2,2,0,0,2,0,0,0,0,6.060606
2026-08-14 12:52:53,Simpang 2,lane_1,1,0,0,0,1,0,0,0,3.030303
2026-08-14 12:52:54,Simpang 3,lane_2,4,0,0,4,0,0,0,0,12.121212
2026-08-14 12:52:54,Simpang 3,lane_3,3,0,0,0,3,0,0,2,8.823529
2026-08-14 12:52:55,Simpang 4,lane_3,2,0,0,0,0,0,2,0,5.882353
2026-08-14 12:52:55,Simpang 4,lane_1,7,0,0,3,4,0,0,0,21.212121
2026-08-14 12:52:55,Simpang 4,lane_2,1,0,0,0,1,0,0,0,3.030303
2026-08-14 12:52:58,Simpang 1,lane_2,5,1,0,5,0,0,0,0,15.151515
2026-08-14 12:52:58,Simpang 1,lane_3,1,0,0,1,0,0,0,0,2.941176
2026-08-14 12:52:58,Simpang 2,lane_2,2,0,0,2,0,0,0,0,6.060606
2026-08-14 12:52:58,Simpang 2,lane_1,1,0,0,0,1,0,0,0,3.030303
2026-08-14 12:52:58,Simpang 3,lane_2,4,0,0,4,0,0,0,0,12.121212
2026-08-14 12:52:58,Simpang 3,lane_3,3,0,0,0,3,0,0,2,8.823529
2026-08-14 12:52:59,Simpang 4,lane_3,3,0,0,1,0,0,2,0,8.823529
2026-08-14 12:52:59,Simpang 4,lane_1,7,0,0,4,3,0,0,0,21.212121
2026-08-14 12:52:59,Simpang 4,lane_2,1,0,0,0,1,0,0,0,3.030303
2026-08-14 12:53:02,Simpang 3,lane_2,4,0,0,4,0,0,0,0,12.121212
2026-08-14 12:53:02,Simpang 3,lane_3,3,0,0,0,3,0,0,2,8.823529
2026-08-14 12:53:02,Simpang 1,lane_2,5,1,0,5,0,0,0,0,15.151515
2026-08-14 12:53:02,Simpang 1,lane_3,1,0,0,1,0,0,0,0,2.941176
2026-08-14 12:53:02,Simpang 2,lane_2,2,0,0,2,0,0,0,0,6.060606
2026-08-14 12:53:02,Simpang 2,lane_1,1,0,0,0,1,0,0,0,3.030303
2026-08-14 12:53:04,Simpang 4,lane_3,3,0,0,1,0,0,2,0,8.823529
2026-08-14 12:53:04,Simpang 4,lane_1,9,0,0,5,4,0,0,0,27.272727
2026-08-14 12:53:04,Simpang 4,lane_2,1,0,0,0,1,0,0,0,3.030303
2026-08-14 12:53:06,Simpang 3,lane_2,4,0,0,4,0,0,0,0,12.121212
2026-08-14 12:53:06,Simpang 3,lane_3,3,0,0,0,3,0,0,2,8.823529
2026-08-14 12:53:06,Simpang 2,lane_2,2,0,0,2,0,0,0,0,6.060606
2026-08-14 12:53:06,Simpang 2,lane_1,1,0,0,0,1,0,0,0,3.030303
2026-08-14 12:53:07,Simpang 1,lane_2,5,2,0,5,0,0,0,0,15.151515
2026-08-14 12:53:07,Simpang 1,lane_3,1,0,0,1,0,0,0,0,2.941176
2026-08-14 12:53:07,Simpang 1,lane_1,1,0,0,0,1,0,0,0,3.030303
2026-08-14 12:53:08,Simpang 4,lane_3,3,0,0,1,0,0,2,0,8.823529
2026-08-14 12:53:08,Simpang 4,lane_1,5,0,0,3,2,0,0,0,15.151515
2026-08-14 12:53:08,Simpang 4,lane_2,1,0,0,0,1,0,0,0,3.030303
2026-08-14 12:53:10,Simpang 3,lane_2,4,0,0,4,0,0,0,0,12.121212
2026-08-14 12:53:10,Simpang 3,lane_3,3,0,0,0,3,0,0,2,8.823529
2026-08-14 12:53:11,Simpang 2,lane_2,2,0,0,2,0,0,0,0,6.060606
2026-08-14 12:53:11,Simpang 2,lane_1,1,0,0,0,1,0,0,0,3.030303
2026-08-14 12:53:11,Simpang 1,lane_2,5,2,0,5,0,0,0,0,15.151515
2026-08-14 12:53:11,Simpang 1,lane_3,1,0,0,1,0,0,0,0,2.941176
2026-08-14 12:53:11,Simpang 1,lane_1,1,0,0,0,1,0,0,0,3.030303
2026-08-14 12:53:11,Simpang 4,lane_3,4,0,0,2,0,0,2,0,11.764706
2026-08-14 12:53:11,Simpang 4,lane_1,7,0,0,4,3,0,0,0,21.212121
2026-08-14 12:53:14,Simpang 3,lane_2,4,0,0,4,0,0,0,0,12.121212
2026-08-14 12:53:14,Simpang 3,lane_3,3,0,0,0,3,0,0,2,8.823529
2026-08-14 12:53:16,Simpang 4,lane_3,4,0,0,2,0,0,2,0,11.764706
2026-08-14 12:53:16,Simpang 4,lane_1,5,0,0,2,3,0,0,0,15.151515
2026-08-14 12:53:16,Simpang 4,lane_2,1,0,0,0,1,0,0,0,3.030303
2026-08-14 12:53:16,Simpang 2,lane_2,2,0,0,2,0,0,0,0,6.060606
2026-08-14 12:53:16,Simpang 2,lane_1,1,0,0,0,1,0,0,0,3.030303
2026-08-14 12:53:16,Simpang 1,lane_2,5,1,0,5,0,0,0,0,15.151515
2026-08-14 12:53:16,Simpang 1,lane_3,1,0,0,1,0,0,0,0,2.941176
2026-08-14 12:53:18,Simpang 3,lane_2,4,0,0,4,0,0,0,0,12.121212
2026-08-14 12:53:18,Simpang 3,lane_3,3,0,0,0,3,0,0,2,8.823529
2026-08-14 12:53:19,Simpang 4,lane_3,4,0,0,2,0,0,2,0,11.764706
2026-08-14 12:53:19,Simpang 4,lane_1,7,0,0,2,5,0,0,0,21.212121
2026-08-14 12:53:19,Simpang 4,lane_2,1,0,0,0,1,0,0,0,3.030303
2026-08-14 12:53:20,Simpang 2,lane_2,2,0,0,2,0,0,0,0,6.060606
2026-08-14 12:53:20,Simpang 2,lane_1,1,0,0,0,1,0,0,0,3.030303
2026-08-14 12:53:20,Simpang 1,lane_2,6,1,0,6,0,0,0,0,18.181818
2026-08-14 12:53:20,Simpang 1,lane_3,1,0,0,1,0,0,0,0,2.941176
2026-08-14 12:53:22,Simpang 3,lane_2,3,0,0,3,0,0,0,0,9.090909
2026-08-14 12:53:22,Simpang 3,lane_3,3,0,0,0,3,0,0,2,8.823529
2026-08-14 12:53:23,Simpang 4,lane_3,2,0,0,1,0,0,1,0,5.882353
2026-08-14 12:53:23,Simpang 4,lane_1,3,0,0,2,1,0,0,0,9.090909
2026-08-14 12:53:24,Simpang 2,lane_2,2,0,0,2,0,0,0,0,6.060606
2026-08-14 12:53:24,Simpang 2,lane_1,1,0,0,0,1,0,0,0,3.030303
2026-08-14 12:53:24,Simpang 1,lane_2,6,1,0,6,0,0,0,0,18.181818
2026-08-14 12:53:24,Simpang 1,lane_3,1,0,0,1,0,0,0,0,2.941176
2026-08-14 12:53:26,Simpang 3,lane_2,3,0,0,3,0,0,0,0,9.090909
2026-08-14 12:53:26,Simpang 3,lane_3,3,0,0,0,3,0,0,2,8.823529
2026-08-14 12:53:27,Simpang 4,lane_3,2,0,0,1,0,0,1,0,5.882353
2026-08-14 12:53:27,Simpang 4,lane_1,5,1,0,2,3,0,0,0,15.151515
2026-08-14 12:53:28,Simpang 2,lane_2,2,0,0,2,0,0,0,0,6.060606
2026-08-14 12:53:28,Simpang 2,lane_1,1,0,0,0,1,0,0,0,3.030303
2026-08-14 12:53:28,Simpang 1,lane_2,5,1,0,5,0,0,0,0,15.151515
2026-08-14 12:53:28,Simpang 1,lane_3,1,0,0,1,0,0,0,0,2.941176
2026-08-14 12:53:30,Simpang 3,lane_2,3,0,0,3,0,0,0,0,9.090909
2026-08-14 12:53:30,Simpang 3,lane_3,3,0,0,0,3,0,0,2,8.823529
2026-08-14 12:53:31,Simpang 4,lane_3,2,0,0,1,0,0,1,0,5.882353
2026-08-14 12:53:31,Simpang 4,lane_1,6,1,0,3,3,0,0,0,18.181818
2026-08-14 12:53:31,Simpang 4,lane_2,1,0,0,0,1,0,0,0,3.030303
2026-08-14 12:53:32,Simpang 2,lane_2,2,0,0,2,0,0,0,0,6.060606
2026-08-14 12:53:32,Simpang 2,lane_1,1,0,0,0,1,0,0,0,3.030303
2026-08-14 12:53:33,Simpang 1,lane_2,5,1,0,5,0,0,0,0,15.151515
2026-08-14 12:53:33,Simpang 1,lane_3,1,0,0,1,0,0,0,0,2.941176
2026-08-14 12:53:33,Simpang 1,lane_1,1,0,0,0,1,0,0,0,3.030303
2026-08-14 12:53:33,Simpang 3,lane_2,3,0,0,3,0,0,0,0,9.090909
2026-08-14 12:53:33,Simpang 3,lane_3,3,0,0,0,3,0,0,2,8.823529
2026-08-14 12:53:35,Simpang 4,lane_3,3,0,0,2,0,0,1,0,8.823529
2026-08-14 12:53:35,Simpang 4,lane_1,6,0,0,3,3,0,0,0,18.181818
2026-08-14 12:53:35,Simpang 4,lane_2,1,0,0,1,0,0,0,0,3.030303
2026-08-14 12:53:36,Simpang 2,lane_2,2,0,0,2,0,0,0,0,6.060606
2026-08-14 12:53:36,Simpang 2,lane_1,1,0,0,0,1,0,0,0,3.030303
2026-08-14 12:53:37,Simpang 1,lane_2,5,1,0,5,0,0,0,0,15.151515
2026-08-14 12:53:37,Simpang 1,lane_3,1,0,0,1,0,0,0,0,2.941176
2026-08-14 12:53:37,Simpang 1,lane_1,1,0,0,0,1,0,0,0,3.030303
2026-08-14 12:53:37,Simpang 3,lane_2,3,0,0,3,0,0,0,0,9.090909
2026-08-14 12:53:37,Simpang 3,lane_3,3,1,0,0,3,0,0,2,8.823529
2026-08-14 12:53:37,Simpang 3,lane_1,1,0,0,0,1,0,0,0,3.030303
2026-08-14 12:53:39,Simpang 4,lane_3,3,0,0,2,0,0,1,0,8.823529
2026-08-14 12:53:39,Simpang 4,lane_1,5,0,0,2,3,0,0,0,15.151515
2026-08-14 12:53:39,Simpang 4,lane_2,3,0,0,1,2,0,0,0,9.090909
2026-08-14 12:53:41,Simpang 2,lane_2,2,0,0,2,0,0,0,0,6.060606
2026-08-14 12:53:41,Simpang 2,lane_1,1,0,0,0,1,0,0,0,3.030303
2026-08-14 12:53:41,Simpang 3,lane_2,3,0,0,3,0,0,0,0,9.090909
2026-08-14 12:53:41,Simpang 3,lane_3,3,0,0,0,3,0,0,2,8.823529
2026-08-14 12:53:41,Simpang 3,lane_1,1,0,0,0,1,0,0,0,3.030303
2026-08-14 12:53:41,Simpang 1,lane_2,4,1,0,4,0,0,0,0,12.121212
2026-08-14 12:53:41,Simpang 1,lane_3,1,0,0,1,0,0,0,0,2.941176
2026-08-14 12:53:43,Simpang 4,lane_3,3,0,0,2,0,0,1,0,8.823529
2026-08-14 12:53:43,Simpang 4,lane_1,7,0,0,3,4,0,0,0,21.212121
2026-08-14 12:53:43,Simpang 4,lane_2,3,0,0,1,2,0,0,0,9.090909
2026-08-14 12:53:45,Simpang 3,lane_2,3,0,0,3,0,0,0,0,9.090909
2026-08-14 12:53:45,Simpang 3,lane_3,3,0,0,0,3,0,0,2,8.823529
2026-08-14 12:53:45,Simpang 3,lane_1,1,0,0,0,1,0,0,0,3.030303
2026-08-14 12:53:45,Simpang 2,lane_2,2,0,0,2,0,0,0,0,6.060606
2026-08-14 12:53:45,Simpang 2,lane_1,1,0,0,0,1,0,0,0,3.030303
2026-08-14 12:53:45,Simpang 1,lane_2,4,1,0,4,0,0,0,0,12.121212
2026-08-14 12:53:45,Simpang 1,lane_3,1,0,0,1,0,0,0,0,2.941176
2026-08-14 12:53:47,Simpang 4,lane_3,3,0,0,2,0,0,1,0,8.823529
2026-08-14 12:53:47,Simpang 4,lane_1,7,0,0,3,4,0,0,0,21.212121
2026-08-14 12:53:47,Simpang 4,lane_2,2,0,0,1,1,0,0,0,6.060606
2026-08-14 12:53:49,Simpang 3,lane_2,3,0,0,3,0,0,0,0,9.090909
2026-08-14 12:53:49,Simpang 3,lane_3,3,0,0,0,3,0,0,2,8.823529
2026-08-14 12:53:49,Simpang 3,lane_1,1,0,0,0,1,0,0,0,3.030303
2026-08-14 12:53:49,Simpang 2,lane_2,2,0,0,2,0,0,0,0,6.060606
2026-08-14 12:53:49,Simpang 2,lane_1,1,0,0,0,1,0,0,0,3.030303
2026-08-14 12:53:50,Simpang 1,lane_2,4,1,0,4,0,0,0,0,12.121212
2026-08-14 12:53:50,Simpang 1,lane_3,1,0,0,1,0,0,0,0,2.941176
2026-08-14 12:53:52,Simpang 4,lane_3,3,0,0,2,0,0,1,0,8.823529
2026-08-14 12:53:52,Simpang 4,lane_1,8,0,0,4,4,0,0,0,24.242424
2026-08-14 12:53:53,Simpang 3,lane_2,3,0,0,3,0,0,0,0,9.090909
2026-08-14 12:53:53,Simpang 3,lane_3,3,0,0,0,3,0,0,2,8.823529
2026-08-14 12:53:54,Simpang 2,lane_2,2,0,0,2,0,0,0,0,6.060606
2026-08-14 12:53:54,Simpang 2,lane_1,1,0,0,0,1,0,0,0,3.030303
2026-08-14 12:53:54,Simpang 1,lane_2,5,1,0,5,0,0,0,0,15.151515
2026-08-14 12:53:54,Simpang 1,lane_3,1,0,0,1,0,0,0,0,2.941176
2026-08-14 12:53:56,Simpang 4,lane_3,3,0,0,2,0,0,1,0,8.823529
2026-08-14 12:53:56,Simpang 4,lane_1,7,0,0,4,3,0,0,0,21.212121
2026-08-14 12:53:56,Simpang 4,lane_2,2,0,0,1,1,0,0,0,6.060606
2026-08-14 12:53:57,Simpang 3,lane_2,3,0,0,3,0,0,0,0,9.090909
2026-08-14 12:53:57,Simpang 3,lane_3,3,0,0,0,3,0,0,2,8.823529
2026-08-14 12:53:58,Simpang 2,lane_2,2,0,0,2,0,0,0,0,6.060606
2026-08-14 12:53:58,Simpang 2,lane_1,1,0,0,0,1,0,0,0,3.030303
2026-08-14 12:53:59,Simpang 1,lane_2,5,1,0,5,0,0,0,0,15.151515
2026-08-14 12:53:59,Simpang 4,lane_2,3,0,0,1,1,0,1,0,9.090909
2026-08-14 12:53:59,Simpang 4,lane_1,9,0,0,4,5,0,0,0,27.272727
2026-08-14 12:53:59,Simpang 4,lane_3,2,0,0,2,0,0,0,0,5.882353
2026-08-14 12:54:01,Simpang 3,lane_2,3,0,0,3,0,0,0,0,9.090909
2026-08-14 12:54:01,Simpang 3,lane_3,3,0,0,0,3,0,0,2,8.823529
2026-08-14 12:54:03,Simpang 2,lane_2,2,0,0,2,0,0,0,0,6.060606
2026-08-14 12:54:03,Simpang 2,lane_1,1,0,0,0,1,0,0,0,3.030303
2026-08-14 12:54:03,Simpang 1,lane_2,5,2,0,5,0,0,0,0,15.151515
2026-08-14 12:54:04,Simpang 4,lane_2,2,0,0,0,1,0,1,0,6.060606
2026-08-14 12:54:04,Simpang 4,lane_1,7,0,0,2,5,0,0,0,21.212121
2026-08-14 12:54:04,Simpang 4,lane_3,1,0,0,1,0,0,0,0,2.941176
2026-08-14 12:54:05,Simpang 3,lane_2,3,0,0,3,0,0,0,0,9.090909
2026-08-14 12:54:05,Simpang 3,lane_3,3,0,0,0,3,0,0,2,8.823529
2026-08-14 12:54:07,Simpang 2,lane_2,2,0,0,2,0,0,0,0,6.060606
2026-08-14 12:54:07,Simpang 2,lane_1,1,0,0,0,1,0,0,0,3.030303
2026-08-14 12:54:08,Simpang 4,lane_2,2,0,0,0,1,0,1,0,6.060606
2026-08-14 12:54:08,Simpang 4,lane_1,8,0,0,3,5,0,0,0,24.242424
2026-08-14 12:54:08,Simpang 4,lane_3,1,0,0,1,0,0,0,0,2.941176
2026-08-14 12:54:08,Simpang 1,lane_2,5,2,0,5,0,0,0,0,15.151515
2026-08-14 12:54:09,Simpang 3,lane_2,3,0,0,3,0,0,0,0,9.090909
2026-08-14 12:54:09,Simpang 3,lane_3,3,0,0,0,3,0,0,2,8.823529
2026-08-14 12:54:11,Simpang 2,lane_2,2,0,0,2,0,0,0,0,6.060606
2026-08-14 12:54:11,Simpang 2,lane_1,1,0,0,0,1,0,0,0,3.030303
2026-08-14 12:54:12,Simpang 4,lane_2,2,0,0,1,0,0,1,0,6.060606
2026-08-14 12:54:12,Simpang 4,lane_1,6,0,0,3,3,0,0,0,18.181818
2026-08-14 12:54:12,Simpang 4,lane_3,1,0,0,1,0,0,0,0,2.941176
2026-08-14 12:54:12,Simpang 1,lane_2,5,1,0,4,0,0,1,0,15.151515
2026-08-14 12:54:13,Simpang 3,lane_2,3,0,0,3,0,0,0,0,9.090909
2026-08-14 12:54:13,Simpang 3,lane_3,3,0,0,0,3,0,0,2,8.823529
2026-08-14 12:54:15,Simpang 4,lane_2,1,0,0,0,0,0,1,0,3.030303
2026-08-14 12:54:15,Simpang 4,lane_1,4,0,0,3,1,0,0,0,12.121212
2026-08-14 12:54:15,Simpang 4,lane_3,2,0,0,2,0,0,0,0,5.882353
2026-08-14 12:54:16,Simpang 2,lane_2,2,0,0,2,0,0,0,0,6.060606
2026-08-14 12:54:16,Simpang 2,lane_1,1,0,0,0,1,0,0,0,3.030303
2026-08-14 12:54:16,Simpang 1,lane_2,6,1,0,5,0,0,1,0,18.181818
2026-08-14 12:54:17,Simpang 3,lane_2,3,0,0,3,0,0,0,0,9.090909
2026-08-14 12:54:17,Simpang 3,lane_3,3,0,0,0,3,0,0,2,8.823529
2026-08-14 12:54:19,Simpang 4,lane_2,1,0,0,0,0,0,1,0,3.030303
2026-08-14 12:54:19,Simpang 4,lane_1,4,0,0,3,1,0,0,0,12.121212
2026-08-14 12:54:19,Simpang 4,lane_3,2,0,0,2,0,0,0,0,5.882353
2026-08-14 12:54:20,Simpang 2,lane_2,2,0,0,2,0,0,0,0,6.060606
2026-08-14 12:54:20,Simpang 2,lane_1,1,0,0,0,1,0,0,0,3.030303
2026-08-14 12:54:20,Simpang 1,lane_2,6,1,0,6,0,0,0,0,18.181818
2026-08-14 12:54:21,Simpang 3,lane_2,2,0,0,2,0,0,0,0,6.060606
2026-08-14 12:54:21,Simpang 3,lane_3,3,0,0,0,3,0,0,2,8.823529
2026-08-14 12:54:21,Simpang 3,lane_1,1,0,0,0,1,0,0,0,3.030303
2026-08-14 12:54:23,Simpang 4,lane_2,1,0,0,0,0,0,1,0,3.030303
2026-08-14 12:54:23,Simpang 4,lane_1,3,0,0,1,2,0,0,0,9.090909
2026-08-14 12:54:23,Simpang 4,lane_3,2,0,0,2,0,0,0,0,5.882353
2026-08-14 12:54:24,Simpang 2,lane_2,2,0,0,2,0,0,0,0,6.060606
2026-08-14 12:54:24,Simpang 2,lane_1,1,0,0,0,1,0,0,0,3.030303
2026-08-14 12:54:24,Simpang 3,lane_2,2,0,0,2,0,0,0,0,6.060606
2026-08-14 12:54:24,Simpang 3,lane_3,4,0,0,0,4,0,0,2,11.764706
2026-08-14 12:54:24,Simpang 3,lane_1,1,0,0,0,1,0,0,0,3.030303
2026-08-14 12:54:24,Simpang 1,lane_2,6,1,0,6,0,0,0,0,18.181818
2026-08-14 12:54:27,Simpang 4,lane_2,2,0,0,1,0,0,1,0,6.060606
2026-08-14 12:54:27,Simpang 4,lane_1,3,0,0,2,1,0,0,0,9.090909
2026-08-14 12:54:27,Simpang 4,lane_3,2,0,0,2,0,0,0,0,5.882353
2026-08-14 12:54:28,Simpang 3,lane_2,3,0,0,3,0,0,0,0,9.090909
2026-08-14 12:54:28,Simpang 3,lane_3,4,0,0,0,4,0,0,2,11.764706
2026-08-14 12:54:28,Simpang 3,lane_1,1,0,0,0,1,0,0,0,3.030303
2026-08-14 12:54:28,Simpang 2,lane_2,2,0,0,2,0,0,0,0,6.060606
2026-08-14 12:54:28,Simpang 2,lane_1,1,0,0,0,1,0,0,0,3.030303
2026-08-14 12:54:29,Simpang 1,lane_2,6,1,0,5,0,0,1,0,18.181818
2026-08-14 12:54:31,Simpang 4,lane_2,2,0,0,1,0,0,1,0,6.060606
2026-08-14 12:54:31,Simpang 4,lane_1,3,0,0,2,1,0,0,0,9.090909
2026-08-14 12:54:31,Simpang 4,lane_3,2,0,0,2,0,0,0,0,5.882353
2026-08-14 12:54:32,Simpang 3,lane_2,3,0,0,3,0,0,0,0,9.090909
2026-08-14 12:54:32,Simpang 3,lane_3,4,0,0,0,4,0,0,2,11.764706
2026-08-14 12:54:32,Simpang 3,lane_1,1,0,0,0,1,0,0,0,3.030303
2026-08-14 12:54:33,Simpang 2,lane_2,2,0,0,2,0,0,0,0,6.060606
2026-08-14 12:54:33,Simpang 2,lane_1,1,0,0,0,1,0,0,0,3.030303
2026-08-14 12:54:33,Simpang 1,lane_2,6,1,0,5,0,0,1,0,18.181818
2026-08-14 12:54:35,Simpang 4,lane_2,2,0,0,1,0,0,1,0,6.060606
2026-08-14 12:54:35,Simpang 4,lane_1,4,0,0,3,1,0,0,0,12.121212
2026-08-14 12:54:35,Simpang 4,lane_3,2,0,0,2,0,0,0,0,5.882353
2026-08-14 12:54:36,Simpang 3,lane_2,3,0,0,3,0,0,0,0,9.090909
2026-08-14 12:54:36,Simpang 3,lane_3,4,0,0,0,4,0,0,2,11.764706
2026-08-14 12:54:36,Simpang 3,lane_1,1,0,0,0,1,0,0,0,3.030303
2026-08-14 12:54:37,Simpang 2,lane_2,2,0,0,2,0,0,0,0,6.060606
2026-08-14 12:54:37,Simpang 2,lane_1,1,0,0,0,1,0,0,0,3.030303
2026-08-14 12:54:38,Simpang 1,lane_2,6,1,0,5,0,0,1,0,18.181818
2026-08-14 12:54:39,Simpang 4,lane_2,2,0,0,1,0,0,1,0,6.060606
2026-08-14 12:54:39,Simpang 4,lane_1,3,0,0,1,2,0,0,0,9.090909
2026-08-14 12:54:39,Simpang 4,lane_3,2,0,0,2,0,0,0,0,5.882353
2026-08-14 12:54:40,Simpang 3,lane_2,3,0,0,3,0,0,0,0,9.090909
2026-08-14 12:54:40,Simpang 3,lane_3,4,0,0,0,4,0,0,2,11.764706
2026-08-14 12:54:40,Simpang 3,lane_1,1,0,0,0,1,0,0,0,3.030303
2026-08-14 12:54:42,Simpang 2,lane_2,2,0,0,2,0,0,0,0,6.060606
2026-08-14 12:54:42,Simpang 2,lane_1,1,0,0,0,1,0,0,0,3.030303
2026-08-14 12:54:42,Simpang 1,lane_2,4,1,0,4,0,0,0,0,12.121212
2026-08-14 12:54:43,Simpang 4,lane_2,2,0,0,1,0,0,1,0,6.060606
2026-08-14 12:54:43,Simpang 4,lane_1,5,0,0,2,3,0,0,0,15.151515
2026-08-14 12:54:43,Simpang 4,lane_3,2,0,0,2,0,0,0,0,5.882353
2026-08-14 12:54:44,Simpang 3,lane_2,3,1,0,3,0,0,0,0,9.090909
2026-08-14 12:54:44,Simpang 3,lane_3,4,0,0,0,4,0,0,2,11.764706
2026-08-14 12:54:44,Simpang 3,lane_1,1,0,0,0,1,0,0,0,3.030303
2026-08-14 12:54:46,Simpang 2,lane_2,2,0,0,2,0,0,0,0,6.060606
2026-08-14 12:54:46,Simpang 2,lane_1,1,0,0,0,1,0,0,0,3.030303
2026-08-14 12:54:46,Simpang 1,lane_2,5,1,0,4,1,0,0,0,15.151515
2026-08-14 12:54:47,Simpang 4,lane_2,2,0,0,1,0,0,1,0,6.060606
2026-08-14 12:54:47,Simpang 4,lane_1,4,0,0,2,2,0,0,0,12.121212
2026-08-14 12:54:47,Simpang 4,lane_3,2,0,0,2,0,0,0,0,5.882353
2026-08-14 12:54:48,Simpang 3,lane_2,3,1,0,3,0,0,0,0,9.090909
2026-08-14 12:54:48,Simpang 3,lane_3,4,0,0,0,4,0,0,2,11.764706
2026-08-14 12:54:48,Simpang 3,lane_1,1,0,0,0,1,0,0,0,3.030303
2026-08-14 12:54:50,Simpang 2,lane_2,2,0,0,2,0,0,0,0,6.060606
2026-08-14 12:54:50,Simpang 2,lane_1,1,0,0,0,1,0,0,0,3.030303
2026-08-14 12:54:51,Simpang 1,lane_2,6,1,0,5,1,0,0,0,18.181818
2026-08-14 12:54:51,Simpang 4,lane_2,2,0,0,1,0,0,1,0,6.060606
2026-08-14 12:54:51,Simpang 4,lane_1,4,0,0,2,2,0,0,0,12.121212
2026-08-14 12:54:51,Simpang 4,lane_3,2,0,0,2,0,0,0,0,5.882353
2026-08-14 12:54:52,Simpang 3,lane_2,3,2,0,3,0,0,0,0,9.090909
2026-08-14 12:54:52,Simpang 3,lane_3,4,0,0,0,4,0,0,2,11.764706
2026-08-14 12:54:52,Simpang 3,lane_1,1,0,0,0,1,0,0,0,3.030303
2026-08-14 12:54:54,Simpang 2,lane_2,2,0,0,2,0,0,0,0,6.060606
2026-08-14 12:54:54,Simpang 2,lane_1,1,0,0,0,1,0,0,0,3.030303
2026-08-14 12:54:55,Simpang 4,lane_1,3,0,0,2,1,0,0,0,9.090909
2026-08-14 12:54:55,Simpang 4,lane_3,2,0,0,2,0,0,0,0,5.882353
2026-08-14 12:54:55,Simpang 4,lane_2,1,0,0,1,0,0,0,0,3.030303
2026-08-14 12:54:55,Simpang 1,lane_2,7,1,0,5,2,0,0,0,21.212121
2026-08-14 12:54:55,Simpang 1,lane_1,1,0,0,1,0,0,0,0,3.030303
2026-08-14 12:54:56,Simpang 3,lane_2,4,1,0,4,0,0,0,0,12.121212
2026-08-14 12:54:56,Simpang 3,lane_3,4,0,0,0,4,0,0,2,11.764706
2026-08-14 12:54:56,Simpang 3,lane_1,1,0,0,0,1,0,0,0,3.030303
2026-08-14 12:54:58,Simpang 2,lane_2,2,0,0,2,0,0,0,0,6.060606
2026-08-14 12:54:58,Simpang 2,lane_1,1,0,0,0,1,0,0,0,3.030303
2026-08-14 12:54:59,Simpang 4,lane_1,4,0,0,2,2,0,0,0,12.121212
2026-08-14 12:54:59,Simpang 4,lane_3,2,0,0,2,0,0,0,0,5.882353
2026-08-14 12:54:59,Simpang 4,lane_2,2,0,0,1,0,0,1,0,6.060606
2026-08-14 12:54:59,Simpang 1,lane_2,5,1,0,4,1,0,0,0,15.151515
2026-08-14 12:54:59,Simpang 1,lane_1,1,0,0,1,0,0,0,0,3.030303
2026-08-14 12:54:59,Simpang 3,lane_2,4,1,0,4,0,0,0,0,12.121212
2026-08-14 12:54:59,Simpang 3,lane_3,4,0,0,0,4,0,0,2,11.764706
2026-08-14 12:54:59,Simpang 3,lane_1,1,0,0,0,1,0,0,0,3.030303
2026-08-14 12:55:03,Simpang 4,lane_1,5,0,0,2,3,0,0,0,15.151515
2026-08-14 12:55:03,Simpang 4,lane_3,2,0,0,2,0,0,0,0,5.882353
2026-08-14 12:55:03,Simpang 4,lane_2,3,0,0,1,1,0,1,0,9.090909
2026-08-14 12:55:03,Simpang 2,lane_2,2,0,0,2,0,0,0,0,6.060606
2026-08-14 12:55:03,Simpang 2,lane_1,1,0,0,0,1,0,0,0,3.030303
2026-08-14 12:55:03,Simpang 3,lane_2,4,0,0,4,0,0,0,0,12.121212
2026-08-14 12:55:03,Simpang 3,lane_3,4,0,0,0,4,0,0,2,11.764706
2026-08-14 12:55:03,Simpang 3,lane_1,1,0,0,0,1,0,0,0,3.030303
2026-08-14 12:55:04,Simpang 1,lane_2,5,1,0,4,1,0,0,0,15.151515
2026-08-14 12:55:04,Simpang 1,lane_1,1,0,0,1,0,0,0,0,3.030303
2026-08-14 12:55:04,Simpang 1,lane_3,0,1,0,0,0,0,0,0,0.0
2026-08-14 12:55:06,Simpang 4,lane_1,4,0,0,2,2,0,0,0,12.121212
2026-08-14 12:55:06,Simpang 4,lane_3,1,0,0,1,0,0,0,0,2.941176
2026-08-14 12:55:06,Simpang 4,lane_2,2,0,0,1,0,0,1,0,6.060606
2026-08-14 12:55:07,Simpang 2,lane_2,2,0,0,2,0,0,0,0,6.060606
2026-08-14 12:55:07,Simpang 2,lane_1,1,0,0,0,1,0,0,0,3.030303
2026-08-14 12:55:07,Simpang 3,lane_2,3,0,0,3,0,0,0,0,9.090909
2026-08-14 12:55:07,Simpang 3,lane_3,4,0,0,0,4,0,0,2,11.764706
2026-08-14 12:55:07,Simpang 3,lane_1,1,0,0,0,1,0,0,0,3.030303
2026-08-14 12:55:08,Simpang 1,lane_2,5,1,0,4,1,0,0,0,15.151515
2026-08-14 12:55:08,Simpang 1,lane_1,1,0,0,1,0,0,0,0,3.030303
2026-08-14 12:55:08,Simpang 1,lane_3,0,1,0,0,0,0,0,0,0.0
2026-08-14 12:55:10,Simpang 4,lane_1,6,0,0,3,3,0,0,0,18.181818
2026-08-14 12:55:10,Simpang 4,lane_3,1,0,0,1,0,0,0,0,2.941176
2026-08-14 12:55:10,Simpang 4,lane_2,2,0,0,1,0,0,1,0,6.060606
2026-08-14 12:55:11,Simpang 2,lane_2,2,0,0,2,0,0,0,0,6.060606
2026-08-14 12:55:11,Simpang 2,lane_1,1,0,0,0,1,0,0,0,3.030303
2026-08-14 12:55:11,Simpang 3,lane_2,3,0,0,3,0,0,0,0,9.090909
2026-08-14 12:55:11,Simpang 3,lane_3,4,0,0,0,4,0,0,2,11.764706
2026-08-14 12:55:11,Simpang 3,lane_1,1,0,0,0,1,0,0,0,3.030303
2026-08-14 12:55:12,Simpang 1,lane_2,5,1,0,5,0,0,0,0,15.151515
2026-08-14 12:55:14,Simpang 4,lane_1,6,0,0,3,3,0,0,0,18.181818
2026-08-14 12:55:14,Simpang 4,lane_3,2,0,0,2,0,0,0,0,5.882353
2026-08-14 12:55:14,Simpang 4,lane_2,2,0,0,1,0,0,1,0,6.060606
2026-08-14 12:55:15,Simpang 3,lane_2,3,0,0,3,0,0,0,0,9.090909
2026-08-14 12:55:15,Simpang 3,lane_3,4,0,0,0,4,0,0,2,11.764706
2026-08-14 12:55:15,Simpang 3,lane_1,1,0,0,0,1,0,0,0,3.030303
2026-08-14 12:55:15,Simpang 2,lane_2,2,0,0,2,0,0,0,0,6.060606
2026-08-14 12:55:15,Simpang 2,lane_1,1,0,0,0,1,0,0,0,3.030303
2026-08-14 12:55:16,Simpang 1,lane_2,5,1,0,5,0,0,0,0,15.151515
2026-08-14 12:55:16,Simpang 1,lane_1,1,0,0,1,0,0,0,0,3.030303
2026-08-14 12:55:18,Simpang 4,lane_1,5,0,0,3,2,0,0,0,15.151515
2026-08-14 12:55:18,Simpang 4,lane_3,2,0,0,2,0,0,0,0,5.882353
2026-08-14 12:55:18,Simpang 4,lane_2,2,0,0,1,0,0,1,0,6.060606
2026-08-14 12:55:19,Simpang 3,lane_2,3,0,0,3,0,0,0,0,9.090909
2026-08-14 12:55:19,Simpang 3,lane_3,4,0,0,0,4,0,0,2,11.764706
2026-08-14 12:55:19,Simpang 3,lane_1,1,0,0,0,1,0,0,0,3.030303
2026-08-14 12:55:20,Simpang 2,lane_2,2,0,0,2,0,0,0,0,6.060606
2026-08-14 12:55:20,Simpang 2,lane_1,1,0,0,0,1,0,0,0,3.030303
2026-08-14 12:55:21,Simpang 1,lane_2,6,1,0,5,1,0,0,0,18.181818
2026-08-14 12:55:21,Simpang 1,lane_1,1,0,0,1,0,0,0,0,3.030303
2026-08-14 12:55:21,Simpang 1,lane_3,0,1,0,0,0,0,0,0,0.0
2026-08-14 12:55:23,Simpang 4,lane_1,6,0,0,3,3,0,0,0,18.181818
2026-08-14 12:55:23,Simpang 4,lane_3,2,0,0,2,0,0,0,0,5.882353
2026-08-14 12:55:23,Simpang 4,lane_2,2,0,0,1,0,0,1,0,6.060606
2026-08-14 12:55:23,Simpang 3,lane_2,3,0,0,3,0,0,0,0,9.090909
2026-08-14 12:55:23,Simpang 3,lane_3,4,0,0,0,4,0,0,2,11.764706
2026-08-14 12:55:23,Simpang 3,lane_1,1,0,0,0,1,0,0,0,3.030303
2026-08-14 12:55:24,Simpang 2,lane_2,2,0,0,2,0,0,0,0,6.060606
2026-08-14 12:55:24,Simpang 2,lane_1,1,0,0,0,1,0,0,0,3.030303
2026-08-14 12:55:25,Simpang 1,lane_2,6,1,0,5,1,0,0,0,18.181818
2026-08-14 12:55:25,Simpang 1,lane_1,1,0,0,1,0,0,0,0,3.030303
2026-08-14 12:55:25,Simpang 1,lane_3,0,1,0,0,0,0,0,0,0.0
2026-08-14 12:55:27,Simpang 4,lane_1,6,0,0,3,3,0,0,0,18.181818
2026-08-14 12:55:27,Simpang 4,lane_3,2,0,0,2,0,0,0,0,5.882353
2026-08-14 12:55:27,Simpang 4,lane_2,2,0,0,1,0,0,1,0,6.060606
2026-08-14 12:55:27,Simpang 3,lane_2,3,1,0,3,0,0,0,0,9.090909
2026-08-14 12:55:27,Simpang 3,lane_3,4,0,0,0,4,0,0,2,11.764706
2026-08-14 12:55:29,Simpang 2,lane_2,2,0,0,2,0,0,0,0,6.060606
2026-08-14 12:55:29,Simpang 2,lane_1,1,0,0,0,1,0,0,0,3.030303
2026-08-14 12:55:30,Simpang 1,lane_2,6,1,0,5,1,0,0,0,18.181818
2026-08-14 12:55:30,Simpang 1,lane_1,1,0,0,1,0,0,0,0,3.030303
2026-08-14 12:55:30,Simpang 1,lane_3,0,1,0,0,0,0,0,0,0.0
2026-08-14 12:55:31,Simpang 4,lane_1,6,0,0,3,3,0,0,0,18.181818
2026-08-14 12:55:31,Simpang 4,lane_3,2,0,0,2,0,0,0,0,5.882353
2026-08-14 12:55:31,Simpang 4,lane_2,2,0,0,1,0,0,1,0,6.060606
2026-08-14 12:55:31,Simpang 3,lane_2,3,1,0,3,0,0,0,0,9.090909
2026-08-14 12:55:31,Simpang 3,lane_3,4,0,0,0,4,0,0,2,11.764706
2026-08-14 12:55:33,Simpang 2,lane_2,2,0,0,2,0,0,0,0,6.060606
2026-08-14 12:55:33,Simpang 2,lane_1,1,0,0,0,1,0,0,0,3.030303
2026-08-14 12:55:34,Simpang 1,lane_2,6,1,0,5,1,0,0,0,18.181818
2026-08-14 12:55:34,Simpang 1,lane_1,1,0,0,1,0,0,0,0,3.030303
2026-08-14 12:55:34,Simpang 1,lane_3,0,1,0,0,0,0,0,0,0.0
2026-08-14 12:55:35,Simpang 4,lane_1,7,0,0,3,4,0,0,0,21.212121
2026-08-14 12:55:35,Simpang 4,lane_3,2,0,0,2,0,0,0,0,5.882353
2026-08-14 12:55:35,Simpang 4,lane_2,2,0,0,1,0,0,1,0,6.060606
2026-08-14 12:55:35,Simpang 3,lane_2,4,0,0,4,0,0,0,0,12.121212
2026-08-14 12:55:35,Simpang 3,lane_3,4,0,0,0,4,0,0,2,11.764706
2026-08-14 12:55:38,Simpang 2,lane_2,2,0,0,2,0,0,0,0,6.060606
2026-08-14 12:55:38,Simpang 2,lane_1,1,0,0,0,1,0,0,0,3.030303
2026-08-14 12:55:38,Simpang 1,lane_2,6,1,0,5,1,0,0,0,18.181818
2026-08-14 12:55:38,Simpang 1,lane_1,1,0,0,1,0,0,0,0,3.030303
2026-08-14 12:55:38,Simpang 1,lane_3,0,1,0,0,0,0,0,0,0.0
2026-08-14 12:55:38,Simpang 4,lane_1,7,0,0,3,4,0,0,0,21.212121
2026-08-14 12:55:38,Simpang 4,lane_3,2,0,0,2,0,0,0,0,5.882353
2026-08-14 12:55:38,Simpang 4,lane_2,2,0,0,1,0,0,1,0,6.060606
2026-08-14 12:55:39,Simpang 3,lane_2,4,0,0,4,0,0,0,0,12.121212
2026-08-14 12:55:39,Simpang 3,lane_3,4,0,0,0,4,0,0,2,11.764706
2026-08-14 12:55:42,Simpang 2,lane_2,2,0,0,2,0,0,0,0,6.060606
2026-08-14 12:55:42,Simpang 2,lane_1,1,0,0,0,1,0,0,0,3.030303
2026-08-14 12:55:42,Simpang 1,lane_2,5,1,0,5,0,0,0,0,15.151515
2026-08-14 12:55:42,Simpang 1,lane_1,1,0,0,1,0,0,0,0,3.030303
2026-08-14 12:55:42,Simpang 1,lane_3,0,1,0,0,0,0,0,0,0.0
2026-08-14 12:55:42,Simpang 4,lane_1,7,0,0,3,4,0,0,0,21.212121
2026-08-14 12:55:42,Simpang 4,lane_3,2,0,0,2,0,0,0,0,5.882353
2026-08-14 12:55:42,Simpang 4,lane_2,2,0,0,1,0,0,1,0,6.060606
2026-08-14 12:55:43,Simpang 3,lane_2,4,1,0,4,0,0,0,0,12.121212
2026-08-14 12:55:43,Simpang 3,lane_3,4,0,0,0,4,0,0,2,11.764706
2026-08-14 12:55:46,Simpang 4,lane_1,6,0,0,3,3,0,0,0,18.181818
2026-08-14 12:55:46,Simpang 4,lane_3,2,0,0,2,0,0,0,0,5.882353
2026-08-14 12:55:46,Simpang 4,lane_2,2,0,0,1,0,0,1,0,6.060606
2026-08-14 12:55:46,Simpang 2,lane_2,2,0,0,2,0,0,0,0,6.060606
2026-08-14 12:55:46,Simpang 2,lane_1,1,0,0,0,1,0,0,0,3.030303
2026-08-14 12:55:46,Simpang 1,lane_2,6,1,0,6,0,0,0,0,18.181818
2026-08-14 12:55:46,Simpang 1,lane_1,1,0,0,1,0,0,0,0,3.030303
2026-08-14 12:55:46,Simpang 1,lane_3,0,1,0,0,0,0,0,0,0.0
2026-08-14 12:55:46,Simpang 3,lane_2,4,1,0,4,0,0,0,0,12.121212
2026-08-14 12:55:46,Simpang 3,lane_3,4,0,0,0,4,0,0,2,11.764706
2026-08-14 12:55:50,Simpang 4,lane_1,5,0,0,2,3,0,0,0,15.151515
2026-08-14 12:55:50,Simpang 4,lane_3,2,0,0,2,0,0,0,0,5.882353
2026-08-14 12:55:50,Simpang 4,lane_2,2,0,0,1,0,0,1,0,6.060606
2026-08-14 12:55:50,Simpang 3,lane_2,4,1,0,4,0,0,0,0,12.121212
2026-08-14 12:55:50,Simpang 3,lane_3,4,0,0,0,4,0,0,2,11.764706
2026-08-14 12:55:50,Simpang 2,lane_2,2,0,0,2,0,0,0,0,6.060606
2026-08-14 12:55:50,Simpang 2,lane_1,1,0,0,0,1,0,0,0,3.030303
2026-08-14 12:55:50,Simpang 1,lane_2,6,1,0,6,0,0,0,0,18.181818
2026-08-14 12:55:50,Simpang 1,lane_1,1,0,0,1,0,0,0,0,3.030303
2026-08-14 12:55:50,Simpang 1,lane_3,0,1,0,0,0,0,0,0,0.0
2026-08-14 12:55:53,Simpang 4,lane_1,6,0,0,2,4,0,0,0,18.181818
2026-08-14 12:55:53,Simpang 4,lane_3,2,0,0,2,0,0,0,0,5.882353
2026-08-14 12:55:53,Simpang 4,lane_2,2,0,0,1,0,0,1,0,6.060606
2026-08-14 12:55:54,Simpang 3,lane_2,4,1,0,4,0,0,0,0,12.121212
2026-08-14 12:55:54,Simpang 3,lane_3,4,0,0,0,4,0,0,2,11.764706
2026-08-14 12:55:54,Simpang 2,lane_2,2,0,0,2,0,0,0,0,6.060606
2026-08-14 12:55:54,Simpang 2,lane_1,1,0,0,0,1,0,0,0,3.030303
2026-08-14 12:55:54,Simpang 1,lane_2,6,1,0,6,0,0,0,0,18.181818
2026-08-14 12:55:54,Simpang 1,lane_1,1,0,0,1,0,0,0,0,3.030303
2026-08-14 12:55:54,Simpang 1,lane_3,1,1,0,1,0,0,0,0,2.941176
2026-08-14 12:55:57,Simpang 4,lane_1,6,0,0,2,4,0,0,0,18.181818
2026-08-14 12:55:57,Simpang 4,lane_3,2,0,0,2,0,0,0,0,5.882353
2026-08-14 12:55:57,Simpang 4,lane_2,2,0,0,1,0,0,1,0,6.060606
2026-08-14 12:55:57,Simpang 3,lane_2,4,1,0,4,0,0,0,0,12.121212
2026-08-14 12:55:57,Simpang 3,lane_3,5,0,0,0,5,0,0,2,14.705882
2026-08-14 12:55:58,Simpang 2,lane_2,2,0,0,2,0,0,0,0,6.060606
2026-08-14 12:55:58,Simpang 2,lane_1,1,0,0,0,1,0,0,0,3.030303
2026-08-14 12:55:59,Simpang 1,lane_2,5,1,0,5,0,0,0,0,15.151515
2026-08-14 12:55:59,Simpang 1,lane_1,1,0,0,1,0,0,0,0,3.030303
2026-08-14 12:55:59,Simpang 1,lane_3,0,1,0,0,0,0,0,0,0.0
2026-08-14 12:56:01,Simpang 4,lane_1,6,0,0,1,5,0,0,0,18.181818
2026-08-14 12:56:01,Simpang 4,lane_3,2,0,0,2,0,0,0,0,5.882353
2026-08-14 12:56:01,Simpang 4,lane_2,2,0,0,1,0,0,1,0,6.060606
2026-08-14 12:56:02,Simpang 3,lane_2,4,0,0,4,0,0,0,0,12.121212
2026-08-14 12:56:02,Simpang 3,lane_3,4,0,0,0,4,0,0,2,11.764706
2026-08-14 12:56:03,Simpang 2,lane_2,2,0,0,2,0,0,0,0,6.060606
2026-08-14 12:56:03,Simpang 2,lane_1,1,0,0,0,1,0,0,0,3.030303
2026-08-14 12:56:03,Simpang 1,lane_2,4,1,0,4,0,0,0,0,12.121212
2026-08-14 12:56:03,Simpang 1,lane_1,1,0,0,1,0,0,0,0,3.030303
2026-08-14 12:56:03,Simpang 1,lane_3,1,1,0,1,0,0,0,0,2.941176
2026-08-14 12:56:06,Simpang 3,lane_2,4,0,0,4,0,0,0,0,12.121212
2026-08-14 12:56:06,Simpang 3,lane_3,4,0,0,0,4,0,0,2,11.764706
2026-08-14 12:56:06,Simpang 4,lane_1,6,0,0,1,5,0,0,0,18.181818
2026-08-14 12:56:06,Simpang 4,lane_3,3,0,0,3,0,0,0,0,8.823529
2026-08-14 12:56:06,Simpang 4,lane_2,2,0,0,1,0,0,1,0,6.060606
2026-08-14 12:56:07,Simpang 2,lane_2,2,0,0,2,0,0,0,0,6.060606
2026-08-14 12:56:07,Simpang 2,lane_1,1,0,0,0,1,0,0,0,3.030303
2026-08-14 12:56:08,Simpang 1,lane_2,4,1,0,4,0,0,0,0,12.121212
2026-08-14 12:56:08,Simpang 1,lane_1,1,0,0,1,0,0,0,0,3.030303
2026-08-14 12:56:08,Simpang 1,lane_3,1,1,0,1,0,0,0,0,2.941176
2026-08-14 12:56:09,Simpang 3,lane_2,4,0,0,4,0,0,0,0,12.121212
2026-08-14 12:56:09,Simpang 3,lane_3,4,0,0,0,4,0,0,2,11.764706
2026-08-14 12:56:09,Simpang 4,lane_1,6,0,0,2,4,0,0,0,18.181818
2026-08-14 12:56:09,Simpang 4,lane_3,3,0,0,3,0,0,0,0,8.823529
2026-08-14 12:56:09,Simpang 4,lane_2,2,0,0,1,0,0,1,0,6.060606
2026-08-14 12:56:12,Simpang 2,lane_2,2,0,0,2,0,0,0,0,6.060606
2026-08-14 12:56:12,Simpang 2,lane_1,1,0,0,0,1,0,0,0,3.030303
2026-08-14 12:56:12,Simpang 1,lane_2,4,1,0,4,0,0,0,0,12.121212
2026-08-14 12:56:12,Simpang 1,lane_3,1,1,0,1,0,0,0,0,2.941176
2026-08-14 12:56:13,Simpang 3,lane_2,4,0,0,4,0,0,0,0,12.121212
2026-08-14 12:56:13,Simpang 3,lane_3,4,0,0,0,4,0,0,2,11.764706
2026-08-14 12:56:13,Simpang 3,lane_1,1,0,0,0,1,0,0,0,3.030303
2026-08-14 12:56:13,Simpang 4,lane_1,6,0,0,2,4,0,0,0,18.181818
2026-08-14 12:56:13,Simpang 4,lane_3,2,0,0,2,0,0,0,0,5.882353
2026-08-14 12:56:13,Simpang 4,lane_2,3,0,0,2,0,0,1,0,9.090909
2026-08-14 12:56:16,Simpang 2,lane_2,2,0,0,2,0,0,0,0,6.060606
2026-08-14 12:56:16,Simpang 2,lane_1,1,0,0,0,1,0,0,0,3.030303
2026-08-14 12:56:16,Simpang 1,lane_2,4,1,0,4,0,0,0,0,12.121212
2026-08-14 12:56:16,Simpang 1,lane_3,1,1,0,1,0,0,0,0,2.941176
2026-08-14 12:56:16,Simpang 1,lane_1,1,0,0,1,0,0,0,0,3.030303
2026-08-14 12:56:17,Simpang 4,lane_1,5,0,0,1,4,0,0,0,15.151515
2026-08-14 12:56:17,Simpang 4,lane_3,2,0,0,2,0,0,0,0,5.882353
2026-08-14 12:56:17,Simpang 4,lane_2,3,0,0,2,0,0,1,0,9.090909
2026-08-14 12:56:17,Simpang 3,lane_2,4,0,0,4,0,0,0,0,12.121212
2026-08-14 12:56:17,Simpang 3,lane_3,4,0,0,0,4,0,0,2,11.764706
2026-08-14 12:56:17,Simpang 3,lane_1,1,0,0,0,1,0,0,0,3.030303
2026-08-14 12:56:20,Simpang 2,lane_2,2,0,0,2,0,0,0,0,6.060606
2026-08-14 12:56:20,Simpang 2,lane_1,1,0,0,0,1,0,0,0,3.030303
2026-08-14 12:56:20,Simpang 1,lane_2,4,1,0,4,0,0,0,0,12.121212
2026-08-14 12:56:20,Simpang 1,lane_3,1,1,0,1,0,0,0,0,2.941176
2026-08-14 12:56:20,Simpang 1,lane_1,1,0,0,1,0,0,0,0,3.030303
2026-08-14 12:56:21,Simpang 4,lane_1,6,0,0,2,4,0,0,0,18.181818
2026-08-14 12:56:21,Simpang 4,lane_3,2,0,0,2,0,0,0,0,5.882353
2026-08-14 12:56:21,Simpang 4,lane_2,3,0,0,2,0,0,1,0,9.090909
2026-08-14 12:56:21,Simpang 3,lane_2,4,0,0,4,0,0,0,0,12.121212
2026-08-14 12:56:21,Simpang 3,lane_3,4,0,0,0,4,0,0,2,11.764706
2026-08-14 12:56:24,Simpang 2,lane_2,2,0,0,2,0,0,0,0,6.060606
2026-08-14 12:56:24,Simpang 2,lane_1,1,0,0,0,1,0,0,0,3.030303
2026-08-14 12:56:24,Simpang 1,lane_2,5,1,0,5,0,0,0,0,15.151515
2026-08-14 12:56:24,Simpang 1,lane_3,0,1,0,0,0,0,0,0,0.0
2026-08-14 12:56:24,Simpang 1,lane_1,1,0,0,1,0,0,0,0,3.030303
2026-08-14 12:56:25,Simpang 4,lane_1,6,0,0,2,4,0,0,0,18.181818
2026-08-14 12:56:25,Simpang 4,lane_3,2,0,0,2,0,0,0,0,5.882353
2026-08-14 12:56:25,Simpang 4,lane_2,3,0,0,2,0,0,1,0,9.090909
2026-08-14 12:56:25,Simpang 3,lane_2,4,0,0,4,0,0,0,0,12.121212
2026-08-14 12:56:25,Simpang 3,lane_3,4,0,0,0,4,0,0,2,11.764706
2026-08-14 12:56:28,Simpang 2,lane_2,2,0,0,2,0,0,0,0,6.060606
2026-08-14 12:56:28,Simpang 2,lane_1,1,0,0,0,1,0,0,0,3.030303
2026-08-14 12:56:28,Simpang 4,lane_1,5,0,0,2,3,0,0,0,15.151515
2026-08-14 12:56:28,Simpang 4,lane_3,2,0,0,2,0,0,0,0,5.882353
2026-08-14 12:56:28,Simpang 4,lane_2,3,0,0,2,0,0,1,0,9.090909
2026-08-14 12:56:28,Simpang 3,lane_2,4,1,0,4,0,0,0,0,12.121212
2026-08-14 12:56:28,Simpang 3,lane_3,3,0,0,0,3,0,0,2,8.823529
2026-08-14 12:56:28,Simpang 1,lane_2,5,1,0,5,0,0,0,0,15.151515
2026-08-14 12:56:28,Simpang 1,lane_3,0,1,0,0,0,0,0,0,0.0
2026-08-14 12:56:28,Simpang 1,lane_1,1,0,0,1,0,0,0,0,3.030303
2026-08-14 12:56:32,Simpang 2,lane_2,2,0,0,2,0,0,0,0,6.060606
2026-08-14 12:56:32,Simpang 2,lane_1,1,0,0,0,1,0,0,0,3.030303
2026-08-14 12:56:32,Simpang 3,lane_2,4,1,0,4,0,0,0,0,12.121212
2026-08-14 12:56:32,Simpang 3,lane_3,4,0,0,0,4,0,0,2,11.764706
2026-08-14 12:56:32,Simpang 4,lane_1,4,0,0,2,2,0,0,0,12.121212
2026-08-14 12:56:32,Simpang 4,lane_3,2,0,0,2,0,0,0,0,5.882353
2026-08-14 12:56:32,Simpang 4,lane_2,3,0,0,2,0,0,1,0,9.090909
2026-08-14 12:56:33,Simpang 1,lane_2,5,1,0,5,0,0,0,0,15.151515
2026-08-14 12:56:33,Simpang 1,lane_3,0,1,0,0,0,0,0,0,0.0
2026-08-14 12:56:33,Simpang 1,lane_1,1,0,0,1,0,0,0,0,3.030303
2026-08-14 12:56:35,Simpang 3,lane_2,4,1,0,4,0,0,0,0,12.121212
2026-08-14 12:56:35,Simpang 3,lane_3,3,0,0,0,3,0,0,2,8.823529
2026-08-14 12:56:36,Simpang 4,lane_1,5,0,0,2,3,0,0,0,15.151515
2026-08-14 12:56:36,Simpang 4,lane_3,2,0,0,2,0,0,0,0,5.882353
2026-08-14 12:56:36,Simpang 4,lane_2,3,0,0,2,0,0,1,0,9.090909
2026-08-14 12:56:36,Simpang 2,lane_2,2,0,0,2,0,0,0,0,6.060606
2026-08-14 12:56:36,Simpang 2,lane_1,1,0,0,0,1,0,0,0,3.030303
2026-08-14 12:56:37,Simpang 1,lane_2,5,1,0,5,0,0,0,0,15.151515
2026-08-14 12:56:37,Simpang 1,lane_3,0,1,0,0,0,0,0,0,0.0
2026-08-14 12:56:37,Simpang 1,lane_1,1,0,0,1,0,0,0,0,3.030303
2026-08-14 12:56:40,Simpang 3,lane_2,4,1,0,4,0,0,0,0,12.121212
2026-08-14 12:56:40,Simpang 3,lane_3,4,0,0,0,4,0,0,2,11.764706
2026-08-14 12:56:40,Simpang 4,lane_1,4,0,0,1,3,0,0,0,12.121212
2026-08-14 12:56:40,Simpang 4,lane_3,3,0,0,3,0,0,0,0,8.823529
2026-08-14 12:56:40,Simpang 4,lane_2,3,0,0,2,0,0,1,0,9.090909
2026-08-14 12:56:40,Simpang 2,lane_2,2,0,0,2,0,0,0,0,6.060606
2026-08-14 12:56:40,Simpang 2,lane_1,1,0,0,0,1,0,0,0,3.030303
2026-08-14 12:56:41,Simpang 1,lane_2,5,1,0,5,0,0,0,0,15.151515
2026-08-14 12:56:41,Simpang 1,lane_3,0,1,0,0,0,0,0,0,0.0
2026-08-14 12:56:41,Simpang 1,lane_1,1,0,0,1,0,0,0,0,3.030303
2026-08-14 12:56:43,Simpang 3,lane_2,3,1,0,3,0,0,0,0,9.090909
2026-08-14 12:56:43,Simpang 3,lane_3,5,0,0,1,4,0,0,2,14.705882
2026-08-14 12:56:43,Simpang 4,lane_1,4,0,0,1,3,0,0,0,12.121212
2026-08-14 12:56:43,Simpang 4,lane_3,2,0,0,2,0,0,0,0,5.882353
2026-08-14 12:56:43,Simpang 4,lane_2,2,0,0,1,0,0,1,0,6.060606
2026-08-14 12:56:44,Simpang 2,lane_2,2,0,0,2,0,0,0,0,6.060606
2026-08-14 12:56:44,Simpang 2,lane_1,1,0,0,0,1,0,0,0,3.030303
2026-08-14 12:56:46,Simpang 1,lane_2,5,1,0,5,0,0,0,0,15.151515
2026-08-14 12:56:46,Simpang 1,lane_3,0,1,0,0,0,0,0,0,0.0
2026-08-14 12:56:46,Simpang 1,lane_1,1,0,0,1,0,0,0,0,3.030303
2026-08-14 12:56:47,Simpang 3,lane_2,3,1,0,3,0,0,0,0,9.090909
2026-08-14 12:56:47,Simpang 3,lane_3,6,0,0,1,5,0,0,2,17.647059
2026-08-14 12:56:48,Simpang 4,lane_1,6,0,0,2,4,0,0,0,18.181818
2026-08-14 12:56:48,Simpang 4,lane_3,2,0,0,2,0,0,0,0,5.882353
2026-08-14 12:56:48,Simpang 4,lane_2,3,0,0,2,0,0,1,0,9.090909
2026-08-14 12:56:49,Simpang 2,lane_2,2,0,0,2,0,0,0,0,6.060606
2026-08-14 12:56:49,Simpang 2,lane_1,1,0,0,0,1,0,0,0,3.030303
2026-08-14 12:56:50,Simpang 1,lane_2,5,1,0,5,0,0,0,0,15.151515
2026-08-14 12:56:50,Simpang 1,lane_3,1,1,0,1,0,0,0,0,2.941176
2026-08-14 12:56:50,Simpang 1,lane_1,1,0,0,1,0,0,0,0,3.030303
2026-08-14 12:56:52,Simpang 3,lane_2,3,1,0,3,0,0,0,0,9.090909
2026-08-14 12:56:52,Simpang 3,lane_3,6,0,0,1,5,0,0,2,17.647059
2026-08-14 12:56:52,Simpang 4,lane_1,5,0,0,1,4,0,0,0,15.151515
2026-08-14 12:56:52,Simpang 4,lane_3,2,0,0,2,0,0,0,0,5.882353
2026-08-14 12:56:52,Simpang 4,lane_2,3,0,0,2,0,0,1,0,9.090909
2026-08-14 12:56:53,Simpang 2,lane_2,2,0,0,2,0,0,0,0,6.060606
2026-08-14 12:56:53,Simpang 2,lane_1,1,0,0,0,1,0,0,0,3.030303
2026-08-14 12:56:54,Simpang 1,lane_2,5,1,0,5,0,0,0,0,15.151515
2026-08-14 12:56:54,Simpang 1,lane_3,1,1,0,1,0,0,0,0,2.941176
2026-08-14 12:56:54,Simpang 1,lane_1,1,0,0,1,0,0,0,0,3.030303
2026-08-14 12:56:55,Simpang 3,lane_2,3,1,0,3,0,0,0,0,9.090909
2026-08-14 12:56:55,Simpang 3,lane_3,6,0,0,1,5,0,0,2,17.647059
2026-08-14 12:56:56,Simpang 4,lane_1,5,0,0,2,3,0,0,0,15.151515
2026-08-14 12:56:56,Simpang 4,lane_2,4,0,0,3,0,0,1,0,12.121212
2026-08-14 12:56:56,Simpang 4,lane_3,1,0,0,1,0,0,0,0,2.941176
2026-08-14 12:56:58,Simpang 2,lane_2,2,0,0,2,0,0,0,0,6.060606
2026-08-14 12:56:58,Simpang 2,lane_1,1,0,0,0,1,0,0,0,3.030303
2026-08-14 12:56:59,Simpang 1,lane_2,5,1,0,5,0,0,0,0,15.151515
2026-08-14 12:56:59,Simpang 1,lane_3,1,1,0,1,0,0,0,0,2.941176
2026-08-14 12:56:59,Simpang 1,lane_1,1,0,0,1,0,0,0,0,3.030303
2026-08-14 12:57:00,Simpang 3,lane_2,3,1,0,3,0,0,0,0,9.090909
2026-08-14 12:57:00,Simpang 3,lane_3,4,0,0,1,3,0,0,2,11.764706
2026-08-14 12:57:00,Simpang 4,lane_1,4,0,0,2,2,0,0,0,12.121212
2026-08-14 12:57:00,Simpang 4,lane_2,3,0,0,2,0,0,1,0,9.090909
2026-08-14 12:57:00,Simpang 4,lane_3,2,0,0,2,0,0,0,0,5.882353
2026-08-14 12:57:02,Simpang 2,lane_2,2,0,0,2,0,0,0,0,6.060606
2026-08-14 12:57:02,Simpang 2,lane_1,1,0,0,0,1,0,0,0,3.030303
2026-08-14 12:57:03,Simpang 1,lane_2,5,1,0,5,0,0,0,0,15.151515
2026-08-14 12:57:03,Simpang 1,lane_3,1,1,0,1,0,0,0,0,2.941176
2026-08-14 12:57:03,Simpang 1,lane_1,1,0,0,1,0,0,0,0,3.030303
2026-08-14 12:57:04,Simpang 3,lane_2,4,1,0,4,0,0,0,0,12.121212
2026-08-14 12:57:04,Simpang 3,lane_3,4,0,0,1,3,0,0,2,11.764706
2026-08-14 12:57:04,Simpang 4,lane_1,5,0,0,2,3,0,0,0,15.151515
2026-08-14 12:57:04,Simpang 4,lane_2,3,0,0,2,0,0,1,0,9.090909
2026-08-14 12:57:04,Simpang 4,lane_3,2,0,0,2,0,0,0,0,5.882353
2026-08-14 12:57:06,Simpang 2,lane_2,2,0,0,2,0,0,0,0,6.060606
2026-08-14 12:57:06,Simpang 2,lane_1,1,0,0,0,1,0,0,0,3.030303
2026-08-14 12:57:06,Simpang 1,lane_2,5,1,0,5,0,0,0,0,15.151515
2026-08-14 12:57:06,Simpang 1,lane_1,1,0,0,1,0,0,0,0,3.030303
2026-08-14 12:57:07,Simpang 3,lane_2,3,1,0,3,0,0,0,0,9.090909
2026-08-14 12:57:07,Simpang 3,lane_3,6,0,0,1,5,0,0,2,17.647059
2026-08-14 12:57:07,Simpang 4,lane_1,5,0,0,2,3,0,0,0,15.151515
2026-08-14 12:57:07,Simpang 4,lane_2,3,0,0,2,0,0,1,0,9.090909
2026-08-14 12:57:07,Simpang 4,lane_3,2,0,0,2,0,0,0,0,5.882353
2026-08-14 12:57:10,Simpang 2,lane_2,2,0,0,2,0,0,0,0,6.060606
2026-08-14 12:57:10,Simpang 2,lane_1,1,0,0,0,1,0,0,0,3.030303
2026-08-14 12:57:10,Simpang 3,lane_2,3,0,0,3,0,0,0,0,9.090909
2026-08-14 12:57:10,Simpang 3,lane_3,6,0,0,1,5,0,0,2,17.647059
2026-08-14 12:57:10,Simpang 4,lane_1,6,0,0,3,3,0,0,0,18.181818
2026-08-14 12:57:10,Simpang 4,lane_2,2,0,0,1,0,0,1,0,6.060606
2026-08-14 12:57:10,Simpang 4,lane_3,3,0,0,3,0,0,0,0,8.823529
2026-08-14 12:57:11,Simpang 1,lane_2,5,1,0,5,0,0,0,0,15.151515
2026-08-14 12:57:11,Simpang 1,lane_1,1,0,0,1,0,0,0,0,3.030303
2026-08-14 12:57:11,Simpang 1,lane_3,0,1,0,0,0,0,0,0,0.0
2026-08-14 12:57:15,Simpang 3,lane_2,3,1,0,3,0,0,0,0,9.090909
2026-08-14 12:57:15,Simpang 3,lane_3,4,0,0,1,3,0,0,2,11.764706
2026-08-14 12:57:15,Simpang 2,lane_2,2,0,0,2,0,0,0,0,6.060606
2026-08-14 12:57:15,Simpang 2,lane_1,1,0,0,0,1,0,0,0,3.030303
2026-08-14 12:57:15,Simpang 4,lane_1,6,0,0,3,3,0,0,0,18.181818
2026-08-14 12:57:15,Simpang 4,lane_2,2,0,0,1,0,0,1,0,6.060606
2026-08-14 12:57:15,Simpang 4,lane_3,3,0,0,3,0,0,0,0,8.823529
2026-08-14 12:57:16,Simpang 1,lane_2,5,1,0,5,0,0,0,0,15.151515
2026-08-14 12:57:16,Simpang 1,lane_1,1,0,0,1,0,0,0,0,3.030303
2026-08-14 12:57:16,Simpang 1,lane_3,0,1,0,0,0,0,0,0,0.0
2026-08-14 12:57:19,Simpang 3,lane_2,3,1,0,3,0,0,0,0,9.090909
2026-08-14 12:57:19,Simpang 3,lane_3,4,0,0,1,3,0,0,2,11.764706
2026-08-14 12:57:19,Simpang 4,lane_1,4,0,0,2,2,0,0,0,12.121212
2026-08-14 12:57:19,Simpang 4,lane_2,2,0,0,1,0,0,1,0,6.060606
2026-08-14 12:57:19,Simpang 4,lane_3,3,0,0,3,0,0,0,0,8.823529
2026-08-14 12:57:19,Simpang 2,lane_2,2,0,0,2,0,0,0,0,6.060606
2026-08-14 12:57:19,Simpang 2,lane_1,1,0,0,0,1,0,0,0,3.030303
2026-08-14 12:57:20,Simpang 1,lane_2,5,1,0,5,0,0,0,0,15.151515
2026-08-14 12:57:20,Simpang 1,lane_1,1,0,0,1,0,0,0,0,3.030303
2026-08-14 12:57:20,Simpang 1,lane_3,0,1,0,0,0,0,0,0,0.0
2026-08-14 12:57:23,Simpang 4,lane_1,4,0,0,2,2,0,0,0,12.121212
2026-08-14 12:57:23,Simpang 4,lane_2,2,0,0,1,0,0,1,0,6.060606
2026-08-14 12:57:23,Simpang 4,lane_3,3,0,0,3,0,0,0,0,8.823529
2026-08-14 12:57:23,Simpang 3,lane_2,3,1,0,3,0,0,0,0,9.090909
2026-08-14 12:57:23,Simpang 3,lane_3,4,0,0,1,3,0,0,2,11.764706
2026-08-14 12:57:23,Simpang 2,lane_2,2,0,0,2,0,0,0,0,6.060606
2026-08-14 12:57:23,Simpang 2,lane_1,1,0,0,0,1,0,0,0,3.030303
2026-08-14 12:57:25,Simpang 1,lane_2,5,1,0,5,0,0,0,0,15.151515
2026-08-14 12:57:25,Simpang 1,lane_1,1,0,0,1,0,0,0,0,3.030303
2026-08-14 12:57:25,Simpang 1,lane_3,1,1,0,1,0,0,0,0,2.941176
2026-08-14 12:57:27,Simpang 3,lane_2,3,1,0,3,0,0,0,0,9.090909
2026-08-14 12:57:27,Simpang 3,lane_3,4,0,0,0,4,0,0,2,11.764706
2026-08-14 12:57:27,Simpang 4,lane_1,5,0,0,3,2,0,0,0,15.151515
2026-08-14 12:57:27,Simpang 4,lane_2,2,0,0,1,0,0,1,0,6.060606
2026-08-14 12:57:27,Simpang 4,lane_3,3,0,0,3,0,0,0,0,8.823529
2026-08-14 12:57:28,Simpang 2,lane_2,2,0,0,2,0,0,0,0,6.060606
2026-08-14 12:57:28,Simpang 2,lane_1,1,0,0,0,1,0,0,0,3.030303
2026-08-14 12:57:29,Simpang 1,lane_2,5,1,0,5,0,0,0,0,15.151515
2026-08-14 12:57:29,Simpang 1,lane_1,1,0,0,1,0,0,0,0,3.030303
2026-08-14 12:57:29,Simpang 1,lane_3,1,1,0,1,0,0,0,0,2.941176
2026-08-14 12:57:31,Simpang 3,lane_2,3,1,0,3,0,0,0,0,9.090909
2026-08-14 12:57:31,Simpang 3,lane_3,2,1,0,0,2,0,0,1,5.882353
2026-08-14 12:57:31,Simpang 4,lane_1,6,0,0,3,3,0,0,0,18.181818
2026-08-14 12:57:31,Simpang 4,lane_2,2,0,0,1,0,0,1,0,6.060606
2026-08-14 12:57:31,Simpang 4,lane_3,3,0,0,3,0,0,0,0,8.823529
2026-08-14 12:57:33,Simpang 2,lane_2,2,0,0,2,0,0,0,0,6.060606
2026-08-14 12:57:33,Simpang 2,lane_1,1,0,0,0,1,0,0,0,3.030303
2026-08-14 12:57:34,Simpang 1,lane_2,5,1,0,5,0,0,0,0,15.151515
2026-08-14 12:57:34,Simpang 1,lane_1,1,0,0,1,0,0,0,0,3.030303
2026-08-14 12:57:35,Simpang 3,lane_2,3,1,0,3,0,0,0,0,9.090909
2026-08-14 12:57:35,Simpang 3,lane_3,4,0,0,1,3,0,0,2,11.764706
2026-08-14 12:57:35,Simpang 4,lane_1,8,0,0,3,5,0,0,0,24.242424
2026-08-14 12:57:35,Simpang 4,lane_2,2,0,0,1,0,0,1,0,6.060606
2026-08-14 12:57:35,Simpang 4,lane_3,3,0,0,3,0,0,0,0,8.823529
2026-08-14 12:57:37,Simpang 2,lane_2,2,0,0,2,0,0,0,0,6.060606
2026-08-14 12:57:37,Simpang 2,lane_1,1,0,0,0,1,0,0,0,3.030303
2026-08-14 12:57:38,Simpang 1,lane_2,5,1,0,5,0,0,0,0,15.151515
2026-08-14 12:57:38,Simpang 1,lane_1,1,0,0,1,0,0,0,0,3.030303
2026-08-14 12:57:39,Simpang 3,lane_2,3,1,0,3,0,0,0,0,9.090909
2026-08-14 12:57:39,Simpang 3,lane_3,4,0,0,1,3,0,0,2,11.764706
2026-08-14 12:57:40,Simpang 4,lane_1,8,0,0,3,5,0,0,0,24.242424
2026-08-14 12:57:40,Simpang 4,lane_2,2,0,0,1,0,0,1,0,6.060606
2026-08-14 12:57:40,Simpang 4,lane_3,3,0,0,3,0,0,0,0,8.823529
2026-08-14 12:57:41,Simpang 2,lane_2,2,0,0,2,0,0,0,0,6.060606
2026-08-14 12:57:41,Simpang 2,lane_1,1,0,0,0,1,0,0,0,3.030303
2026-08-14 12:57:42,Simpang 1,lane_2,5,0,0,5,0,0,0,0,15.151515
2026-08-14 12:57:42,Simpang 1,lane_1,1,0,0,1,0,0,0,0,3.030303
2026-08-14 12:57:43,Simpang 3,lane_2,3,1,0,3,0,0,0,0,9.090909
2026-08-14 12:57:43,Simpang 3,lane_3,4,0,0,1,3,0,0,2,11.764706
2026-08-14 12:57:43,Simpang 4,lane_1,7,0,0,3,4,0,0,0,21.212121
2026-08-14 12:57:43,Simpang 4,lane_2,2,0,0,1,0,0,1,0,6.060606
2026-08-14 12:57:43,Simpang 4,lane_3,2,0,0,2,0,0,0,0,5.882353
2026-08-14 12:57:46,Simpang 2,lane_2,2,0,0,2,0,0,0,0,6.060606
2026-08-14 12:57:46,Simpang 2,lane_1,1,0,0,0,1,0,0,0,3.030303
2026-08-14 12:57:47,Simpang 1,lane_2,6,0,0,6,0,0,0,0,18.181818
2026-08-14 12:57:47,Simpang 1,lane_1,1,0,0,1,0,0,0,0,3.030303
2026-08-14 12:57:47,Simpang 3,lane_2,3,1,0,3,0,0,0,0,9.090909
2026-08-14 12:57:47,Simpang 3,lane_3,4,0,0,1,3,0,0,2,11.764706
2026-08-14 12:57:47,Simpang 4,lane_1,7,0,0,3,4,0,0,0,21.212121
2026-08-14 12:57:47,Simpang 4,lane_2,2,0,0,1,0,0,1,0,6.060606
2026-08-14 12:57:47,Simpang 4,lane_3,2,0,0,2,0,0,0,0,5.882353
2026-08-14 12:57:50,Simpang 2,lane_2,2,0,0,2,0,0,0,0,6.060606
2026-08-14 12:57:50,Simpang 2,lane_1,1,0,0,0,1,0,0,0,3.030303
2026-08-14 12:57:51,Simpang 3,lane_2,3,1,0,3,0,0,0,0,9.090909
2026-08-14 12:57:51,Simpang 3,lane_3,4,0,0,1,3,0,0,2,11.764706
2026-08-14 12:57:51,Simpang 4,lane_1,6,0,0,3,3,0,0,0,18.181818
2026-08-14 12:57:51,Simpang 4,lane_2,1,0,0,0,0,0,1,0,3.030303
2026-08-14 12:57:51,Simpang 4,lane_3,2,0,0,2,0,0,0,0,5.882353
2026-08-14 12:57:51,Simpang 1,lane_2,6,0,0,6,0,0,0,0,18.181818
2026-08-14 12:57:51,Simpang 1,lane_1,1,0,0,1,0,0,0,0,3.030303
2026-08-14 12:57:54,Simpang 2,lane_2,2,0,0,2,0,0,0,0,6.060606
2026-08-14 12:57:54,Simpang 2,lane_1,1,0,0,0,1,0,0,0,3.030303
2026-08-14 12:57:54,Simpang 4,lane_1,4,0,0,3,1,0,0,0,12.121212
2026-08-14 12:57:54,Simpang 4,lane_2,1,0,0,0,0,0,1,0,3.030303
2026-08-14 12:57:54,Simpang 4,lane_3,2,1,0,2,0,0,0,0,5.882353
2026-08-14 12:57:54,Simpang 3,lane_2,3,0,0,3,0,0,0,0,9.090909
2026-08-14 12:57:54,Simpang 3,lane_3,3,0,0,0,3,0,0,2,8.823529
2026-08-14 12:57:55,Simpang 1,lane_2,6,0,0,6,0,0,0,0,18.181818
2026-08-14 12:57:55,Simpang 1,lane_1,1,0,0,1,0,0,0,0,3.030303
2026-08-14 12:57:58,Simpang 4,lane_1,6,0,0,3,3,0,0,0,18.181818
2026-08-14 12:57:58,Simpang 4,lane_2,1,0,0,0,0,0,1,0,3.030303
2026-08-14 12:57:58,Simpang 4,lane_3,1,1,0,1,0,0,0,0,2.941176
2026-08-14 12:57:58,Simpang 2,lane_2,2,0,0,2,0,0,0,0,6.060606
2026-08-14 12:57:58,Simpang 2,lane_1,1,0,0,0,1,0,0,0,3.030303
2026-08-14 12:57:58,Simpang 3,lane_2,3,0,0,3,0,0,0,0,9.090909
2026-08-14 12:57:58,Simpang 3,lane_3,3,0,0,0,3,0,0,2,8.823529
2026-08-14 12:57:59,Simpang 1,lane_2,5,0,0,5,0,0,0,0,15.151515
2026-08-14 12:57:59,Simpang 1,lane_1,1,0,0,1,0,0,0,0,3.030303
2026-08-14 12:58:02,Simpang 4,lane_1,6,0,0,3,3,0,0,0,18.181818
2026-08-14 12:58:02,Simpang 4,lane_2,1,0,0,0,0,0,1,0,3.030303
2026-08-14 12:58:02,Simpang 4,lane_3,1,1,0,1,0,0,0,0,2.941176
2026-08-14 12:58:02,Simpang 3,lane_2,3,0,0,3,0,0,0,0,9.090909
2026-08-14 12:58:02,Simpang 3,lane_3,5,0,0,1,4,0,0,2,14.705882
2026-08-14 12:58:03,Simpang 2,lane_2,2,0,0,2,0,0,0,0,6.060606
2026-08-14 12:58:03,Simpang 2,lane_1,1,0,0,0,1,0,0,0,3.030303
2026-08-14 12:58:04,Simpang 1,lane_2,5,1,0,5,0,0,0,0,15.151515
2026-08-14 12:58:04,Simpang 1,lane_1,1,0,0,1,0,0,0,0,3.030303
2026-08-14 12:58:06,Simpang 3,lane_2,3,0,0,3,0,0,0,0,9.090909
2026-08-14 12:58:06,Simpang 3,lane_3,5,0,0,1,4,0,0,2,14.705882
2026-08-14 12:58:06,Simpang 4,lane_1,4,0,0,3,1,0,0,0,12.121212
2026-08-14 12:58:06,Simpang 4,lane_2,2,0,0,1,0,0,1,0,6.060606
2026-08-14 12:58:06,Simpang 4,lane_3,2,1,0,2,0,0,0,0,5.882353
2026-08-14 12:58:07,Simpang 2,lane_2,2,0,0,2,0,0,0,0,6.060606
2026-08-14 12:58:07,Simpang 2,lane_1,1,0,0,0,1,0,0,0,3.030303
2026-08-14 12:58:08,Simpang 1,lane_2,5,1,0,5,0,0,0,0,15.151515
2026-08-14 12:58:08,Simpang 1,lane_1,1,0,0,1,0,0,0,0,3.030303
2026-08-14 12:58:10,Simpang 3,lane_2,3,0,0,3,0,0,0,0,9.090909
2026-08-14 12:58:10,Simpang 3,lane_3,5,0,0,1,4,0,0,2,14.705882
2026-08-14 12:58:10,Simpang 4,lane_1,3,0,0,2,1,0,0,0,9.090909
2026-08-14 12:58:10,Simpang 4,lane_2,1,0,0,0,0,0,1,0,3.030303
2026-08-14 12:58:10,Simpang 4,lane_3,2,1,0,2,0,0,0,0,5.882353
2026-08-14 12:58:12,Simpang 2,lane_2,2,0,0,2,0,0,0,0,6.060606
2026-08-14 12:58:12,Simpang 2,lane_1,1,0,0,0,1,0,0,0,3.030303
2026-08-14 12:58:13,Simpang 1,lane_2,5,1,0,5,0,0,0,0,15.151515
2026-08-14 12:58:13,Simpang 1,lane_1,1,0,0,1,0,0,0,0,3.030303
2026-08-14 12:58:14,Simpang 4,lane_1,5,0,0,2,3,0,0,0,15.151515
2026-08-14 12:58:14,Simpang 4,lane_2,1,0,0,0,0,0,1,0,3.030303
2026-08-14 12:58:14,Simpang 4,lane_3,2,1,0,2,0,0,0,0,5.882353
2026-08-14 12:58:15,Simpang 3,lane_2,3,0,0,3,0,0,0,0,9.090909
2026-08-14 12:58:15,Simpang 3,lane_3,5,0,0,1,4,0,0,2,14.705882
2026-08-14 12:58:16,Simpang 2,lane_2,2,0,0,2,0,0,0,0,6.060606
2026-08-14 12:58:16,Simpang 2,lane_1,1,0,0,0,1,0,0,0,3.030303
2026-08-14 12:58:17,Simpang 1,lane_2,5,1,0,5,0,0,0,0,15.151515
2026-08-14 12:58:17,Simpang 1,lane_1,1,0,0,1,0,0,0,0,3.030303
2026-08-14 12:58:18,Simpang 4,lane_1,5,0,0,2,3,0,0,0,15.151515
2026-08-14 12:58:18,Simpang 4,lane_2,1,0,0,0,0,0,1,0,3.030303
2026-08-14 12:58:18,Simpang 4,lane_3,1,1,0,1,0,0,0,0,2.941176
2026-08-14 12:58:19,Simpang 3,lane_2,3,0,0,3,0,0,0,0,9.090909
2026-08-14 12:58:19,Simpang 3,lane_3,5,0,0,1,4,0,0,2,14.705882
2026-08-14 12:58:21,Simpang 2,lane_2,2,0,0,2,0,0,0,0,6.060606
2026-08-14 12:58:21,Simpang 2,lane_1,1,0,0,0,1,0,0,0,3.030303
2026-08-14 12:58:21,Simpang 1,lane_2,5,1,0,5,0,0,0,0,15.151515
2026-08-14 12:58:21,Simpang 1,lane_1,1,0,0,1,0,0,0,0,3.030303
2026-08-14 12:58:22,Simpang 4,lane_1,4,0,0,2,2,0,0,0,12.121212
2026-08-14 12:58:22,Simpang 4,lane_2,1,0,0,0,0,0,1,0,3.030303
2026-08-14 12:58:22,Simpang 4,lane_3,1,1,0,1,0,0,0,0,2.941176
2026-08-14 12:58:23,Simpang 3,lane_2,3,0,0,3,0,0,0,0,9.090909
2026-08-14 12:58:23,Simpang 3,lane_3,5,0,0,1,4,0,0,2,14.705882
2026-08-14 12:58:25,Simpang 2,lane_2,2,0,0,2,0,0,0,0,6.060606
2026-08-14 12:58:25,Simpang 2,lane_1,1,0,0,0,1,0,0,0,3.030303
2026-08-14 12:58:26,Simpang 1,lane_2,5,1,0,5,0,0,0,0,15.151515
2026-08-14 12:58:26,Simpang 1,lane_1,1,0,0,1,0,0,0,0,3.030303
2026-08-14 12:58:26,Simpang 4,lane_1,4,0,0,2,2,0,0,0,12.121212
2026-08-14 12:58:26,Simpang 4,lane_2,1,0,0,0,0,0,1,0,3.030303
2026-08-14 12:58:26,Simpang 4,lane_3,1,1,0,1,0,0,0,0,2.941176
2026-08-14 12:58:27,Simpang 3,lane_2,3,0,0,3,0,0,0,0,9.090909
2026-08-14 12:58:27,Simpang 3,lane_3,5,0,0,1,4,0,0,2,14.705882
2026-08-14 12:58:29,Simpang 2,lane_2,2,0,0,2,0,0,0,0,6.060606
2026-08-14 12:58:29,Simpang 2,lane_1,1,0,0,0,1,0,0,0,3.030303
2026-08-14 12:58:30,Simpang 1,lane_2,5,1,0,5,0,0,0,0,15.151515
2026-08-14 12:58:30,Simpang 1,lane_1,1,0,0,1,0,0,0,0,3.030303
2026-08-14 12:58:31,Simpang 4,lane_1,4,0,0,2,2,0,0,0,12.121212
2026-08-14 12:58:31,Simpang 4,lane_2,1,0,0,0,0,0,1,0,3.030303
2026-08-14 12:58:31,Simpang 4,lane_3,1,1,0,1,0,0,0,0,2.941176
2026-08-14 12:58:31,Simpang 3,lane_2,3,0,0,3,0,0,0,0,9.090909
2026-08-14 12:58:31,Simpang 3,lane_3,5,0,0,1,4,0,0,2,14.705882
2026-08-14 12:58:34,Simpang 2,lane_2,2,0,0,2,0,0,0,0,6.060606
2026-08-14 12:58:34,Simpang 2,lane_1,1,0,0,0,1,0,0,0,3.030303
2026-08-14 12:58:35,Simpang 4,lane_1,4,0,0,2,2,0,0,0,12.121212
2026-08-14 12:58:35,Simpang 4,lane_2,1,0,0,0,0,0,1,0,3.030303
2026-08-14 12:58:35,Simpang 4,lane_3,2,1,0,2,0,0,0,0,5.882353
2026-08-14 12:58:35,Simpang 1,lane_2,6,0,0,6,0,0,0,0,18.181818
2026-08-14 12:58:35,Simpang 1,lane_1,1,0,0,1,0,0,0,0,3.030303
2026-08-14 12:58:35,Simpang 3,lane_2,2,0,0,2,0,0,0,0,6.060606
2026-08-14 12:58:35,Simpang 3,lane_3,5,0,0,1,4,0,0,2,14.705882
2026-08-14 12:58:39,Simpang 2,lane_2,2,0,0,2,0,0,0,0,6.060606
2026-08-14 12:58:39,Simpang 2,lane_1,1,0,0,0,1,0,0,0,3.030303
2026-08-14 12:58:39,Simpang 4,lane_1,4,0,0,2,2,0,0,0,12.121212
2026-08-14 12:58:39,Simpang 4,lane_2,1,0,0,0,0,0,1,0,3.030303
2026-08-14 12:58:39,Simpang 4,lane_3,2,1,0,2,0,0,0,0,5.882353
2026-08-14 12:58:39,Simpang 3,lane_2,3,0,0,3,0,0,0,0,9.090909
2026-08-14 12:58:39,Simpang 3,lane_3,5,0,0,1,4,0,0,2,14.705882
2026-08-14 12:58:40,Simpang 1,lane_2,6,0,0,6,0,0,0,0,18.181818
2026-08-14 12:58:40,Simpang 1,lane_1,1,0,0,1,0,0,0,0,3.030303
2026-08-14 12:58:43,Simpang 4,lane_1,4,0,0,2,2,0,0,0,12.121212
2026-08-14 12:58:43,Simpang 4,lane_2,1,0,0,0,0,0,1,0,3.030303
2026-08-14 12:58:43,Simpang 4,lane_3,2,1,0,2,0,0,0,0,5.882353
2026-08-14 12:58:43,Simpang 2,lane_2,2,0,0,2,0,0,0,0,6.060606
2026-08-14 12:58:43,Simpang 2,lane_1,1,0,0,0,1,0,0,0,3.030303
2026-08-14 12:58:43,Simpang 3,lane_2,3,0,0,3,0,0,0,0,9.090909
2026-08-14 12:58:43,Simpang 3,lane_3,5,0,0,1,4,0,0,2,14.705882
2026-08-14 12:58:44,Simpang 1,lane_2,6,0,0,6,0,0,0,0,18.181818
2026-08-14 12:58:44,Simpang 1,lane_1,1,0,0,1,0,0,0,0,3.030303
2026-08-14 12:58:47,Simpang 4,lane_1,4,0,0,2,2,0,0,0,12.121212
2026-08-14 12:58:47,Simpang 4,lane_2,1,0,0,0,0,0,1,0,3.030303
2026-08-14 12:58:47,Simpang 4,lane_3,2,1,0,2,0,0,0,0,5.882353
2026-08-14 12:58:47,Simpang 3,lane_2,3,0,0,3,0,0,0,0,9.090909
2026-08-14 12:58:47,Simpang 3,lane_3,6,0,0,2,4,0,0,2,17.647059
2026-08-14 12:58:47,Simpang 2,lane_2,2,0,0,2,0,0,0,0,6.060606
2026-08-14 12:58:47,Simpang 2,lane_1,1,0,0,0,1,0,0,0,3.030303
2026-08-14 12:58:48,Simpang 1,lane_2,5,0,0,5,0,0,0,0,15.151515
2026-08-14 12:58:48,Simpang 1,lane_1,1,0,0,1,0,0,0,0,3.030303
2026-08-14 12:58:51,Simpang 4,lane_1,3,0,0,2,1,0,0,0,9.090909
2026-08-14 12:58:51,Simpang 4,lane_2,1,0,0,0,0,0,1,0,3.030303
2026-08-14 12:58:51,Simpang 4,lane_3,1,1,0,1,0,0,0,0,2.941176
2026-08-14 12:58:51,Simpang 3,lane_2,3,0,0,3,0,0,0,0,9.090909
2026-08-14 12:58:51,Simpang 3,lane_3,6,0,0,2,4,0,0,2,17.647059
2026-08-14 12:58:52,Simpang 2,lane_2,2,0,0,2,0,0,0,0,6.060606
2026-08-14 12:58:52,Simpang 2,lane_1,1,0,0,0,1,0,0,0,3.030303
2026-08-14 12:58:53,Simpang 1,lane_2,6,0,0,6,0,0,0,0,18.181818
2026-08-14 12:58:55,Simpang 3,lane_2,3,0,0,3,0,0,0,0,9.090909
2026-08-14 12:58:55,Simpang 3,lane_3,6,0,0,2,4,0,0,2,17.647059
2026-08-14 12:58:55,Simpang 4,lane_1,3,0,0,2,1,0,0,0,9.090909
2026-08-14 12:58:55,Simpang 4,lane_2,1,0,0,0,0,0,1,0,3.030303
2026-08-14 12:58:55,Simpang 4,lane_3,2,1,0,2,0,0,0,0,5.882353
2026-08-14 12:58:56,Simpang 2,lane_2,2,0,0,2,0,0,0,0,6.060606
2026-08-14 12:58:56,Simpang 2,lane_1,1,0,0,0,1,0,0,0,3.030303
2026-08-14 12:58:57,Simpang 1,lane_2,6,0,0,6,0,0,0,0,18.181818
2026-08-14 12:58:59,Simpang 4,lane_1,2,0,0,2,0,0,0,0,6.060606
2026-08-14 12:58:59,Simpang 4,lane_2,1,0,0,0,0,0,1,0,3.030303
2026-08-14 12:58:59,Simpang 4,lane_3,2,1,0,2,0,0,0,0,5.882353
2026-08-14 12:58:59,Simpang 3,lane_2,3,0,0,3,0,0,0,0,9.090909
2026-08-14 12:58:59,Simpang 3,lane_3,6,0,0,2,4,0,0,2,17.647059
2026-08-14 12:59:01,Simpang 2,lane_2,2,0,0,2,0,0,0,0,6.060606
2026-08-14 12:59:01,Simpang 2,lane_1,1,0,0,0,1,0,0,0,3.030303
2026-08-14 12:59:01,Simpang 1,lane_2,6,0,0,6,0,0,0,0,18.181818
2026-08-14 12:59:03,Simpang 3,lane_2,3,0,0,3,0,0,0,0,9.090909
2026-08-14 12:59:03,Simpang 3,lane_3,6,0,0,2,4,0,0,2,17.647059
2026-08-14 12:59:04,Simpang 4,lane_1,2,0,0,2,0,0,0,0,6.060606
2026-08-14 12:59:04,Simpang 4,lane_2,1,0,0,0,0,0,1,0,3.030303
2026-08-14 12:59:04,Simpang 4,lane_3,1,1,0,1,0,0,0,0,2.941176
2026-08-14 12:59:05,Simpang 2,lane_2,2,0,0,2,0,0,0,0,6.060606
2026-08-14 12:59:05,Simpang 2,lane_1,1,0,0,0,1,0,0,0,3.030303
2026-08-14 12:59:06,Simpang 1,lane_2,6,0,0,6,0,0,0,0,18.181818
2026-08-14 12:59:08,Simpang 3,lane_2,3,0,0,3,0,0,0,0,9.090909
2026-08-14 12:59:08,Simpang 3,lane_3,6,0,0,2,4,0,0,2,17.647059
2026-08-14 12:59:08,Simpang 4,lane_1,2,0,0,2,0,0,0,0,6.060606
2026-08-14 12:59:08,Simpang 4,lane_2,1,0,0,0,0,0,1,0,3.030303
2026-08-14 12:59:08,Simpang 4,lane_3,3,1,0,3,0,0,0,0,8.823529
2026-08-14 12:59:10,Simpang 2,lane_2,2,0,0,2,0,0,0,0,6.060606
2026-08-14 12:59:10,Simpang 2,lane_1,1,0,0,0,1,0,0,0,3.030303
2026-08-14 12:59:10,Simpang 1,lane_2,7,0,0,7,0,0,0,0,21.212121
2026-08-14 12:59:12,Simpang 3,lane_2,3,0,0,3,0,0,0,0,9.090909
2026-08-14 12:59:12,Simpang 3,lane_3,6,0,0,2,4,0,0,2,17.647059
2026-08-14 12:59:12,Simpang 4,lane_1,2,0,0,2,0,0,0,0,6.060606
2026-08-14 12:59:12,Simpang 4,lane_2,1,0,0,0,0,0,1,0,3.030303
2026-08-14 12:59:12,Simpang 4,lane_3,3,1,0,3,0,0,0,0,8.823529
2026-08-14 12:59:14,Simpang 2,lane_2,2,0,0,2,0,0,0,0,6.060606
2026-08-14 12:59:14,Simpang 2,lane_1,1,0,0,0,1,0,0,0,3.030303
2026-08-14 12:59:15,Simpang 1,lane_2,5,0,0,5,0,0,0,0,15.151515
2026-08-14 12:59:16,Simpang 3,lane_2,3,0,0,3,0,0,0,0,9.090909
2026-08-14 12:59:16,Simpang 3,lane_3,6,0,0,2,4,0,0,2,17.647059
2026-08-14 12:59:16,Simpang 4,lane_1,2,0,0,2,0,0,0,0,6.060606
2026-08-14 12:59:16,Simpang 4,lane_2,1,0,0,0,0,0,1,0,3.030303
2026-08-14 12:59:16,Simpang 4,lane_3,3,1,0,3,0,0,0,0,8.823529
2026-08-14 12:59:19,Simpang 2,lane_2,2,0,0,2,0,0,0,0,6.060606
2026-08-14 12:59:19,Simpang 2,lane_1,1,0,0,0,1,0,0,0,3.030303
2026-08-14 12:59:19,Simpang 1,lane_2,7,0,0,7,0,0,0,0,21.212121
2026-08-14 12:59:20,Simpang 3,lane_2,3,0,0,3,0,0,0,0,9.090909
2026-08-14 12:59:20,Simpang 3,lane_3,6,0,0,2,4,0,0,2,17.647059
2026-08-14 12:59:20,Simpang 4,lane_1,2,0,0,2,0,0,0,0,6.060606
2026-08-14 12:59:20,Simpang 4,lane_2,1,0,0,0,0,0,1,0,3.030303
2026-08-14 12:59:20,Simpang 4,lane_3,3,1,0,3,0,0,0,0,8.823529
2026-08-14 12:59:23,Simpang 2,lane_2,2,0,0,2,0,0,0,0,6.060606
2026-08-14 12:59:23,Simpang 2,lane_1,1,0,0,0,1,0,0,0,3.030303
2026-08-14 12:59:24,Simpang 3,lane_2,2,1,0,2,0,0,0,0,6.060606
2026-08-14 12:59:24,Simpang 3,lane_3,5,0,0,2,3,0,0,2,14.705882
2026-08-14 12:59:24,Simpang 4,lane_1,2,0,0,2,0,0,0,0,6.060606
2026-08-14 12:59:24,Simpang 4,lane_2,1,0,0,0,0,0,1,0,3.030303
2026-08-14 12:59:24,Simpang 4,lane_3,3,1,0,3,0,0,0,0,8.823529
2026-08-14 12:59:24,Simpang 1,lane_2,6,0,0,6,0,0,0,0,18.181818
2026-08-14 12:59:27,Simpang 2,lane_2,2,0,0,2,0,0,0,0,6.060606
2026-08-14 12:59:27,Simpang 2,lane_1,1,0,0,0,1,0,0,0,3.030303
2026-08-14 12:59:27,Simpang 3,lane_2,2,2,0,2,0,0,0,0,6.060606
2026-08-14 12:59:27,Simpang 3,lane_3,5,0,0,2,3,0,0,2,14.705882
2026-08-14 12:59:27,Simpang 4,lane_1,2,0,0,2,0,0,0,0,6.060606
2026-08-14 12:59:27,Simpang 4,lane_2,1,0,0,0,0,0,1,0,3.030303
2026-08-14 12:59:27,Simpang 4,lane_3,3,1,0,3,0,0,0,0,8.823529
2026-08-14 12:59:28,Simpang 1,lane_2,6,0,0,6,0,0,0,0,18.181818
2026-08-14 12:59:31,Simpang 3,lane_2,2,2,0,2,0,0,0,0,6.060606
2026-08-14 12:59:31,Simpang 3,lane_3,5,0,0,2,3,0,0,2,14.705882
2026-08-14 12:59:31,Simpang 4,lane_1,2,0,0,2,0,0,0,0,6.060606
2026-08-14 12:59:31,Simpang 4,lane_2,1,0,0,0,0,0,1,0,3.030303
2026-08-14 12:59:31,Simpang 4,lane_3,2,1,0,2,0,0,0,0,5.882353
2026-08-14 12:59:32,Simpang 2,lane_2,2,0,0,2,0,0,0,0,6.060606
2026-08-14 12:59:32,Simpang 2,lane_1,1,0,0,0,1,0,0,0,3.030303
2026-08-14 12:59:32,Simpang 1,lane_2,7,0,0,7,0,0,0,0,21.212121
2026-08-14 12:59:35,Simpang 3,lane_2,2,2,0,2,0,0,0,0,6.060606
2026-08-14 12:59:35,Simpang 3,lane_3,4,0,0,1,3,0,0,2,11.764706
2026-08-14 12:59:35,Simpang 4,lane_1,2,0,0,2,0,0,0,0,6.060606
2026-08-14 12:59:35,Simpang 4,lane_2,1,0,0,0,0,0,1,0,3.030303
2026-08-14 12:59:35,Simpang 4,lane_3,2,1,0,2,0,0,0,0,5.882353
2026-08-14 12:59:36,Simpang 2,lane_2,2,0,0,2,0,0,0,0,6.060606
2026-08-14 12:59:36,Simpang 2,lane_1,1,0,0,0,1,0,0,0,3.030303
2026-08-14 12:59:37,Simpang 1,lane_2,7,0,0,7,0,0,0,0,21.212121
2026-08-14 12:59:37,Simpang 1,lane_1,1,0,0,1,0,0,0,0,3.030303
2026-08-14 12:59:39,Simpang 3,lane_2,3,1,0,3,0,0,0,0,9.090909
2026-08-14 12:59:39,Simpang 3,lane_3,5,0,0,2,3,0,0,2,14.705882
2026-08-14 12:59:39,Simpang 4,lane_2,1,0,0,0,0,0,1,0,3.030303
2026-08-14 12:59:39,Simpang 4,lane_1,1,0,0,1,0,0,0,0,3.030303
2026-08-14 12:59:39,Simpang 4,lane_3,2,1,0,2,0,0,0,0,5.882353
2026-08-14 12:59:40,Simpang 2,lane_2,2,0,0,2,0,0,0,0,6.060606
2026-08-14 12:59:40,Simpang 2,lane_1,1,0,0,0,1,0,0,0,3.030303
2026-08-14 12:59:41,Simpang 1,lane_2,6,0,0,6,0,0,0,0,18.181818
2026-08-14 12:59:41,Simpang 1,lane_1,1,0,0,1,0,0,0,0,3.030303
2026-08-14 12:59:43,Simpang 3,lane_2,3,1,0,3,0,0,0,0,9.090909
2026-08-14 12:59:43,Simpang 3,lane_3,5,0,0,2,3,0,0,2,14.705882
2026-08-14 12:59:43,Simpang 4,lane_2,1,0,0,0,0,0,1,0,3.030303
2026-08-14 12:59:43,Simpang 4,lane_1,2,0,0,2,0,0,0,0,6.060606
2026-08-14 12:59:43,Simpang 4,lane_3,2,1,0,2,0,0,0,0,5.882353
2026-08-14 12:59:45,Simpang 2,lane_2,2,0,0,2,0,0,0,0,6.060606
2026-08-14 12:59:45,Simpang 2,lane_1,1,0,0,0,1,0,0,0,3.030303
2026-08-14 12:59:45,Simpang 1,lane_2,6,0,0,6,0,0,0,0,18.181818
2026-08-14 12:59:45,Simpang 1,lane_1,1,0,0,1,0,0,0,0,3.030303
2026-08-14 12:59:45,Simpang 1,lane_3,1,0,0,1,0,0,0,0,2.941176
2026-08-14 12:59:47,Simpang 3,lane_2,3,1,0,3,0,0,0,0,9.090909
2026-08-14 12:59:47,Simpang 3,lane_3,5,0,0,2,3,0,0,2,14.705882
2026-08-14 12:59:48,Simpang 4,lane_2,1,0,0,0,0,0,1,0,3.030303
2026-08-14 12:59:48,Simpang 4,lane_1,2,0,0,2,0,0,0,0,6.060606
2026-08-14 12:59:48,Simpang 4,lane_3,2,1,0,2,0,0,0,0,5.882353
2026-08-14 12:59:49,Simpang 2,lane_2,2,0,0,2,0,0,0,0,6.060606
2026-08-14 12:59:49,Simpang 2,lane_1,1,0,0,0,1,0,0,0,3.030303
2026-08-14 12:59:50,Simpang 1,lane_2,6,0,0,6,0,0,0,0,18.181818
2026-08-14 12:59:50,Simpang 1,lane_1,1,0,0,1,0,0,0,0,3.030303
2026-08-14 12:59:50,Simpang 1,lane_3,1,0,0,1,0,0,0,0,2.941176
2026-08-14 12:59:51,Simpang 3,lane_2,3,0,0,3,0,0,0,0,9.090909
2026-08-14 12:59:51,Simpang 3,lane_3,5,0,0,2,3,0,0,1,14.705882
2026-08-14 12:59:52,Simpang 4,lane_2,1,0,0,0,0,0,1,0,3.030303
2026-08-14 12:59:52,Simpang 4,lane_1,2,0,0,2,0,0,0,0,6.060606
2026-08-14 12:59:52,Simpang 4,lane_3,2,1,0,2,0,0,0,0,5.882353
2026-08-14 12:59:53,Simpang 2,lane_2,2,0,0,2,0,0,0,0,6.060606
2026-08-14 12:59:53,Simpang 2,lane_1,1,0,0,0,1,0,0,0,3.030303
2026-08-14 12:59:54,Simpang 1,lane_2,6,0,0,6,0,0,0,0,18.181818
2026-08-14 12:59:54,Simpang 1,lane_1,1,0,0,1,0,0,0,0,3.030303
2026-08-14 12:59:54,Simpang 1,lane_3,1,0,0,1,0,0,0,0,2.941176
2026-08-14 12:59:55,Simpang 3,lane_2,3,0,0,3,0,0,0,0,9.090909
2026-08-14 12:59:55,Simpang 3,lane_3,5,0,0,2,3,0,0,1,14.705882
2026-08-14 12:59:55,Simpang 4,lane_2,1,0,0,0,0,0,1,0,3.030303
2026-08-14 12:59:55,Simpang 4,lane_1,1,0,0,1,0,0,0,0,3.030303
2026-08-14 12:59:55,Simpang 4,lane_3,2,1,0,2,0,0,0,0,5.882353
2026-08-14 12:59:58,Simpang 2,lane_2,2,0,0,2,0,0,0,0,6.060606
2026-08-14 12:59:58,Simpang 2,lane_1,1,0,0,0,1,0,0,0,3.030303
2026-08-14 12:59:58,Simpang 1,lane_2,6,0,0,6,0,0,0,0,18.181818
2026-08-14 12:59:58,Simpang 1,lane_1,1,0,0,1,0,0,0,0,3.030303
2026-08-14 12:59:58,Simpang 1,lane_3,1,0,0,1,0,0,0,0,2.941176
2026-08-14 12:59:59,Simpang 3,lane_2,3,1,0,3,0,0,0,0,9.090909
2026-08-14 12:59:59,Simpang 3,lane_3,3,0,0,1,2,0,0,1,8.823529
2026-08-14 12:59:59,Simpang 4,lane_2,1,0,0,0,0,0,1,0,3.030303
2026-08-14 12:59:59,Simpang 4,lane_1,1,1,0,1,0,0,0,0,3.030303
2026-08-14 12:59:59,Simpang 4,lane_3,2,1,0,2,0,0,0,0,5.882353
2026-08-14 13:00:02,Simpang 2,lane_2,2,0,0,2,0,0,0,0,6.060606
2026-08-14 13:00:02,Simpang 2,lane_1,1,0,0,0,1,0,0,0,3.030303
2026-08-14 13:00:03,Simpang 1,lane_2,6,0,0,6,0,0,0,0,18.181818
2026-08-14 13:00:03,Simpang 1,lane_1,1,0,0,1,0,0,0,0,3.030303
2026-08-14 13:00:03,Simpang 1,lane_3,1,0,0,1,0,0,0,0,2.941176
2026-08-14 13:00:03,Simpang 3,lane_2,3,1,0,3,0,0,0,0,9.090909
2026-08-14 13:00:03,Simpang 3,lane_3,3,0,0,1,2,0,0,1,8.823529
2026-08-14 13:00:04,Simpang 4,lane_2,1,0,0,0,0,0,1,0,3.030303
2026-08-14 13:00:04,Simpang 4,lane_1,1,1,0,1,0,0,0,0,3.030303
2026-08-14 13:00:04,Simpang 4,lane_3,3,1,0,3,0,0,0,0,8.823529
2026-08-14 13:00:07,Simpang 2,lane_2,2,0,0,2,0,0,0,0,6.060606
2026-08-14 13:00:07,Simpang 2,lane_1,1,0,0,0,1,0,0,0,3.030303
2026-08-14 13:00:07,Simpang 3,lane_2,3,1,0,3,0,0,0,0,9.090909
2026-08-14 13:00:07,Simpang 3,lane_3,3,0,0,1,2,0,0,1,8.823529
2026-08-14 13:00:07,Simpang 1,lane_2,6,0,0,6,0,0,0,0,18.181818
2026-08-14 13:00:07,Simpang 1,lane_1,1,0,0,1,0,0,0,0,3.030303
2026-08-14 13:00:07,Simpang 1,lane_3,1,0,0,1,0,0,0,0,2.941176
2026-08-14 13:00:07,Simpang 4,lane_2,1,0,0,0,0,0,1,0,3.030303
2026-08-14 13:00:07,Simpang 4,lane_1,1,1,0,1,0,0,0,0,3.030303
2026-08-14 13:00:07,Simpang 4,lane_3,3,1,0,3,0,0,0,0,8.823529
2026-08-14 13:00:11,Simpang 3,lane_2,3,0,0,3,0,0,0,0,9.090909
2026-08-14 13:00:11,Simpang 3,lane_3,3,0,0,1,2,0,0,1,8.823529
2026-08-14 13:00:11,Simpang 2,lane_2,2,0,0,2,0,0,0,0,6.060606
2026-08-14 13:00:11,Simpang 2,lane_1,1,0,0,0,1,0,0,0,3.030303
2026-08-14 13:00:11,Simpang 4,lane_2,1,0,0,0,0,0,1,0,3.030303
2026-08-14 13:00:11,Simpang 4,lane_1,1,1,0,1,0,0,0,0,3.030303
2026-08-14 13:00:11,Simpang 4,lane_3,3,1,0,3,0,0,0,0,8.823529
2026-08-14 13:00:11,Simpang 1,lane_2,6,0,0,6,0,0,0,0,18.181818
2026-08-14 13:00:11,Simpang 1,lane_1,1,0,0,1,0,0,0,0,3.030303
2026-08-14 13:00:11,Simpang 1,lane_3,1,0,0,1,0,0,0,0,2.941176
2026-08-14 13:00:14,Simpang 4,lane_2,1,0,0,0,0,0,1,0,3.030303
2026-08-14 13:00:14,Simpang 4,lane_1,2,1,0,2,0,0,0,0,6.060606
2026-08-14 13:00:14,Simpang 4,lane_3,3,1,0,3,0,0,0,0,8.823529
2026-08-14 13:00:14,Simpang 3,lane_2,3,1,0,3,0,0,0,0,9.090909
2026-08-14 13:00:14,Simpang 3,lane_3,3,0,0,1,2,0,0,1,8.823529
2026-08-14 13:00:15,Simpang 2,lane_2,2,0,0,2,0,0,0,0,6.060606
2026-08-14 13:00:15,Simpang 2,lane_1,1,0,0,0,1,0,0,0,3.030303
2026-08-14 13:00:15,Simpang 1,lane_2,6,0,0,6,0,0,0,0,18.181818
2026-08-14 13:00:15,Simpang 1,lane_1,1,0,0,1,0,0,0,0,3.030303
2026-08-14 13:00:18,Simpang 4,lane_2,1,0,0,0,0,0,1,0,3.030303
2026-08-14 13:00:18,Simpang 4,lane_1,2,1,0,2,0,0,0,0,6.060606
2026-08-14 13:00:18,Simpang 4,lane_3,4,0,0,3,1,0,0,0,11.764706
2026-08-14 13:00:18,Simpang 3,lane_2,3,1,0,3,0,0,0,0,9.090909
2026-08-14 13:00:18,Simpang 3,lane_3,3,0,0,1,2,0,0,1,8.823529
2026-08-14 13:00:19,Simpang 2,lane_2,2,0,0,2,0,0,0,0,6.060606
2026-08-14 13:00:19,Simpang 2,lane_1,1,0,0,0,1,0,0,0,3.030303
2026-08-14 13:00:20,Simpang 1,lane_2,6,0,0,6,0,0,0,0,18.181818
2026-08-14 13:00:20,Simpang 1,lane_1,1,0,0,1,0,0,0,0,3.030303
2026-08-14 13:00:22,Simpang 3,lane_2,3,1,0,3,0,0,0,0,9.090909
2026-08-14 13:00:22,Simpang 3,lane_3,3,0,0,1,2,0,0,1,8.823529
2026-08-14 13:00:22,Simpang 4,lane_2,1,0,0,0,0,0,1,0,3.030303
2026-08-14 13:00:22,Simpang 4,lane_1,2,1,0,2,0,0,0,0,6.060606
2026-08-14 13:00:22,Simpang 4,lane_3,4,0,0,3,1,0,0,0,11.764706
2026-08-14 13:00:24,Simpang 2,lane_2,2,0,0,2,0,0,0,0,6.060606
2026-08-14 13:00:24,Simpang 2,lane_1,1,0,0,0,1,0,0,0,3.030303
2026-08-14 13:00:24,Simpang 1,lane_2,6,0,0,6,0,0,0,0,18.181818
2026-08-14 13:00:24,Simpang 1,lane_1,1,0,0,1,0,0,0,0,3.030303
2026-08-14 13:00:26,Simpang 3,lane_2,3,1,0,3,0,0,0,0,9.090909
2026-08-14 13:00:26,Simpang 3,lane_3,3,0,0,1,2,0,0,1,8.823529
2026-08-14 13:00:26,Simpang 4,lane_2,1,0,0,0,0,0,1,0,3.030303
2026-08-14 13:00:26,Simpang 4,lane_1,2,1,0,2,0,0,0,0,6.060606
2026-08-14 13:00:26,Simpang 4,lane_3,4,0,0,3,1,0,0,0,11.764706
2026-08-14 13:00:28,Simpang 2,lane_2,2,0,0,2,0,0,0,0,6.060606
2026-08-14 13:00:28,Simpang 2,lane_1,1,0,0,0,1,0,0,0,3.030303
2026-08-14 13:00:29,Simpang 1,lane_2,6,0,0,6,0,0,0,0,18.181818
2026-08-14 13:00:29,Simpang 1,lane_1,1,0,0,1,0,0,0,0,3.030303
2026-08-14 13:00:30,Simpang 3,lane_2,3,1,0,3,0,0,0,0,9.090909
2026-08-14 13:00:30,Simpang 3,lane_3,3,0,0,1,2,0,0,1,8.823529
2026-08-14 13:00:31,Simpang 4,lane_1,3,1,0,2,0,0,1,0,9.090909
2026-08-14 13:00:31,Simpang 4,lane_3,4,0,0,3,1,0,0,0,11.764706
2026-08-14 13:00:33,Simpang 2,lane_2,2,0,0,2,0,0,0,0,6.060606
2026-08-14 13:00:33,Simpang 2,lane_1,1,0,0,0,1,0,0,0,3.030303
2026-08-14 13:00:33,Simpang 1,lane_2,6,0,0,6,0,0,0,0,18.181818
2026-08-14 13:00:33,Simpang 1,lane_1,1,0,0,1,0,0,0,0,3.030303
2026-08-14 13:00:35,Simpang 3,lane_2,3,1,0,3,0,0,0,0,9.090909
2026-08-14 13:00:35,Simpang 3,lane_3,3,0,0,1,2,0,0,1,8.823529
2026-08-14 13:00:35,Simpang 4,lane_1,1,0,0,0,0,0,1,0,3.030303
2026-08-14 13:00:35,Simpang 4,lane_3,3,0,0,3,0,0,0,0,8.823529
2026-08-14 13:00:37,Simpang 2,lane_2,2,0,0,2,0,0,0,0,6.060606
2026-08-14 13:00:37,Simpang 2,lane_1,1,0,0,0,1,0,0,0,3.030303
2026-08-14 13:00:38,Simpang 1,lane_2,6,0,0,6,0,0,0,0,18.181818
2026-08-14 13:00:39,Simpang 3,lane_2,3,0,0,3,0,0,0,0,9.090909
2026-08-14 13:00:39,Simpang 3,lane_3,3,0,0,1,2,0,0,1,8.823529
2026-08-14 13:00:39,Simpang 4,lane_1,2,1,0,1,0,0,1,0,6.060606
2026-08-14 13:00:39,Simpang 4,lane_3,3,0,0,3,0,0,0,0,8.823529
2026-08-14 13:00:42,Simpang 2,lane_2,2,0,0,2,0,0,0,0,6.060606
2026-08-14 13:00:42,Simpang 2,lane_1,1,0,0,0,1,0,0,0,3.030303
2026-08-14 13:00:42,Simpang 1,lane_2,6,0,0,6,0,0,0,0,18.181818
2026-08-14 13:00:42,Simpang 1,lane_3,1,0,0,1,0,0,0,0,2.941176
2026-08-14 13:00:43,Simpang 3,lane_2,4,0,0,4,0,0,0,0,12.121212
2026-08-14 13:00:43,Simpang 3,lane_3,3,0,0,1,2,0,0,1,8.823529
2026-08-14 13:00:43,Simpang 4,lane_1,2,1,0,1,0,0,1,0,6.060606
2026-08-14 13:00:43,Simpang 4,lane_3,3,1,0,3,0,0,0,0,8.823529
2026-08-14 13:00:43,Simpang 4,lane_2,1,0,0,0,1,0,0,0,3.030303
2026-08-14 13:00:46,Simpang 2,lane_2,2,0,0,2,0,0,0,0,6.060606
2026-08-14 13:00:46,Simpang 2,lane_1,1,0,0,0,1,0,0,0,3.030303
2026-08-14 13:00:46,Simpang 3,lane_2,4,0,0,4,0,0,0,0,12.121212
2026-08-14 13:00:46,Simpang 3,lane_3,3,0,0,1,2,0,0,1,8.823529
2026-08-14 13:00:46,Simpang 1,lane_2,6,0,0,6,0,0,0,0,18.181818
2026-08-14 13:00:46,Simpang 1,lane_3,1,0,0,1,0,0,0,0,2.941176
2026-08-14 13:00:47,Simpang 4,lane_1,1,1,0,0,0,0,1,0,3.030303
2026-08-14 13:00:47,Simpang 4,lane_3,3,0,0,3,0,0,0,0,8.823529
2026-08-14 13:00:47,Simpang 4,lane_2,1,0,0,0,1,0,0,0,3.030303
2026-08-14 13:00:50,Simpang 3,lane_2,4,0,0,4,0,0,0,0,12.121212
2026-08-14 13:00:50,Simpang 3,lane_3,3,0,0,1,2,0,0,1,8.823529
2026-08-14 13:00:50,Simpang 2,lane_2,2,0,0,2,0,0,0,0,6.060606
2026-08-14 13:00:50,Simpang 2,lane_1,1,0,0,0,1,0,0,0,3.030303
2026-08-14 13:00:50,Simpang 1,lane_2,6,0,0,6,0,0,0,0,18.181818
2026-08-14 13:00:51,Simpang 4,lane_1,1,1,0,0,0,0,1,0,3.030303
2026-08-14 13:00:51,Simpang 4,lane_3,3,1,0,3,0,0,0,0,8.823529
2026-08-14 13:00:51,Simpang 4,lane_2,1,0,0,0,1,0,0,0,3.030303
2026-08-14 13:00:54,Simpang 3,lane_2,4,0,0,4,0,0,0,0,12.121212
2026-08-14 13:00:54,Simpang 3,lane_3,3,0,0,1,2,0,0,1,8.823529
2026-08-14 13:00:55,Simpang 2,lane_2,2,0,0,2,0,0,0,0,6.060606
2026-08-14 13:00:55,Simpang 2,lane_1,1,0,0,0,1,0,0,0,3.030303
2026-08-14 13:00:55,Simpang 4,lane_1,1,0,0,0,0,0,1,0,3.030303
2026-08-14 13:00:55,Simpang 4,lane_3,6,0,0,3,3,0,0,0,17.647059
2026-08-14 13:00:55,Simpang 4,lane_2,1,0,0,0,1,0,0,0,3.030303
2026-08-14 13:00:55,Simpang 1,lane_2,6,0,0,6,0,0,0,0,18.181818
2026-08-14 13:00:58,Simpang 3,lane_2,3,0,0,3,0,0,0,0,9.090909
2026-08-14 13:00:58,Simpang 3,lane_3,3,0,0,1,2,0,0,1,8.823529
2026-08-14 13:00:59,Simpang 4,lane_1,1,0,0,0,0,0,1,0,3.030303
2026-08-14 13:00:59,Simpang 4,lane_3,7,0,0,2,4,0,1,0,20.588235
2026-08-14 13:00:59,Simpang 4,lane_2,2,0,0,1,1,0,0,0,6.060606
2026-08-14 13:00:59,Simpang 2,lane_2,2,0,0,2,0,0,0,0,6.060606
2026-08-14 13:00:59,Simpang 2,lane_1,1,0,0,0,1,0,0,0,3.030303
2026-08-14 13:00:59,Simpang 1,lane_2,6,0,0,6,0,0,0,0,18.181818
2026-08-14 13:00:59,Simpang 1,lane_3,1,0,0,1,0,0,0,0,2.941176
2026-08-14 13:01:03,Simpang 3,lane_2,3,0,0,3,0,0,0,0,9.090909
2026-08-14 13:01:03,Simpang 3,lane_3,3,0,0,1,2,0,0,1,8.823529
2026-08-14 13:01:03,Simpang 4,lane_1,1,0,0,0,0,0,1,0,3.030303
2026-08-14 13:01:03,Simpang 4,lane_3,3,2,0,3,0,0,0,0,8.823529
2026-08-14 13:01:04,Simpang 2,lane_2,2,0,0,2,0,0,0,0,6.060606
2026-08-14 13:01:04,Simpang 2,lane_1,1,0,0,0,1,0,0,0,3.030303
2026-08-14 13:01:04,Simpang 1,lane_2,6,0,0,6,0,0,0,0,18.181818
2026-08-14 13:01:04,Simpang 1,lane_3,1,0,0,1,0,0,0,0,2.941176
2026-08-14 13:01:06,Simpang 3,lane_2,3,0,0,3,0,0,0,0,9.090909
2026-08-14 13:01:06,Simpang 3,lane_3,3,0,0,1,2,0,0,1,8.823529
2026-08-14 13:01:07,Simpang 4,lane_2,2,0,0,0,1,0,1,0,6.060606
2026-08-14 13:01:07,Simpang 4,lane_3,4,2,0,3,0,0,1,0,11.764706
2026-08-14 13:01:07,Simpang 4,lane_1,1,0,0,0,0,0,1,0,3.030303
2026-08-14 13:01:08,Simpang 1,lane_2,6,0,0,6,0,0,0,0,18.181818
2026-08-14 13:01:08,Simpang 1,lane_3,1,0,0,1,0,0,0,0,2.941176
2026-08-14 13:01:08,Simpang 2,lane_2,2,0,0,2,0,0,0,0,6.060606
2026-08-14 13:01:08,Simpang 2,lane_1,1,0,0,0,1,0,0,0,3.030303
2026-08-14 13:01:11,Simpang 3,lane_2,3,0,0,3,0,0,0,0,9.090909
2026-08-14 13:01:11,Simpang 3,lane_3,3,0,0,1,2,0,0,1,8.823529
2026-08-14 13:01:11,Simpang 4,lane_2,2,0,0,0,1,0,1,0,6.060606
2026-08-14 13:01:11,Simpang 4,lane_3,4,2,0,3,0,0,1,0,11.764706
2026-08-14 13:01:11,Simpang 4,lane_1,1,0,0,0,0,0,1,0,3.030303
2026-08-14 13:01:12,Simpang 1,lane_2,6,0,0,6,0,0,0,0,18.181818
2026-08-14 13:01:12,Simpang 1,lane_3,1,0,0,1,0,0,0,0,2.941176
2026-08-14 13:01:12,Simpang 2,lane_2,2,0,0,2,0,0,0,0,6.060606
2026-08-14 13:01:12,Simpang 2,lane_1,1,0,0,0,1,0,0,0,3.030303
2026-08-14 13:01:15,Simpang 3,lane_2,4,0,0,4,0,0,0,0,12.121212
2026-08-14 13:01:15,Simpang 3,lane_3,4,0,0,1,3,0,0,1,11.764706
2026-08-14 13:01:16,Simpang 4,lane_2,1,0,0,0,0,0,1,0,3.030303
2026-08-14 13:01:16,Simpang 4,lane_3,6,0,0,2,3,0,1,0,17.647059
2026-08-14 13:01:16,Simpang 4,lane_1,1,0,0,0,0,0,1,0,3.030303
2026-08-14 13:01:17,Simpang 2,lane_2,2,0,0,2,0,0,0,0,6.060606
2026-08-14 13:01:17,Simpang 2,lane_1,1,0,0,0,1,0,0,0,3.030303
2026-08-14 13:01:17,Simpang 1,lane_2,6,0,0,6,0,0,0,0,18.181818
2026-08-14 13:01:17,Simpang 1,lane_3,1,0,0,1,0,0,0,0,2.941176
2026-08-14 13:01:19,Simpang 3,lane_2,4,0,0,4,0,0,0,0,12.121212
2026-08-14 13:01:19,Simpang 3,lane_3,4,0,0,1,3,0,0,1,11.764706
2026-08-14 13:01:20,Simpang 4,lane_2,3,0,0,1,1,0,1,0,9.090909
2026-08-14 13:01:20,Simpang 4,lane_3,6,0,0,3,3,0,0,0,17.647059
2026-08-14 13:01:20,Simpang 4,lane_1,1,0,0,0,0,0,1,0,3.030303
2026-08-14 13:01:21,Simpang 2,lane_2,2,0,0,2,0,0,0,0,6.060606
2026-08-14 13:01:21,Simpang 2,lane_1,1,0,0,0,1,0,0,0,3.030303
2026-08-14 13:01:21,Simpang 1,lane_2,6,0,0,6,0,0,0,0,18.181818
2026-08-14 13:01:21,Simpang 1,lane_3,1,0,0,1,0,0,0,0,2.941176
2026-08-14 13:01:23,Simpang 3,lane_2,4,0,0,4,0,0,0,0,12.121212
2026-08-14 13:01:23,Simpang 3,lane_3,4,0,0,1,3,0,0,1,11.764706
2026-08-14 13:01:24,Simpang 4,lane_2,3,0,0,1,1,0,1,0,9.090909
2026-08-14 13:01:24,Simpang 4,lane_3,3,0,0,2,1,0,0,0,8.823529
2026-08-14 13:01:24,Simpang 4,lane_1,1,0,0,0,0,0,1,0,3.030303
2026-08-14 13:01:26,Simpang 2,lane_2,2,0,0,2,0,0,0,0,6.060606
2026-08-14 13:01:26,Simpang 2,lane_1,1,0,0,0,1,0,0,0,3.030303
2026-08-14 13:01:26,Simpang 1,lane_2,6,0,0,6,0,0,0,0,18.181818
2026-08-14 13:01:26,Simpang 1,lane_3,1,0,0,1,0,0,0,0,2.941176
2026-08-14 13:01:28,Simpang 3,lane_2,4,0,0,4,0,0,0,0,12.121212
2026-08-14 13:01:28,Simpang 3,lane_3,3,0,0,1,2,0,0,1,8.823529
2026-08-14 13:01:28,Simpang 4,lane_2,3,0,0,1,1,0,1,0,9.090909
2026-08-14 13:01:28,Simpang 4,lane_3,4,0,0,2,1,0,1,0,11.764706
2026-08-14 13:01:28,Simpang 4,lane_1,1,1,0,0,0,0,1,0,3.030303
2026-08-14 13:01:30,Simpang 2,lane_2,2,0,0,2,0,0,0,0,6.060606
2026-08-14 13:01:30,Simpang 2,lane_1,1,0,0,0,1,0,0,0,3.030303
2026-08-14 13:01:30,Simpang 1,lane_2,6,0,0,6,0,0,0,0,18.181818
2026-08-14 13:01:30,Simpang 1,lane_3,1,0,0,1,0,0,0,0,2.941176
2026-08-14 13:01:31,Simpang 3,lane_2,3,0,0,3,0,0,0,0,9.090909
2026-08-14 13:01:31,Simpang 3,lane_3,3,0,0,1,2,0,0,1,8.823529
2026-08-14 13:01:32,Simpang 4,lane_1,1,0,0,0,0,0,1,0,3.030303
2026-08-14 13:01:32,Simpang 4,lane_2,3,0,0,2,1,0,0,0,9.090909
2026-08-14 13:01:32,Simpang 4,lane_3,3,1,0,1,2,0,0,0,8.823529
2026-08-14 13:01:34,Simpang 2,lane_2,2,0,0,2,0,0,0,0,6.060606
2026-08-14 13:01:34,Simpang 2,lane_1,1,0,0,0,1,0,0,0,3.030303
2026-08-14 13:01:35,Simpang 1,lane_2,6,0,0,6,0,0,0,0,18.181818
2026-08-14 13:01:35,Simpang 1,lane_3,1,0,0,1,0,0,0,0,2.941176
2026-08-14 13:01:36,Simpang 3,lane_2,4,0,0,4,0,0,0,0,12.121212
2026-08-14 13:01:36,Simpang 3,lane_3,4,0,0,1,3,0,0,1,11.764706
2026-08-14 13:01:36,Simpang 4,lane_1,1,0,0,0,0,0,1,0,3.030303
2026-08-14 13:01:36,Simpang 4,lane_2,3,0,0,2,1,0,0,0,9.090909
2026-08-14 13:01:36,Simpang 4,lane_3,3,1,0,1,2,0,0,0,8.823529
2026-08-14 13:01:39,Simpang 2,lane_2,2,0,0,2,0,0,0,0,6.060606
2026-08-14 13:01:39,Simpang 2,lane_1,1,0,0,0,1,0,0,0,3.030303
2026-08-14 13:01:39,Simpang 1,lane_2,6,0,0,6,0,0,0,0,18.181818
2026-08-14 13:01:39,Simpang 1,lane_3,1,0,0,1,0,0,0,0,2.941176
2026-08-14 13:01:40,Simpang 3,lane_2,4,1,0,4,0,0,0,0,12.121212
2026-08-14 13:01:40,Simpang 3,lane_3,4,0,0,1,3,0,0,1,11.764706
2026-08-14 13:01:41,Simpang 4,lane_1,1,0,0,0,0,0,1,0,3.030303
2026-08-14 13:01:41,Simpang 4,lane_2,2,0,0,2,0,0,0,0,6.060606
2026-08-14 13:01:41,Simpang 4,lane_3,3,1,0,1,2,0,0,0,8.823529
2026-08-14 13:01:44,Simpang 2,lane_2,2,0,0,2,0,0,0,0,6.060606
2026-08-14 13:01:44,Simpang 2,lane_1,1,0,0,0,1,0,0,0,3.030303
2026-08-14 13:01:44,Simpang 1,lane_2,6,1,0,6,0,0,0,0,18.181818
2026-08-14 13:01:44,Simpang 1,lane_3,1,0,0,1,0,0,0,0,2.941176
2026-08-14 13:01:44,Simpang 3,lane_2,4,1,0,4,0,0,0,0,12.121212
2026-08-14 13:01:44,Simpang 3,lane_3,4,0,0,1,3,0,0,1,11.764706
2026-08-14 13:01:45,Simpang 4,lane_1,1,0,0,0,0,0,1,0,3.030303
2026-08-14 13:01:45,Simpang 4,lane_2,2,0,0,2,0,0,0,0,6.060606
2026-08-14 13:01:45,Simpang 4,lane_3,4,1,0,1,3,0,0,0,11.764706
2026-08-14 13:01:48,Simpang 3,lane_2,4,1,0,4,0,0,0,0,12.121212
2026-08-14 13:01:48,Simpang 3,lane_3,4,0,0,1,3,0,0,1,11.764706
2026-08-14 13:01:48,Simpang 2,lane_2,2,0,0,2,0,0,0,0,6.060606
2026-08-14 13:01:48,Simpang 2,lane_1,1,0,0,0,1,0,0,0,3.030303
2026-08-14 13:01:48,Simpang 4,lane_1,1,0,0,0,0,0,1,0,3.030303
2026-08-14 13:01:48,Simpang 4,lane_2,1,0,0,1,0,0,0,0,3.030303
2026-08-14 13:01:48,Simpang 4,lane_3,1,2,0,1,0,0,0,0,2.941176
2026-08-14 13:01:48,Simpang 1,lane_2,6,1,0,6,0,0,0,0,18.181818
2026-08-14 13:01:48,Simpang 1,lane_3,1,0,0,1,0,0,0,0,2.941176
2026-08-14 13:01:52,Simpang 3,lane_2,4,1,0,4,0,0,0,0,12.121212
2026-08-14 13:01:52,Simpang 3,lane_3,4,0,0,1,3,0,0,1,11.764706
2026-08-14 13:01:52,Simpang 4,lane_1,1,0,0,0,0,0,1,0,3.030303
2026-08-14 13:01:52,Simpang 4,lane_2,1,0,0,1,0,0,0,0,3.030303
2026-08-14 13:01:52,Simpang 4,lane_3,3,1,0,1,2,0,0,0,8.823529
2026-08-14 13:01:52,Simpang 2,lane_2,2,0,0,2,0,0,0,0,6.060606
2026-08-14 13:01:52,Simpang 2,lane_1,1,0,0,0,1,0,0,0,3.030303
2026-08-14 13:01:52,Simpang 1,lane_2,6,0,0,6,0,0,0,0,18.181818
2026-08-14 13:01:52,Simpang 1,lane_3,1,0,0,1,0,0,0,0,2.941176
2026-08-14 13:01:56,Simpang 4,lane_1,1,0,0,0,0,0,1,0,3.030303
2026-08-14 13:01:56,Simpang 4,lane_2,1,0,0,1,0,0,0,0,3.030303
2026-08-14 13:01:56,Simpang 4,lane_3,3,0,0,1,2,0,0,0,8.823529
2026-08-14 13:01:56,Simpang 3,lane_2,3,1,0,3,0,0,0,0,9.090909
2026-08-14 13:01:56,Simpang 3,lane_3,4,0,0,1,3,0,0,1,11.764706
2026-08-14 13:01:56,Simpang 2,lane_2,2,0,0,2,0,0,0,0,6.060606
2026-08-14 13:01:56,Simpang 2,lane_1,1,0,0,0,1,0,0,0,3.030303
2026-08-14 13:01:57,Simpang 1,lane_2,6,0,0,6,0,0,0,0,18.181818
2026-08-14 13:01:57,Simpang 1,lane_3,1,0,0,1,0,0,0,0,2.941176
2026-08-14 13:02:00,Simpang 4,lane_1,1,0,0,0,0,0,1,0,3.030303
2026-08-14 13:02:00,Simpang 4,lane_2,1,0,0,1,0,0,0,0,3.030303
2026-08-14 13:02:00,Simpang 4,lane_3,3,1,0,1,2,0,0,0,8.823529
2026-08-14 13:02:00,Simpang 3,lane_2,3,1,0,3,0,0,0,0,9.090909
2026-08-14 13:02:00,Simpang 3,lane_3,4,0,0,1,3,0,0,1,11.764706
2026-08-14 13:02:00,Simpang 2,lane_2,2,0,0,2,0,0,0,0,6.060606
2026-08-14 13:02:00,Simpang 2,lane_1,1,0,0,0,1,0,0,0,3.030303
2026-08-14 13:02:01,Simpang 1,lane_2,6,1,0,6,0,0,0,0,18.181818
2026-08-14 13:02:01,Simpang 1,lane_3,1,0,0,1,0,0,0,0,2.941176
2026-08-14 13:02:04,Simpang 4,lane_1,1,0,0,0,0,0,1,0,3.030303
2026-08-14 13:02:04,Simpang 4,lane_2,1,0,0,1,0,0,0,0,3.030303
2026-08-14 13:02:04,Simpang 4,lane_3,3,1,0,1,2,0,0,0,8.823529
2026-08-14 13:02:04,Simpang 3,lane_2,3,1,0,3,0,0,0,0,9.090909
2026-08-14 13:02:04,Simpang 3,lane_3,4,0,0,1,3,0,0,1,11.764706
2026-08-14 13:02:05,Simpang 2,lane_2,2,0,0,2,0,0,0,0,6.060606
2026-08-14 13:02:05,Simpang 2,lane_1,1,0,0,0,1,0,0,0,3.030303
2026-08-14 13:02:06,Simpang 1,lane_2,6,1,0,6,0,0,0,0,18.181818
2026-08-14 13:02:06,Simpang 1,lane_3,1,0,0,1,0,0,0,0,2.941176
2026-08-14 13:02:08,Simpang 3,lane_2,3,1,0,3,0,0,0,0,9.090909
2026-08-14 13:02:08,Simpang 3,lane_3,4,0,0,1,3,0,0,1,11.764706
2026-08-14 13:02:08,Simpang 4,lane_1,1,0,0,0,0,0,1,0,3.030303
2026-08-14 13:02:08,Simpang 4,lane_2,3,0,0,1,2,0,0,0,9.090909
2026-08-14 13:02:08,Simpang 4,lane_3,1,0,0,1,0,0,0,0,2.941176
2026-08-14 13:02:09,Simpang 2,lane_2,2,0,0,2,0,0,0,0,6.060606
2026-08-14 13:02:09,Simpang 2,lane_1,1,0,0,0,1,0,0,0,3.030303
2026-08-14 13:02:10,Simpang 1,lane_2,6,1,0,6,0,0,0,0,18.181818
2026-08-14 13:02:10,Simpang 1,lane_3,1,0,0,1,0,0,0,0,2.941176
2026-08-14 13:02:12,Simpang 3,lane_2,3,1,0,3,0,0,0,0,9.090909
2026-08-14 13:02:12,Simpang 3,lane_3,4,0,0,1,3,0,0,1,11.764706
2026-08-14 13:02:12,Simpang 4,lane_1,1,0,0,0,0,0,1,0,3.030303
2026-08-14 13:02:12,Simpang 4,lane_2,3,0,0,1,2,0,0,0,9.090909
2026-08-14 13:02:12,Simpang 4,lane_3,1,1,0,1,0,0,0,0,2.941176
2026-08-14 13:02:14,Simpang 2,lane_2,2,0,0,2,0,0,0,0,6.060606
2026-08-14 13:02:14,Simpang 2,lane_1,1,0,0,0,1,0,0,0,3.030303
2026-08-14 13:02:15,Simpang 1,lane_2,6,1,0,6,0,0,0,0,18.181818
2026-08-14 13:02:15,Simpang 1,lane_3,1,0,0,1,0,0,0,0,2.941176
2026-08-14 13:02:15,Simpang 1,lane_1,1,0,0,1,0,0,0,0,3.030303
2026-08-14 13:02:16,Simpang 3,lane_2,3,2,0,3,0,0,0,0,9.090909
2026-08-14 13:02:16,Simpang 3,lane_3,4,0,0,1,3,0,0,1,11.764706
2026-08-14 13:02:17,Simpang 4,lane_1,1,0,0,0,0,0,1,0,3.030303
2026-08-14 13:02:17,Simpang 4,lane_2,3,0,0,1,2,0,0,0,9.090909
2026-08-14 13:02:17,Simpang 4,lane_3,2,1,0,1,0,0,1,0,5.882353
2026-08-14 13:02:18,Simpang 2,lane_2,2,0,0,2,0,0,0,0,6.060606
2026-08-14 13:02:18,Simpang 2,lane_1,1,0,0,0,1,0,0,0,3.030303
2026-08-14 13:02:19,Simpang 1,lane_2,6,0,0,6,0,0,0,0,18.181818
2026-08-14 13:02:19,Simpang 1,lane_3,1,0,0,1,0,0,0,0,2.941176
2026-08-14 13:02:19,Simpang 1,lane_1,1,0,0,1,0,0,0,0,3.030303
2026-08-14 13:02:20,Simpang 3,lane_2,3,2,0,3,0,0,0,0,9.090909
2026-08-14 13:02:20,Simpang 3,lane_3,4,1,0,1,3,0,0,1,11.764706
2026-08-14 13:02:21,Simpang 4,lane_1,1,0,0,0,0,0,1,0,3.030303
2026-08-14 13:02:21,Simpang 4,lane_2,4,0,0,1,3,0,0,0,12.121212
2026-08-14 13:02:21,Simpang 4,lane_3,2,1,0,1,0,0,1,0,5.882353
2026-08-14 13:02:23,Simpang 2,lane_2,2,0,0,2,0,0,0,0,6.060606
2026-08-14 13:02:23,Simpang 2,lane_1,1,0,0,0,1,0,0,0,3.030303
2026-08-14 13:02:23,Simpang 1,lane_2,6,0,0,6,0,0,0,0,18.181818
2026-08-14 13:02:23,Simpang 1,lane_3,1,0,0,1,0,0,0,0,2.941176
2026-08-14 13:02:23,Simpang 1,lane_1,1,0,0,1,0,0,0,0,3.030303
2026-08-14 13:02:24,Simpang 3,lane_2,4,1,0,4,0,0,0,0,12.121212
2026-08-14 13:02:24,Simpang 3,lane_3,3,1,0,1,2,0,0,1,8.823529
2026-08-14 13:02:25,Simpang 4,lane_1,1,0,0,0,0,0,1,0,3.030303
2026-08-14 13:02:25,Simpang 4,lane_2,4,0,0,1,3,0,0,0,12.121212
2026-08-14 13:02:25,Simpang 4,lane_3,2,1,0,1,0,0,1,0,5.882353
2026-08-14 13:02:27,Simpang 2,lane_2,2,0,0,2,0,0,0,0,6.060606
2026-08-14 13:02:27,Simpang 2,lane_1,1,0,0,0,1,0,0,0,3.030303
2026-08-14 13:02:28,Simpang 1,lane_2,6,0,0,6,0,0,0,0,18.181818
2026-08-14 13:02:28,Simpang 1,lane_3,1,0,0,1,0,0,0,0,2.941176
2026-08-14 13:02:28,Simpang 1,lane_1,1,0,0,1,0,0,0,0,3.030303
2026-08-14 13:02:28,Simpang 3,lane_2,4,1,0,4,0,0,0,0,12.121212
2026-08-14 13:02:28,Simpang 3,lane_3,3,1,0,1,2,0,0,1,8.823529
2026-08-14 13:02:28,Simpang 4,lane_1,1,0,0,0,0,0,1,0,3.030303
2026-08-14 13:02:28,Simpang 4,lane_2,7,0,0,2,5,0,0,0,21.212121
2026-08-14 13:02:28,Simpang 4,lane_3,2,2,0,1,0,0,1,0,5.882353
2026-08-14 13:02:31,Simpang 2,lane_2,2,0,0,2,0,0,0,0,6.060606
2026-08-14 13:02:31,Simpang 2,lane_1,1,0,0,0,1,0,0,0,3.030303
2026-08-14 13:02:32,Simpang 1,lane_2,6,0,0,6,0,0,0,0,18.181818
2026-08-14 13:02:32,Simpang 1,lane_3,1,0,0,1,0,0,0,0,2.941176
2026-08-14 13:02:32,Simpang 1,lane_1,1,0,0,1,0,0,0,0,3.030303
2026-08-14 13:02:32,Simpang 3,lane_2,4,1,0,4,0,0,0,0,12.121212
2026-08-14 13:02:32,Simpang 3,lane_3,3,1,0,1,2,0,0,1,8.823529
2026-08-14 13:02:32,Simpang 4,lane_1,1,0,0,0,0,0,1,0,3.030303
2026-08-14 13:02:32,Simpang 4,lane_2,6,0,0,2,4,0,0,0,18.181818
2026-08-14 13:02:32,Simpang 4,lane_3,1,1,0,1,0,0,0,0,2.941176
2026-08-14 13:02:36,Simpang 2,lane_2,2,0,0,2,0,0,0,0,6.060606
2026-08-14 13:02:36,Simpang 2,lane_1,1,0,0,0,1,0,0,0,3.030303
2026-08-14 13:02:36,Simpang 3,lane_2,4,1,0,4,0,0,0,0,12.121212
2026-08-14 13:02:36,Simpang 3,lane_3,3,1,0,1,2,0,0,1,8.823529
2026-08-14 13:02:36,Simpang 4,lane_1,1,0,0,0,0,0,1,0,3.030303
2026-08-14 13:02:36,Simpang 4,lane_2,7,0,0,2,5,0,0,0,21.212121
2026-08-14 13:02:36,Simpang 4,lane_3,1,1,0,1,0,0,0,0,2.941176
2026-08-14 13:02:36,Simpang 1,lane_2,6,0,0,6,0,0,0,0,18.181818
2026-08-14 13:02:40,Simpang 4,lane_1,1,0,0,0,0,0,1,0,3.030303
2026-08-14 13:02:40,Simpang 4,lane_2,7,0,0,2,5,0,0,0,21.212121
2026-08-14 13:02:40,Simpang 4,lane_3,1,1,0,1,0,0,0,0,2.941176
2026-08-14 13:02:40,Simpang 2,lane_2,2,0,0,2,0,0,0,0,6.060606
2026-08-14 13:02:40,Simpang 2,lane_1,1,0,0,0,1,0,0,0,3.030303
2026-08-14 13:02:40,Simpang 3,lane_2,4,1,0,4,0,0,0,0,12.121212
2026-08-14 13:02:40,Simpang 3,lane_3,3,1,0,1,2,0,0,1,8.823529
2026-08-14 13:02:40,Simpang 1,lane_2,6,0,0,6,0,0,0,0,18.181818
2026-08-14 13:02:43,Simpang 3,lane_2,4,1,0,4,0,0,0,0,12.121212
2026-08-14 13:02:43,Simpang 3,lane_3,3,1,0,1,2,0,0,1,8.823529
2026-08-14 13:02:43,Simpang 4,lane_1,1,0,0,0,0,0,1,0,3.030303
2026-08-14 13:02:43,Simpang 4,lane_2,6,0,0,2,4,0,0,0,18.181818
2026-08-14 13:02:43,Simpang 4,lane_3,1,2,0,1,0,0,0,0,2.941176
2026-08-14 13:02:44,Simpang 2,lane_2,2,0,0,2,0,0,0,0,6.060606
2026-08-14 13:02:44,Simpang 2,lane_1,1,0,0,0,1,0,0,0,3.030303
2026-08-14 13:02:44,Simpang 1,lane_2,6,0,0,6,0,0,0,0,18.181818
2026-08-14 13:02:44,Simpang 1,lane_3,1,0,0,1,0,0,0,0,2.941176
2026-08-14 13:02:47,Simpang 3,lane_2,4,1,0,4,0,0,0,0,12.121212
2026-08-14 13:02:47,Simpang 3,lane_3,3,1,0,1,2,0,0,1,8.823529
2026-08-14 13:02:47,Simpang 4,lane_1,1,0,0,0,0,0,1,0,3.030303
2026-08-14 13:02:47,Simpang 4,lane_2,6,0,0,2,4,0,0,0,18.181818
2026-08-14 13:02:47,Simpang 4,lane_3,3,1,0,1,2,0,0,0,8.823529
2026-08-14 13:02:48,Simpang 2,lane_2,2,0,0,2,0,0,0,0,6.060606
2026-08-14 13:02:48,Simpang 2,lane_1,1,0,0,0,1,0,0,0,3.030303
2026-08-14 13:02:48,Simpang 1,lane_2,6,0,0,6,0,0,0,0,18.181818
2026-08-14 13:02:48,Simpang 1,lane_3,1,0,0,1,0,0,0,0,2.941176
2026-08-14 13:02:51,Simpang 3,lane_2,4,0,0,4,0,0,0,0,12.121212
2026-08-14 13:02:51,Simpang 3,lane_3,3,0,0,1,2,0,0,1,8.823529
2026-08-14 13:02:51,Simpang 4,lane_1,1,0,0,0,0,0,1,0,3.030303
2026-08-14 13:02:51,Simpang 4,lane_2,6,0,0,2,4,0,0,0,18.181818
2026-08-14 13:02:51,Simpang 4,lane_3,3,1,0,1,2,0,0,0,8.823529
2026-08-14 13:02:52,Simpang 2,lane_2,2,0,0,2,0,0,0,0,6.060606
2026-08-14 13:02:52,Simpang 2,lane_1,1,0,0,0,1,0,0,0,3.030303
2026-08-14 13:02:53,Simpang 1,lane_2,6,0,0,6,0,0,0,0,18.181818
2026-08-14 13:02:53,Simpang 1,lane_3,1,0,0,1,0,0,0,0,2.941176
2026-08-14 13:02:55,Simpang 3,lane_2,5,0,0,5,0,0,0,0,15.151515
2026-08-14 13:02:55,Simpang 3,lane_3,3,0,0,1,2,0,0,1,8.823529
2026-08-14 13:02:56,Simpang 4,lane_1,1,0,0,0,0,0,1,0,3.030303
2026-08-14 13:02:56,Simpang 4,lane_2,6,0,0,2,4,0,0,0,18.181818
2026-08-14 13:02:56,Simpang 4,lane_3,2,1,0,1,1,0,0,0,5.882353
2026-08-14 13:02:57,Simpang 2,lane_2,2,0,0,2,0,0,0,0,6.060606
2026-08-14 13:02:57,Simpang 2,lane_1,1,0,0,0,1,0,0,0,3.030303
2026-08-14 13:02:57,Simpang 1,lane_2,6,0,0,6,0,0,0,0,18.181818
2026-08-14 13:02:57,Simpang 1,lane_3,1,0,0,1,0,0,0,0,2.941176
2026-08-14 13:02:59,Simpang 3,lane_2,5,0,0,5,0,0,0,0,15.151515
2026-08-14 13:02:59,Simpang 3,lane_3,3,0,0,1,2,0,0,1,8.823529
2026-08-14 13:02:59,Simpang 4,lane_1,1,0,0,0,0,0,1,0,3.030303
2026-08-14 13:02:59,Simpang 4,lane_2,7,0,0,2,5,0,0,0,21.212121
2026-08-14 13:02:59,Simpang 4,lane_3,3,1,0,2,1,0,0,0,8.823529
2026-08-14 13:03:01,Simpang 2,lane_2,2,0,0,2,0,0,0,0,6.060606
2026-08-14 13:03:01,Simpang 2,lane_1,1,0,0,0,1,0,0,0,3.030303
2026-08-14 13:03:01,Simpang 1,lane_2,7,0,0,7,0,0,0,0,21.212121
2026-08-14 13:03:01,Simpang 1,lane_3,1,0,0,1,0,0,0,0,2.941176
2026-08-14 13:03:03,Simpang 3,lane_2,5,0,0,5,0,0,0,0,15.151515
2026-08-14 13:03:03,Simpang 3,lane_3,3,0,0,1,2,0,0,1,8.823529
2026-08-14 13:03:04,Simpang 4,lane_1,1,0,0,0,0,0,1,0,3.030303
2026-08-14 13:03:04,Simpang 4,lane_2,4,1,0,2,2,0,0,0,12.121212
2026-08-14 13:03:04,Simpang 4,lane_3,3,1,0,2,1,0,0,0,8.823529
2026-08-14 13:03:06,Simpang 2,lane_2,2,0,0,2,0,0,0,0,6.060606
2026-08-14 13:03:06,Simpang 2,lane_1,1,0,0,0,1,0,0,0,3.030303

2026-08-14 13:03:07,Simpang 3,lane_2,5,0,0,5,0,0,0,0,15.151515
2026-08-14 13:03:07,Simpang 3,lane_3,3,0,0,1,2,0,0,1,8.823529
2026-08-14 13:03:08,Simpang 4,lane_1,1,0,0,0,0,0,1,0,3.030303
2026-08-14 13:03:08,Simpang 4,lane_2,9,0,0,2,7,0,0,0,27.272727
2026-08-14 13:03:08,Simpang 4,lane_3,2,1,0,2,0,0,0,0,5.882353
2026-08-14 13:03:10,Simpang 2,lane_2,2,0,0,2,0,0,0,0,6.060606
2026-08-14 13:03:10,Simpang 2,lane_1,1,0,0,0,1,0,0,0,3.030303
2026-08-14 13:03:10,Simpang 1,lane_2,7,0,0,7,0,0,0,0,21.212121
2026-08-14 13:03:10,Simpang 1,lane_3,1,0,0,1,0,0,0,0,2.941176
2026-08-14 13:03:11,Simpang 3,lane_2,5,0,0,5,0,0,0,0,15.151515
2026-08-14 13:03:11,Simpang 3,lane_3,3,1,0,1,2,0,0,1,8.823529
2026-08-14 13:03:12,Simpang 4,lane_1,1,0,0,0,0,0,1,0,3.030303
2026-08-14 13:03:12,Simpang 4,lane_2,5,0,0,2,3,0,0,0,15.151515
2026-08-14 13:03:12,Simpang 4,lane_3,4,0,0,2,2,0,0,0,11.764706
2026-08-14 13:03:14,Simpang 2,lane_2,2,0,0,2,0,0,0,0,6.060606
2026-08-14 13:03:14,Simpang 2,lane_1,1,0,0,0,1,0,0,0,3.030303
2026-08-14 13:03:14,Simpang 1,lane_2,7,0,0,7,0,0,0,0,21.212121
2026-08-14 13:03:14,Simpang 1,lane_3,1,0,0,1,0,0,0,0,2.941176
2026-08-14 13:03:15,Simpang 3,lane_2,5,0,0,5,0,0,0,0,15.151515
2026-08-14 13:03:15,Simpang 3,lane_3,2,0,0,1,1,0,0,1,5.882353
2026-08-14 13:03:16,Simpang 4,lane_1,1,0,0,0,0,0,1,0,3.030303
2026-08-14 13:03:16,Simpang 4,lane_2,6,1,0,2,4,0,0,0,18.181818
2026-08-14 13:03:16,Simpang 4,lane_3,4,0,0,2,2,0,0,0,11.764706
2026-08-14 13:03:19,Simpang 3,lane_2,5,0,0,5,0,0,0,0,15.151515
2026-08-14 13:03:19,Simpang 3,lane_3,3,0,0,1,2,0,0,1,8.823529
2026-08-14 13:03:19,Simpang 2,lane_2,2,0,0,2,0,0,0,0,6.060606
2026-08-14 13:03:19,Simpang 2,lane_1,1,0,0,0,1,0,0,0,3.030303
2026-08-14 13:03:19,Simpang 1,lane_2,7,0,0,7,0,0,0,0,21.212121
2026-08-14 13:03:19,Simpang 1,lane_3,1,0,0,1,0,0,0,0,2.941176
2026-08-14 13:03:20,Simpang 4,lane_1,1,0,0,0,0,0,1,0,3.030303
2026-08-14 13:03:20,Simpang 4,lane_2,5,0,0,2,3,0,0,0,15.151515
2026-08-14 13:03:20,Simpang 4,lane_3,4,0,0,2,2,0,0,0,11.764706
2026-08-14 13:03:23,Simpang 3,lane_2,4,0,0,4,0,0,0,0,12.121212
2026-08-14 13:03:23,Simpang 3,lane_3,2,0,0,0,2,0,0,1,5.882353
2026-08-14 13:03:23,Simpang 2,lane_2,2,0,0,2,0,0,0,0,6.060606
2026-08-14 13:03:23,Simpang 2,lane_1,1,0,0,0,1,0,0,0,3.030303
2026-08-14 13:03:23,Simpang 4,lane_1,1,0,0,0,0,0,1,0,3.030303
2026-08-14 13:03:23,Simpang 4,lane_2,5,0,0,2,3,0,0,0,15.151515
2026-08-14 13:03:23,Simpang 4,lane_3,1,1,0,1,0,0,0,0,2.941176
2026-08-14 13:03:23,Simpang 1,lane_2,6,1,0,6,0,0,0,0,18.181818
2026-08-14 13:03:23,Simpang 1,lane_3,1,0,0,1,0,0,0,0,2.941176
2026-08-14 13:03:27,Simpang 3,lane_2,4,0,0,4,0,0,0,0,12.121212
2026-08-14 13:03:27,Simpang 3,lane_3,3,0,0,1,2,0,0,1,8.823529
2026-08-14 13:03:27,Simpang 4,lane_1,1,0,0,0,0,0,1,0,3.030303
2026-08-14 13:03:27,Simpang 4,lane_2,6,0,0,3,3,0,0,0,18.181818
2026-08-14 13:03:27,Simpang 4,lane_3,2,0,0,0,2,0,0,0,5.882353
2026-08-14 13:03:27,Simpang 2,lane_2,2,0,0,2,0,0,0,0,6.060606
2026-08-14 13:03:27,Simpang 2,lane_1,1,0,0,0,1,0,0,0,3.030303
2026-08-14 13:03:28,Simpang 1,lane_2,6,1,0,6,0,0,0,0,18.181818
2026-08-14 13:03:28,Simpang 1,lane_3,1,0,0,1,0,0,0,0,2.941176
2026-08-14 13:03:30,Simpang 3,lane_2,4,1,0,4,0,0,0,0,12.121212
2026-08-14 13:03:30,Simpang 3,lane_3,2,1,0,1,1,0,0,1,5.882353
2026-08-14 13:03:30,Simpang 4,lane_1,2,0,0,1,0,0,1,0,6.060606
2026-08-14 13:03:30,Simpang 4,lane_2,5,0,0,3,2,0,0,0,15.151515
2026-08-14 13:03:30,Simpang 4,lane_3,3,0,0,1,2,0,0,0,8.823529
2026-08-14 13:03:31,Simpang 2,lane_2,2,0,0,2,0,0,0,0,6.060606
2026-08-14 13:03:31,Simpang 2,lane_1,1,0,0,0,1,0,0,0,3.030303
2026-08-14 13:03:32,Simpang 1,lane_2,7,1,0,7,0,0,0,0,21.212121
2026-08-14 13:03:32,Simpang 1,lane_3,1,0,0,1,0,0,0,0,2.941176
2026-08-14 13:03:34,Simpang 3,lane_2,4,1,0,4,0,0,0,0,12.121212
2026-08-14 13:03:34,Simpang 3,lane_3,2,1,0,1,1,0,0,1,5.882353
2026-08-14 13:03:35,Simpang 4,lane_1,2,0,0,1,0,0,1,0,6.060606
2026-08-14 13:03:35,Simpang 4,lane_2,5,0,0,3,2,0,0,0,15.151515
2026-08-14 13:03:35,Simpang 4,lane_3,3,0,0,1,2,0,0,0,8.823529
2026-08-14 13:03:36,Simpang 2,lane_2,2,0,0,2,0,0,0,0,6.060606
2026-08-14 13:03:36,Simpang 2,lane_1,1,0,0,0,1,0,0,0,3.030303
2026-08-14 13:03:36,Simpang 1,lane_2,7,1,0,7,0,0,0,0,21.212121
2026-08-14 13:03:36,Simpang 1,lane_3,1,0,0,1,0,0,0,0,2.941176
2026-08-14 13:03:38,Simpang 3,lane_2,4,1,0,4,0,0,0,0,12.121212
2026-08-14 13:03:38,Simpang 3,lane_3,3,1,0,1,2,0,0,1,8.823529
2026-08-14 13:03:39,Simpang 4,lane_1,2,0,0,1,0,0,1,0,6.060606
2026-08-14 13:03:39,Simpang 4,lane_2,6,0,0,3,3,0,0,0,18.181818
2026-08-14 13:03:39,Simpang 4,lane_3,4,0,0,2,2,0,0,0,11.764706
2026-08-14 13:03:40,Simpang 2,lane_2,2,0,0,2,0,0,0,0,6.060606
2026-08-14 13:03:40,Simpang 2,lane_1,1,0,0,0,1,0,0,0,3.030303
2026-08-14 13:03:40,Simpang 1,lane_2,7,1,0,7,0,0,0,0,21.212121
2026-08-14 13:03:40,Simpang 1,lane_3,1,0,0,1,0,0,0,0,2.941176
2026-08-14 13:03:42,Simpang 3,lane_2,4,1,0,4,0,0,0,0,12.121212
2026-08-14 13:03:42,Simpang 3,lane_3,3,1,0,1,2,0,0,1,8.823529
2026-08-14 13:03:43,Simpang 4,lane_1,2,0,0,1,0,0,1,0,6.060606
2026-08-14 13:03:43,Simpang 4,lane_2,7,0,0,3,4,0,0,0,21.212121
2026-08-14 13:03:43,Simpang 4,lane_3,3,0,0,1,2,0,0,0,8.823529
2026-08-14 13:03:44,Simpang 2,lane_2,2,0,0,2,0,0,0,0,6.060606
2026-08-14 13:03:44,Simpang 2,lane_1,1,0,0,0,1,0,0,0,3.030303
2026-08-14 13:03:45,Simpang 1,lane_2,7,1,0,7,0,0,0,0,21.212121
2026-08-14 13:03:45,Simpang 1,lane_3,1,0,0,1,0,0,0,0,2.941176
2026-08-14 13:03:46,Simpang 3,lane_2,4,1,0,4,0,0,0,0,12.121212
2026-08-14 13:03:46,Simpang 3,lane_3,3,1,0,1,2,0,0,1,8.823529
2026-08-14 13:03:47,Simpang 4,lane_1,2,0,0,1,0,0,1,0,6.060606
2026-08-14 13:03:47,Simpang 4,lane_2,8,0,0,3,5,0,0,0,24.242424
2026-08-14 13:03:47,Simpang 4,lane_3,5,0,0,1,4,0,0,0,14.705882
2026-08-14 13:03:49,Simpang 2,lane_2,2,0,0,2,0,0,0,0,6.060606
2026-08-14 13:03:49,Simpang 2,lane_1,1,0,0,0,1,0,0,0,3.030303
2026-08-14 13:03:49,Simpang 1,lane_2,7,1,0,7,0,0,0,0,21.212121
2026-08-14 13:03:49,Simpang 1,lane_3,1,0,0,1,0,0,0,0,2.941176
2026-08-14 13:03:50,Simpang 3,lane_2,4,1,0,4,0,0,0,0,12.121212
2026-08-14 13:03:50,Simpang 3,lane_3,2,1,0,1,1,0,0,1,5.882353
2026-08-14 13:03:51,Simpang 4,lane_1,2,0,0,1,0,0,1,0,6.060606
2026-08-14 13:03:51,Simpang 4,lane_2,8,0,0,3,5,0,0,0,24.242424
2026-08-14 13:03:51,Simpang 4,lane_3,5,0,0,1,4,0,0,0,14.705882
2026-08-14 13:03:53,Simpang 2,lane_2,2,0,0,2,0,0,0,0,6.060606
2026-08-14 13:03:53,Simpang 2,lane_1,1,0,0,0,1,0,0,0,3.030303
2026-08-14 13:03:54,Simpang 1,lane_2,7,1,0,7,0,0,0,0,21.212121
2026-08-14 13:03:54,Simpang 1,lane_3,1,0,0,1,0,0,0,0,2.941176
2026-08-14 13:03:55,Simpang 3,lane_2,4,1,0,4,0,0,0,0,12.121212
2026-08-14 13:03:55,Simpang 3,lane_3,2,1,0,1,1,0,0,1,5.882353
2026-08-14 13:03:55,Simpang 4,lane_1,2,0,0,1,0,0,1,0,6.060606
2026-08-14 13:03:55,Simpang 4,lane_2,6,0,0,2,4,0,0,0,18.181818
2026-08-14 13:03:55,Simpang 4,lane_3,4,0,0,1,3,0,0,0,11.764706
2026-08-14 13:03:58,Simpang 2,lane_2,2,0,0,2,0,0,0,0,6.060606
2026-08-14 13:03:58,Simpang 2,lane_1,1,0,0,0,1,0,0,0,3.030303
2026-08-14 13:03:58,Simpang 1,lane_2,6,1,0,6,0,0,0,0,18.181818
2026-08-14 13:03:58,Simpang 1,lane_3,1,0,0,1,0,0,0,0,2.941176
2026-08-14 13:03:58,Simpang 3,lane_2,4,1,0,4,0,0,0,0,12.121212
2026-08-14 13:03:58,Simpang 3,lane_3,3,1,0,1,2,0,0,1,8.823529
2026-08-14 13:03:59,Simpang 4,lane_1,3,0,0,2,0,0,1,0,9.090909
2026-08-14 13:03:59,Simpang 4,lane_2,6,0,0,2,4,0,0,0,18.181818
2026-08-14 13:03:59,Simpang 4,lane_3,4,0,0,1,3,0,0,0,11.764706
2026-08-14 13:04:02,Simpang 2,lane_2,2,0,0,2,0,0,0,0,6.060606
2026-08-14 13:04:02,Simpang 2,lane_1,1,0,0,0,1,0,0,0,3.030303
2026-08-14 13:04:02,Simpang 3,lane_2,4,1,0,4,0,0,0,0,12.121212
2026-08-14 13:04:02,Simpang 3,lane_3,3,1,0,1,2,0,0,1,8.823529
2026-08-14 13:04:03,Simpang 1,lane_2,6,1,0,6,0,0,0,0,18.181818
2026-08-14 13:04:03,Simpang 1,lane_3,1,0,0,1,0,0,0,0,2.941176
2026-08-14 13:04:03,Simpang 4,lane_1,2,0,0,1,0,0,1,0,6.060606
2026-08-14 13:04:03,Simpang 4,lane_2,5,0,0,2,3,0,0,0,15.151515
2026-08-14 13:04:03,Simpang 4,lane_3,1,3,0,1,0,0,0,0,2.941176
2026-08-14 13:04:06,Simpang 3,lane_2,4,1,0,4,0,0,0,0,12.121212
2026-08-14 13:04:06,Simpang 3,lane_3,3,1,0,1,2,0,0,1,8.823529
2026-08-14 13:04:06,Simpang 2,lane_2,2,0,0,2,0,0,0,0,6.060606
2026-08-14 13:04:06,Simpang 2,lane_1,1,0,0,0,1,0,0,0,3.030303
2026-08-14 13:04:07,Simpang 4,lane_1,4,0,0,0,2,0,2,0,12.121212
2026-08-14 13:04:07,Simpang 4,lane_2,3,0,0,2,1,0,0,0,9.090909
2026-08-14 13:04:07,Simpang 4,lane_3,2,1,0,2,0,0,0,0,5.882353
2026-08-14 13:04:07,Simpang 1,lane_2,6,1,0,6,0,0,0,0,18.181818
2026-08-14 13:04:07,Simpang 1,lane_3,1,0,0,1,0,0,0,0,2.941176
2026-08-14 13:04:10,Simpang 3,lane_2,4,1,0,4,0,0,0,0,12.121212
2026-08-14 13:04:10,Simpang 3,lane_3,3,1,0,1,2,0,0,1,8.823529
2026-08-14 13:04:11,Simpang 4,lane_1,6,0,0,2,2,0,2,0,18.181818
2026-08-14 13:04:11,Simpang 4,lane_2,3,0,0,2,1,0,0,0,9.090909
2026-08-14 13:04:11,Simpang 4,lane_3,2,2,0,2,0,0,0,0,5.882353
2026-08-14 13:04:11,Simpang 2,lane_2,2,0,0,2,0,0,0,0,6.060606
2026-08-14 13:04:11,Simpang 2,lane_1,1,0,0,0,1,0,0,0,3.030303
2026-08-14 13:04:12,Simpang 1,lane_2,6,1,0,6,0,0,0,0,18.181818
2026-08-14 13:04:12,Simpang 1,lane_3,1,0,0,1,0,0,0,0,2.941176
2026-08-14 13:04:15,Simpang 3,lane_2,4,1,0,4,0,0,0,0,12.121212
2026-08-14 13:04:15,Simpang 3,lane_3,3,1,0,1,2,0,0,1,8.823529
2026-08-14 13:04:15,Simpang 4,lane_1,6,0,0,2,2,0,2,0,18.181818
2026-08-14 13:04:15,Simpang 4,lane_2,3,0,0,2,1,0,0,0,9.090909
2026-08-14 13:04:15,Simpang 4,lane_3,2,2,0,2,0,0,0,0,5.882353
2026-08-14 13:04:16,Simpang 2,lane_2,2,0,0,2,0,0,0,0,6.060606
2026-08-14 13:04:16,Simpang 2,lane_1,1,0,0,0,1,0,0,0,3.030303
2026-08-14 13:04:17,Simpang 1,lane_2,7,1,0,7,0,0,0,0,21.212121
2026-08-14 13:04:17,Simpang 1,lane_3,1,0,0,1,0,0,0,0,2.941176
2026-08-14 13:04:19,Simpang 3,lane_2,4,1,0,4,0,0,0,0,12.121212
2026-08-14 13:04:19,Simpang 3,lane_3,3,0,0,1,2,0,0,1,8.823529
2026-08-14 13:04:20,Simpang 4,lane_2,4,0,0,2,2,0,0,0,12.121212
2026-08-14 13:04:20,Simpang 4,lane_1,4,0,0,2,2,0,0,0,12.121212
2026-08-14 13:04:20,Simpang 4,lane_3,2,2,0,1,0,0,1,0,5.882353
2026-08-14 13:04:21,Simpang 2,lane_2,2,0,0,2,0,0,0,0,6.060606
2026-08-14 13:04:21,Simpang 2,lane_1,1,0,0,0,1,0,0,0,3.030303
2026-08-14 13:04:21,Simpang 1,lane_2,7,1,0,7,0,0,0,0,21.212121
2026-08-14 13:04:21,Simpang 1,lane_3,1,0,0,1,0,0,0,0,2.941176
2026-08-14 13:04:24,Simpang 3,lane_2,4,1,0,4,0,0,0,0,12.121212
2026-08-14 13:04:24,Simpang 3,lane_3,3,0,0,1,2,0,0,1,8.823529
2026-08-14 13:04:24,Simpang 4,lane_2,4,0,0,2,2,0,0,0,12.121212
2026-08-14 13:04:24,Simpang 4,lane_1,5,0,0,2,2,0,1,0,15.151515
2026-08-14 13:04:24,Simpang 4,lane_3,7,0,0,2,4,0,1,0,20.588235
2026-08-14 13:04:26,Simpang 2,lane_2,2,0,0,2,0,0,0,0,6.060606
2026-08-14 13:04:26,Simpang 2,lane_1,1,0,0,0,1,0,0,0,3.030303
2026-08-14 13:04:26,Simpang 1,lane_2,6,0,0,6,0,0,0,0,18.181818
2026-08-14 13:04:26,Simpang 1,lane_3,1,0,0,1,0,0,0,0,2.941176
2026-08-14 13:04:28,Simpang 3,lane_2,3,0,0,3,0,0,0,0,9.090909
2026-08-14 13:04:28,Simpang 3,lane_3,3,0,0,1,2,0,0,1,8.823529
2026-08-14 13:04:28,Simpang 4,lane_2,4,0,0,2,2,0,0,0,12.121212
2026-08-14 13:04:28,Simpang 4,lane_1,4,0,0,1,2,0,1,0,12.121212
2026-08-14 13:04:28,Simpang 4,lane_3,4,0,0,1,3,0,0,0,11.764706
2026-08-14 13:04:30,Simpang 2,lane_2,2,0,0,2,0,0,0,0,6.060606
2026-08-14 13:04:30,Simpang 2,lane_1,1,0,0,0,1,0,0,0,3.030303
2026-08-14 13:04:31,Simpang 1,lane_2,6,0,0,6,0,0,0,0,18.181818
2026-08-14 13:04:31,Simpang 1,lane_3,1,0,0,1,0,0,0,0,2.941176
2026-08-14 13:04:32,Simpang 3,lane_2,3,0,0,3,0,0,0,0,9.090909
2026-08-14 13:04:32,Simpang 3,lane_3,3,0,0,1,2,0,0,1,8.823529
2026-08-14 13:04:32,Simpang 4,lane_2,3,0,0,2,1,0,0,0,9.090909
2026-08-14 13:04:32,Simpang 4,lane_1,4,0,0,2,2,0,0,0,12.121212
2026-08-14 13:04:32,Simpang 4,lane_3,6,0,0,2,4,0,0,0,17.647059
2026-08-14 13:04:36,Simpang 2,lane_2,2,0,0,2,0,0,0,0,6.060606
2026-08-14 13:04:36,Simpang 2,lane_1,1,0,0,0,1,0,0,0,3.030303
2026-08-14 13:04:36,Simpang 1,lane_2,7,0,0,7,0,0,0,0,21.212121
2026-08-14 13:04:36,Simpang 1,lane_3,1,0,0,1,0,0,0,0,2.941176
2026-08-14 13:04:37,Simpang 4,lane_2,2,0,0,1,0,0,1,0,6.060606
2026-08-14 13:04:37,Simpang 4,lane_1,4,0,0,2,2,0,0,0,12.121212
2026-08-14 13:04:37,Simpang 4,lane_3,5,0,0,2,3,0,0,0,14.705882
2026-08-14 13:04:37,Simpang 3,lane_2,3,0,0,3,0,0,0,0,9.090909
2026-08-14 13:04:37,Simpang 3,lane_3,3,0,0,1,2,0,0,1,8.823529
2026-08-14 13:04:40,Simpang 2,lane_2,2,0,0,2,0,0,0,0,6.060606
2026-08-14 13:04:40,Simpang 2,lane_1,1,0,0,0,1,0,0,0,3.030303
2026-08-14 13:04:40,Simpang 1,lane_2,7,0,0,7,0,0,0,0,21.212121
2026-08-14 13:04:40,Simpang 1,lane_3,1,0,0,1,0,0,0,0,2.941176
2026-08-14 13:04:41,Simpang 3,lane_2,3,0,0,3,0,0,0,0,9.090909
2026-08-14 13:04:41,Simpang 3,lane_3,3,0,0,1,2,0,0,1,8.823529
2026-08-14 13:04:41,Simpang 4,lane_2,3,0,0,2,0,0,1,0,9.090909
2026-08-14 13:04:41,Simpang 4,lane_1,5,0,0,3,2,0,0,0,15.151515
2026-08-14 13:04:41,Simpang 4,lane_3,5,0,0,2,3,0,0,0,14.705882
2026-08-14 13:04:44,Simpang 2,lane_2,2,0,0,2,0,0,0,0,6.060606
2026-08-14 13:04:44,Simpang 2,lane_1,1,0,0,0,1,0,0,0,3.030303
2026-08-14 13:04:45,Simpang 1,lane_2,7,0,0,7,0,0,0,0,21.212121
2026-08-14 13:04:45,Simpang 1,lane_3,1,0,0,1,0,0,0,0,2.941176
2026-08-14 13:04:45,Simpang 3,lane_2,3,0,0,3,0,0,0,0,9.090909
2026-08-14 13:04:45,Simpang 3,lane_3,3,0,0,1,2,0,0,1,8.823529
2026-08-14 13:04:45,Simpang 4,lane_2,2,0,0,1,0,0,1,0,6.060606
2026-08-14 13:04:45,Simpang 4,lane_1,4,0,0,2,2,0,0,0,12.121212
2026-08-14 13:04:45,Simpang 4,lane_3,5,0,0,2,3,0,0,0,14.705882
2026-08-14 13:04:49,Simpang 3,lane_2,3,0,0,3,0,0,0,0,9.090909
2026-08-14 13:04:49,Simpang 3,lane_3,3,0,0,1,2,0,0,1,8.823529
2026-08-14 13:04:49,Simpang 4,lane_2,2,0,0,1,0,0,1,0,6.060606
2026-08-14 13:04:49,Simpang 4,lane_1,5,0,0,2,3,0,0,0,15.151515
2026-08-14 13:04:49,Simpang 4,lane_3,5,0,0,2,3,0,0,0,14.705882
2026-08-14 13:04:49,Simpang 1,lane_2,7,0,0,7,0,0,0,0,21.212121
2026-08-14 13:04:49,Simpang 1,lane_3,1,0,0,1,0,0,0,0,2.941176
2026-08-14 13:04:49,Simpang 2,lane_2,2,0,0,2,0,0,0,0,6.060606
2026-08-14 13:04:49,Simpang 2,lane_1,1,0,0,0,1,0,0,0,3.030303
2026-08-14 13:04:53,Simpang 3,lane_2,4,0,0,4,0,0,0,0,12.121212
2026-08-14 13:04:53,Simpang 3,lane_3,3,1,0,1,2,0,0,1,8.823529
2026-08-14 13:04:53,Simpang 4,lane_2,2,0,0,2,0,0,0,0,6.060606
2026-08-14 13:04:53,Simpang 4,lane_1,5,0,0,2,3,0,0,0,15.151515
2026-08-14 13:04:53,Simpang 4,lane_3,5,0,0,2,3,0,0,0,14.705882
2026-08-14 13:04:53,Simpang 1,lane_2,7,0,0,7,0,0,0,0,21.212121
2026-08-14 13:04:53,Simpang 1,lane_3,1,0,0,1,0,0,0,0,2.941176
2026-08-14 13:04:53,Simpang 2,lane_2,2,0,0,2,0,0,0,0,6.060606
2026-08-14 13:04:53,Simpang 2,lane_1,1,0,0,0,1,0,0,0,3.030303
2026-08-14 13:04:56,Simpang 3,lane_2,4,0,0,4,0,0,0,0,12.121212
2026-08-14 13:04:56,Simpang 3,lane_3,3,1,0,1,2,0,0,1,8.823529
2026-08-14 13:04:57,Simpang 4,lane_2,3,0,0,1,1,0,1,0,9.090909
2026-08-14 13:04:57,Simpang 4,lane_1,5,0,0,2,3,0,0,0,15.151515
2026-08-14 13:04:57,Simpang 4,lane_3,5,0,0,2,3,0,0,0,14.705882
2026-08-14 13:04:57,Simpang 1,lane_2,6,0,0,6,0,0,0,0,18.181818
2026-08-14 13:04:57,Simpang 1,lane_3,1,0,0,1,0,0,0,0,2.941176
2026-08-14 13:04:58,Simpang 2,lane_2,2,0,0,2,0,0,0,0,6.060606
2026-08-14 13:04:58,Simpang 2,lane_1,1,0,0,0,1,0,0,0,3.030303
2026-08-14 13:05:01,Simpang 3,lane_2,5,0,0,5,0,0,0,0,15.151515
2026-08-14 13:05:01,Simpang 3,lane_3,3,0,0,1,2,0,0,1,8.823529
2026-08-14 13:05:01,Simpang 4,lane_2,3,0,0,1,1,0,1,0,9.090909
2026-08-14 13:05:01,Simpang 4,lane_1,5,0,0,2,3,0,0,0,15.151515
2026-08-14 13:05:01,Simpang 4,lane_3,7,0,0,2,5,0,0,0,20.588235
2026-08-14 13:05:02,Simpang 1,lane_2,6,0,0,6,0,0,0,0,18.181818
2026-08-14 13:05:02,Simpang 1,lane_3,1,0,0,1,0,0,0,0,2.941176
2026-08-14 13:05:03,Simpang 2,lane_2,2,0,0,2,0,0,0,0,6.060606
2026-08-14 13:05:03,Simpang 2,lane_1,1,0,0,0,1,0,0,0,3.030303
2026-08-14 13:05:05,Simpang 3,lane_2,5,0,0,5,0,0,0,0,15.151515
2026-08-14 13:05:05,Simpang 3,lane_3,3,0,0,1,2,0,0,1,8.823529
2026-08-14 13:05:06,Simpang 4,lane_2,3,0,0,1,1,0,1,0,9.090909
2026-08-14 13:05:06,Simpang 4,lane_1,5,0,0,2,3,0,0,0,15.151515
2026-08-14 13:05:06,Simpang 4,lane_3,7,0,0,2,5,0,0,0,20.588235
2026-08-14 13:05:07,Simpang 1,lane_2,6,0,0,6,0,0,0,0,18.181818
2026-08-14 13:05:07,Simpang 1,lane_3,1,0,0,1,0,0,0,0,2.941176
2026-08-14 13:05:07,Simpang 2,lane_2,2,0,0,2,0,0,0,0,6.060606
2026-08-14 13:05:07,Simpang 2,lane_1,1,0,0,0,1,0,0,0,3.030303
2026-08-14 13:05:09,Simpang 3,lane_2,4,0,0,4,0,0,0,0,12.121212
2026-08-14 13:05:09,Simpang 3,lane_3,3,0,0,1,2,0,0,1,8.823529
2026-08-14 13:05:10,Simpang 4,lane_2,3,0,0,2,1,0,0,0,9.090909
2026-08-14 13:05:10,Simpang 4,lane_1,5,0,0,2,3,0,0,0,15.151515
2026-08-14 13:05:10,Simpang 4,lane_3,3,1,0,2,1,0,0,0,8.823529
2026-08-14 13:05:11,Simpang 1,lane_2,6,0,0,6,0,0,0,0,18.181818
2026-08-14 13:05:11,Simpang 1,lane_3,1,0,0,1,0,0,0,0,2.941176
2026-08-14 13:05:12,Simpang 2,lane_2,2,0,0,2,0,0,0,0,6.060606
2026-08-14 13:05:12,Simpang 2,lane_1,1,0,0,0,1,0,0,0,3.030303
2026-08-14 13:05:14,Simpang 3,lane_2,4,1,0,4,0,0,0,0,12.121212
2026-08-14 13:05:14,Simpang 3,lane_3,3,0,0,1,2,0,0,1,8.823529
2026-08-14 13:05:14,Simpang 4,lane_2,4,0,0,2,2,0,0,0,12.121212
2026-08-14 13:05:14,Simpang 4,lane_1,5,0,0,2,3,0,0,0,15.151515
2026-08-14 13:05:14,Simpang 4,lane_3,2,1,0,2,0,0,0,0,5.882353
2026-08-14 13:05:14,Simpang 1,lane_2,6,0,0,6,0,0,0,0,18.181818
2026-08-14 13:05:14,Simpang 1,lane_3,1,0,0,1,0,0,0,0,2.941176
2026-08-14 13:05:14,Simpang 2,lane_2,2,0,0,2,0,0,0,0,6.060606
2026-08-14 13:05:14,Simpang 2,lane_1,1,0,0,0,1,0,0,0,3.030303
2026-08-14 13:05:15,Simpang 3,lane_2,3,0,0,3,0,0,0,0,9.090909
2026-08-14 13:05:15,Simpang 3,lane_3,3,1,0,1,2,0,0,1,8.823529
2026-08-14 13:05:16,Simpang 4,lane_2,4,0,0,2,2,0,0,0,12.121212
2026-08-14 13:05:16,Simpang 4,lane_1,7,0,0,2,5,0,0,0,21.212121
2026-08-14 13:05:16,Simpang 4,lane_3,1,1,0,1,0,0,0,0,2.941176
2026-08-14 13:05:18,Simpang 1,lane_2,5,0,0,5,0,0,0,0,15.151515
2026-08-14 13:05:18,Simpang 1,lane_3,1,0,0,1,0,0,0,0,2.941176
2026-08-14 13:05:18,Simpang 2,lane_2,2,0,0,2,0,0,0,0,6.060606
2026-08-14 13:05:18,Simpang 2,lane_1,1,0,0,0,1,0,0,0,3.030303
2026-08-14 13:05:20,Simpang 3,lane_2,3,0,0,3,0,0,0,0,9.090909
2026-08-14 13:05:20,Simpang 3,lane_3,3,1,0,1,2,0,0,1,8.823529
2026-08-14 13:05:20,Simpang 4,lane_2,4,0,0,2,2,0,0,0,12.121212
2026-08-14 13:05:20,Simpang 4,lane_1,5,0,0,2,3,0,0,0,15.151515
2026-08-14 13:05:20,Simpang 4,lane_3,2,1,0,2,0,0,0,0,5.882353
2026-08-14 13:05:23,Simpang 1,lane_2,6,0,0,6,0,0,0,0,18.181818
2026-08-14 13:05:23,Simpang 1,lane_3,1,0,0,1,0,0,0,0,2.941176
2026-08-14 13:05:23,Simpang 2,lane_2,2,0,0,2,0,0,0,0,6.060606
2026-08-14 13:05:23,Simpang 2,lane_1,1,0,0,0,1,0,0,0,3.030303
2026-08-14 13:05:24,Simpang 3,lane_2,3,0,0,3,0,0,0,0,9.090909
2026-08-14 13:05:24,Simpang 3,lane_3,3,1,0,1,2,0,0,1,8.823529
2026-08-14 13:05:24,Simpang 4,lane_2,6,0,0,2,4,0,0,0,18.181818
2026-08-14 13:05:24,Simpang 4,lane_1,5,0,0,2,3,0,0,0,15.151515
2026-08-14 13:05:24,Simpang 4,lane_3,5,0,0,2,3,0,0,0,14.705882
2026-08-14 13:05:27,Simpang 1,lane_2,6,0,0,6,0,0,0,0,18.181818
2026-08-14 13:05:27,Simpang 1,lane_3,1,0,0,1,0,0,0,0,2.941176
2026-08-14 13:05:27,Simpang 2,lane_2,2,0,0,2,0,0,0,0,6.060606
2026-08-14 13:05:27,Simpang 2,lane_1,1,0,0,0,1,0,0,0,3.030303
2026-08-14 13:05:28,Simpang 3,lane_2,3,0,0,3,0,0,0,0,9.090909
2026-08-14 13:05:28,Simpang 3,lane_3,3,1,0,1,2,0,0,1,8.823529
2026-08-14 13:05:28,Simpang 4,lane_2,6,0,0,2,4,0,0,0,18.181818
2026-08-14 13:05:28,Simpang 4,lane_1,5,0,0,2,3,0,0,0,15.151515
2026-08-14 13:05:28,Simpang 4,lane_3,5,0,0,2,3,0,0,0,14.705882
2026-08-14 13:05:32,Simpang 3,lane_2,3,0,0,3,0,0,0,0,9.090909
2026-08-14 13:05:32,Simpang 3,lane_3,3,1,0,1,2,0,0,1,8.823529
2026-08-14 13:05:32,Simpang 4,lane_2,6,0,0,2,4,0,0,0,18.181818
2026-08-14 13:05:32,Simpang 4,lane_1,5,0,0,2,3,0,0,0,15.151515
2026-08-14 13:05:32,Simpang 4,lane_3,3,1,0,2,1,0,0,0,8.823529
2026-08-14 13:05:32,Simpang 2,lane_2,2,0,0,2,0,0,0,0,6.060606
2026-08-14 13:05:32,Simpang 2,lane_1,1,0,0,0,1,0,0,0,3.030303
2026-08-14 13:05:32,Simpang 1,lane_2,6,0,0,6,0,0,0,0,18.181818
2026-08-14 13:05:32,Simpang 1,lane_3,1,0,0,1,0,0,0,0,2.941176
2026-08-14 13:05:36,Simpang 3,lane_2,3,0,0,3,0,0,0,0,9.090909
2026-08-14 13:05:36,Simpang 3,lane_3,3,1,0,1,2,0,0,1,8.823529
2026-08-14 13:05:36,Simpang 4,lane_2,6,0,0,2,4,0,0,0,18.181818
2026-08-14 13:05:36,Simpang 4,lane_1,5,0,0,2,3,0,0,0,15.151515
2026-08-14 13:05:36,Simpang 4,lane_3,5,0,0,3,2,0,0,0,14.705882
2026-08-14 13:05:36,Simpang 2,lane_2,2,0,0,2,0,0,0,0,6.060606
2026-08-14 13:05:36,Simpang 2,lane_1,1,0,0,0,1,0,0,0,3.030303
2026-08-14 13:05:36,Simpang 1,lane_2,6,0,0,6,0,0,0,0,18.181818
2026-08-14 13:05:36,Simpang 1,lane_3,1,0,0,1,0,0,0,0,2.941176
2026-08-14 13:05:40,Simpang 3,lane_2,3,0,0,3,0,0,0,0,9.090909
2026-08-14 13:05:40,Simpang 3,lane_3,3,0,0,1,2,0,0,1,8.823529
2026-08-14 13:05:40,Simpang 4,lane_2,6,0,0,2,4,0,0,0,18.181818
2026-08-14 13:05:40,Simpang 4,lane_1,6,0,0,2,4,0,0,0,18.181818
2026-08-14 13:05:40,Simpang 4,lane_3,5,0,0,3,2,0,0,0,14.705882
2026-08-14 13:05:41,Simpang 2,lane_2,2,0,0,2,0,0,0,0,6.060606
2026-08-14 13:05:41,Simpang 2,lane_1,1,0,0,0,1,0,0,0,3.030303
2026-08-14 13:05:41,Simpang 1,lane_2,6,0,0,6,0,0,0,0,18.181818
2026-08-14 13:05:41,Simpang 1,lane_3,1,0,0,1,0,0,0,0,2.941176
2026-08-14 13:05:44,Simpang 3,lane_2,3,0,0,3,0,0,0,0,9.090909
2026-08-14 13:05:44,Simpang 3,lane_3,3,1,0,1,2,0,0,1,8.823529
2026-08-14 13:05:44,Simpang 4,lane_2,5,0,0,2,3,0,0,0,15.151515
2026-08-14 13:05:44,Simpang 4,lane_1,6,0,0,2,4,0,0,0,18.181818
2026-08-14 13:05:44,Simpang 4,lane_3,4,1,0,3,1,0,0,0,11.764706
2026-08-14 13:05:45,Simpang 2,lane_2,2,0,0,2,0,0,0,0,6.060606
2026-08-14 13:05:45,Simpang 2,lane_1,1,0,0,0,1,0,0,0,3.030303
2026-08-14 13:05:45,Simpang 1,lane_2,6,0,0,6,0,0,0,0,18.181818
2026-08-14 13:05:45,Simpang 1,lane_3,1,0,0,1,0,0,0,0,2.941176
2026-08-14 13:05:48,Simpang 3,lane_2,3,0,0,3,0,0,0,0,9.090909
2026-08-14 13:05:48,Simpang 3,lane_3,3,0,0,1,2,0,0,1,8.823529
2026-08-14 13:05:48,Simpang 4,lane_2,5,0,0,2,3,0,0,0,15.151515
2026-08-14 13:05:48,Simpang 4,lane_1,7,0,0,2,5,0,0,0,21.212121
2026-08-14 13:05:48,Simpang 4,lane_3,6,0,0,3,3,0,0,0,17.647059
2026-08-14 13:05:50,Simpang 2,lane_2,2,0,0,2,0,0,0,0,6.060606
2026-08-14 13:05:50,Simpang 2,lane_1,1,0,0,0,1,0,0,0,3.030303
2026-08-14 13:05:50,Simpang 1,lane_2,6,0,0,6,0,0,0,0,18.181818
2026-08-14 13:05:50,Simpang 1,lane_3,1,0,0,1,0,0,0,0,2.941176
2026-08-14 13:05:52,Simpang 3,lane_2,3,0,0,3,0,0,0,0,9.090909
2026-08-14 13:05:52,Simpang 3,lane_3,3,1,0,1,2,0,0,1,8.823529
2026-08-14 13:05:52,Simpang 4,lane_2,5,0,0,2,3,0,0,0,15.151515
2026-08-14 13:05:52,Simpang 4,lane_1,7,0,0,2,5,0,0,0,21.212121
2026-08-14 13:05:52,Simpang 4,lane_3,6,0,0,3,3,0,0,0,17.647059
2026-08-14 13:05:54,Simpang 2,lane_2,2,0,0,2,0,0,0,0,6.060606
2026-08-14 13:05:54,Simpang 2,lane_1,1,0,0,0,1,0,0,0,3.030303
2026-08-14 13:05:54,Simpang 1,lane_2,6,0,0,6,0,0,0,0,18.181818
2026-08-14 13:05:54,Simpang 1,lane_3,1,0,0,1,0,0,0,0,2.941176
2026-08-14 13:05:56,Simpang 3,lane_2,3,0,0,3,0,0,0,0,9.090909
2026-08-14 13:05:56,Simpang 3,lane_3,3,1,0,1,2,0,0,1,8.823529
2026-08-14 13:05:56,Simpang 4,lane_2,6,0,0,3,3,0,0,0,18.181818
2026-08-14 13:05:56,Simpang 4,lane_1,7,0,0,2,5,0,0,0,21.212121
2026-08-14 13:05:56,Simpang 4,lane_3,3,1,0,2,0,0,1,0,8.823529
2026-08-14 13:05:58,Simpang 2,lane_2,2,0,0,2,0,0,0,0,6.060606
2026-08-14 13:05:58,Simpang 2,lane_1,1,0,0,0,1,0,0,0,3.030303
2026-08-14 13:05:59,Simpang 1,lane_2,6,0,0,6,0,0,0,0,18.181818
2026-08-14 13:05:59,Simpang 1,lane_3,1,0,0,1,0,0,0,0,2.941176
2026-08-14 13:06:01,Simpang 3,lane_2,3,0,0,3,0,0,0,0,9.090909
2026-08-14 13:06:01,Simpang 3,lane_3,3,1,0,1,2,0,0,1,8.823529
2026-08-14 13:06:01,Simpang 4,lane_2,7,0,0,3,4,0,0,0,21.212121
2026-08-14 13:06:01,Simpang 4,lane_1,8,0,0,2,6,0,0,0,24.242424
2026-08-14 13:06:01,Simpang 4,lane_3,4,1,0,2,1,0,1,0,11.764706
2026-08-14 13:06:03,Simpang 2,lane_2,2,0,0,2,0,0,0,0,6.060606
2026-08-14 13:06:03,Simpang 2,lane_1,1,0,0,0,1,0,0,0,3.030303
2026-08-14 13:06:04,Simpang 1,lane_2,6,1,0,6,0,0,0,0,18.181818
2026-08-14 13:06:04,Simpang 1,lane_3,1,0,0,1,0,0,0,0,2.941176
2026-08-14 13:06:05,Simpang 3,lane_2,3,0,0,3,0,0,0,0,9.090909
2026-08-14 13:06:05,Simpang 3,lane_3,3,1,0,1,2,0,0,1,8.823529
2026-08-14 13:06:05,Simpang 4,lane_2,9,0,0,3,6,0,0,0,27.272727
2026-08-14 13:06:05,Simpang 4,lane_1,8,0,0,2,6,0,0,0,24.242424
2026-08-14 13:06:05,Simpang 4,lane_3,6,0,0,2,3,0,1,0,17.647059
2026-08-14 13:06:08,Simpang 2,lane_2,2,0,0,2,0,0,0,0,6.060606
2026-08-14 13:06:08,Simpang 2,lane_1,1,0,0,0,1,0,0,0,3.030303
2026-08-14 13:06:08,Simpang 1,lane_2,6,1,0,6,0,0,0,0,18.181818
2026-08-14 13:06:08,Simpang 1,lane_3,1,0,0,1,0,0,0,0,2.941176
2026-08-14 13:06:10,Simpang 4,lane_2,8,0,0,3,5,0,0,0,24.242424
2026-08-14 13:06:10,Simpang 4,lane_1,5,0,0,1,4,0,0,0,15.151515
2026-08-14 13:06:10,Simpang 4,lane_3,7,0,0,3,3,0,1,0,20.588235
2026-08-14 13:06:10,Simpang 3,lane_2,3,0,0,3,0,0,0,0,9.090909
2026-08-14 13:06:10,Simpang 3,lane_3,3,1,0,1,2,0,0,1,8.823529
2026-08-14 13:06:13,Simpang 1,lane_2,7,1,0,7,0,0,0,0,21.212121
2026-08-14 13:06:13,Simpang 1,lane_3,1,0,0,1,0,0,0,0,2.941176
2026-08-14 13:06:13,Simpang 2,lane_2,2,0,0,2,0,0,0,0,6.060606
2026-08-14 13:06:13,Simpang 2,lane_1,1,0,0,0,1,0,0,0,3.030303
2026-08-14 13:06:14,Simpang 3,lane_2,3,0,0,3,0,0,0,0,9.090909
2026-08-14 13:06:14,Simpang 3,lane_3,3,1,0,1,2,0,0,1,8.823529
2026-08-14 13:06:14,Simpang 4,lane_2,11,0,0,3,8,0,0,0,33.333333
2026-08-14 13:06:14,Simpang 4,lane_1,4,0,0,1,3,0,0,0,12.121212
2026-08-14 13:06:14,Simpang 4,lane_3,4,0,0,2,1,0,1,0,11.764706
2026-08-14 13:06:17,Simpang 1,lane_2,7,1,0,7,0,0,0,0,21.212121
2026-08-14 13:06:17,Simpang 1,lane_3,1,0,0,1,0,0,0,0,2.941176
2026-08-14 13:06:17,Simpang 2,lane_2,2,0,0,2,0,0,0,0,6.060606
2026-08-14 13:06:17,Simpang 2,lane_1,1,0,0,0,1,0,0,0,3.030303
2026-08-14 13:06:17,Simpang 3,lane_2,3,0,0,3,0,0,0,0,9.090909
2026-08-14 13:06:17,Simpang 3,lane_3,3,1,0,1,2,0,0,1,8.823529
2026-08-14 13:06:18,Simpang 4,lane_2,7,1,0,3,4,0,0,0,21.212121
2026-08-14 13:06:18,Simpang 4,lane_1,3,1,0,1,2,0,0,0,9.090909
2026-08-14 13:06:18,Simpang 4,lane_3,4,0,0,3,1,0,0,0,11.764706
2026-08-14 13:06:21,Simpang 3,lane_2,3,0,0,3,0,0,0,0,9.090909
2026-08-14 13:06:21,Simpang 3,lane_3,3,1,0,1,2,0,0,1,8.823529
2026-08-14 13:06:21,Simpang 1,lane_2,7,1,0,7,0,0,0,0,21.212121
2026-08-14 13:06:21,Simpang 1,lane_3,1,0,0,1,0,0,0,0,2.941176
2026-08-14 13:06:21,Simpang 4,lane_2,6,2,0,3,3,0,0,0,18.181818
2026-08-14 13:06:21,Simpang 4,lane_1,3,0,0,1,2,0,0,0,9.090909
2026-08-14 13:06:21,Simpang 4,lane_3,5,0,0,3,1,0,1,0,14.705882
2026-08-14 13:06:21,Simpang 2,lane_2,2,0,0,2,0,0,0,0,6.060606
2026-08-14 13:06:21,Simpang 2,lane_1,1,0,0,0,1,0,0,0,3.030303
2026-08-14 13:06:22,Simpang 3,lane_2,3,0,0,3,0,0,0,0,9.090909
2026-08-14 13:06:22,Simpang 3,lane_3,3,2,0,1,2,0,0,1,8.823529
2026-08-14 13:06:22,Simpang 4,lane_2,5,2,0,3,2,0,0,0,15.151515
2026-08-14 13:06:22,Simpang 4,lane_1,4,1,0,1,3,0,0,0,12.121212
2026-08-14 13:06:22,Simpang 4,lane_3,3,0,0,2,1,0,0,0,8.823529
2026-08-14 13:06:22,Simpang 1,lane_2,5,1,0,5,0,0,0,0,15.151515
2026-08-14 13:06:22,Simpang 1,lane_3,1,0,0,1,0,0,0,0,2.941176
2026-08-14 13:06:22,Simpang 2,lane_2,2,0,0,2,0,0,0,0,6.060606
2026-08-14 13:06:22,Simpang 2,lane_1,1,0,0,0,1,0,0,0,3.030303
2026-08-14 13:06:23,Simpang 3,lane_2,3,0,0,3,0,0,0,0,9.090909
2026-08-14 13:06:23,Simpang 3,lane_3,3,2,0,1,2,0,0,1,8.823529
2026-08-14 13:06:23,Simpang 4,lane_2,6,2,0,3,3,0,0,0,18.181818
2026-08-14 13:06:23,Simpang 4,lane_1,5,0,0,1,4,0,0,0,15.151515
2026-08-14 13:06:23,Simpang 4,lane_3,3,0,0,3,0,0,0,0,8.823529
2026-08-14 13:06:24,Simpang 1,lane_2,5,1,0,5,0,0,0,0,15.151515
2026-08-14 13:06:24,Simpang 1,lane_3,1,0,0,1,0,0,0,0,2.941176
2026-08-14 13:06:24,Simpang 2,lane_2,2,0,0,2,0,0,0,0,6.060606
2026-08-14 13:06:24,Simpang 2,lane_1,1,0,0,0,1,0,0,0,3.030303
2026-08-14 13:06:27,Simpang 4,lane_2,8,0,0,3,5,0,0,0,24.242424
2026-08-14 13:06:27,Simpang 4,lane_1,5,0,0,1,4,0,0,0,15.151515
2026-08-14 13:06:27,Simpang 4,lane_3,4,0,0,3,1,0,0,0,11.764706
2026-08-14 13:06:27,Simpang 3,lane_2,3,0,0,3,0,0,0,0,9.090909
2026-08-14 13:06:27,Simpang 3,lane_3,3,2,0,1,2,0,0,1,8.823529
2026-08-14 13:06:28,Simpang 1,lane_2,7,1,0,7,0,0,0,0,21.212121
2026-08-14 13:06:28,Simpang 1,lane_3,1,0,0,1,0,0,0,0,2.941176
2026-08-14 13:06:28,Simpang 2,lane_2,2,0,0,2,0,0,0,0,6.060606
2026-08-14 13:06:28,Simpang 2,lane_1,1,0,0,0,1,0,0,0,3.030303
2026-08-14 13:06:31,Simpang 3,lane_2,3,0,0,3,0,0,0,0,9.090909
2026-08-14 13:06:31,Simpang 3,lane_3,3,2,0,1,2,0,0,1,8.823529
2026-08-14 13:06:31,Simpang 4,lane_2,6,1,1,3,3,0,0,0,18.181818
2026-08-14 13:06:31,Simpang 4,lane_1,4,0,1,1,3,0,0,0,12.121212
2026-08-14 13:06:31,Simpang 4,lane_3,3,0,0,3,0,0,0,0,8.823529
2026-08-14 13:06:33,Simpang 1,lane_2,7,1,0,7,0,0,0,0,21.212121
2026-08-14 13:06:33,Simpang 1,lane_3,1,0,0,1,0,0,0,0,2.941176
2026-08-14 13:06:33,Simpang 2,lane_2,2,0,0,2,0,0,0,0,6.060606
2026-08-14 13:06:33,Simpang 2,lane_1,1,0,0,0,1,0,0,0,3.030303
2026-08-14 13:06:35,Simpang 4,lane_2,6,1,1,3,3,0,0,0,18.181818
2026-08-14 13:06:35,Simpang 4,lane_1,4,0,1,1,3,0,0,0,12.121212
2026-08-14 13:06:35,Simpang 4,lane_3,4,0,0,3,1,0,0,0,11.764706
2026-08-14 13:06:36,Simpang 3,lane_2,3,0,0,3,0,0,0,0,9.090909
2026-08-14 13:06:36,Simpang 3,lane_3,3,2,0,1,2,0,0,1,8.823529
2026-08-14 13:06:37,Simpang 1,lane_2,7,1,0,7,0,0,0,0,21.212121
2026-08-14 13:06:37,Simpang 1,lane_3,1,0,0,1,0,0,0,0,2.941176
2026-08-14 13:06:38,Simpang 2,lane_2,2,0,0,2,0,0,0,0,6.060606
2026-08-14 13:06:38,Simpang 2,lane_1,1,0,0,0,1,0,0,0,3.030303
2026-08-14 13:06:40,Simpang 3,lane_2,3,0,0,3,0,0,0,0,9.090909
2026-08-14 13:06:40,Simpang 3,lane_3,3,2,0,1,2,0,0,1,8.823529
2026-08-14 13:06:40,Simpang 4,lane_2,8,0,0,3,5,0,0,0,24.242424
2026-08-14 13:06:40,Simpang 4,lane_1,4,1,0,1,3,0,0,0,12.121212
2026-08-14 13:06:40,Simpang 4,lane_3,3,0,0,2,0,0,1,0,8.823529
2026-08-14 13:06:42,Simpang 1,lane_2,7,1,0,7,0,0,0,0,21.212121
2026-08-14 13:06:42,Simpang 1,lane_3,1,0,0,1,0,0,0,0,2.941176
2026-08-14 13:06:42,Simpang 2,lane_2,2,0,0,2,0,0,0,0,6.060606
2026-08-14 13:06:42,Simpang 2,lane_1,1,0,0,0,1,0,0,0,3.030303
2026-08-14 13:06:44,Simpang 3,lane_2,3,0,0,3,0,0,0,0,9.090909
2026-08-14 13:06:44,Simpang 3,lane_3,3,2,0,1,2,0,0,1,8.823529
2026-08-14 13:06:44,Simpang 4,lane_2,8,0,0,3,5,0,0,0,24.242424
2026-08-14 13:06:44,Simpang 4,lane_1,4,1,0,1,3,0,0,0,12.121212
2026-08-14 13:06:44,Simpang 4,lane_3,3,0,0,2,0,0,1,0,8.823529
2026-08-14 13:06:46,Simpang 1,lane_2,7,1,0,7,0,0,0,0,21.212121
2026-08-14 13:06:46,Simpang 1,lane_3,1,0,0,1,0,0,0,0,2.941176
2026-08-14 13:06:47,Simpang 2,lane_2,2,0,0,2,0,0,0,0,6.060606
2026-08-14 13:06:47,Simpang 2,lane_1,1,0,0,0,1,0,0,0,3.030303
2026-08-14 13:06:48,Simpang 3,lane_2,3,0,0,3,0,0,0,0,9.090909
2026-08-14 13:06:48,Simpang 3,lane_3,3,1,0,1,2,0,0,1,8.823529
2026-08-14 13:06:48,Simpang 4,lane_2,7,0,0,2,5,0,0,0,21.212121
2026-08-14 13:06:48,Simpang 4,lane_1,3,0,0,1,2,0,0,0,9.090909
2026-08-14 13:06:48,Simpang 4,lane_3,3,0,0,2,0,0,1,0,8.823529
2026-08-14 13:06:51,Simpang 1,lane_2,6,0,0,6,0,0,0,0,18.181818
2026-08-14 13:06:51,Simpang 1,lane_3,1,0,0,1,0,0,0,0,2.941176
2026-08-14 13:06:51,Simpang 2,lane_2,2,0,0,2,0,0,0,0,6.060606
2026-08-14 13:06:51,Simpang 2,lane_1,1,0,0,0,1,0,0,0,3.030303
2026-08-14 13:06:52,Simpang 4,lane_1,6,0,0,3,3,0,0,0,18.181818
2026-08-14 13:06:52,Simpang 4,lane_3,2,0,0,2,0,0,0,0,5.882353
2026-08-14 13:06:52,Simpang 4,lane_2,6,0,0,1,5,0,0,0,18.181818
2026-08-14 13:06:52,Simpang 3,lane_2,3,0,0,3,0,0,0,0,9.090909
2026-08-14 13:06:52,Simpang 3,lane_3,3,1,0,1,2,0,0,1,8.823529
2026-08-14 13:06:55,Simpang 1,lane_2,6,0,0,6,0,0,0,0,18.181818
2026-08-14 13:06:55,Simpang 1,lane_3,1,0,0,1,0,0,0,0,2.941176
2026-08-14 13:06:55,Simpang 2,lane_2,2,0,0,2,0,0,0,0,6.060606
2026-08-14 13:06:55,Simpang 2,lane_1,1,0,0,0,1,0,0,0,3.030303
2026-08-14 13:06:56,Simpang 4,lane_1,4,1,0,2,2,0,0,0,12.121212
2026-08-14 13:06:56,Simpang 4,lane_3,2,1,0,2,0,0,0,0,5.882353
2026-08-14 13:06:56,Simpang 4,lane_2,4,1,0,1,3,0,0,0,12.121212
2026-08-14 13:06:56,Simpang 3,lane_2,3,0,0,3,0,0,0,0,9.090909
2026-08-14 13:06:56,Simpang 3,lane_3,3,1,0,1,2,0,0,1,8.823529
2026-08-14 13:07:00,Simpang 1,lane_2,5,0,0,5,0,0,0,0,15.151515
2026-08-14 13:07:00,Simpang 1,lane_3,1,0,0,1,0,0,0,0,2.941176
2026-08-14 13:07:00,Simpang 2,lane_2,2,0,0,2,0,0,0,0,6.060606
2026-08-14 13:07:00,Simpang 2,lane_1,1,0,0,0,1,0,0,0,3.030303
2026-08-14 13:07:00,Simpang 3,lane_2,3,0,0,3,0,0,0,0,9.090909
2026-08-14 13:07:00,Simpang 3,lane_3,3,1,0,1,2,0,0,1,8.823529
2026-08-14 13:07:01,Simpang 4,lane_1,7,0,0,3,4,0,0,0,21.212121
2026-08-14 13:07:01,Simpang 4,lane_3,2,0,0,2,0,0,0,0,5.882353
2026-08-14 13:07:01,Simpang 4,lane_2,6,0,0,0,5,0,1,0,18.181818
2026-08-14 13:07:04,Simpang 3,lane_2,3,0,0,3,0,0,0,0,9.090909
2026-08-14 13:07:04,Simpang 3,lane_3,3,1,0,1,2,0,0,1,8.823529
2026-08-14 13:07:05,Simpang 4,lane_1,6,0,0,3,3,0,0,0,18.181818
2026-08-14 13:07:05,Simpang 4,lane_2,5,0,0,1,4,0,0,0,15.151515
2026-08-14 13:07:05,Simpang 4,lane_3,2,1,0,2,0,0,0,0,5.882353
2026-08-14 13:07:05,Simpang 2,lane_2,2,0,0,2,0,0,0,0,6.060606
2026-08-14 13:07:05,Simpang 2,lane_1,1,0,0,0,1,0,0,0,3.030303
2026-08-14 13:07:05,Simpang 1,lane_2,5,0,0,5,0,0,0,0,15.151515
2026-08-14 13:07:05,Simpang 1,lane_3,1,0,0,1,0,0,0,0,2.941176
2026-08-14 13:07:08,Simpang 3,lane_2,3,0,0,3,0,0,0,0,9.090909
2026-08-14 13:07:08,Simpang 3,lane_3,3,1,0,1,2,0,0,1,8.823529
2026-08-14 13:07:08,Simpang 4,lane_1,6,0,0,3,3,0,0,0,18.181818
2026-08-14 13:07:08,Simpang 4,lane_2,4,1,0,1,2,0,1,0,12.121212
2026-08-14 13:07:08,Simpang 4,lane_3,2,2,0,2,0,0,0,0,5.882353
2026-08-14 13:07:09,Simpang 2,lane_2,2,0,0,2,0,0,0,0,6.060606
2026-08-14 13:07:09,Simpang 2,lane_1,1,0,0,0,1,0,0,0,3.030303
2026-08-14 13:07:09,Simpang 1,lane_2,5,0,0,5,0,0,0,0,15.151515
2026-08-14 13:07:09,Simpang 1,lane_3,1,0,0,1,0,0,0,0,2.941176
2026-08-14 13:07:12,Simpang 3,lane_2,3,0,0,3,0,0,0,0,9.090909
2026-08-14 13:07:12,Simpang 3,lane_3,3,1,0,1,2,0,0,1,8.823529
2026-08-14 13:07:13,Simpang 4,lane_1,5,0,0,3,2,0,0,0,15.151515
2026-08-14 13:07:13,Simpang 4,lane_2,7,0,0,2,5,0,0,0,21.212121
2026-08-14 13:07:13,Simpang 4,lane_3,2,1,0,2,0,0,0,0,5.882353
2026-08-14 13:07:13,Simpang 2,lane_2,2,0,0,2,0,0,0,0,6.060606
2026-08-14 13:07:13,Simpang 2,lane_1,1,0,0,0,1,0,0,0,3.030303
2026-08-14 13:07:13,Simpang 1,lane_2,5,0,0,5,0,0,0,0,15.151515
2026-08-14 13:07:13,Simpang 1,lane_3,1,0,0,1,0,0,0,0,2.941176
2026-08-14 13:07:16,Simpang 3,lane_2,3,0,0,3,0,0,0,0,9.090909
2026-08-14 13:07:16,Simpang 3,lane_3,2,1,0,1,1,0,0,1,5.882353
2026-08-14 13:07:17,Simpang 4,lane_1,4,0,0,2,2,0,0,0,12.121212
2026-08-14 13:07:17,Simpang 4,lane_2,4,0,0,1,3,0,0,0,12.121212
2026-08-14 13:07:17,Simpang 4,lane_3,2,0,0,1,0,0,1,0,5.882353
2026-08-14 13:07:17,Simpang 2,lane_2,2,0,0,2,0,0,0,0,6.060606
2026-08-14 13:07:17,Simpang 2,lane_1,1,0,0,0,1,0,0,0,3.030303
2026-08-14 13:07:18,Simpang 1,lane_2,5,0,0,5,0,0,0,0,15.151515
2026-08-14 13:07:18,Simpang 1,lane_3,1,0,0,1,0,0,0,0,2.941176
2026-08-14 13:07:21,Simpang 3,lane_2,3,0,0,3,0,0,0,0,9.090909
2026-08-14 13:07:21,Simpang 3,lane_3,2,1,0,1,1,0,0,1,5.882353
2026-08-14 13:07:21,Simpang 4,lane_1,5,0,0,2,3,0,0,0,15.151515
2026-08-14 13:07:21,Simpang 4,lane_2,5,0,0,1,4,0,0,0,15.151515
2026-08-14 13:07:21,Simpang 4,lane_3,4,0,0,2,1,0,1,0,11.764706
2026-08-14 13:07:22,Simpang 2,lane_2,2,0,0,2,0,0,0,0,6.060606
2026-08-14 13:07:22,Simpang 2,lane_1,1,0,0,0,1,0,0,0,3.030303
2026-08-14 13:07:22,Simpang 1,lane_2,6,0,0,6,0,0,0,0,18.181818
2026-08-14 13:07:22,Simpang 1,lane_3,1,0,0,1,0,0,0,0,2.941176
2026-08-14 13:07:25,Simpang 3,lane_2,3,0,0,3,0,0,0,0,9.090909
2026-08-14 13:07:25,Simpang 3,lane_3,3,1,0,1,2,0,0,1,8.823529
2026-08-14 13:07:25,Simpang 4,lane_1,5,0,0,2,3,0,0,0,15.151515
2026-08-14 13:07:25,Simpang 4,lane_2,5,0,0,1,4,0,0,0,15.151515
2026-08-14 13:07:25,Simpang 4,lane_3,4,0,0,2,1,0,1,0,11.764706
2026-08-14 13:07:27,Simpang 2,lane_2,2,0,0,2,0,0,0,0,6.060606
2026-08-14 13:07:27,Simpang 2,lane_1,1,0,0,0,1,0,0,0,3.030303
2026-08-14 13:07:27,Simpang 1,lane_2,6,0,0,6,0,0,0,0,18.181818
2026-08-14 13:07:27,Simpang 1,lane_3,1,0,0,1,0,0,0,0,2.941176
2026-08-14 13:07:29,Simpang 3,lane_2,3,0,0,3,0,0,0,0,9.090909
2026-08-14 13:07:29,Simpang 3,lane_3,3,1,0,1,2,0,0,1,8.823529
2026-08-14 13:07:30,Simpang 4,lane_1,4,1,0,2,2,0,0,0,12.121212
2026-08-14 13:07:30,Simpang 4,lane_2,5,0,0,1,4,0,0,0,15.151515
2026-08-14 13:07:30,Simpang 4,lane_3,4,0,0,3,1,0,0,0,11.764706
2026-08-14 13:07:31,Simpang 2,lane_2,2,0,0,2,0,0,0,0,6.060606
2026-08-14 13:07:31,Simpang 2,lane_1,1,0,0,0,1,0,0,0,3.030303
2026-08-14 13:07:32,Simpang 1,lane_2,6,0,0,6,0,0,0,0,18.181818
2026-08-14 13:07:32,Simpang 1,lane_3,1,0,0,1,0,0,0,0,2.941176
2026-08-14 13:07:33,Simpang 3,lane_2,3,0,0,3,0,0,0,0,9.090909
2026-08-14 13:07:33,Simpang 3,lane_3,3,1,0,1,2,0,0,1,8.823529
2026-08-14 13:07:34,Simpang 4,lane_1,3,0,0,2,1,0,0,0,9.090909
2026-08-14 13:07:34,Simpang 4,lane_2,4,0,0,1,3,0,0,0,12.121212
2026-08-14 13:07:34,Simpang 4,lane_3,3,0,0,3,0,0,0,0,8.823529
2026-08-14 13:07:36,Simpang 2,lane_2,2,0,0,2,0,0,0,0,6.060606
2026-08-14 13:07:36,Simpang 2,lane_1,1,0,0,0,1,0,0,0,3.030303
2026-08-14 13:07:36,Simpang 1,lane_2,5,0,0,5,0,0,0,0,15.151515
2026-08-14 13:07:36,Simpang 1,lane_3,1,0,0,1,0,0,0,0,2.941176
2026-08-14 13:07:38,Simpang 3,lane_2,3,0,0,3,0,0,0,0,9.090909
2026-08-14 13:07:38,Simpang 3,lane_3,3,1,0,1,2,0,0,1,8.823529
2026-08-14 13:07:39,Simpang 4,lane_1,3,0,0,2,1,0,0,0,9.090909
2026-08-14 13:07:39,Simpang 4,lane_2,5,0,0,1,3,0,1,0,15.151515
2026-08-14 13:07:39,Simpang 4,lane_3,3,1,0,3,0,0,0,0,8.823529
2026-08-14 13:07:41,Simpang 2,lane_2,2,0,0,2,0,0,0,0,6.060606
2026-08-14 13:07:41,Simpang 2,lane_1,1,0,0,0,1,0,0,0,3.030303
2026-08-14 13:07:41,Simpang 1,lane_2,5,0,0,5,0,0,0,0,15.151515
2026-08-14 13:07:41,Simpang 1,lane_3,1,0,0,1,0,0,0,0,2.941176
2026-08-14 13:07:42,Simpang 3,lane_2,3,0,0,3,0,0,0,0,9.090909
2026-08-14 13:07:42,Simpang 3,lane_3,3,1,0,1,2,0,0,1,8.823529
2026-08-14 13:07:43,Simpang 4,lane_1,4,0,0,2,2,0,0,0,12.121212
2026-08-14 13:07:43,Simpang 4,lane_2,4,0,0,1,3,0,0,0,12.121212
2026-08-14 13:07:43,Simpang 4,lane_3,3,2,0,2,0,0,1,0,8.823529
2026-08-14 13:07:45,Simpang 1,lane_2,5,0,0,5,0,0,0,0,15.151515
2026-08-14 13:07:45,Simpang 1,lane_3,1,0,0,1,0,0,0,0,2.941176
2026-08-14 13:07:45,Simpang 2,lane_2,2,0,0,2,0,0,0,0,6.060606
2026-08-14 13:07:45,Simpang 2,lane_1,1,0,0,0,1,0,0,0,3.030303
2026-08-14 13:07:47,Simpang 3,lane_2,3,0,0,3,0,0,0,0,9.090909
2026-08-14 13:07:47,Simpang 3,lane_3,3,1,0,1,2,0,0,1,8.823529
2026-08-14 13:07:47,Simpang 4,lane_1,5,1,0,2,3,0,0,0,15.151515
2026-08-14 13:07:47,Simpang 4,lane_2,5,0,0,2,3,0,0,0,15.151515
2026-08-14 13:07:47,Simpang 4,lane_3,3,1,0,2,0,0,1,0,8.823529
2026-08-14 13:07:50,Simpang 2,lane_2,2,0,0,2,0,0,0,0,6.060606
2026-08-14 13:07:50,Simpang 2,lane_1,1,0,0,0,1,0,0,0,3.030303
2026-08-14 13:07:50,Simpang 1,lane_2,5,0,0,5,0,0,0,0,15.151515
2026-08-14 13:07:50,Simpang 1,lane_3,1,0,0,1,0,0,0,0,2.941176
2026-08-14 13:07:51,Simpang 3,lane_2,3,0,0,3,0,0,0,0,9.090909
2026-08-14 13:07:51,Simpang 3,lane_3,3,1,0,1,2,0,0,1,8.823529
2026-08-14 13:07:51,Simpang 4,lane_1,4,1,0,3,1,0,0,0,12.121212
2026-08-14 13:07:51,Simpang 4,lane_2,3,0,0,3,0,0,0,0,9.090909
2026-08-14 13:07:51,Simpang 4,lane_3,3,0,0,2,1,0,0,0,8.823529
2026-08-14 13:07:55,Simpang 2,lane_2,2,0,0,2,0,0,0,0,6.060606
2026-08-14 13:07:55,Simpang 2,lane_1,1,0,0,0,1,0,0,0,3.030303
2026-08-14 13:07:55,Simpang 3,lane_2,3,0,0,3,0,0,0,0,9.090909
2026-08-14 13:07:55,Simpang 3,lane_3,3,1,0,1,2,0,0,1,8.823529
2026-08-14 13:07:55,Simpang 1,lane_2,5,0,0,5,0,0,0,0,15.151515
2026-08-14 13:07:55,Simpang 1,lane_3,1,0,0,1,0,0,0,0,2.941176
2026-08-14 13:07:56,Simpang 4,lane_1,4,0,0,3,1,0,0,0,12.121212
2026-08-14 13:07:56,Simpang 4,lane_2,3,1,0,2,0,0,1,0,9.090909
2026-08-14 13:07:56,Simpang 4,lane_3,3,0,0,2,1,0,0,0,8.823529
2026-08-14 13:07:59,Simpang 3,lane_2,3,0,0,3,0,0,0,0,9.090909
2026-08-14 13:07:59,Simpang 3,lane_3,5,0,0,1,4,0,0,1,14.705882
2026-08-14 13:07:59,Simpang 2,lane_2,2,0,0,2,0,0,0,0,6.060606
2026-08-14 13:07:59,Simpang 2,lane_1,1,0,0,0,1,0,0,0,3.030303
2026-08-14 13:07:59,Simpang 1,lane_2,6,0,0,6,0,0,0,0,18.181818
2026-08-14 13:07:59,Simpang 1,lane_3,1,0,0,1,0,0,0,0,2.941176
2026-08-14 13:07:59,Simpang 4,lane_1,4,0,0,2,2,0,0,0,12.121212
2026-08-14 13:07:59,Simpang 4,lane_2,2,1,0,1,0,0,1,0,6.060606
2026-08-14 13:07:59,Simpang 4,lane_3,2,0,0,1,1,0,0,0,5.882353
2026-08-14 13:08:03,Simpang 3,lane_2,3,0,0,3,0,0,0,0,9.090909
2026-08-14 13:08:03,Simpang 3,lane_3,5,0,0,1,4,0,0,1,14.705882
2026-08-14 13:08:04,Simpang 4,lane_1,4,0,0,2,2,0,0,0,12.121212
2026-08-14 13:08:04,Simpang 4,lane_2,2,2,0,1,0,0,1,0,6.060606
2026-08-14 13:08:04,Simpang 4,lane_3,2,0,0,1,1,0,0,0,5.882353
2026-08-14 13:08:04,Simpang 2,lane_2,2,0,0,2,0,0,0,0,6.060606
2026-08-14 13:08:04,Simpang 2,lane_1,1,0,0,0,1,0,0,0,3.030303
2026-08-14 13:08:04,Simpang 1,lane_2,6,0,0,6,0,0,0,0,18.181818
2026-08-14 13:08:04,Simpang 1,lane_3,1,0,0,1,0,0,0,0,2.941176
2026-08-14 13:08:07,Simpang 3,lane_2,3,0,0,3,0,0,0,0,9.090909
2026-08-14 13:08:07,Simpang 3,lane_3,5,0,0,1,4,0,0,1,14.705882
2026-08-14 13:08:08,Simpang 4,lane_1,4,0,0,2,2,0,0,0,12.121212
2026-08-14 13:08:08,Simpang 4,lane_2,3,0,0,2,0,0,1,0,9.090909
2026-08-14 13:08:08,Simpang 4,lane_3,1,1,0,1,0,0,0,0,2.941176
2026-08-14 13:08:08,Simpang 2,lane_2,2,0,0,2,0,0,0,0,6.060606
2026-08-14 13:08:08,Simpang 2,lane_1,1,0,0,0,1,0,0,0,3.030303
2026-08-14 13:08:09,Simpang 1,lane_2,6,0,0,6,0,0,0,0,18.181818
2026-08-14 13:08:09,Simpang 1,lane_3,1,0,0,1,0,0,0,0,2.941176
2026-08-14 13:08:12,Simpang 3,lane_2,3,0,0,3,0,0,0,0,9.090909
2026-08-14 13:08:12,Simpang 3,lane_3,5,0,0,1,4,0,0,1,14.705882
2026-08-14 13:08:12,Simpang 4,lane_1,6,0,0,3,3,0,0,0,18.181818
2026-08-14 13:08:12,Simpang 4,lane_2,4,0,0,3,0,0,1,0,12.121212
2026-08-14 13:08:12,Simpang 4,lane_3,1,1,0,1,0,0,0,0,2.941176
2026-08-14 13:08:13,Simpang 2,lane_2,2,0,0,2,0,0,0,0,6.060606
2026-08-14 13:08:13,Simpang 2,lane_1,1,0,0,0,1,0,0,0,3.030303
2026-08-14 13:08:13,Simpang 1,lane_2,6,0,0,6,0,0,0,0,18.181818
2026-08-14 13:08:13,Simpang 1,lane_3,1,0,0,1,0,0,0,0,2.941176
2026-08-14 13:08:16,Simpang 3,lane_2,3,0,0,3,0,0,0,0,9.090909
2026-08-14 13:08:16,Simpang 3,lane_3,3,0,0,0,3,0,0,1,8.823529
2026-08-14 13:08:16,Simpang 4,lane_1,5,0,0,2,3,0,0,0,15.151515
2026-08-14 13:08:16,Simpang 4,lane_2,4,0,0,3,0,0,1,0,12.121212
2026-08-14 13:08:16,Simpang 4,lane_3,1,1,0,1,0,0,0,0,2.941176
2026-08-14 13:08:17,Simpang 2,lane_2,2,0,0,2,0,0,0,0,6.060606
2026-08-14 13:08:17,Simpang 2,lane_1,1,0,0,0,1,0,0,0,3.030303
2026-08-14 13:08:18,Simpang 1,lane_2,5,0,0,5,0,0,0,0,15.151515
2026-08-14 13:08:18,Simpang 1,lane_3,1,0,0,1,0,0,0,0,2.941176
2026-08-14 13:08:20,Simpang 3,lane_2,3,0,0,3,0,0,0,0,9.090909
2026-08-14 13:08:20,Simpang 3,lane_3,3,0,0,0,3,0,0,2,8.823529
2026-08-14 13:08:20,Simpang 4,lane_1,3,0,0,2,1,0,0,0,9.090909
2026-08-14 13:08:20,Simpang 4,lane_2,4,0,0,3,0,0,1,0,12.121212
2026-08-14 13:08:20,Simpang 4,lane_3,2,0,0,1,1,0,0,0,5.882353
2026-08-14 13:08:22,Simpang 2,lane_2,2,0,0,2,0,0,0,0,6.060606
2026-08-14 13:08:22,Simpang 2,lane_1,1,0,0,0,1,0,0,0,3.030303
2026-08-14 13:08:22,Simpang 1,lane_2,5,0,0,5,0,0,0,0,15.151515
2026-08-14 13:08:22,Simpang 1,lane_3,1,0,0,1,0,0,0,0,2.941176
2026-08-14 13:08:24,Simpang 3,lane_2,3,0,0,3,0,0,0,0,9.090909
2026-08-14 13:08:24,Simpang 3,lane_3,3,0,0,0,3,0,0,2,8.823529
2026-08-14 13:08:24,Simpang 4,lane_1,3,0,0,2,1,0,0,0,9.090909
2026-08-14 13:08:24,Simpang 4,lane_2,4,0,0,3,0,0,1,0,12.121212
2026-08-14 13:08:24,Simpang 4,lane_3,5,0,0,2,3,0,0,0,14.705882
2026-08-14 13:08:26,Simpang 1,lane_2,5,0,0,5,0,0,0,0,15.151515
2026-08-14 13:08:26,Simpang 1,lane_3,1,0,0,1,0,0,0,0,2.941176
2026-08-14 13:08:26,Simpang 2,lane_2,2,0,0,2,0,0,0,0,6.060606
2026-08-14 13:08:26,Simpang 2,lane_1,1,0,0,0,1,0,0,0,3.030303
2026-08-14 13:08:28,Simpang 3,lane_2,3,0,0,3,0,0,0,0,9.090909
2026-08-14 13:08:28,Simpang 3,lane_3,3,0,0,0,3,0,0,2,8.823529
2026-08-14 13:08:29,Simpang 4,lane_1,3,0,0,2,1,0,0,0,9.090909
2026-08-14 13:08:29,Simpang 4,lane_2,4,0,0,3,0,0,1,0,12.121212
2026-08-14 13:08:29,Simpang 4,lane_3,4,0,0,2,2,0,0,0,11.764706
2026-08-14 13:08:31,Simpang 1,lane_2,5,1,0,5,0,0,0,0,15.151515
2026-08-14 13:08:31,Simpang 1,lane_3,1,0,0,1,0,0,0,0,2.941176
2026-08-14 13:08:31,Simpang 2,lane_2,2,0,0,2,0,0,0,0,6.060606
2026-08-14 13:08:31,Simpang 2,lane_1,1,0,0,0,1,0,0,0,3.030303
2026-08-14 13:08:33,Simpang 3,lane_2,3,0,0,3,0,0,0,0,9.090909
2026-08-14 13:08:33,Simpang 3,lane_3,3,0,0,0,3,0,0,2,8.823529
2026-08-14 13:08:33,Simpang 4,lane_1,5,0,0,2,3,0,0,0,15.151515
2026-08-14 13:08:33,Simpang 4,lane_2,3,0,0,2,0,0,1,0,9.090909
2026-08-14 13:08:33,Simpang 4,lane_3,4,0,0,2,2,0,0,0,11.764706
2026-08-14 13:08:36,Simpang 2,lane_2,2,0,0,2,0,0,0,0,6.060606
2026-08-14 13:08:36,Simpang 2,lane_1,1,0,0,0,1,0,0,0,3.030303
2026-08-14 13:08:36,Simpang 1,lane_2,5,1,0,5,0,0,0,0,15.151515
2026-08-14 13:08:36,Simpang 1,lane_3,1,0,0,1,0,0,0,0,2.941176
2026-08-14 13:08:37,Simpang 3,lane_2,3,0,0,3,0,0,0,0,9.090909
2026-08-14 13:08:37,Simpang 3,lane_3,4,0,0,0,4,0,0,2,11.764706
2026-08-14 13:08:37,Simpang 4,lane_1,3,0,0,1,2,0,0,0,9.090909
2026-08-14 13:08:37,Simpang 4,lane_2,2,0,0,1,0,0,1,0,6.060606
2026-08-14 13:08:37,Simpang 4,lane_3,4,0,0,2,2,0,0,0,11.764706
2026-08-14 13:08:40,Simpang 2,lane_2,2,0,0,2,0,0,0,0,6.060606
2026-08-14 13:08:40,Simpang 2,lane_1,1,0,0,0,1,0,0,0,3.030303
2026-08-14 13:08:40,Simpang 1,lane_2,4,0,0,4,0,0,0,0,12.121212
2026-08-14 13:08:40,Simpang 1,lane_3,1,0,0,1,0,0,0,0,2.941176
2026-08-14 13:08:41,Simpang 3,lane_2,3,0,0,3,0,0,0,0,9.090909
2026-08-14 13:08:41,Simpang 3,lane_3,4,0,0,0,4,0,0,2,11.764706
2026-08-14 13:08:41,Simpang 4,lane_2,2,0,0,1,0,0,1,0,6.060606
2026-08-14 13:08:41,Simpang 4,lane_3,4,1,0,2,2,0,0,0,11.764706
2026-08-14 13:08:45,Simpang 2,lane_2,2,0,0,2,0,0,0,0,6.060606
2026-08-14 13:08:45,Simpang 2,lane_1,1,0,0,0,1,0,0,0,3.030303
2026-08-14 13:08:45,Simpang 1,lane_2,4,0,0,4,0,0,0,0,12.121212
2026-08-14 13:08:45,Simpang 1,lane_3,1,0,0,1,0,0,0,0,2.941176
2026-08-14 13:08:45,Simpang 4,lane_2,2,0,0,1,0,0,1,0,6.060606
2026-08-14 13:08:45,Simpang 4,lane_3,4,1,0,2,2,0,0,0,11.764706
2026-08-14 13:08:45,Simpang 4,lane_1,1,0,0,1,0,0,0,0,3.030303
2026-08-14 13:08:45,Simpang 3,lane_2,3,0,0,3,0,0,0,0,9.090909
2026-08-14 13:08:45,Simpang 3,lane_3,4,0,0,0,4,0,0,2,11.764706
2026-08-14 13:08:49,Simpang 3,lane_2,3,1,0,3,0,0,0,0,9.090909
2026-08-14 13:08:49,Simpang 3,lane_3,4,0,0,0,4,0,0,2,11.764706
2026-08-14 13:08:49,Simpang 2,lane_2,2,0,0,2,0,0,0,0,6.060606
2026-08-14 13:08:49,Simpang 2,lane_1,1,0,0,0,1,0,0,0,3.030303
2026-08-14 13:08:49,Simpang 4,lane_1,5,0,0,2,3,0,0,0,15.151515
2026-08-14 13:08:49,Simpang 4,lane_3,4,0,0,2,2,0,0,0,11.764706
2026-08-14 13:08:49,Simpang 4,lane_2,1,0,0,0,0,0,1,0,3.030303
2026-08-14 13:08:49,Simpang 1,lane_2,4,0,0,4,0,0,0,0,12.121212
2026-08-14 13:08:49,Simpang 1,lane_3,1,0,0,1,0,0,0,0,2.941176
2026-08-14 13:08:53,Simpang 4,lane_1,5,1,0,2,3,0,0,0,15.151515
2026-08-14 13:08:53,Simpang 4,lane_3,4,0,0,2,2,0,0,0,11.764706
2026-08-14 13:08:53,Simpang 4,lane_2,1,0,0,0,0,0,1,0,3.030303
2026-08-14 13:08:53,Simpang 3,lane_2,3,1,0,3,0,0,0,0,9.090909
2026-08-14 13:08:53,Simpang 3,lane_3,4,0,0,0,4,0,0,2,11.764706
2026-08-14 13:08:53,Simpang 1,lane_2,4,0,0,4,0,0,0,0,12.121212
2026-08-14 13:08:53,Simpang 1,lane_3,1,0,0,1,0,0,0,0,2.941176
2026-08-14 13:08:53,Simpang 2,lane_2,2,0,0,2,0,0,0,0,6.060606
2026-08-14 13:08:53,Simpang 2,lane_1,1,0,0,0,1,0,0,0,3.030303
2026-08-14 13:08:57,Simpang 4,lane_1,5,0,0,2,3,0,0,0,15.151515
2026-08-14 13:08:57,Simpang 4,lane_3,4,0,0,2,2,0,0,0,11.764706
2026-08-14 13:08:57,Simpang 4,lane_2,2,0,0,0,1,0,1,0,6.060606
2026-08-14 13:08:57,Simpang 3,lane_2,3,0,0,3,0,0,0,0,9.090909
2026-08-14 13:08:57,Simpang 3,lane_3,4,0,0,0,4,0,0,2,11.764706
2026-08-14 13:08:58,Simpang 1,lane_2,4,0,0,4,0,0,0,0,12.121212
2026-08-14 13:08:58,Simpang 1,lane_3,1,0,0,1,0,0,0,0,2.941176
2026-08-14 13:08:58,Simpang 2,lane_2,2,0,0,2,0,0,0,0,6.060606
2026-08-14 13:08:58,Simpang 2,lane_1,1,0,0,0,1,0,0,0,3.030303
2026-08-14 13:09:02,Simpang 4,lane_1,6,0,0,2,4,0,0,0,18.181818
2026-08-14 13:09:02,Simpang 4,lane_3,4,0,0,2,2,0,0,0,11.764706
2026-08-14 13:09:02,Simpang 4,lane_2,2,0,0,0,1,0,1,0,6.060606
2026-08-14 13:09:02,Simpang 3,lane_2,3,0,0,3,0,0,0,0,9.090909
2026-08-14 13:09:02,Simpang 3,lane_3,4,0,0,0,4,0,0,2,11.764706
2026-08-14 13:09:03,Simpang 1,lane_2,4,0,0,4,0,0,0,0,12.121212
2026-08-14 13:09:03,Simpang 1,lane_3,1,0,0,1,0,0,0,0,2.941176
2026-08-14 13:09:04,Simpang 2,lane_2,2,0,0,2,0,0,0,0,6.060606
2026-08-14 13:09:04,Simpang 2,lane_1,1,0,0,0,1,0,0,0,3.030303
2026-08-14 13:09:06,Simpang 3,lane_2,3,0,0,3,0,0,0,0,9.090909
2026-08-14 13:09:06,Simpang 3,lane_3,4,0,0,0,4,0,0,2,11.764706
2026-08-14 13:09:07,Simpang 4,lane_1,6,0,0,2,4,0,0,0,18.181818
2026-08-14 13:09:07,Simpang 4,lane_3,5,0,0,2,3,0,0,0,14.705882
2026-08-14 13:09:07,Simpang 4,lane_2,2,0,0,0,1,0,1,0,6.060606
2026-08-14 13:09:08,Simpang 1,lane_2,4,0,0,4,0,0,0,0,12.121212
2026-08-14 13:09:08,Simpang 1,lane_3,1,0,0,1,0,0,0,0,2.941176
2026-08-14 13:09:08,Simpang 2,lane_2,2,0,0,2,0,0,0,0,6.060606
2026-08-14 13:09:08,Simpang 2,lane_1,1,0,0,0,1,0,0,0,3.030303
2026-08-14 13:09:11,Simpang 4,lane_1,3,0,0,2,1,0,0,0,9.090909
2026-08-14 13:09:11,Simpang 4,lane_3,4,0,0,2,2,0,0,0,11.764706
2026-08-14 13:09:11,Simpang 4,lane_2,1,0,0,0,0,0,1,0,3.030303
2026-08-14 13:09:11,Simpang 3,lane_2,3,0,0,3,0,0,0,0,9.090909
2026-08-14 13:09:11,Simpang 3,lane_3,4,0,0,0,4,0,0,2,11.764706
2026-08-14 13:09:13,Simpang 1,lane_2,5,0,0,5,0,0,0,0,15.151515
2026-08-14 13:09:13,Simpang 1,lane_3,1,0,0,1,0,0,0,0,2.941176
2026-08-14 13:09:13,Simpang 2,lane_2,2,0,0,2,0,0,0,0,6.060606
2026-08-14 13:09:13,Simpang 2,lane_1,1,0,0,0,1,0,0,0,3.030303
2026-08-14 13:09:15,Simpang 4,lane_1,4,0,0,2,2,0,0,0,12.121212
2026-08-14 13:09:15,Simpang 4,lane_3,6,0,0,2,4,0,0,0,17.647059
2026-08-14 13:09:15,Simpang 4,lane_2,1,0,0,0,0,0,1,0,3.030303
2026-08-14 13:09:15,Simpang 3,lane_2,3,0,0,3,0,0,0,0,9.090909
2026-08-14 13:09:15,Simpang 3,lane_3,4,1,0,0,4,0,0,2,11.764706
2026-08-14 13:09:17,Simpang 2,lane_2,2,0,0,2,0,0,0,0,6.060606
2026-08-14 13:09:17,Simpang 2,lane_1,1,0,0,0,1,0,0,0,3.030303
2026-08-14 13:09:17,Simpang 1,lane_2,5,0,0,5,0,0,0,0,15.151515
2026-08-14 13:09:17,Simpang 1,lane_3,1,0,0,1,0,0,0,0,2.941176
2026-08-14 13:09:19,Simpang 3,lane_2,3,1,0,3,0,0,0,0,9.090909
2026-08-14 13:09:19,Simpang 3,lane_3,4,0,0,0,4,0,0,2,11.764706
2026-08-14 13:09:19,Simpang 4,lane_1,5,0,0,1,4,0,0,0,15.151515
2026-08-14 13:09:19,Simpang 4,lane_3,3,0,0,1,2,0,0,0,8.823529
2026-08-14 13:09:19,Simpang 4,lane_2,1,0,0,1,0,0,0,0,3.030303
2026-08-14 13:09:21,Simpang 2,lane_2,2,0,0,2,0,0,0,0,6.060606
2026-08-14 13:09:21,Simpang 2,lane_1,1,0,0,0,1,0,0,0,3.030303
2026-08-14 13:09:21,Simpang 1,lane_2,5,0,0,5,0,0,0,0,15.151515
2026-08-14 13:09:21,Simpang 1,lane_3,1,0,0,1,0,0,0,0,2.941176
2026-08-14 13:09:23,Simpang 4,lane_1,6,0,0,2,4,0,0,0,18.181818
2026-08-14 13:09:23,Simpang 4,lane_3,3,2,0,2,1,0,0,0,8.823529
2026-08-14 13:09:23,Simpang 4,lane_2,2,0,0,1,0,0,1,0,6.060606
2026-08-14 13:09:23,Simpang 3,lane_2,3,1,0,3,0,0,0,0,9.090909
2026-08-14 13:09:23,Simpang 3,lane_3,4,0,0,0,4,0,0,2,11.764706
2026-08-14 13:09:26,Simpang 2,lane_2,2,0,0,2,0,0,0,0,6.060606
2026-08-14 13:09:26,Simpang 2,lane_1,1,0,0,0,1,0,0,0,3.030303
2026-08-14 13:09:26,Simpang 1,lane_2,5,0,0,5,0,0,0,0,15.151515
2026-08-14 13:09:26,Simpang 1,lane_3,1,0,0,1,0,0,0,0,2.941176
2026-08-14 13:09:27,Simpang 4,lane_1,3,0,0,1,2,0,0,0,9.090909
2026-08-14 13:09:27,Simpang 4,lane_3,1,2,0,1,0,0,0,0,2.941176
2026-08-14 13:09:27,Simpang 4,lane_2,2,0,0,1,0,0,1,0,6.060606
2026-08-14 13:09:27,Simpang 3,lane_2,3,0,0,3,0,0,0,0,9.090909
2026-08-14 13:09:27,Simpang 3,lane_3,4,0,0,0,4,0,0,2,11.764706
2026-08-14 13:09:30,Simpang 2,lane_2,2,0,0,2,0,0,0,0,6.060606
2026-08-14 13:09:30,Simpang 2,lane_1,1,0,0,0,1,0,0,0,3.030303
2026-08-14 13:09:30,Simpang 1,lane_2,5,0,0,5,0,0,0,0,15.151515
2026-08-14 13:09:30,Simpang 1,lane_3,1,0,0,1,0,0,0,0,2.941176
2026-08-14 13:09:31,Simpang 3,lane_2,3,0,0,3,0,0,0,0,9.090909
2026-08-14 13:09:31,Simpang 3,lane_3,4,0,0,0,4,0,0,2,11.764706
2026-08-14 13:09:31,Simpang 4,lane_1,4,0,0,1,3,0,0,0,12.121212
2026-08-14 13:09:31,Simpang 4,lane_3,2,0,0,1,1,0,0,0,5.882353
2026-08-14 13:09:31,Simpang 4,lane_2,2,0,0,1,0,0,1,0,6.060606
2026-08-14 13:09:34,Simpang 2,lane_2,2,0,0,2,0,0,0,0,6.060606
2026-08-14 13:09:34,Simpang 2,lane_1,1,0,0,0,1,0,0,0,3.030303
2026-08-14 13:09:34,Simpang 1,lane_2,6,0,0,6,0,0,0,0,18.181818
2026-08-14 13:09:34,Simpang 1,lane_3,1,0,0,1,0,0,0,0,2.941176
2026-08-14 13:09:35,Simpang 3,lane_2,3,0,0,3,0,0,0,0,9.090909
2026-08-14 13:09:35,Simpang 3,lane_3,2,1,0,0,2,0,0,1,5.882353
2026-08-14 13:09:35,Simpang 4,lane_1,4,0,0,1,3,0,0,0,12.121212
2026-08-14 13:09:35,Simpang 4,lane_3,2,0,0,1,1,0,0,0,5.882353
2026-08-14 13:09:35,Simpang 4,lane_2,2,0,0,1,0,0,1,0,6.060606
2026-08-14 13:09:38,Simpang 3,lane_2,3,0,0,3,0,0,0,0,9.090909
2026-08-14 13:09:38,Simpang 3,lane_3,2,1,0,0,2,0,0,1,5.882353
2026-08-14 13:09:39,Simpang 4,lane_1,4,0,0,1,3,0,0,0,12.121212
2026-08-14 13:09:39,Simpang 4,lane_3,4,1,0,2,2,0,0,0,11.764706
2026-08-14 13:09:39,Simpang 4,lane_2,2,0,0,1,0,0,1,0,6.060606
2026-08-14 13:09:39,Simpang 2,lane_2,2,0,0,2,0,0,0,0,6.060606
2026-08-14 13:09:39,Simpang 2,lane_1,1,0,0,0,1,0,0,0,3.030303
2026-08-14 13:09:39,Simpang 1,lane_2,6,0,0,6,0,0,0,0,18.181818
2026-08-14 13:09:39,Simpang 1,lane_3,1,0,0,1,0,0,0,0,2.941176
2026-08-14 13:09:42,Simpang 3,lane_2,3,0,0,3,0,0,0,0,9.090909
2026-08-14 13:09:42,Simpang 3,lane_3,2,1,0,0,2,0,0,1,5.882353
2026-08-14 13:09:42,Simpang 4,lane_1,5,0,0,1,4,0,0,0,15.151515
2026-08-14 13:09:42,Simpang 4,lane_3,4,1,0,2,2,0,0,0,11.764706
2026-08-14 13:09:42,Simpang 4,lane_2,2,0,0,1,0,0,1,0,6.060606
2026-08-14 13:09:43,Simpang 2,lane_2,2,0,0,2,0,0,0,0,6.060606
2026-08-14 13:09:43,Simpang 2,lane_1,1,0,0,0,1,0,0,0,3.030303
2026-08-14 13:09:43,Simpang 1,lane_2,6,0,0,6,0,0,0,0,18.181818
2026-08-14 13:09:43,Simpang 1,lane_3,1,0,0,1,0,0,0,0,2.941176
2026-08-14 13:09:47,Simpang 4,lane_1,6,0,0,2,4,0,0,0,18.181818
2026-08-14 13:09:47,Simpang 4,lane_3,3,1,0,1,2,0,0,0,8.823529
2026-08-14 13:09:47,Simpang 4,lane_2,1,0,0,0,0,0,1,0,3.030303
2026-08-14 13:09:47,Simpang 3,lane_2,3,0,0,3,0,0,0,0,9.090909
2026-08-14 13:09:47,Simpang 3,lane_3,4,0,0,0,4,0,0,2,11.764706
2026-08-14 13:09:47,Simpang 2,lane_2,2,0,0,2,0,0,0,0,6.060606
2026-08-14 13:09:47,Simpang 2,lane_1,1,0,0,0,1,0,0,0,3.030303
2026-08-14 13:09:48,Simpang 1,lane_2,6,0,0,6,0,0,0,0,18.181818
2026-08-14 13:09:48,Simpang 1,lane_3,1,0,0,1,0,0,0,0,2.941176
2026-08-14 13:09:51,Simpang 4,lane_1,6,0,0,2,4,0,0,0,18.181818
2026-08-14 13:09:51,Simpang 4,lane_3,3,1,0,1,2,0,0,0,8.823529
2026-08-14 13:09:51,Simpang 4,lane_2,1,0,0,0,0,0,1,0,3.030303
2026-08-14 13:09:51,Simpang 3,lane_2,3,0,0,3,0,0,0,0,9.090909
2026-08-14 13:09:51,Simpang 3,lane_3,4,0,0,0,4,0,0,2,11.764706
2026-08-14 13:09:52,Simpang 2,lane_2,2,0,0,2,0,0,0,0,6.060606
2026-08-14 13:09:52,Simpang 2,lane_1,1,0,0,0,1,0,0,0,3.030303
2026-08-14 13:09:52,Simpang 1,lane_2,6,0,0,6,0,0,0,0,18.181818
2026-08-14 13:09:52,Simpang 1,lane_3,1,0,0,1,0,0,0,0,2.941176
2026-08-14 13:09:55,Simpang 4,lane_1,5,0,0,2,3,0,0,0,15.151515
2026-08-14 13:09:55,Simpang 4,lane_3,4,0,0,2,2,0,0,0,11.764706
2026-08-14 13:09:55,Simpang 4,lane_2,2,0,0,1,0,0,1,0,6.060606
2026-08-14 13:09:55,Simpang 3,lane_2,3,0,0,3,0,0,0,0,9.090909
2026-08-14 13:09:55,Simpang 3,lane_3,4,0,0,0,4,0,0,2,11.764706
2026-08-14 13:09:57,Simpang 2,lane_2,2,0,0,2,0,0,0,0,6.060606
2026-08-14 13:09:57,Simpang 2,lane_1,1,0,0,0,1,0,0,0,3.030303
2026-08-14 13:09:57,Simpang 1,lane_2,6,0,0,6,0,0,0,0,18.181818
2026-08-14 13:09:57,Simpang 1,lane_3,1,0,0,1,0,0,0,0,2.941176
2026-08-14 13:10:00,Simpang 4,lane_1,5,0,0,1,3,0,1,0,15.151515
2026-08-14 13:10:00,Simpang 4,lane_3,4,1,0,2,2,0,0,0,11.764706
2026-08-14 13:10:00,Simpang 4,lane_2,1,0,0,0,0,0,1,0,3.030303
2026-08-14 13:10:00,Simpang 3,lane_2,3,0,0,3,0,0,0,0,9.090909
2026-08-14 13:10:00,Simpang 3,lane_3,4,0,0,0,4,0,0,2,11.764706
2026-08-14 13:10:01,Simpang 2,lane_2,2,0,0,2,0,0,0,0,6.060606
2026-08-14 13:10:01,Simpang 2,lane_1,1,0,0,0,1,0,0,0,3.030303
2026-08-14 13:10:01,Simpang 1,lane_2,6,0,0,6,0,0,0,0,18.181818
2026-08-14 13:10:01,Simpang 1,lane_3,1,0,0,1,0,0,0,0,2.941176
2026-08-14 13:10:04,Simpang 3,lane_2,3,0,0,3,0,0,0,0,9.090909
2026-08-14 13:10:04,Simpang 3,lane_3,4,0,0,0,4,0,0,2,11.764706
2026-08-14 13:10:04,Simpang 4,lane_1,5,1,0,1,3,0,1,0,15.151515
2026-08-14 13:10:04,Simpang 4,lane_3,4,1,0,3,1,0,0,0,11.764706
2026-08-14 13:10:04,Simpang 4,lane_2,4,0,0,1,2,0,1,0,12.121212
2026-08-14 13:10:06,Simpang 2,lane_2,2,0,0,2,0,0,0,0,6.060606
2026-08-14 13:10:06,Simpang 2,lane_1,1,0,0,0,1,0,0,0,3.030303
2026-08-14 13:10:06,Simpang 1,lane_2,4,0,0,4,0,0,0,0,12.121212
2026-08-14 13:10:06,Simpang 1,lane_3,1,0,0,1,0,0,0,0,2.941176
2026-08-14 13:10:08,Simpang 4,lane_1,4,2,0,1,2,0,1,0,12.121212
2026-08-14 13:10:08,Simpang 4,lane_3,5,1,0,3,2,0,0,0,14.705882
2026-08-14 13:10:08,Simpang 4,lane_2,5,0,0,2,2,0,1,0,15.151515
2026-08-14 13:10:08,Simpang 3,lane_2,3,0,0,3,0,0,0,0,9.090909
2026-08-14 13:10:08,Simpang 3,lane_3,5,0,0,0,5,0,0,2,14.705882
2026-08-14 13:10:11,Simpang 2,lane_2,2,0,0,2,0,0,0,0,6.060606
2026-08-14 13:10:11,Simpang 2,lane_1,1,0,0,0,1,0,0,0,3.030303
2026-08-14 13:10:11,Simpang 1,lane_2,5,0,0,5,0,0,0,0,15.151515
2026-08-14 13:10:11,Simpang 1,lane_3,1,0,0,1,0,0,0,0,2.941176
2026-08-14 13:10:12,Simpang 4,lane_1,3,0,0,2,1,0,0,0,9.090909
2026-08-14 13:10:12,Simpang 4,lane_3,4,1,0,3,1,0,0,0,11.764706
2026-08-14 13:10:12,Simpang 4,lane_2,3,0,0,0,2,0,1,0,9.090909
2026-08-14 13:10:12,Simpang 3,lane_2,3,0,0,3,0,0,0,0,9.090909
2026-08-14 13:10:12,Simpang 3,lane_3,5,0,0,0,5,0,0,2,14.705882
2026-08-14 13:10:15,Simpang 2,lane_2,2,0,0,2,0,0,0,0,6.060606
2026-08-14 13:10:15,Simpang 2,lane_1,1,0,0,0,1,0,0,0,3.030303
2026-08-14 13:10:15,Simpang 1,lane_2,4,0,0,4,0,0,0,0,12.121212
2026-08-14 13:10:15,Simpang 1,lane_3,1,0,0,1,0,0,0,0,2.941176
2026-08-14 13:10:16,Simpang 4,lane_1,4,0,0,2,1,0,1,0,12.121212
2026-08-14 13:10:16,Simpang 4,lane_3,4,1,0,3,1,0,0,0,11.764706
2026-08-14 13:10:16,Simpang 4,lane_2,3,0,0,0,2,0,1,0,9.090909
2026-08-14 13:10:17,Simpang 3,lane_2,3,0,0,3,0,0,0,0,9.090909
2026-08-14 13:10:17,Simpang 3,lane_3,4,0,0,0,4,0,0,2,11.764706
2026-08-14 13:10:20,Simpang 2,lane_2,2,0,0,2,0,0,0,0,6.060606
2026-08-14 13:10:20,Simpang 2,lane_1,1,0,0,0,1,0,0,0,3.030303
2026-08-14 13:10:20,Simpang 1,lane_2,4,0,0,4,0,0,0,0,12.121212
2026-08-14 13:10:20,Simpang 1,lane_3,1,0,0,1,0,0,0,0,2.941176
2026-08-14 13:10:20,Simpang 3,lane_2,3,1,0,3,0,0,0,0,9.090909
2026-08-14 13:10:20,Simpang 3,lane_3,4,0,0,0,4,0,0,2,11.764706
2026-08-14 13:10:20,Simpang 4,lane_1,4,0,0,2,1,0,1,0,12.121212
2026-08-14 13:10:20,Simpang 4,lane_3,4,1,0,3,1,0,0,0,11.764706
2026-08-14 13:10:20,Simpang 4,lane_2,3,0,0,0,2,0,1,0,9.090909
2026-08-14 13:10:24,Simpang 3,lane_2,3,0,0,3,0,0,0,0,9.090909
2026-08-14 13:10:24,Simpang 3,lane_3,3,0,0,0,3,0,0,2,8.823529
2026-08-14 13:10:24,Simpang 4,lane_1,3,0,0,2,0,0,1,0,9.090909
2026-08-14 13:10:24,Simpang 4,lane_3,5,0,0,3,2,0,0,0,14.705882
2026-08-14 13:10:24,Simpang 4,lane_2,5,0,0,2,2,0,1,0,15.151515
2026-08-14 13:10:24,Simpang 2,lane_2,2,0,0,2,0,0,0,0,6.060606
2026-08-14 13:10:24,Simpang 2,lane_1,1,0,0,0,1,0,0,0,3.030303
2026-08-14 13:10:24,Simpang 1,lane_2,4,0,0,4,0,0,0,0,12.121212
2026-08-14 13:10:24,Simpang 1,lane_3,1,0,0,1,0,0,0,0,2.941176
2026-08-14 13:10:28,Simpang 3,lane_2,3,0,0,3,0,0,0,0,9.090909
2026-08-14 13:10:28,Simpang 3,lane_3,4,0,0,0,4,0,0,2,11.764706
2026-08-14 13:10:28,Simpang 4,lane_1,3,0,0,2,0,0,1,0,9.090909
2026-08-14 13:10:28,Simpang 4,lane_3,5,0,0,2,3,0,0,0,14.705882
2026-08-14 13:10:28,Simpang 4,lane_2,5,0,0,2,2,0,1,0,15.151515
2026-08-14 13:10:29,Simpang 2,lane_2,2,0,0,2,0,0,0,0,6.060606
2026-08-14 13:10:29,Simpang 2,lane_1,1,0,0,0,1,0,0,0,3.030303
2026-08-14 13:10:29,Simpang 1,lane_2,5,0,0,5,0,0,0,0,15.151515
2026-08-14 13:10:29,Simpang 1,lane_3,1,0,0,1,0,0,0,0,2.941176
2026-08-14 13:10:32,Simpang 3,lane_2,3,0,0,3,0,0,0,0,9.090909
2026-08-14 13:10:32,Simpang 3,lane_3,4,0,0,0,4,0,0,2,11.764706
2026-08-14 13:10:32,Simpang 4,lane_1,2,0,0,1,1,0,0,0,6.060606
2026-08-14 13:10:32,Simpang 4,lane_3,7,0,0,2,5,0,0,0,20.588235
2026-08-14 13:10:32,Simpang 4,lane_2,7,0,0,3,2,0,2,0,21.212121
2026-08-14 13:10:33,Simpang 2,lane_2,2,0,0,2,0,0,0,0,6.060606
2026-08-14 13:10:33,Simpang 2,lane_1,1,0,0,0,1,0,0,0,3.030303
2026-08-14 13:10:34,Simpang 1,lane_2,6,0,0,6,0,0,0,0,18.181818
2026-08-14 13:10:34,Simpang 1,lane_3,1,0,0,1,0,0,0,0,2.941176
2026-08-14 13:10:37,Simpang 3,lane_2,3,0,0,3,0,0,0,0,9.090909
2026-08-14 13:10:37,Simpang 3,lane_3,5,0,0,0,5,0,0,2,14.705882
2026-08-14 13:10:37,Simpang 4,lane_1,3,0,0,1,2,0,0,0,9.090909
2026-08-14 13:10:37,Simpang 4,lane_3,7,0,0,3,4,0,0,0,20.588235
2026-08-14 13:10:37,Simpang 4,lane_2,5,0,0,1,3,0,1,0,15.151515
2026-08-14 13:10:38,Simpang 2,lane_2,2,0,0,2,0,0,0,0,6.060606
2026-08-14 13:10:38,Simpang 2,lane_1,1,0,0,0,1,0,0,0,3.030303
2026-08-14 13:10:38,Simpang 1,lane_2,6,0,0,6,0,0,0,0,18.181818
2026-08-14 13:10:38,Simpang 1,lane_3,1,0,0,1,0,0,0,0,2.941176
2026-08-14 13:10:41,Simpang 3,lane_2,3,0,0,3,0,0,0,0,9.090909
2026-08-14 13:10:41,Simpang 3,lane_3,5,0,0,0,5,0,0,2,14.705882
2026-08-14 13:10:41,Simpang 4,lane_1,3,0,0,1,2,0,0,0,9.090909
2026-08-14 13:10:41,Simpang 4,lane_3,6,0,0,3,3,0,0,0,17.647059
2026-08-14 13:10:41,Simpang 4,lane_2,6,0,0,2,3,0,1,0,18.181818
2026-08-14 13:10:42,Simpang 2,lane_2,2,0,0,2,0,0,0,0,6.060606
2026-08-14 13:10:42,Simpang 2,lane_1,1,0,0,0,1,0,0,0,3.030303
2026-08-14 13:10:43,Simpang 1,lane_2,5,0,0,5,0,0,0,0,15.151515
2026-08-14 13:10:43,Simpang 1,lane_3,1,0,0,1,0,0,0,0,2.941176
2026-08-14 13:10:45,Simpang 3,lane_2,3,0,0,3,0,0,0,0,9.090909
2026-08-14 13:10:45,Simpang 3,lane_3,2,0,0,0,2,0,0,1,5.882353
2026-08-14 13:10:45,Simpang 4,lane_1,2,0,0,1,1,0,0,0,6.060606
2026-08-14 13:10:45,Simpang 4,lane_3,5,0,0,3,2,0,0,0,14.705882
2026-08-14 13:10:45,Simpang 4,lane_2,5,0,0,1,4,0,0,0,15.151515
2026-08-14 13:10:47,Simpang 2,lane_2,2,0,0,2,0,0,0,0,6.060606
2026-08-14 13:10:47,Simpang 2,lane_1,1,0,0,0,1,0,0,0,3.030303
2026-08-14 13:10:47,Simpang 1,lane_2,4,0,0,4,0,0,0,0,12.121212
2026-08-14 13:10:47,Simpang 1,lane_3,1,0,0,1,0,0,0,0,2.941176
2026-08-14 13:10:49,Simpang 3,lane_2,3,0,0,3,0,0,0,0,9.090909
2026-08-14 13:10:49,Simpang 3,lane_3,2,0,0,0,2,0,0,1,5.882353
2026-08-14 13:10:50,Simpang 4,lane_1,2,0,0,1,1,0,0,0,6.060606
2026-08-14 13:10:50,Simpang 4,lane_3,3,1,0,3,0,0,0,0,8.823529
2026-08-14 13:10:50,Simpang 4,lane_2,6,0,0,2,4,0,0,0,18.181818
2026-08-14 13:10:52,Simpang 2,lane_2,2,0,0,2,0,0,0,0,6.060606
2026-08-14 13:10:52,Simpang 2,lane_1,1,0,0,0,1,0,0,0,3.030303
2026-08-14 13:10:52,Simpang 1,lane_2,4,0,0,4,0,0,0,0,12.121212
2026-08-14 13:10:52,Simpang 1,lane_3,1,0,0,1,0,0,0,0,2.941176
2026-08-14 13:10:54,Simpang 3,lane_2,3,0,0,3,0,0,0,0,9.090909
2026-08-14 13:10:54,Simpang 3,lane_3,2,0,0,0,2,0,0,1,5.882353
2026-08-14 13:10:55,Simpang 4,lane_3,3,1,0,3,0,0,0,0,8.823529
2026-08-14 13:10:55,Simpang 4,lane_2,6,0,0,2,4,0,0,0,18.181818
2026-08-14 13:10:55,Simpang 4,lane_1,1,0,0,0,1,0,0,0,3.030303
2026-08-14 13:10:57,Simpang 2,lane_2,2,0,0,2,0,0,0,0,6.060606
2026-08-14 13:10:57,Simpang 2,lane_1,1,0,0,0,1,0,0,0,3.030303
2026-08-14 13:10:57,Simpang 1,lane_2,4,0,0,4,0,0,0,0,12.121212
2026-08-14 13:10:57,Simpang 1,lane_3,1,0,0,1,0,0,0,0,2.941176
2026-08-14 13:10:59,Simpang 3,lane_2,3,0,0,3,0,0,0,0,9.090909
2026-08-14 13:10:59,Simpang 3,lane_3,3,0,0,0,3,0,0,1,8.823529
2026-08-14 13:10:59,Simpang 4,lane_3,3,1,0,3,0,0,0,0,8.823529
2026-08-14 13:10:59,Simpang 4,lane_2,6,0,0,2,4,0,0,0,18.181818
2026-08-14 13:10:59,Simpang 4,lane_1,3,0,0,0,3,0,0,0,9.090909
2026-08-14 13:11:01,Simpang 2,lane_2,2,0,0,2,0,0,0,0,6.060606
2026-08-14 13:11:01,Simpang 2,lane_1,1,0,0,0,1,0,0,0,3.030303
2026-08-14 13:11:02,Simpang 1,lane_2,5,0,0,5,0,0,0,0,15.151515
2026-08-14 13:11:02,Simpang 1,lane_3,1,0,0,1,0,0,0,0,2.941176
2026-08-14 13:11:03,Simpang 3,lane_2,3,0,0,3,0,0,0,0,9.090909
2026-08-14 13:11:03,Simpang 3,lane_3,3,0,0,0,3,0,0,1,8.823529
2026-08-14 13:11:03,Simpang 4,lane_3,5,0,0,3,2,0,0,0,14.705882
2026-08-14 13:11:03,Simpang 4,lane_2,6,0,0,2,4,0,0,0,18.181818
2026-08-14 13:11:03,Simpang 4,lane_1,1,0,0,0,1,0,0,0,3.030303
2026-08-14 13:11:06,Simpang 2,lane_2,2,0,0,2,0,0,0,0,6.060606
2026-08-14 13:11:06,Simpang 2,lane_1,1,0,0,0,1,0,0,0,3.030303
2026-08-14 13:11:07,Simpang 3,lane_2,3,0,0,3,0,0,0,0,9.090909
2026-08-14 13:11:07,Simpang 3,lane_3,3,0,0,0,3,0,0,1,8.823529
2026-08-14 13:11:07,Simpang 1,lane_2,5,0,0,5,0,0,0,0,15.151515
2026-08-14 13:11:07,Simpang 1,lane_3,1,0,0,1,0,0,0,0,2.941176
2026-08-14 13:11:08,Simpang 4,lane_3,5,0,0,3,2,0,0,0,14.705882
2026-08-14 13:11:08,Simpang 4,lane_2,5,0,0,2,3,0,0,0,15.151515
2026-08-14 13:11:08,Simpang 4,lane_1,1,0,0,0,1,0,0,0,3.030303
2026-08-14 13:11:11,Simpang 3,lane_2,3,0,0,3,0,0,0,0,9.090909
2026-08-14 13:11:11,Simpang 3,lane_3,3,0,0,0,3,0,0,1,8.823529
2026-08-14 13:11:11,Simpang 2,lane_2,2,0,0,2,0,0,0,0,6.060606
2026-08-14 13:11:11,Simpang 2,lane_1,1,0,0,0,1,0,0,0,3.030303
2026-08-14 13:11:12,Simpang 1,lane_2,5,0,0,5,0,0,0,0,15.151515
2026-08-14 13:11:12,Simpang 1,lane_3,1,0,0,1,0,0,0,0,2.941176
2026-08-14 13:11:12,Simpang 4,lane_3,5,0,0,3,2,0,0,0,14.705882
2026-08-14 13:11:12,Simpang 4,lane_2,5,0,0,2,3,0,0,0,15.151515
2026-08-14 13:11:12,Simpang 4,lane_1,1,0,0,0,1,0,0,0,3.030303
2026-08-14 13:11:15,Simpang 3,lane_2,3,0,0,3,0,0,0,0,9.090909
2026-08-14 13:11:15,Simpang 3,lane_3,3,0,0,0,3,0,0,1,8.823529
2026-08-14 13:11:16,Simpang 2,lane_2,2,0,0,2,0,0,0,0,6.060606
2026-08-14 13:11:16,Simpang 2,lane_1,1,0,0,0,1,0,0,0,3.030303
2026-08-14 13:11:16,Simpang 4,lane_3,5,0,0,3,2,0,0,0,14.705882
2026-08-14 13:11:16,Simpang 4,lane_2,6,0,0,2,4,0,0,0,18.181818
2026-08-14 13:11:16,Simpang 4,lane_1,1,0,0,0,1,0,0,0,3.030303
2026-08-14 13:11:16,Simpang 1,lane_2,5,0,0,5,0,0,0,0,15.151515
2026-08-14 13:11:16,Simpang 1,lane_3,1,0,0,1,0,0,0,0,2.941176
2026-08-14 13:11:19,Simpang 3,lane_2,3,0,0,3,0,0,0,0,9.090909
2026-08-14 13:11:19,Simpang 3,lane_3,3,0,0,0,3,0,0,1,8.823529
2026-08-14 13:11:20,Simpang 4,lane_3,5,0,0,3,2,0,0,0,14.705882
2026-08-14 13:11:20,Simpang 4,lane_2,7,0,0,2,4,0,1,0,21.212121
2026-08-14 13:11:20,Simpang 4,lane_1,1,0,0,0,1,0,0,0,3.030303
2026-08-14 13:11:20,Simpang 2,lane_2,2,0,0,2,0,0,0,0,6.060606
2026-08-14 13:11:20,Simpang 2,lane_1,1,0,0,0,1,0,0,0,3.030303
2026-08-14 13:11:21,Simpang 1,lane_2,5,0,0,5,0,0,0,0,15.151515
2026-08-14 13:11:21,Simpang 1,lane_3,1,0,0,1,0,0,0,0,2.941176
2026-08-14 13:11:23,Simpang 3,lane_2,3,0,0,3,0,0,0,0,9.090909
2026-08-14 13:11:23,Simpang 3,lane_3,3,0,0,0,3,0,0,1,8.823529
2026-08-14 13:11:24,Simpang 4,lane_3,5,0,0,3,2,0,0,0,14.705882
2026-08-14 13:11:24,Simpang 4,lane_2,7,0,0,2,4,0,1,0,21.212121
2026-08-14 13:11:24,Simpang 4,lane_1,1,0,0,0,1,0,0,0,3.030303
2026-08-14 13:11:24,Simpang 2,lane_2,2,0,0,2,0,0,0,0,6.060606
2026-08-14 13:11:24,Simpang 2,lane_1,1,0,0,0,1,0,0,0,3.030303
2026-08-14 13:11:25,Simpang 1,lane_2,4,0,0,4,0,0,0,0,12.121212
2026-08-14 13:11:25,Simpang 1,lane_3,1,0,0,1,0,0,0,0,2.941176
2026-08-14 13:11:27,Simpang 3,lane_2,3,0,0,3,0,0,0,0,9.090909
2026-08-14 13:11:27,Simpang 3,lane_3,3,0,0,0,3,0,0,1,8.823529
2026-08-14 13:11:28,Simpang 4,lane_3,3,0,0,3,0,0,0,0,8.823529
2026-08-14 13:11:28,Simpang 4,lane_2,4,0,0,2,2,0,0,0,12.121212
2026-08-14 13:11:28,Simpang 4,lane_1,2,0,0,0,2,0,0,0,6.060606
2026-08-14 13:11:29,Simpang 2,lane_2,2,0,0,2,0,0,0,0,6.060606
2026-08-14 13:11:29,Simpang 2,lane_1,1,0,0,0,1,0,0,0,3.030303
2026-08-14 13:11:29,Simpang 1,lane_2,4,0,0,4,0,0,0,0,12.121212
2026-08-14 13:11:29,Simpang 1,lane_3,1,0,0,1,0,0,0,0,2.941176
2026-08-14 13:11:31,Simpang 3,lane_2,3,0,0,3,0,0,0,0,9.090909
2026-08-14 13:11:31,Simpang 3,lane_3,3,0,0,0,3,0,0,1,8.823529
2026-08-14 13:11:32,Simpang 4,lane_3,3,1,0,3,0,0,0,0,8.823529
2026-08-14 13:11:32,Simpang 4,lane_2,5,0,0,2,3,0,0,0,15.151515
2026-08-14 13:11:32,Simpang 4,lane_1,2,0,0,0,2,0,0,0,6.060606
2026-08-14 13:11:33,Simpang 2,lane_2,2,0,0,2,0,0,0,0,6.060606
2026-08-14 13:11:33,Simpang 2,lane_1,1,0,0,0,1,0,0,0,3.030303
2026-08-14 13:11:34,Simpang 1,lane_2,4,0,0,4,0,0,0,0,12.121212
2026-08-14 13:11:34,Simpang 1,lane_3,1,0,0,1,0,0,0,0,2.941176
2026-08-14 13:11:35,Simpang 3,lane_2,3,0,0,3,0,0,0,0,9.090909
2026-08-14 13:11:35,Simpang 3,lane_3,3,0,0,0,3,0,0,1,8.823529
2026-08-14 13:11:37,Simpang 4,lane_3,3,0,0,3,0,0,0,0,8.823529
2026-08-14 13:11:37,Simpang 4,lane_2,5,0,0,2,3,0,0,0,15.151515
2026-08-14 13:11:37,Simpang 4,lane_1,2,0,0,0,2,0,0,0,6.060606
2026-08-14 13:11:38,Simpang 2,lane_2,2,0,0,2,0,0,0,0,6.060606
2026-08-14 13:11:38,Simpang 2,lane_1,1,0,0,0,1,0,0,0,3.030303
2026-08-14 13:11:39,Simpang 1,lane_2,5,0,0,5,0,0,0,0,15.151515
2026-08-14 13:11:39,Simpang 1,lane_3,1,0,0,1,0,0,0,0,2.941176
2026-08-14 13:11:40,Simpang 3,lane_2,3,0,0,3,0,0,0,0,9.090909
2026-08-14 13:11:40,Simpang 3,lane_3,3,0,0,0,3,0,0,1,8.823529
2026-08-14 13:11:41,Simpang 4,lane_3,5,0,0,3,2,0,0,0,14.705882
2026-08-14 13:11:41,Simpang 4,lane_2,4,1,0,3,1,0,0,0,12.121212
2026-08-14 13:11:41,Simpang 4,lane_1,1,0,0,0,1,0,0,0,3.030303
2026-08-14 13:11:43,Simpang 2,lane_2,2,0,0,2,0,0,0,0,6.060606
2026-08-14 13:11:43,Simpang 2,lane_1,1,0,0,0,1,0,0,0,3.030303
2026-08-14 13:11:43,Simpang 1,lane_2,5,0,0,5,0,0,0,0,15.151515
2026-08-14 13:11:43,Simpang 1,lane_3,1,0,0,1,0,0,0,0,2.941176
2026-08-14 13:11:44,Simpang 3,lane_2,3,0,0,3,0,0,0,0,9.090909
2026-08-14 13:11:44,Simpang 3,lane_3,3,0,0,0,3,0,0,1,8.823529
2026-08-14 13:11:45,Simpang 4,lane_3,5,0,0,3,2,0,0,0,14.705882
2026-08-14 13:11:45,Simpang 4,lane_2,3,1,0,2,1,0,0,0,9.090909
2026-08-14 13:11:45,Simpang 4,lane_1,2,0,0,0,2,0,0,0,6.060606
2026-08-14 13:11:47,Simpang 2,lane_2,2,0,0,2,0,0,0,0,6.060606
2026-08-14 13:11:47,Simpang 2,lane_1,1,0,0,0,1,0,0,0,3.030303
2026-08-14 13:11:47,Simpang 1,lane_2,5,0,0,5,0,0,0,0,15.151515
2026-08-14 13:11:47,Simpang 1,lane_3,1,0,0,1,0,0,0,0,2.941176
2026-08-14 13:11:48,Simpang 3,lane_2,3,0,0,3,0,0,0,0,9.090909
2026-08-14 13:11:48,Simpang 3,lane_3,3,0,0,0,3,0,0,1,8.823529
2026-08-14 13:11:50,Simpang 4,lane_3,5,0,0,3,2,0,0,0,14.705882
2026-08-14 13:11:50,Simpang 4,lane_2,3,1,0,2,1,0,0,0,9.090909
2026-08-14 13:11:50,Simpang 4,lane_1,2,0,0,0,2,0,0,0,6.060606
2026-08-14 13:11:52,Simpang 2,lane_2,2,0,0,2,0,0,0,0,6.060606
2026-08-14 13:11:52,Simpang 2,lane_1,1,0,0,0,1,0,0,0,3.030303
2026-08-14 13:11:52,Simpang 1,lane_2,5,0,0,5,0,0,0,0,15.151515
2026-08-14 13:11:52,Simpang 1,lane_3,1,0,0,1,0,0,0,0,2.941176
2026-08-14 13:11:52,Simpang 3,lane_2,3,0,0,3,0,0,0,0,9.090909
2026-08-14 13:11:52,Simpang 3,lane_3,4,0,0,0,4,0,0,1,11.764706
2026-08-14 13:11:54,Simpang 4,lane_3,6,0,0,3,2,0,1,0,17.647059
2026-08-14 13:11:54,Simpang 4,lane_2,3,0,0,2,1,0,0,0,9.090909
2026-08-14 13:11:54,Simpang 4,lane_1,2,0,0,0,2,0,0,0,6.060606
2026-08-14 13:11:56,Simpang 3,lane_2,3,0,0,3,0,0,0,0,9.090909
2026-08-14 13:11:56,Simpang 3,lane_3,3,0,0,0,3,0,0,1,8.823529
2026-08-14 13:11:56,Simpang 2,lane_2,2,0,0,2,0,0,0,0,6.060606
2026-08-14 13:11:56,Simpang 2,lane_1,1,0,0,0,1,0,0,0,3.030303
2026-08-14 13:11:57,Simpang 1,lane_2,4,0,0,4,0,0,0,0,12.121212
2026-08-14 13:11:57,Simpang 1,lane_3,1,0,0,1,0,0,0,0,2.941176
2026-08-14 13:11:58,Simpang 4,lane_3,4,1,0,3,0,0,1,0,11.764706
2026-08-14 13:11:58,Simpang 4,lane_2,3,0,0,2,1,0,0,0,9.090909
2026-08-14 13:11:58,Simpang 4,lane_1,2,1,0,0,2,0,0,0,6.060606
2026-08-14 13:12:01,Simpang 3,lane_2,3,0,0,3,0,0,0,0,9.090909
2026-08-14 13:12:01,Simpang 3,lane_3,3,0,0,0,3,0,0,1,8.823529
2026-08-14 13:12:01,Simpang 2,lane_2,2,0,0,2,0,0,0,0,6.060606
2026-08-14 13:12:01,Simpang 2,lane_1,1,0,0,0,1,0,0,0,3.030303
2026-08-14 13:12:01,Simpang 1,lane_2,4,0,0,4,0,0,0,0,12.121212
2026-08-14 13:12:01,Simpang 1,lane_3,1,0,0,1,0,0,0,0,2.941176
2026-08-14 13:12:02,Simpang 4,lane_3,4,1,0,3,0,0,1,0,11.764706
2026-08-14 13:12:02,Simpang 4,lane_2,4,0,0,2,2,0,0,0,12.121212
2026-08-14 13:12:02,Simpang 4,lane_1,2,1,0,0,2,0,0,0,6.060606
2026-08-14 13:12:05,Simpang 3,lane_2,3,0,0,3,0,0,0,0,9.090909
2026-08-14 13:12:05,Simpang 3,lane_3,3,0,0,0,3,0,0,1,8.823529
2026-08-14 13:12:06,Simpang 2,lane_2,2,0,0,2,0,0,0,0,6.060606
2026-08-14 13:12:06,Simpang 2,lane_1,1,0,0,0,1,0,0,0,3.030303
2026-08-14 13:12:06,Simpang 1,lane_2,4,0,0,4,0,0,0,0,12.121212
2026-08-14 13:12:06,Simpang 1,lane_3,1,0,0,1,0,0,0,0,2.941176
2026-08-14 13:12:07,Simpang 4,lane_3,4,1,0,3,0,0,1,0,11.764706
2026-08-14 13:12:07,Simpang 4,lane_2,3,0,0,2,1,0,0,0,9.090909
2026-08-14 13:12:07,Simpang 4,lane_1,1,0,0,0,1,0,0,0,3.030303
2026-08-14 13:12:10,Simpang 3,lane_2,3,0,0,3,0,0,0,0,9.090909
2026-08-14 13:12:10,Simpang 3,lane_3,3,0,0,0,3,0,0,1,8.823529
2026-08-14 13:12:11,Simpang 2,lane_2,2,0,0,2,0,0,0,0,6.060606
2026-08-14 13:12:11,Simpang 2,lane_1,1,0,0,0,1,0,0,0,3.030303
2026-08-14 13:12:12,Simpang 4,lane_3,4,1,0,3,0,0,1,0,11.764706
2026-08-14 13:12:12,Simpang 4,lane_2,4,0,0,2,2,0,0,0,12.121212
2026-08-14 13:12:12,Simpang 1,lane_2,4,0,0,4,0,0,0,0,12.121212
2026-08-14 13:12:12,Simpang 1,lane_3,1,0,0,1,0,0,0,0,2.941176
2026-08-14 13:12:15,Simpang 3,lane_2,3,0,0,3,0,0,0,0,9.090909
2026-08-14 13:12:15,Simpang 3,lane_3,3,0,0,0,3,0,0,1,8.823529
2026-08-14 13:12:16,Simpang 2,lane_2,2,0,0,2,0,0,0,0,6.060606
2026-08-14 13:12:16,Simpang 2,lane_1,1,0,0,0,1,0,0,0,3.030303
2026-08-14 13:12:17,Simpang 4,lane_3,4,0,0,2,2,0,0,0,11.764706
2026-08-14 13:12:17,Simpang 4,lane_2,4,0,0,2,2,0,0,0,12.121212
2026-08-14 13:12:17,Simpang 4,lane_1,1,1,0,0,1,0,0,0,3.030303
2026-08-14 13:12:17,Simpang 1,lane_2,3,0,0,3,0,0,0,0,9.090909
2026-08-14 13:12:17,Simpang 1,lane_3,1,0,0,1,0,0,0,0,2.941176
2026-08-14 13:12:20,Simpang 3,lane_2,3,0,0,3,0,0,0,0,9.090909
2026-08-14 13:12:20,Simpang 3,lane_3,3,0,0,0,3,0,0,1,8.823529
2026-08-14 13:12:21,Simpang 4,lane_3,5,0,0,3,2,0,0,0,14.705882
2026-08-14 13:12:21,Simpang 4,lane_2,3,0,0,2,1,0,0,0,9.090909
2026-08-14 13:12:21,Simpang 4,lane_1,1,0,0,0,1,0,0,0,3.030303
2026-08-14 13:12:21,Simpang 2,lane_2,2,0,0,2,0,0,0,0,6.060606
2026-08-14 13:12:21,Simpang 2,lane_1,1,0,0,0,1,0,0,0,3.030303
2026-08-14 13:12:22,Simpang 1,lane_2,5,0,0,5,0,0,0,0,15.151515
2026-08-14 13:12:22,Simpang 1,lane_3,1,0,0,1,0,0,0,0,2.941176
2026-08-14 13:12:24,Simpang 3,lane_2,3,0,0,3,0,0,0,0,9.090909
2026-08-14 13:12:24,Simpang 3,lane_3,3,0,0,0,3,0,0,1,8.823529
2026-08-14 13:12:25,Simpang 4,lane_3,3,1,0,3,0,0,0,0,8.823529
2026-08-14 13:12:25,Simpang 4,lane_2,3,0,0,2,1,0,0,0,9.090909
2026-08-14 13:12:25,Simpang 4,lane_1,1,0,0,0,1,0,0,0,3.030303
2026-08-14 13:12:26,Simpang 2,lane_2,2,0,0,2,0,0,0,0,6.060606
2026-08-14 13:12:26,Simpang 2,lane_1,1,0,0,0,1,0,0,0,3.030303
2026-08-14 13:12:26,Simpang 1,lane_2,5,0,0,5,0,0,0,0,15.151515
2026-08-14 13:12:26,Simpang 1,lane_3,1,0,0,1,0,0,0,0,2.941176
2026-08-14 13:12:28,Simpang 3,lane_2,3,0,0,3,0,0,0,0,9.090909
2026-08-14 13:12:28,Simpang 3,lane_3,3,0,0,0,3,0,0,1,8.823529
2026-08-14 13:12:30,Simpang 4,lane_3,3,1,0,3,0,0,0,0,8.823529
2026-08-14 13:12:30,Simpang 4,lane_2,3,0,0,2,1,0,0,0,9.090909
2026-08-14 13:12:30,Simpang 4,lane_1,1,0,0,0,1,0,0,0,3.030303
2026-08-14 13:12:31,Simpang 2,lane_2,2,0,0,2,0,0,0,0,6.060606
2026-08-14 13:12:31,Simpang 2,lane_1,1,0,0,0,1,0,0,0,3.030303
2026-08-14 13:12:31,Simpang 1,lane_2,5,0,0,5,0,0,0,0,15.151515
2026-08-14 13:12:31,Simpang 1,lane_3,1,0,0,1,0,0,0,0,2.941176
2026-08-14 13:12:33,Simpang 3,lane_2,3,0,0,3,0,0,0,0,9.090909
2026-08-14 13:12:33,Simpang 3,lane_3,3,0,0,0,3,0,0,1,8.823529
2026-08-14 13:12:34,Simpang 4,lane_3,3,1,0,3,0,0,0,0,8.823529
2026-08-14 13:12:34,Simpang 4,lane_2,4,0,0,2,2,0,0,0,12.121212
2026-08-14 13:12:34,Simpang 4,lane_1,1,0,0,0,1,0,0,0,3.030303
2026-08-14 13:12:35,Simpang 2,lane_2,2,0,0,2,0,0,0,0,6.060606
2026-08-14 13:12:35,Simpang 2,lane_1,1,0,0,0,1,0,0,0,3.030303
2026-08-14 13:12:36,Simpang 1,lane_2,5,0,0,5,0,0,0,0,15.151515
2026-08-14 13:12:36,Simpang 1,lane_3,1,0,0,1,0,0,0,0,2.941176
2026-08-14 13:12:37,Simpang 3,lane_2,3,0,0,3,0,0,0,0,9.090909
2026-08-14 13:12:37,Simpang 3,lane_3,3,0,0,0,3,0,0,1,8.823529
2026-08-14 13:12:39,Simpang 4,lane_3,5,0,0,3,2,0,0,0,14.705882
2026-08-14 13:12:39,Simpang 4,lane_2,3,0,0,2,1,0,0,0,9.090909
2026-08-14 13:12:40,Simpang 2,lane_2,2,0,0,2,0,0,0,0,6.060606
2026-08-14 13:12:40,Simpang 2,lane_1,1,0,0,0,1,0,0,0,3.030303
2026-08-14 13:12:41,Simpang 1,lane_2,5,0,0,5,0,0,0,0,15.151515
2026-08-14 13:12:41,Simpang 1,lane_3,1,0,0,1,0,0,0,0,2.941176
2026-08-14 13:12:42,Simpang 3,lane_2,3,0,0,3,0,0,0,0,9.090909
2026-08-14 13:12:42,Simpang 3,lane_3,3,0,0,0,3,0,0,1,8.823529
2026-08-14 13:12:43,Simpang 4,lane_3,6,0,0,3,3,0,0,0,17.647059
2026-08-14 13:12:43,Simpang 4,lane_2,4,0,0,2,2,0,0,0,12.121212
2026-08-14 13:12:45,Simpang 2,lane_2,2,0,0,2,0,0,0,0,6.060606
2026-08-14 13:12:45,Simpang 2,lane_1,1,0,0,0,1,0,0,0,3.030303
2026-08-14 13:12:46,Simpang 1,lane_2,5,0,0,5,0,0,0,0,15.151515
2026-08-14 13:12:46,Simpang 1,lane_3,1,0,0,1,0,0,0,0,2.941176
2026-08-14 13:12:46,Simpang 3,lane_2,3,0,0,3,0,0,0,0,9.090909
2026-08-14 13:12:46,Simpang 3,lane_3,3,0,0,0,3,0,0,1,8.823529
2026-08-14 13:12:48,Simpang 4,lane_3,5,0,0,3,2,0,0,0,14.705882
2026-08-14 13:12:48,Simpang 4,lane_2,1,0,0,1,0,0,0,0,3.030303
2026-08-14 13:12:48,Simpang 4,lane_1,1,0,0,1,0,0,0,0,3.030303
2026-08-14 13:12:50,Simpang 2,lane_2,2,0,0,2,0,0,0,0,6.060606
2026-08-14 13:12:50,Simpang 2,lane_1,1,0,0,0,1,0,0,0,3.030303
2026-08-14 13:12:50,Simpang 3,lane_2,3,0,0,3,0,0,0,0,9.090909
2026-08-14 13:12:50,Simpang 3,lane_3,3,0,0,0,3,0,0,1,8.823529
2026-08-14 13:12:51,Simpang 1,lane_2,5,0,0,5,0,0,0,0,15.151515
2026-08-14 13:12:51,Simpang 1,lane_3,1,0,0,1,0,0,0,0,2.941176
2026-08-14 13:12:52,Simpang 4,lane_3,6,0,0,4,2,0,0,0,17.647059
2026-08-14 13:12:52,Simpang 4,lane_2,1,1,0,1,0,0,0,0,3.030303
2026-08-14 13:12:52,Simpang 4,lane_1,1,0,0,1,0,0,0,0,3.030303
2026-08-14 13:12:54,Simpang 3,lane_2,3,0,0,3,0,0,0,0,9.090909
2026-08-14 13:12:54,Simpang 3,lane_3,3,0,0,0,3,0,0,1,8.823529
2026-08-14 13:12:54,Simpang 2,lane_2,2,0,0,2,0,0,0,0,6.060606
2026-08-14 13:12:54,Simpang 2,lane_1,1,0,0,0,1,0,0,0,3.030303
2026-08-14 13:12:55,Simpang 1,lane_2,6,0,0,6,0,0,0,0,18.181818
2026-08-14 13:12:55,Simpang 1,lane_3,1,0,0,1,0,0,0,0,2.941176
2026-08-14 13:12:56,Simpang 4,lane_3,5,0,0,3,2,0,0,0,14.705882
2026-08-14 13:12:56,Simpang 4,lane_1,1,1,0,1,0,0,0,0,3.030303
2026-08-14 13:12:59,Simpang 3,lane_2,3,0,0,3,0,0,0,0,9.090909
2026-08-14 13:12:59,Simpang 3,lane_3,3,0,0,0,3,0,0,2,8.823529
2026-08-14 13:12:59,Simpang 2,lane_2,2,0,0,2,0,0,0,0,6.060606
2026-08-14 13:12:59,Simpang 2,lane_1,1,0,0,0,1,0,0,0,3.030303
2026-08-14 13:13:00,Simpang 1,lane_2,6,0,0,6,0,0,0,0,18.181818
2026-08-14 13:13:00,Simpang 1,lane_3,1,0,0,1,0,0,0,0,2.941176
2026-08-14 13:13:00,Simpang 4,lane_3,5,0,0,3,2,0,0,0,14.705882
2026-08-14 13:13:00,Simpang 4,lane_1,2,1,0,1,1,0,0,0,6.060606
2026-08-14 13:13:00,Simpang 4,lane_2,1,0,0,1,0,0,0,0,3.030303
2026-08-14 13:13:03,Simpang 3,lane_2,3,0,0,3,0,0,0,0,9.090909
2026-08-14 13:13:03,Simpang 3,lane_3,3,0,0,0,3,0,0,2,8.823529
2026-08-14 13:13:04,Simpang 2,lane_2,2,0,0,2,0,0,0,0,6.060606
2026-08-14 13:13:04,Simpang 2,lane_1,1,0,0,0,1,0,0,0,3.030303
2026-08-14 13:13:05,Simpang 4,lane_2,2,0,0,2,0,0,0,0,6.060606
2026-08-14 13:13:05,Simpang 4,lane_3,4,0,0,2,2,0,0,0,11.764706
2026-08-14 13:13:05,Simpang 4,lane_1,2,1,0,2,0,0,0,0,6.060606
2026-08-14 13:13:05,Simpang 1,lane_2,6,0,0,6,0,0,0,0,18.181818
2026-08-14 13:13:05,Simpang 1,lane_3,1,0,0,1,0,0,0,0,2.941176
2026-08-14 13:13:08,Simpang 3,lane_2,3,0,0,3,0,0,0,0,9.090909
2026-08-14 13:13:08,Simpang 3,lane_3,3,0,0,0,3,0,0,2,8.823529
2026-08-14 13:13:09,Simpang 2,lane_2,2,0,0,2,0,0,0,0,6.060606
2026-08-14 13:13:09,Simpang 2,lane_1,1,0,0,0,1,0,0,0,3.030303
2026-08-14 13:13:09,Simpang 4,lane_2,2,0,0,2,0,0,0,0,6.060606
2026-08-14 13:13:09,Simpang 4,lane_3,5,0,0,3,2,0,0,0,14.705882
2026-08-14 13:13:09,Simpang 4,lane_1,3,1,0,2,1,0,0,0,9.090909
2026-08-14 13:13:10,Simpang 1,lane_2,6,0,0,6,0,0,0,0,18.181818
2026-08-14 13:13:10,Simpang 1,lane_3,1,0,0,1,0,0,0,0,2.941176
2026-08-14 13:13:12,Simpang 3,lane_2,3,0,0,3,0,0,0,0,9.090909
2026-08-14 13:13:12,Simpang 3,lane_3,2,0,0,0,2,0,0,1,5.882353
2026-08-14 13:13:13,Simpang 4,lane_2,3,0,0,2,1,0,0,0,9.090909
2026-08-14 13:13:13,Simpang 4,lane_3,3,0,0,2,1,0,0,0,8.823529
2026-08-14 13:13:13,Simpang 4,lane_1,2,0,0,1,1,0,0,0,6.060606
2026-08-14 13:13:14,Simpang 2,lane_2,2,0,0,2,0,0,0,0,6.060606
2026-08-14 13:13:14,Simpang 2,lane_1,1,0,0,0,1,0,0,0,3.030303
2026-08-14 13:13:15,Simpang 1,lane_2,6,0,0,6,0,0,0,0,18.181818
2026-08-14 13:13:15,Simpang 1,lane_3,1,0,0,1,0,0,0,0,2.941176
2026-08-14 13:13:17,Simpang 3,lane_2,3,0,0,3,0,0,0,0,9.090909
2026-08-14 13:13:17,Simpang 3,lane_3,2,0,0,0,2,0,0,1,5.882353
2026-08-14 13:13:18,Simpang 4,lane_2,4,0,0,2,2,0,0,0,12.121212
2026-08-14 13:13:18,Simpang 4,lane_3,2,0,0,2,0,0,0,0,5.882353
2026-08-14 13:13:18,Simpang 4,lane_1,5,0,0,2,3,0,0,0,15.151515
2026-08-14 13:13:19,Simpang 2,lane_2,2,0,0,2,0,0,0,0,6.060606
2026-08-14 13:13:19,Simpang 2,lane_1,1,0,0,0,1,0,0,0,3.030303
2026-08-14 13:13:20,Simpang 1,lane_2,4,0,0,4,0,0,0,0,12.121212
2026-08-14 13:13:20,Simpang 1,lane_3,1,0,0,1,0,0,0,0,2.941176
2026-08-14 13:13:21,Simpang 3,lane_2,3,0,0,3,0,0,0,0,9.090909
2026-08-14 13:13:21,Simpang 3,lane_3,2,0,0,0,2,0,0,1,5.882353
2026-08-14 13:13:22,Simpang 4,lane_2,2,1,0,2,0,0,0,0,6.060606
2026-08-14 13:13:22,Simpang 4,lane_3,2,0,0,2,0,0,0,0,5.882353
2026-08-14 13:13:22,Simpang 4,lane_1,5,0,0,2,3,0,0,0,15.151515
2026-08-14 13:13:23,Simpang 2,lane_2,2,0,0,2,0,0,0,0,6.060606
2026-08-14 13:13:23,Simpang 2,lane_1,1,0,0,0,1,0,0,0,3.030303
2026-08-14 13:13:25,Simpang 1,lane_2,5,0,0,5,0,0,0,0,15.151515
2026-08-14 13:13:25,Simpang 1,lane_3,1,0,0,1,0,0,0,0,2.941176
2026-08-14 13:13:25,Simpang 3,lane_2,3,1,0,3,0,0,0,0,9.090909
2026-08-14 13:13:25,Simpang 3,lane_3,2,0,0,0,2,0,0,1,5.882353
2026-08-14 13:13:27,Simpang 4,lane_2,2,1,0,2,0,0,0,0,6.060606
2026-08-14 13:13:27,Simpang 4,lane_3,2,0,0,2,0,0,0,0,5.882353
2026-08-14 13:13:27,Simpang 4,lane_1,5,0,0,2,3,0,0,0,15.151515
2026-08-14 13:13:28,Simpang 2,lane_2,2,0,0,2,0,0,0,0,6.060606
2026-08-14 13:13:28,Simpang 2,lane_1,1,0,0,0,1,0,0,0,3.030303
2026-08-14 13:13:29,Simpang 1,lane_2,4,0,0,4,0,0,0,0,12.121212
2026-08-14 13:13:29,Simpang 1,lane_3,1,0,0,1,0,0,0,0,2.941176
2026-08-14 13:13:29,Simpang 3,lane_2,3,1,0,3,0,0,0,0,9.090909
2026-08-14 13:13:29,Simpang 3,lane_3,2,0,0,0,2,0,0,1,5.882353
2026-08-14 13:13:31,Simpang 4,lane_2,4,0,0,2,2,0,0,0,12.121212
2026-08-14 13:13:31,Simpang 4,lane_3,3,0,0,3,0,0,0,0,8.823529
2026-08-14 13:13:31,Simpang 4,lane_1,4,1,0,2,2,0,0,0,12.121212
2026-08-14 13:13:33,Simpang 2,lane_2,2,0,0,2,0,0,0,0,6.060606
2026-08-14 13:13:33,Simpang 2,lane_1,1,0,0,0,1,0,0,0,3.030303
2026-08-14 13:13:34,Simpang 3,lane_2,3,1,0,3,0,0,0,0,9.090909
2026-08-14 13:13:34,Simpang 3,lane_3,2,0,0,0,2,0,0,1,5.882353
2026-08-14 13:13:34,Simpang 1,lane_2,4,0,0,4,0,0,0,0,12.121212
2026-08-14 13:13:34,Simpang 1,lane_3,1,0,0,1,0,0,0,0,2.941176
2026-08-14 13:13:36,Simpang 4,lane_2,5,0,0,2,3,0,0,0,15.151515
2026-08-14 13:13:36,Simpang 4,lane_3,3,0,0,3,0,0,0,0,8.823529
2026-08-14 13:13:36,Simpang 4,lane_1,4,1,0,2,2,0,0,0,12.121212
2026-08-14 13:13:38,Simpang 2,lane_2,2,0,0,2,0,0,0,0,6.060606
2026-08-14 13:13:38,Simpang 2,lane_1,1,0,0,0,1,0,0,0,3.030303
2026-08-14 13:13:38,Simpang 3,lane_2,3,1,0,3,0,0,0,0,9.090909
2026-08-14 13:13:38,Simpang 3,lane_3,2,0,0,0,2,0,0,1,5.882353
2026-08-14 13:13:39,Simpang 1,lane_2,4,0,0,4,0,0,0,0,12.121212
2026-08-14 13:13:39,Simpang 1,lane_3,1,0,0,1,0,0,0,0,2.941176
2026-08-14 13:13:41,Simpang 4,lane_2,4,0,0,2,2,0,0,0,12.121212
2026-08-14 13:13:41,Simpang 4,lane_3,3,0,0,3,0,0,0,0,8.823529
2026-08-14 13:13:41,Simpang 4,lane_1,3,1,0,2,1,0,0,0,9.090909
2026-08-14 13:13:43,Simpang 2,lane_2,2,0,0,2,0,0,0,0,6.060606
2026-08-14 13:13:43,Simpang 2,lane_1,1,0,0,0,1,0,0,0,3.030303
2026-08-14 13:13:43,Simpang 3,lane_2,3,1,0,3,0,0,0,0,9.090909
2026-08-14 13:13:43,Simpang 3,lane_3,2,0,0,0,2,0,0,1,5.882353
2026-08-14 13:13:44,Simpang 1,lane_2,3,0,0,3,0,0,0,0,9.090909
2026-08-14 13:13:44,Simpang 1,lane_3,1,0,0,1,0,0,0,0,2.941176
2026-08-14 13:13:45,Simpang 4,lane_2,4,0,0,2,2,0,0,0,12.121212
2026-08-14 13:13:45,Simpang 4,lane_3,2,0,0,2,0,0,0,0,5.882353
2026-08-14 13:13:45,Simpang 4,lane_1,4,0,0,2,2,0,0,0,12.121212
2026-08-14 13:13:47,Simpang 3,lane_2,3,2,0,3,0,0,0,0,9.090909
2026-08-14 13:13:47,Simpang 3,lane_3,2,0,0,0,2,0,0,1,5.882353
2026-08-14 13:13:48,Simpang 2,lane_2,2,0,0,2,0,0,0,0,6.060606
2026-08-14 13:13:48,Simpang 2,lane_1,1,0,0,0,1,0,0,0,3.030303
2026-08-14 13:13:49,Simpang 1,lane_2,3,0,0,3,0,0,0,0,9.090909
2026-08-14 13:13:49,Simpang 1,lane_3,1,0,0,1,0,0,0,0,2.941176
2026-08-14 13:13:49,Simpang 4,lane_2,4,0,0,2,2,0,0,0,12.121212
2026-08-14 13:13:49,Simpang 4,lane_3,2,0,0,2,0,0,0,0,5.882353
2026-08-14 13:13:49,Simpang 4,lane_1,3,0,0,1,2,0,0,0,9.090909
2026-08-14 13:13:52,Simpang 3,lane_2,3,2,0,3,0,0,0,0,9.090909
2026-08-14 13:13:52,Simpang 3,lane_3,2,0,0,0,2,0,0,1,5.882353
2026-08-14 13:13:52,Simpang 2,lane_2,2,0,0,2,0,0,0,0,6.060606
2026-08-14 13:13:52,Simpang 2,lane_1,1,0,0,0,1,0,0,0,3.030303
2026-08-14 13:13:53,Simpang 4,lane_2,4,0,0,2,2,0,0,0,12.121212
2026-08-14 13:13:53,Simpang 4,lane_3,2,0,0,2,0,0,0,0,5.882353
2026-08-14 13:13:53,Simpang 4,lane_1,2,1,0,1,1,0,0,0,6.060606
2026-08-14 13:13:53,Simpang 1,lane_2,3,0,0,3,0,0,0,0,9.090909
2026-08-14 13:13:53,Simpang 1,lane_3,1,0,0,1,0,0,0,0,2.941176
2026-08-14 13:13:56,Simpang 3,lane_2,3,2,0,3,0,0,0,0,9.090909
2026-08-14 13:13:56,Simpang 3,lane_3,2,0,0,0,2,0,0,1,5.882353
2026-08-14 13:13:57,Simpang 2,lane_2,2,0,0,2,0,0,0,0,6.060606
2026-08-14 13:13:57,Simpang 2,lane_1,1,0,0,0,1,0,0,0,3.030303
2026-08-14 13:13:58,Simpang 4,lane_2,4,0,0,2,2,0,0,0,12.121212
2026-08-14 13:13:58,Simpang 4,lane_3,2,0,0,2,0,0,0,0,5.882353
2026-08-14 13:13:58,Simpang 4,lane_1,4,0,0,2,2,0,0,0,12.121212
2026-08-14 13:13:58,Simpang 1,lane_2,3,0,0,3,0,0,0,0,9.090909
2026-08-14 13:13:58,Simpang 1,lane_3,1,0,0,1,0,0,0,0,2.941176
2026-08-14 13:14:00,Simpang 3,lane_2,3,2,0,3,0,0,0,0,9.090909
2026-08-14 13:14:00,Simpang 3,lane_3,2,0,0,0,2,0,0,1,5.882353
2026-08-14 13:14:01,Simpang 2,lane_2,2,0,0,2,0,0,0,0,6.060606
2026-08-14 13:14:01,Simpang 2,lane_1,1,0,0,0,1,0,0,0,3.030303
2026-08-14 13:14:02,Simpang 4,lane_2,4,0,0,2,2,0,0,0,12.121212
2026-08-14 13:14:02,Simpang 4,lane_3,2,0,0,2,0,0,0,0,5.882353
2026-08-14 13:14:02,Simpang 4,lane_1,5,0,0,2,3,0,0,0,15.151515
2026-08-14 13:14:04,Simpang 1,lane_2,3,0,0,3,0,0,0,0,9.090909
2026-08-14 13:14:04,Simpang 1,lane_3,1,0,0,1,0,0,0,0,2.941176
2026-08-14 13:14:06,Simpang 3,lane_2,3,2,0,3,0,0,0,0,9.090909
2026-08-14 13:14:06,Simpang 3,lane_3,2,0,0,0,2,0,0,1,5.882353
2026-08-14 13:14:07,Simpang 4,lane_2,4,0,0,2,2,0,0,0,12.121212
2026-08-14 13:14:07,Simpang 4,lane_3,2,0,0,2,0,0,0,0,5.882353
2026-08-14 13:14:07,Simpang 4,lane_1,4,0,0,2,2,0,0,0,12.121212
2026-08-14 13:14:07,Simpang 2,lane_2,2,0,0,2,0,0,0,0,6.060606
2026-08-14 13:14:07,Simpang 2,lane_1,1,0,0,0,1,0,0,0,3.030303
2026-08-14 13:14:09,Simpang 1,lane_2,3,0,0,3,0,0,0,0,9.090909
2026-08-14 13:14:09,Simpang 1,lane_3,1,0,0,1,0,0,0,0,2.941176
2026-08-14 13:14:10,Simpang 3,lane_2,4,2,0,4,0,0,0,0,12.121212
2026-08-14 13:14:10,Simpang 3,lane_3,2,0,0,0,2,0,0,1,5.882353
2026-08-14 13:14:11,Simpang 4,lane_2,4,0,0,2,2,0,0,0,12.121212
2026-08-14 13:14:11,Simpang 4,lane_3,2,0,0,2,0,0,0,0,5.882353
2026-08-14 13:14:11,Simpang 4,lane_1,4,0,0,2,2,0,0,0,12.121212
2026-08-14 13:14:12,Simpang 2,lane_2,2,0,0,2,0,0,0,0,6.060606
2026-08-14 13:14:12,Simpang 2,lane_1,1,0,0,0,1,0,0,0,3.030303
2026-08-14 13:14:13,Simpang 1,lane_2,3,0,0,3,0,0,0,0,9.090909
2026-08-14 13:14:13,Simpang 1,lane_3,1,0,0,1,0,0,0,0,2.941176
2026-08-14 13:14:14,Simpang 3,lane_2,3,1,0,3,0,0,0,0,9.090909
2026-08-14 13:14:14,Simpang 3,lane_3,2,0,0,0,2,0,0,1,5.882353
2026-08-14 13:14:15,Simpang 4,lane_2,4,0,0,2,2,0,0,0,12.121212
2026-08-14 13:14:15,Simpang 4,lane_3,2,0,0,2,0,0,0,0,5.882353
2026-08-14 13:14:15,Simpang 4,lane_1,4,0,0,2,2,0,0,0,12.121212
2026-08-14 13:14:17,Simpang 2,lane_2,2,0,0,2,0,0,0,0,6.060606
2026-08-14 13:14:17,Simpang 2,lane_1,1,0,0,0,1,0,0,0,3.030303
2026-08-14 13:14:18,Simpang 1,lane_2,3,0,0,3,0,0,0,0,9.090909
2026-08-14 13:14:18,Simpang 1,lane_3,1,0,0,1,0,0,0,0,2.941176
2026-08-14 13:14:19,Simpang 3,lane_2,4,1,0,4,0,0,0,0,12.121212
2026-08-14 13:14:19,Simpang 3,lane_3,2,0,0,0,2,0,0,1,5.882353
2026-08-14 13:14:20,Simpang 4,lane_2,4,0,0,2,2,0,0,0,12.121212
2026-08-14 13:14:20,Simpang 4,lane_3,2,0,0,2,0,0,0,0,5.882353
2026-08-14 13:14:20,Simpang 4,lane_1,2,0,0,1,1,0,0,0,6.060606
2026-08-14 13:14:21,Simpang 2,lane_2,2,0,0,2,0,0,0,0,6.060606
2026-08-14 13:14:21,Simpang 2,lane_1,1,0,0,0,1,0,0,0,3.030303
2026-08-14 13:14:23,Simpang 1,lane_2,3,0,0,3,0,0,0,0,9.090909
2026-08-14 13:14:23,Simpang 1,lane_3,1,0,0,1,0,0,0,0,2.941176
2026-08-14 13:14:23,Simpang 3,lane_2,3,1,0,3,0,0,0,0,9.090909
2026-08-14 13:14:23,Simpang 3,lane_3,2,0,0,0,2,0,0,1,5.882353
2026-08-14 13:14:24,Simpang 4,lane_2,4,0,0,2,2,0,0,0,12.121212
2026-08-14 13:14:24,Simpang 4,lane_3,2,0,0,2,0,0,0,0,5.882353
2026-08-14 13:14:24,Simpang 4,lane_1,3,0,0,2,1,0,0,0,9.090909
2026-08-14 13:14:26,Simpang 2,lane_2,2,0,0,2,0,0,0,0,6.060606
2026-08-14 13:14:26,Simpang 2,lane_1,1,0,0,0,1,0,0,0,3.030303
2026-08-14 13:14:27,Simpang 3,lane_2,3,1,0,3,0,0,0,0,9.090909
2026-08-14 13:14:27,Simpang 3,lane_3,1,0,0,0,1,0,0,1,2.941176
2026-08-14 13:14:28,Simpang 1,lane_2,3,0,0,3,0,0,0,0,9.090909
2026-08-14 13:14:29,Simpang 4,lane_2,2,1,1,2,0,0,0,0,6.060606
2026-08-14 13:14:29,Simpang 4,lane_3,2,0,0,2,0,0,0,0,5.882353
2026-08-14 13:14:29,Simpang 4,lane_1,1,0,0,1,0,0,0,0,3.030303
2026-08-14 13:14:31,Simpang 2,lane_2,2,0,0,2,0,0,0,0,6.060606
2026-08-14 13:14:31,Simpang 2,lane_1,1,0,0,0,1,0,0,0,3.030303
2026-08-14 13:14:32,Simpang 3,lane_2,3,1,0,3,0,0,0,0,9.090909
2026-08-14 13:14:32,Simpang 3,lane_3,1,1,0,0,1,0,0,1,2.941176
2026-08-14 13:14:33,Simpang 1,lane_2,3,0,0,3,0,0,0,0,9.090909
2026-08-14 13:14:33,Simpang 4,lane_2,4,0,0,2,2,0,0,0,12.121212
2026-08-14 13:14:33,Simpang 4,lane_3,2,0,0,2,0,0,0,0,5.882353
2026-08-14 13:14:33,Simpang 4,lane_1,2,0,0,2,0,0,0,0,6.060606
2026-08-14 13:14:36,Simpang 2,lane_2,2,0,0,2,0,0,0,0,6.060606
2026-08-14 13:14:36,Simpang 2,lane_1,1,0,0,0,1,0,0,0,3.030303
2026-08-14 13:14:36,Simpang 3,lane_2,4,1,0,4,0,0,0,0,12.121212
2026-08-14 13:14:36,Simpang 3,lane_3,2,0,0,0,2,0,0,1,5.882353
2026-08-14 13:14:37,Simpang 1,lane_2,3,0,0,3,0,0,0,0,9.090909
2026-08-14 13:14:37,Simpang 4,lane_2,4,0,0,2,2,0,0,0,12.121212
2026-08-14 13:14:37,Simpang 4,lane_3,2,0,0,2,0,0,0,0,5.882353
2026-08-14 13:14:37,Simpang 4,lane_1,3,0,0,2,1,0,0,0,9.090909
2026-08-14 13:14:40,Simpang 2,lane_2,2,0,0,2,0,0,0,0,6.060606
2026-08-14 13:14:40,Simpang 2,lane_1,1,0,0,0,1,0,0,0,3.030303
2026-08-14 13:14:40,Simpang 3,lane_2,3,1,0,3,0,0,0,0,9.090909
2026-08-14 13:14:40,Simpang 3,lane_3,2,0,0,0,2,0,0,1,5.882353
2026-08-14 13:14:41,Simpang 1,lane_2,3,0,0,3,0,0,0,0,9.090909
2026-08-14 13:14:41,Simpang 4,lane_2,4,0,0,2,2,0,0,0,12.121212
2026-08-14 13:14:41,Simpang 4,lane_3,2,0,0,2,0,0,0,0,5.882353
2026-08-14 13:14:41,Simpang 4,lane_1,2,1,0,2,0,0,0,0,6.060606
2026-08-14 13:14:44,Simpang 3,lane_2,3,1,0,3,0,0,0,0,9.090909
2026-08-14 13:14:44,Simpang 3,lane_3,3,0,0,0,3,0,0,2,8.823529
2026-08-14 13:14:45,Simpang 2,lane_2,2,0,0,2,0,0,0,0,6.060606
2026-08-14 13:14:45,Simpang 2,lane_1,1,0,0,0,1,0,0,0,3.030303
2026-08-14 13:14:46,Simpang 4,lane_2,4,1,0,2,2,0,0,0,12.121212
2026-08-14 13:14:46,Simpang 4,lane_3,2,0,0,2,0,0,0,0,5.882353
2026-08-14 13:14:46,Simpang 4,lane_1,2,1,0,2,0,0,0,0,6.060606
2026-08-14 13:14:46,Simpang 1,lane_2,3,0,0,3,0,0,0,0,9.090909
2026-08-14 13:14:46,Simpang 1,lane_3,1,0,0,1,0,0,0,0,2.941176
2026-08-14 13:14:49,Simpang 3,lane_2,3,1,0,3,0,0,0,0,9.090909
2026-08-14 13:14:49,Simpang 3,lane_3,4,0,0,0,4,0,0,2,11.764706
2026-08-14 13:14:49,Simpang 2,lane_2,2,0,0,2,0,0,0,0,6.060606
2026-08-14 13:14:49,Simpang 2,lane_1,1,0,0,0,1,0,0,0,3.030303
2026-08-14 13:14:50,Simpang 4,lane_2,4,0,0,2,2,0,0,0,12.121212
2026-08-14 13:14:50,Simpang 4,lane_3,1,0,0,1,0,0,0,0,2.941176
2026-08-14 13:14:50,Simpang 4,lane_1,2,1,0,1,1,0,0,0,6.060606
2026-08-14 13:14:51,Simpang 1,lane_2,3,0,0,3,0,0,0,0,9.090909
2026-08-14 13:14:51,Simpang 1,lane_3,1,0,0,1,0,0,0,0,2.941176
2026-08-14 13:14:53,Simpang 3,lane_2,3,1,0,3,0,0,0,0,9.090909
2026-08-14 13:14:53,Simpang 3,lane_3,3,0,0,0,3,0,0,2,8.823529
2026-08-14 13:14:54,Simpang 2,lane_2,2,0,0,2,0,0,0,0,6.060606
2026-08-14 13:14:54,Simpang 2,lane_1,1,0,0,0,1,0,0,0,3.030303
2026-08-14 13:14:54,Simpang 4,lane_2,4,0,0,2,2,0,0,0,12.121212
2026-08-14 13:14:54,Simpang 4,lane_3,2,0,0,2,0,0,0,0,5.882353
2026-08-14 13:14:54,Simpang 4,lane_1,3,1,0,1,2,0,0,0,9.090909
2026-08-14 13:14:55,Simpang 1,lane_2,3,0,0,3,0,0,0,0,9.090909
2026-08-14 13:14:55,Simpang 1,lane_3,1,0,0,1,0,0,0,0,2.941176
2026-08-14 13:14:57,Simpang 3,lane_2,3,0,0,3,0,0,0,0,9.090909
2026-08-14 13:14:57,Simpang 3,lane_3,5,0,0,0,5,0,0,2,14.705882
2026-08-14 13:14:58,Simpang 2,lane_2,2,0,0,2,0,0,0,0,6.060606
2026-08-14 13:14:58,Simpang 2,lane_1,1,0,0,0,1,0,0,0,3.030303
2026-08-14 13:14:59,Simpang 4,lane_2,4,0,0,2,2,0,0,0,12.121212
2026-08-14 13:14:59,Simpang 4,lane_3,1,0,0,1,0,0,0,0,2.941176
2026-08-14 13:14:59,Simpang 4,lane_1,3,1,0,1,2,0,0,0,9.090909
2026-08-14 13:15:00,Simpang 1,lane_2,3,0,0,3,0,0,0,0,9.090909
2026-08-14 13:15:00,Simpang 1,lane_3,1,0,0,1,0,0,0,0,2.941176
2026-08-14 13:15:03,Simpang 3,lane_2,4,0,0,4,0,0,0,0,12.121212
2026-08-14 13:15:03,Simpang 3,lane_3,5,0,0,0,5,0,0,2,14.705882
2026-08-14 13:15:04,Simpang 4,lane_2,4,0,0,2,2,0,0,0,12.121212
2026-08-14 13:15:04,Simpang 4,lane_3,1,0,0,1,0,0,0,0,2.941176
2026-08-14 13:15:04,Simpang 4,lane_1,3,1,0,1,2,0,0,0,9.090909
2026-08-14 13:15:04,Simpang 2,lane_2,2,0,0,2,0,0,0,0,6.060606
2026-08-14 13:15:04,Simpang 2,lane_1,1,0,0,0,1,0,0,0,3.030303
2026-08-14 13:15:06,Simpang 1,lane_2,3,0,0,3,0,0,0,0,9.090909
2026-08-14 13:15:06,Simpang 1,lane_3,1,0,0,1,0,0,0,0,2.941176
2026-08-14 13:15:07,Simpang 3,lane_2,3,1,0,3,0,0,0,0,9.090909
2026-08-14 13:15:07,Simpang 3,lane_3,4,0,0,0,4,0,0,2,11.764706
2026-08-14 13:15:09,Simpang 4,lane_2,4,0,0,2,2,0,0,0,12.121212
2026-08-14 13:15:09,Simpang 4,lane_3,2,0,0,2,0,0,0,0,5.882353
2026-08-14 13:15:09,Simpang 4,lane_1,2,1,0,1,1,0,0,0,6.060606
2026-08-14 13:15:09,Simpang 2,lane_2,2,0,0,2,0,0,0,0,6.060606
2026-08-14 13:15:09,Simpang 2,lane_1,1,0,0,0,1,0,0,0,3.030303
2026-08-14 13:15:10,Simpang 1,lane_2,3,0,0,3,0,0,0,0,9.090909
2026-08-14 13:15:10,Simpang 1,lane_3,1,0,0,1,0,0,0,0,2.941176
2026-08-14 13:15:11,Simpang 3,lane_2,3,1,0,3,0,0,0,0,9.090909
2026-08-14 13:15:11,Simpang 3,lane_3,4,0,0,0,4,0,0,2,11.764706
2026-08-14 13:15:13,Simpang 4,lane_2,4,1,0,2,2,0,0,0,12.121212
2026-08-14 13:15:13,Simpang 4,lane_3,2,0,0,2,0,0,0,0,5.882353
2026-08-14 13:15:13,Simpang 4,lane_1,3,1,0,1,2,0,0,0,9.090909
2026-08-14 13:15:14,Simpang 2,lane_2,2,0,0,2,0,0,0,0,6.060606
2026-08-14 13:15:14,Simpang 2,lane_1,1,0,0,0,1,0,0,0,3.030303
2026-08-14 13:15:15,Simpang 1,lane_2,3,0,0,3,0,0,0,0,9.090909
2026-08-14 13:15:15,Simpang 1,lane_3,1,0,0,1,0,0,0,0,2.941176
2026-08-14 13:15:16,Simpang 3,lane_2,3,1,0,3,0,0,0,0,9.090909
2026-08-14 13:15:16,Simpang 3,lane_3,4,0,0,0,4,0,0,2,11.764706
2026-08-14 13:15:18,Simpang 4,lane_2,4,1,0,2,2,0,0,0,12.121212
2026-08-14 13:15:18,Simpang 4,lane_3,2,0,0,2,0,0,0,0,5.882353
2026-08-14 13:15:18,Simpang 4,lane_1,3,1,0,1,2,0,0,0,9.090909
2026-08-14 13:15:19,Simpang 2,lane_2,2,0,0,2,0,0,0,0,6.060606
2026-08-14 13:15:19,Simpang 2,lane_1,1,0,0,0,1,0,0,0,3.030303
2026-08-14 13:15:20,Simpang 1,lane_2,3,0,0,3,0,0,0,0,9.090909
2026-08-14 13:15:20,Simpang 1,lane_3,1,0,0,1,0,0,0,0,2.941176
2026-08-14 13:15:20,Simpang 3,lane_2,3,0,0,3,0,0,0,0,9.090909
2026-08-14 13:15:20,Simpang 3,lane_3,4,0,0,0,4,0,0,2,11.764706
2026-08-14 13:15:22,Simpang 4,lane_2,4,1,0,2,2,0,0,0,12.121212
2026-08-14 13:15:22,Simpang 4,lane_3,2,0,0,2,0,0,0,0,5.882353
2026-08-14 13:15:22,Simpang 4,lane_1,3,0,0,1,2,0,0,0,9.090909
2026-08-14 13:15:23,Simpang 2,lane_2,2,0,0,2,0,0,0,0,6.060606
2026-08-14 13:15:23,Simpang 2,lane_1,1,0,0,0,1,0,0,0,3.030303
2026-08-14 13:15:25,Simpang 3,lane_2,4,0,0,4,0,0,0,0,12.121212
2026-08-14 13:15:25,Simpang 3,lane_3,4,0,0,0,4,0,0,2,11.764706
2026-08-14 13:15:25,Simpang 1,lane_2,3,0,0,3,0,0,0,0,9.090909
2026-08-14 13:15:25,Simpang 1,lane_3,1,0,0,1,0,0,0,0,2.941176
2026-08-14 13:15:27,Simpang 4,lane_2,4,0,0,2,2,0,0,0,12.121212
2026-08-14 13:15:27,Simpang 4,lane_3,2,0,0,2,0,0,0,0,5.882353
2026-08-14 13:15:27,Simpang 4,lane_1,2,1,0,1,1,0,0,0,6.060606
2026-08-14 13:15:28,Simpang 2,lane_2,2,0,0,2,0,0,0,0,6.060606
2026-08-14 13:15:28,Simpang 2,lane_1,1,0,0,0,1,0,0,0,3.030303
2026-08-14 13:15:29,Simpang 3,lane_2,5,1,0,5,0,0,0,0,15.151515
2026-08-14 13:15:29,Simpang 3,lane_3,3,1,0,0,3,0,0,2,8.823529
2026-08-14 13:15:30,Simpang 1,lane_2,3,0,0,3,0,0,0,0,9.090909
2026-08-14 13:15:30,Simpang 1,lane_3,1,0,0,1,0,0,0,0,2.941176
2026-08-14 13:15:31,Simpang 4,lane_2,4,0,0,2,2,0,0,0,12.121212
2026-08-14 13:15:31,Simpang 4,lane_3,2,0,0,2,0,0,0,0,5.882353
2026-08-14 13:15:31,Simpang 4,lane_1,3,1,0,1,2,0,0,0,9.090909
2026-08-14 13:15:33,Simpang 2,lane_2,2,0,0,2,0,0,0,0,6.060606
2026-08-14 13:15:33,Simpang 2,lane_1,1,0,0,0,1,0,0,0,3.030303
2026-08-14 13:15:33,Simpang 3,lane_2,5,1,0,5,0,0,0,0,15.151515
2026-08-14 13:15:33,Simpang 3,lane_3,4,1,0,0,4,0,0,2,11.764706
2026-08-14 13:15:35,Simpang 1,lane_2,3,0,0,3,0,0,0,0,9.090909
2026-08-14 13:15:36,Simpang 4,lane_2,4,1,0,2,2,0,0,0,12.121212
2026-08-14 13:15:36,Simpang 4,lane_3,3,0,0,3,0,0,0,0,8.823529
2026-08-14 13:15:36,Simpang 4,lane_1,4,0,0,1,3,0,0,0,12.121212
2026-08-14 13:15:38,Simpang 3,lane_2,4,1,0,4,0,0,0,0,12.121212
2026-08-14 13:15:38,Simpang 3,lane_3,5,0,0,0,5,0,0,2,14.705882
2026-08-14 13:15:38,Simpang 2,lane_2,2,0,0,2,0,0,0,0,6.060606
2026-08-14 13:15:38,Simpang 2,lane_1,1,0,0,0,1,0,0,0,3.030303
2026-08-14 13:15:39,Simpang 1,lane_2,3,0,0,3,0,0,0,0,9.090909
2026-08-14 13:15:40,Simpang 4,lane_2,4,1,0,2,2,0,0,0,12.121212
2026-08-14 13:15:40,Simpang 4,lane_3,2,0,0,1,0,0,1,0,5.882353
2026-08-14 13:15:40,Simpang 4,lane_1,4,0,0,1,3,0,0,0,12.121212
2026-08-14 13:15:42,Simpang 3,lane_2,4,1,0,4,0,0,0,0,12.121212
2026-08-14 13:15:42,Simpang 3,lane_3,4,0,0,0,4,0,0,2,11.764706
2026-08-14 13:15:43,Simpang 2,lane_2,2,0,0,2,0,0,0,0,6.060606
2026-08-14 13:15:43,Simpang 2,lane_1,1,0,0,0,1,0,0,0,3.030303
2026-08-14 13:15:44,Simpang 1,lane_2,3,0,0,3,0,0,0,0,9.090909
2026-08-14 13:15:44,Simpang 4,lane_2,7,0,0,3,4,0,0,0,21.212121
2026-08-14 13:15:44,Simpang 4,lane_3,2,0,0,1,0,0,1,0,5.882353
2026-08-14 13:15:44,Simpang 4,lane_1,4,0,0,1,3,0,0,0,12.121212
2026-08-14 13:15:46,Simpang 3,lane_2,4,1,0,4,0,0,0,0,12.121212
2026-08-14 13:15:46,Simpang 3,lane_3,5,0,0,0,5,0,0,2,14.705882
2026-08-14 13:15:47,Simpang 2,lane_2,2,0,0,2,0,0,0,0,6.060606
2026-08-14 13:15:47,Simpang 2,lane_1,1,0,0,0,1,0,0,0,3.030303
2026-08-14 13:15:48,Simpang 4,lane_2,6,0,0,2,4,0,0,0,18.181818
2026-08-14 13:15:48,Simpang 4,lane_3,2,0,0,2,0,0,0,0,5.882353
2026-08-14 13:15:48,Simpang 4,lane_1,2,0,0,1,1,0,0,0,6.060606
2026-08-14 13:15:48,Simpang 1,lane_2,3,0,0,3,0,0,0,0,9.090909
2026-08-14 13:15:50,Simpang 3,lane_2,4,1,0,4,0,0,0,0,12.121212
2026-08-14 13:15:50,Simpang 3,lane_3,5,0,0,0,5,0,0,2,14.705882
2026-08-14 13:15:52,Simpang 2,lane_2,2,0,0,2,0,0,0,0,6.060606
2026-08-14 13:15:52,Simpang 2,lane_1,1,0,0,0,1,0,0,0,3.030303
2026-08-14 13:15:52,Simpang 4,lane_2,5,0,0,2,3,0,0,0,15.151515
2026-08-14 13:15:52,Simpang 4,lane_3,4,0,0,3,0,0,1,0,11.764706
2026-08-14 13:15:52,Simpang 4,lane_1,2,0,0,1,1,0,0,0,6.060606
2026-08-14 13:15:53,Simpang 1,lane_2,3,0,0,3,0,0,0,0,9.090909
2026-08-14 13:15:54,Simpang 3,lane_2,4,1,0,4,0,0,0,0,12.121212
2026-08-14 13:15:54,Simpang 3,lane_3,5,0,0,0,5,0,0,2,14.705882
2026-08-14 13:15:56,Simpang 2,lane_2,2,0,0,2,0,0,0,0,6.060606
2026-08-14 13:15:56,Simpang 2,lane_1,1,0,0,0,1,0,0,0,3.030303
2026-08-14 13:15:56,Simpang 4,lane_2,4,1,0,2,2,0,0,0,12.121212
2026-08-14 13:15:56,Simpang 4,lane_3,4,0,0,4,0,0,0,0,11.764706
2026-08-14 13:15:56,Simpang 4,lane_1,2,0,0,1,1,0,0,0,6.060606
2026-08-14 13:15:57,Simpang 1,lane_2,3,0,0,3,0,0,0,0,9.090909
2026-08-14 13:15:59,Simpang 3,lane_2,4,2,0,4,0,0,0,0,12.121212
2026-08-14 13:15:59,Simpang 3,lane_3,4,0,0,0,4,0,0,2,11.764706
2026-08-14 13:16:01,Simpang 4,lane_2,4,1,0,2,2,0,0,0,12.121212
2026-08-14 13:16:01,Simpang 4,lane_3,4,0,0,4,0,0,0,0,11.764706
2026-08-14 13:16:01,Simpang 4,lane_1,2,0,0,1,1,0,0,0,6.060606
2026-08-14 13:16:01,Simpang 2,lane_2,2,0,0,2,0,0,0,0,6.060606
2026-08-14 13:16:01,Simpang 2,lane_1,1,0,0,0,1,0,0,0,3.030303
2026-08-14 13:16:03,Simpang 1,lane_2,3,0,0,3,0,0,0,0,9.090909
2026-08-14 13:16:03,Simpang 1,lane_3,1,0,0,1,0,0,0,0,2.941176
2026-08-14 13:16:04,Simpang 3,lane_2,4,2,0,4,0,0,0,0,12.121212
2026-08-14 13:16:04,Simpang 3,lane_3,4,0,0,0,4,0,0,2,11.764706
2026-08-14 13:16:06,Simpang 4,lane_2,3,2,0,3,0,0,0,0,9.090909
2026-08-14 13:16:06,Simpang 4,lane_3,4,0,0,4,0,0,0,0,11.764706
2026-08-14 13:16:06,Simpang 4,lane_1,2,0,0,1,0,0,1,0,6.060606
2026-08-14 13:16:07,Simpang 2,lane_2,2,0,0,2,0,0,0,0,6.060606
2026-08-14 13:16:07,Simpang 2,lane_1,1,0,0,0,1,0,0,0,3.030303
2026-08-14 13:16:08,Simpang 1,lane_2,3,0,0,3,0,0,0,0,9.090909
2026-08-14 13:16:08,Simpang 1,lane_3,1,0,0,1,0,0,0,0,2.941176
2026-08-14 13:16:08,Simpang 3,lane_2,4,2,0,4,0,0,0,0,12.121212
2026-08-14 13:16:08,Simpang 3,lane_3,4,0,0,0,4,0,0,2,11.764706
2026-08-14 13:16:10,Simpang 4,lane_2,7,0,0,3,4,0,0,0,21.212121
2026-08-14 13:16:10,Simpang 4,lane_3,5,0,0,5,0,0,0,0,14.705882
2026-08-14 13:16:10,Simpang 4,lane_1,4,0,0,1,2,0,1,0,12.121212
2026-08-14 13:16:11,Simpang 2,lane_2,2,0,0,2,0,0,0,0,6.060606
2026-08-14 13:16:11,Simpang 2,lane_1,1,0,0,0,1,0,0,0,3.030303
2026-08-14 13:16:13,Simpang 1,lane_2,3,0,0,3,0,0,0,0,9.090909
2026-08-14 13:16:13,Simpang 3,lane_2,4,0,0,4,0,0,0,0,12.121212
2026-08-14 13:16:13,Simpang 3,lane_3,4,0,0,0,4,0,0,2,11.764706
2026-08-14 13:16:14,Simpang 4,lane_2,3,1,0,1,2,0,0,0,9.090909
2026-08-14 13:16:14,Simpang 4,lane_3,4,0,0,4,0,0,0,0,11.764706
2026-08-14 13:16:14,Simpang 4,lane_1,2,0,0,0,2,0,0,0,6.060606
2026-08-14 13:16:16,Simpang 2,lane_2,2,0,0,2,0,0,0,0,6.060606
2026-08-14 13:16:16,Simpang 2,lane_1,1,0,0,0,1,0,0,0,3.030303
2026-08-14 13:16:17,Simpang 3,lane_2,4,0,0,4,0,0,0,0,12.121212
2026-08-14 13:16:17,Simpang 3,lane_3,4,0,0,0,4,0,0,2,11.764706
2026-08-14 13:16:18,Simpang 1,lane_2,3,0,0,3,0,0,0,0,9.090909
2026-08-14 13:16:19,Simpang 4,lane_2,3,0,0,1,2,0,0,0,9.090909
2026-08-14 13:16:19,Simpang 4,lane_3,4,0,0,4,0,0,0,0,11.764706
2026-08-14 13:16:19,Simpang 4,lane_1,4,1,0,1,3,0,0,0,12.121212
2026-08-14 13:16:21,Simpang 2,lane_2,2,0,0,2,0,0,0,0,6.060606
2026-08-14 13:16:21,Simpang 2,lane_1,1,0,0,0,1,0,0,0,3.030303
2026-08-14 13:16:22,Simpang 3,lane_2,4,0,0,4,0,0,0,0,12.121212
2026-08-14 13:16:22,Simpang 3,lane_3,1,1,0,0,1,0,0,1,2.941176
2026-08-14 13:16:23,Simpang 1,lane_2,3,0,0,3,0,0,0,0,9.090909
2026-08-14 13:16:24,Simpang 4,lane_2,2,0,0,2,0,0,0,0,6.060606
2026-08-14 13:16:24,Simpang 4,lane_3,4,0,0,4,0,0,0,0,11.764706
2026-08-14 13:16:24,Simpang 4,lane_1,3,1,0,1,2,0,0,0,9.090909
2026-08-14 13:16:26,Simpang 3,lane_2,4,0,0,4,0,0,0,0,12.121212
2026-08-14 13:16:26,Simpang 3,lane_3,1,1,0,0,1,0,0,1,2.941176
2026-08-14 13:16:26,Simpang 2,lane_2,2,0,0,2,0,0,0,0,6.060606
2026-08-14 13:16:26,Simpang 2,lane_1,1,0,0,0,1,0,0,0,3.030303
2026-08-14 13:16:27,Simpang 1,lane_2,3,0,0,3,0,0,0,0,9.090909
2026-08-14 13:16:28,Simpang 4,lane_2,2,1,0,2,0,0,0,0,6.060606
2026-08-14 13:16:28,Simpang 4,lane_3,6,0,0,4,0,0,2,0,17.647059
2026-08-14 13:16:28,Simpang 4,lane_1,4,1,0,1,2,0,1,0,12.121212
2026-08-14 13:16:30,Simpang 3,lane_2,4,0,0,4,0,0,0,0,12.121212
2026-08-14 13:16:30,Simpang 3,lane_3,2,1,0,0,2,0,0,1,5.882353
2026-08-14 13:16:31,Simpang 2,lane_2,2,0,0,2,0,0,0,0,6.060606
2026-08-14 13:16:31,Simpang 2,lane_1,1,0,0,0,1,0,0,0,3.030303
2026-08-14 13:16:32,Simpang 1,lane_2,3,0,0,3,0,0,0,0,9.090909
2026-08-14 13:16:33,Simpang 4,lane_2,4,0,0,2,2,0,0,0,12.121212
2026-08-14 13:16:33,Simpang 4,lane_3,4,0,0,3,0,0,1,0,11.764706
2026-08-14 13:16:33,Simpang 4,lane_1,3,1,0,1,2,0,0,0,9.090909
2026-08-14 13:16:35,Simpang 3,lane_2,4,1,0,4,0,0,0,0,12.121212
2026-08-14 13:16:35,Simpang 3,lane_3,2,1,0,0,2,0,0,1,5.882353
2026-08-14 13:16:36,Simpang 2,lane_2,2,0,0,2,0,0,0,0,6.060606
2026-08-14 13:16:36,Simpang 2,lane_1,1,0,0,0,1,0,0,0,3.030303
2026-08-14 13:16:37,Simpang 1,lane_2,3,0,0,3,0,0,0,0,9.090909
2026-08-14 13:16:37,Simpang 4,lane_2,4,0,0,2,2,0,0,0,12.121212
2026-08-14 13:16:37,Simpang 4,lane_3,4,0,0,3,0,0,1,0,11.764706
2026-08-14 13:16:37,Simpang 4,lane_1,3,1,0,1,2,0,0,0,9.090909
2026-08-14 13:16:39,Simpang 3,lane_2,4,1,0,4,0,0,0,0,12.121212
2026-08-14 13:16:39,Simpang 3,lane_3,2,1,0,0,2,0,0,1,5.882353
2026-08-14 13:16:40,Simpang 2,lane_2,2,0,0,2,0,0,0,0,6.060606
2026-08-14 13:16:40,Simpang 2,lane_1,1,0,0,0,1,0,0,0,3.030303
2026-08-14 13:16:41,Simpang 4,lane_2,2,0,0,1,1,0,0,0,6.060606
2026-08-14 13:16:41,Simpang 4,lane_3,4,0,0,3,0,0,1,0,11.764706
2026-08-14 13:16:41,Simpang 4,lane_1,1,0,0,1,0,0,0,0,3.030303
2026-08-14 13:16:41,Simpang 1,lane_2,3,0,0,3,0,0,0,0,9.090909
2026-08-14 13:16:44,Simpang 3,lane_2,4,1,0,4,0,0,0,0,12.121212
2026-08-14 13:16:44,Simpang 3,lane_3,1,0,0,0,1,0,0,1,2.941176
2026-08-14 13:16:45,Simpang 2,lane_2,2,0,0,2,0,0,0,0,6.060606
2026-08-14 13:16:45,Simpang 2,lane_1,1,0,0,0,1,0,0,0,3.030303
2026-08-14 13:16:45,Simpang 4,lane_2,2,0,0,1,1,0,0,0,6.060606
2026-08-14 13:16:45,Simpang 4,lane_3,4,0,0,3,0,0,1,0,11.764706
2026-08-14 13:16:45,Simpang 4,lane_1,2,0,0,1,0,0,1,0,6.060606
2026-08-14 13:16:46,Simpang 1,lane_2,3,0,0,3,0,0,0,0,9.090909
2026-08-14 13:16:48,Simpang 3,lane_2,4,1,0,4,0,0,0,0,12.121212
2026-08-14 13:16:48,Simpang 3,lane_3,1,0,0,0,1,0,0,1,2.941176
2026-08-14 13:16:50,Simpang 4,lane_2,2,0,0,1,1,0,0,0,6.060606
2026-08-14 13:16:50,Simpang 4,lane_3,5,0,0,4,0,0,1,0,14.705882
2026-08-14 13:16:50,Simpang 4,lane_1,2,0,0,1,0,0,1,0,6.060606
2026-08-14 13:16:50,Simpang 2,lane_2,2,0,0,2,0,0,0,0,6.060606
2026-08-14 13:16:50,Simpang 2,lane_1,1,0,0,0,1,0,0,0,3.030303
2026-08-14 13:16:51,Simpang 1,lane_2,3,0,0,3,0,0,0,0,9.090909
2026-08-14 13:16:53,Simpang 3,lane_2,4,0,0,4,0,0,0,0,12.121212
2026-08-14 13:16:53,Simpang 3,lane_3,1,0,0,0,1,0,0,1,2.941176
2026-08-14 13:16:54,Simpang 4,lane_2,2,1,0,2,0,0,0,0,6.060606
2026-08-14 13:16:54,Simpang 4,lane_3,4,0,0,3,0,0,1,0,11.764706
2026-08-14 13:16:54,Simpang 4,lane_1,4,0,0,1,2,0,1,0,12.121212
2026-08-14 13:16:54,Simpang 2,lane_2,2,0,0,2,0,0,0,0,6.060606
2026-08-14 13:16:54,Simpang 2,lane_1,1,0,0,0,1,0,0,0,3.030303
2026-08-14 13:16:56,Simpang 1,lane_2,3,0,0,3,0,0,0,0,9.090909
2026-08-14 13:16:57,Simpang 3,lane_2,4,1,0,4,0,0,0,0,12.121212
2026-08-14 13:16:57,Simpang 3,lane_3,1,0,0,0,1,0,0,1,2.941176
2026-08-14 13:16:58,Simpang 4,lane_2,2,1,0,2,0,0,0,0,6.060606
2026-08-14 13:16:58,Simpang 4,lane_3,5,0,0,4,0,0,1,0,14.705882
2026-08-14 13:16:58,Simpang 4,lane_1,3,0,0,1,1,0,1,0,9.090909
2026-08-14 13:16:59,Simpang 2,lane_2,2,0,0,2,0,0,0,0,6.060606
2026-08-14 13:16:59,Simpang 2,lane_1,1,0,0,0,1,0,0,0,3.030303
2026-08-14 13:17:00,Simpang 1,lane_2,3,0,0,3,0,0,0,0,9.090909
2026-08-14 13:17:01,Simpang 3,lane_2,4,1,0,4,0,0,0,0,12.121212
2026-08-14 13:17:01,Simpang 3,lane_3,1,0,0,0,1,0,0,1,2.941176
2026-08-14 13:17:03,Simpang 4,lane_2,2,1,0,2,0,0,0,0,6.060606
2026-08-14 13:17:03,Simpang 4,lane_3,5,0,0,4,0,0,1,0,14.705882
2026-08-14 13:17:03,Simpang 4,lane_1,3,0,0,1,1,0,1,0,9.090909
2026-08-14 13:17:05,Simpang 2,lane_2,2,0,0,2,0,0,0,0,6.060606
2026-08-14 13:17:05,Simpang 2,lane_1,1,0,0,0,1,0,0,0,3.030303
2026-08-14 13:17:06,Simpang 1,lane_2,3,0,0,3,0,0,0,0,9.090909
2026-08-14 13:17:06,Simpang 3,lane_2,4,0,0,4,0,0,0,0,12.121212
2026-08-14 13:17:06,Simpang 3,lane_3,1,0,0,0,1,0,0,1,2.941176
2026-08-14 13:17:08,Simpang 4,lane_2,3,0,0,3,0,0,0,0,9.090909
2026-08-14 13:17:08,Simpang 4,lane_3,4,0,0,4,0,0,0,0,11.764706
2026-08-14 13:17:08,Simpang 4,lane_1,3,0,0,1,1,0,1,0,9.090909
2026-08-14 13:17:09,Simpang 2,lane_2,2,0,0,2,0,0,0,0,6.060606
2026-08-14 13:17:09,Simpang 2,lane_1,1,0,0,0,1,0,0,0,3.030303
2026-08-14 13:17:10,Simpang 1,lane_2,3,0,0,3,0,0,0,0,9.090909
2026-08-14 13:17:11,Simpang 3,lane_2,4,1,0,4,0,0,0,0,12.121212
2026-08-14 13:17:11,Simpang 3,lane_3,1,0,0,0,1,0,0,1,2.941176
2026-08-14 13:17:12,Simpang 4,lane_2,3,1,0,3,0,0,0,0,9.090909
2026-08-14 13:17:12,Simpang 4,lane_3,4,0,0,4,0,0,0,0,11.764706
2026-08-14 13:17:12,Simpang 4,lane_1,2,0,0,1,0,0,1,0,6.060606
2026-08-14 13:17:14,Simpang 2,lane_2,2,0,0,2,0,0,0,0,6.060606
2026-08-14 13:17:14,Simpang 2,lane_1,1,0,0,0,1,0,0,0,3.030303
2026-08-14 13:17:15,Simpang 3,lane_2,4,1,0,4,0,0,0,0,12.121212
2026-08-14 13:17:15,Simpang 3,lane_3,2,0,0,0,2,0,0,1,5.882353
2026-08-14 13:17:15,Simpang 1,lane_2,3,0,0,3,0,0,0,0,9.090909
2026-08-14 13:17:17,Simpang 4,lane_2,5,0,0,3,2,0,0,0,15.151515
2026-08-14 13:17:17,Simpang 4,lane_3,4,0,0,4,0,0,0,0,11.764706
2026-08-14 13:17:17,Simpang 4,lane_1,2,0,0,1,0,0,1,0,6.060606
2026-08-14 13:17:19,Simpang 2,lane_2,2,0,0,2,0,0,0,0,6.060606
2026-08-14 13:17:19,Simpang 2,lane_1,1,0,0,0,1,0,0,0,3.030303
2026-08-14 13:17:20,Simpang 3,lane_2,4,1,0,4,0,0,0,0,12.121212
2026-08-14 13:17:20,Simpang 3,lane_3,2,0,0,0,2,0,0,1,5.882353
2026-08-14 13:17:20,Simpang 1,lane_2,3,0,0,3,0,0,0,0,9.090909
2026-08-14 13:17:21,Simpang 4,lane_2,3,1,0,3,0,0,0,0,9.090909
2026-08-14 13:17:21,Simpang 4,lane_3,4,0,0,4,0,0,0,0,11.764706
2026-08-14 13:17:24,Simpang 3,lane_2,4,1,0,4,0,0,0,0,12.121212
2026-08-14 13:17:24,Simpang 3,lane_3,2,0,0,0,2,0,0,1,5.882353
2026-08-14 13:17:24,Simpang 2,lane_2,2,0,0,2,0,0,0,0,6.060606
2026-08-14 13:17:24,Simpang 2,lane_1,1,0,0,0,1,0,0,0,3.030303
2026-08-14 13:17:25,Simpang 1,lane_2,3,0,0,3,0,0,0,0,9.090909
2026-08-14 13:17:26,Simpang 4,lane_2,3,0,0,3,0,0,0,0,9.090909
2026-08-14 13:17:26,Simpang 4,lane_3,3,0,0,2,0,0,1,0,8.823529
2026-08-14 13:17:26,Simpang 4,lane_1,1,0,0,1,0,0,0,0,3.030303
2026-08-14 13:17:28,Simpang 3,lane_2,4,1,0,4,0,0,0,0,12.121212
2026-08-14 13:17:28,Simpang 3,lane_3,2,0,0,0,2,0,0,1,5.882353
2026-08-14 13:17:29,Simpang 2,lane_2,2,0,0,2,0,0,0,0,6.060606
2026-08-14 13:17:29,Simpang 2,lane_1,1,0,0,0,1,0,0,0,3.030303
2026-08-14 13:17:30,Simpang 1,lane_2,3,0,0,3,0,0,0,0,9.090909
2026-08-14 13:17:30,Simpang 4,lane_2,3,1,0,3,0,0,0,0,9.090909
2026-08-14 13:17:30,Simpang 4,lane_3,4,0,0,4,0,0,0,0,11.764706
2026-08-14 13:17:30,Simpang 4,lane_1,1,0,0,1,0,0,0,0,3.030303
2026-08-14 13:17:33,Simpang 3,lane_2,4,1,0,4,0,0,0,0,12.121212
2026-08-14 13:17:33,Simpang 3,lane_3,2,0,0,0,2,0,0,1,5.882353
2026-08-14 13:17:33,Simpang 2,lane_2,2,0,0,2,0,0,0,0,6.060606
2026-08-14 13:17:33,Simpang 2,lane_1,1,0,0,0,1,0,0,0,3.030303
2026-08-14 13:17:34,Simpang 4,lane_2,4,0,0,4,0,0,0,0,12.121212
2026-08-14 13:17:34,Simpang 4,lane_3,3,0,0,3,0,0,0,0,8.823529
2026-08-14 13:17:34,Simpang 4,lane_1,1,0,0,1,0,0,0,0,3.030303
2026-08-14 13:17:34,Simpang 1,lane_2,3,0,0,3,0,0,0,0,9.090909
2026-08-14 13:17:37,Simpang 3,lane_2,3,2,0,3,0,0,0,0,9.090909
2026-08-14 13:17:37,Simpang 3,lane_3,2,0,0,0,2,0,0,1,5.882353
2026-08-14 13:17:38,Simpang 2,lane_2,2,0,0,2,0,0,0,0,6.060606
2026-08-14 13:17:38,Simpang 2,lane_1,1,0,0,0,1,0,0,0,3.030303
2026-08-14 13:17:39,Simpang 4,lane_2,3,0,0,3,0,0,0,0,9.090909
2026-08-14 13:17:39,Simpang 4,lane_3,3,0,0,3,0,0,0,0,8.823529
2026-08-14 13:17:39,Simpang 4,lane_1,1,0,0,1,0,0,0,0,3.030303
2026-08-14 13:17:39,Simpang 1,lane_2,3,0,0,3,0,0,0,0,9.090909
2026-08-14 13:17:42,Simpang 3,lane_2,3,2,0,3,0,0,0,0,9.090909
2026-08-14 13:17:42,Simpang 3,lane_3,2,0,0,0,2,0,0,1,5.882353
2026-08-14 13:17:44,Simpang 4,lane_2,4,0,0,4,0,0,0,0,12.121212
2026-08-14 13:17:44,Simpang 4,lane_3,3,0,0,3,0,0,0,0,8.823529
2026-08-14 13:17:44,Simpang 4,lane_1,1,0,0,1,0,0,0,0,3.030303
2026-08-14 13:17:44,Simpang 2,lane_2,2,0,0,2,0,0,0,0,6.060606
2026-08-14 13:17:44,Simpang 2,lane_1,1,0,0,0,1,0,0,0,3.030303
2026-08-14 13:17:44,Simpang 1,lane_2,3,0,0,3,0,0,0,0,9.090909
2026-08-14 13:17:47,Simpang 3,lane_2,4,2,0,4,0,0,0,0,12.121212
2026-08-14 13:17:47,Simpang 3,lane_3,2,0,0,0,2,0,0,1,5.882353
2026-08-14 13:17:49,Simpang 4,lane_2,4,0,0,4,0,0,0,0,12.121212
2026-08-14 13:17:49,Simpang 4,lane_3,3,1,0,3,0,0,0,0,8.823529
2026-08-14 13:17:49,Simpang 4,lane_1,1,0,0,1,0,0,0,0,3.030303
2026-08-14 13:17:49,Simpang 2,lane_2,2,0,0,2,0,0,0,0,6.060606
2026-08-14 13:17:49,Simpang 2,lane_1,1,0,0,0,1,0,0,0,3.030303
2026-08-14 13:17:50,Simpang 1,lane_2,3,0,0,3,0,0,0,0,9.090909
2026-08-14 13:17:51,Simpang 3,lane_2,4,2,0,4,0,0,0,0,12.121212
2026-08-14 13:17:51,Simpang 3,lane_3,2,0,0,0,2,0,0,1,5.882353
2026-08-14 13:17:53,Simpang 4,lane_2,3,0,0,3,0,0,0,0,9.090909
2026-08-14 13:17:53,Simpang 4,lane_3,3,0,0,2,0,0,1,0,8.823529
2026-08-14 13:17:53,Simpang 4,lane_1,1,0,0,1,0,0,0,0,3.030303
2026-08-14 13:17:54,Simpang 2,lane_2,2,0,0,2,0,0,0,0,6.060606
2026-08-14 13:17:54,Simpang 2,lane_1,1,0,0,0,1,0,0,0,3.030303
2026-08-14 13:17:54,Simpang 1,lane_2,3,0,0,3,0,0,0,0,9.090909
2026-08-14 13:17:56,Simpang 3,lane_2,4,2,0,4,0,0,0,0,12.121212
2026-08-14 13:17:56,Simpang 3,lane_3,2,0,0,0,2,0,0,1,5.882353
2026-08-14 13:17:57,Simpang 4,lane_2,3,0,0,3,0,0,0,0,9.090909
2026-08-14 13:17:57,Simpang 4,lane_3,3,0,0,2,0,0,1,0,8.823529
2026-08-14 13:17:57,Simpang 4,lane_1,2,0,0,2,0,0,0,0,6.060606
2026-08-14 13:17:59,Simpang 2,lane_2,2,0,0,2,0,0,0,0,6.060606
2026-08-14 13:17:59,Simpang 2,lane_1,1,0,0,0,1,0,0,0,3.030303
2026-08-14 13:17:59,Simpang 1,lane_2,3,0,0,3,0,0,0,0,9.090909
2026-08-14 13:18:01,Simpang 3,lane_2,4,1,0,3,1,0,0,0,12.121212
2026-08-14 13:18:01,Simpang 3,lane_3,2,0,0,0,2,0,0,1,5.882353
2026-08-14 13:18:02,Simpang 4,lane_2,3,0,0,3,0,0,0,0,9.090909
2026-08-14 13:18:02,Simpang 4,lane_3,3,0,0,3,0,0,0,0,8.823529
2026-08-14 13:18:02,Simpang 4,lane_1,2,0,0,2,0,0,0,0,6.060606
2026-08-14 13:18:07,Simpang 2,lane_2,2,0,0,2,0,0,0,0,6.060606
2026-08-14 13:18:07,Simpang 2,lane_1,1,0,0,0,1,0,0,0,3.030303
2026-08-14 13:18:08,Simpang 1,lane_2,3,0,0,3,0,0,0,0,9.090909
2026-08-14 13:18:09,Simpang 3,lane_2,5,1,0,4,1,0,0,0,15.151515
2026-08-14 13:18:09,Simpang 3,lane_3,2,0,0,0,2,0,0,1,5.882353
2026-08-14 13:18:11,Simpang 4,lane_2,4,1,0,4,0,0,0,0,12.121212
2026-08-14 13:18:11,Simpang 4,lane_3,3,0,0,3,0,0,0,0,8.823529
2026-08-14 13:18:11,Simpang 4,lane_1,2,0,0,2,0,0,0,0,6.060606
2026-08-14 13:18:13,Simpang 2,lane_2,2,0,0,2,0,0,0,0,6.060606
2026-08-14 13:18:13,Simpang 2,lane_1,1,0,0,0,1,0,0,0,3.030303
2026-08-14 13:18:14,Simpang 1,lane_2,3,0,0,3,0,0,0,0,9.090909
2026-08-14 13:18:15,Simpang 3,lane_2,5,1,0,4,1,0,0,0,15.151515
2026-08-14 13:18:15,Simpang 3,lane_3,1,0,0,0,1,0,0,1,2.941176
2026-08-14 13:18:16,Simpang 4,lane_2,7,0,0,5,2,0,0,0,21.212121
2026-08-14 13:18:16,Simpang 4,lane_3,5,0,0,4,1,0,0,0,14.705882
2026-08-14 13:18:16,Simpang 4,lane_1,2,1,0,2,0,0,0,0,6.060606
2026-08-14 13:18:19,Simpang 2,lane_2,2,0,0,2,0,0,0,0,6.060606
2026-08-14 13:18:19,Simpang 2,lane_1,1,0,0,0,1,0,0,0,3.030303
2026-08-14 13:18:19,Simpang 3,lane_2,6,1,0,4,2,0,0,0,18.181818
2026-08-14 13:18:19,Simpang 3,lane_3,1,1,0,0,1,0,0,1,2.941176
2026-08-14 13:18:20,Simpang 1,lane_2,3,0,0,3,0,0,0,0,9.090909
2026-08-14 13:30:00,Simpang 4,lane_2,3,1,0,3,0,0,0,0,9.090909
2026-08-14 13:30:00,Simpang 4,lane_3,3,0,0,3,0,0,0,0,8.823529
2026-08-14 13:30:00,Simpang 4,lane_1,2,1,0,2,0,0,0,0,6.060606
2026-08-14 14:01:20,Simpang 2,lane_2,2,0,0,2,0,0,0,0,6.060606
2026-08-14 14:01:20,Simpang 2,lane_1,1,0,0,0,1,0,0,0,3.030303
2026-08-14 14:01:20,Simpang 3,lane_2,4,2,0,4,0,0,0,0,12.121212
2026-08-14 14:01:20,Simpang 3,lane_3,2,0,0,0,2,0,0,1,5.882353
2026-08-14 14:01:21,Simpang 1,lane_2,3,0,0,3,0,0,0,0,9.090909
2026-08-14 14:01:23,Simpang 4,lane_2,6,0,0,4,2,0,0,0,18.181818
2026-08-14 14:01:23,Simpang 4,lane_3,3,1,0,3,0,0,0,0,8.823529
2026-08-14 14:01:23,Simpang 4,lane_1,2,1,0,2,0,0,0,0,6.060606
2026-08-14 16:52:53,Simpang 3,lane_2,6,1,0,4,2,0,0,0,18.181818
2026-08-14 16:52:53,Simpang 3,lane_3,2,0,0,0,2,0,0,1,5.882353
2026-08-14 16:52:53,Simpang 2,lane_2,2,0,0,2,0,0,0,0,6.060606
2026-08-14 16:52:53,Simpang 2,lane_1,1,0,0,0,1,0,0,0,3.030303
2026-08-14 16:52:53,Simpang 1,lane_2,3,0,0,3,0,0,0,0,9.090909
2026-08-14 16:52:53,Simpang 4,lane_2,6,0,0,4,2,0,0,0,18.181818
2026-08-14 16:52:53,Simpang 4,lane_3,3,1,0,2,0,0,1,0,8.823529
2026-08-14 16:52:53,Simpang 4,lane_1,2,1,0,2,0,0,0,0,6.060606
2026-08-14 16:52:54,Simpang 3,lane_2,6,1,0,4,2,0,0,0,18.181818
2026-08-14 16:52:54,Simpang 3,lane_3,2,0,0,0,2,0,0,1,5.882353
2026-08-14 16:52:54,Simpang 4,lane_2,6,0,0,3,2,0,1,0,18.181818
2026-08-14 16:52:54,Simpang 4,lane_3,2,1,0,2,0,0,0,0,5.882353
2026-08-14 16:52:54,Simpang 4,lane_1,2,1,0,2,0,0,0,0,6.060606
2026-08-14 16:52:55,Simpang 2,lane_2,2,0,0,2,0,0,0,0,6.060606
2026-08-14 16:52:55,Simpang 2,lane_1,1,0,0,0,1,0,0,0,3.030303
2026-08-14 16:52:55,Simpang 1,lane_2,3,0,0,3,0,0,0,0,9.090909
2026-08-14 16:52:55,Simpang 3,lane_2,5,1,0,3,2,0,0,0,15.151515
2026-08-14 16:52:55,Simpang 3,lane_3,2,1,0,0,2,0,0,1,5.882353
2026-08-14 16:52:56,Simpang 4,lane_2,7,0,0,5,2,0,0,0,21.212121
2026-08-14 16:52:56,Simpang 4,lane_3,1,2,0,1,0,0,0,0,2.941176
2026-08-14 16:52:56,Simpang 4,lane_1,1,1,0,1,0,0,0,0,3.030303
2026-08-14 16:52:56,Simpang 1,lane_2,3,0,0,3,0,0,0,0,9.090909
2026-08-14 16:52:56,Simpang 2,lane_2,2,0,0,2,0,0,0,0,6.060606
2026-08-14 16:52:56,Simpang 2,lane_1,1,0,0,0,1,0,0,0,3.030303
2026-08-14 16:52:57,Simpang 3,lane_2,6,0,0,3,3,0,0,0,18.181818
2026-08-14 16:52:57,Simpang 3,lane_3,2,1,0,0,2,0,0,1,5.882353
2026-08-14 16:52:57,Simpang 4,lane_2,7,0,0,5,2,0,0,0,21.212121
2026-08-14 16:52:57,Simpang 4,lane_3,1,3,0,1,0,0,0,0,2.941176
2026-08-14 16:52:57,Simpang 4,lane_1,1,1,0,1,0,0,0,0,3.030303
2026-08-14 16:52:58,Simpang 1,lane_2,3,0,0,3,0,0,0,0,9.090909
2026-08-14 16:52:58,Simpang 2,lane_2,2,0,0,2,0,0,0,0,6.060606
2026-08-14 16:52:58,Simpang 2,lane_1,1,0,0,0,1,0,0,0,3.030303
2026-08-14 16:52:58,Simpang 3,lane_2,6,0,0,3,3,0,0,0,18.181818
2026-08-14 16:52:58,Simpang 3,lane_3,1,0,0,0,1,0,0,1,2.941176
2026-08-14 16:52:58,Simpang 4,lane_2,7,0,0,5,2,0,0,0,21.212121
2026-08-14 16:52:58,Simpang 4,lane_1,1,0,0,1,0,0,0,0,3.030303
2026-08-14 16:52:58,Simpang 4,lane_3,1,3,1,0,1,0,0,0,2.941176
2026-08-14 16:52:59,Simpang 1,lane_2,3,0,0,3,0,0,0,0,9.090909
2026-08-14 16:52:59,Simpang 2,lane_2,2,0,0,2,0,0,0,0,6.060606
2026-08-14 16:52:59,Simpang 2,lane_1,1,0,0,0,1,0,0,0,3.030303
2026-08-14 16:52:59,Simpang 3,lane_2,7,0,0,4,3,0,0,0,21.212121
2026-08-14 16:52:59,Simpang 3,lane_3,1,0,0,0,1,0,0,1,2.941176
2026-08-14 16:53:00,Simpang 4,lane_1,2,0,0,2,0,0,0,0,6.060606
2026-08-14 16:53:00,Simpang 4,lane_2,4,1,0,4,0,0,0,0,12.121212
2026-08-14 16:53:00,Simpang 4,lane_3,1,1,0,0,1,0,0,0,2.941176
2026-08-14 16:53:01,Simpang 1,lane_2,3,0,0,3,0,0,0,0,9.090909
2026-08-14 16:53:01,Simpang 2,lane_2,2,0,0,2,0,0,0,0,6.060606
2026-08-14 16:53:01,Simpang 2,lane_1,1,0,0,0,1,0,0,0,3.030303
2026-08-14 16:53:01,Simpang 3,lane_2,7,0,0,3,4,0,0,0,21.212121
2026-08-14 16:53:01,Simpang 3,lane_3,1,0,0,0,1,0,0,1,2.941176
2026-08-14 16:53:01,Simpang 4,lane_1,2,0,0,2,0,0,0,0,6.060606
2026-08-14 16:53:01,Simpang 4,lane_2,5,0,0,4,1,0,0,0,15.151515
2026-08-14 16:53:01,Simpang 4,lane_3,3,2,0,1,2,0,0,0,8.823529
2026-08-14 16:53:02,Simpang 2,lane_2,2,0,0,2,0,0,0,0,6.060606
2026-08-14 16:53:02,Simpang 2,lane_1,1,0,0,0,1,0,0,0,3.030303
2026-08-14 16:53:02,Simpang 1,lane_2,3,0,0,3,0,0,0,0,9.090909
2026-08-14 16:53:02,Simpang 1,lane_3,1,0,0,1,0,0,0,0,2.941176
2026-08-14 16:53:02,Simpang 3,lane_2,6,0,0,3,3,0,0,0,18.181818
2026-08-14 16:53:02,Simpang 3,lane_3,1,0,0,0,1,0,0,1,2.941176
2026-08-14 16:53:02,Simpang 4,lane_1,2,0,0,2,0,0,0,0,6.060606
2026-08-14 16:53:02,Simpang 4,lane_2,6,0,0,4,2,0,0,0,18.181818
2026-08-14 16:53:02,Simpang 4,lane_3,3,1,0,1,2,0,0,0,8.823529
2026-08-14 16:53:03,Simpang 3,lane_2,6,0,0,3,3,0,0,0,18.181818
2026-08-14 16:53:03,Simpang 3,lane_3,1,0,0,0,1,0,0,1,2.941176
2026-08-14 16:53:03,Simpang 4,lane_1,2,0,0,2,0,0,0,0,6.060606
2026-08-14 16:53:03,Simpang 4,lane_2,5,0,0,4,1,0,0,0,15.151515
2026-08-14 16:53:03,Simpang 4,lane_3,2,2,0,1,1,0,0,0,5.882353
2026-08-14 16:53:04,Simpang 1,lane_2,3,0,0,3,0,0,0,0,9.090909
2026-08-14 16:53:04,Simpang 1,lane_3,1,0,0,1,0,0,0,0,2.941176
2026-08-14 16:53:04,Simpang 2,lane_2,2,0,0,2,0,0,0,0,6.060606
2026-08-14 16:53:04,Simpang 2,lane_1,1,0,0,0,1,0,0,0,3.030303
2026-08-14 16:53:05,Simpang 3,lane_2,5,1,0,3,2,0,0,0,15.151515
2026-08-14 16:53:05,Simpang 3,lane_3,1,0,0,0,1,0,0,1,2.941176
2026-08-14 16:53:05,Simpang 4,lane_1,3,0,0,2,1,0,0,0,9.090909
2026-08-14 16:53:05,Simpang 4,lane_2,6,0,0,4,2,0,0,0,18.181818
2026-08-14 16:53:05,Simpang 4,lane_3,4,0,0,1,3,0,0,0,11.764706
2026-08-14 16:53:05,Simpang 1,lane_2,3,0,0,3,0,0,0,0,9.090909
2026-08-14 16:53:05,Simpang 1,lane_3,1,0,0,1,0,0,0,0,2.941176
2026-08-14 16:53:05,Simpang 2,lane_2,2,0,0,2,0,0,0,0,6.060606
2026-08-14 16:53:05,Simpang 2,lane_1,1,0,0,0,1,0,0,0,3.030303
2026-08-14 16:53:06,Simpang 3,lane_2,5,1,0,3,2,0,0,0,15.151515
2026-08-14 16:53:06,Simpang 3,lane_3,1,0,0,0,1,0,0,1,2.941176
2026-08-14 16:53:06,Simpang 4,lane_1,5,0,0,2,3,0,0,0,15.151515
2026-08-14 16:53:06,Simpang 4,lane_2,4,0,0,4,0,0,0,0,12.121212
2026-08-14 16:53:06,Simpang 4,lane_3,2,1,0,1,1,0,0,0,5.882353
2026-08-14 16:53:06,Simpang 1,lane_2,3,0,0,3,0,0,0,0,9.090909
2026-08-14 16:53:06,Simpang 2,lane_2,2,0,0,2,0,0,0,0,6.060606
2026-08-14 16:53:06,Simpang 2,lane_1,1,0,0,0,1,0,0,0,3.030303
2026-08-14 16:53:07,Simpang 3,lane_2,5,1,0,3,2,0,0,0,15.151515
2026-08-14 16:53:07,Simpang 3,lane_3,1,0,0,0,1,0,0,1,2.941176
2026-08-14 16:53:07,Simpang 4,lane_1,4,0,0,2,2,0,0,0,12.121212
2026-08-14 16:53:07,Simpang 4,lane_2,3,0,0,3,0,0,0,0,9.090909
2026-08-14 16:53:07,Simpang 4,lane_3,4,1,0,3,1,0,0,0,11.764706
2026-08-14 16:53:07,Simpang 1,lane_2,3,0,0,3,0,0,0,0,9.090909
2026-08-14 16:53:07,Simpang 2,lane_2,2,0,0,2,0,0,0,0,6.060606
2026-08-14 16:53:07,Simpang 2,lane_1,1,0,0,0,1,0,0,0,3.030303
2026-08-14 16:53:08,Simpang 3,lane_2,5,1,0,3,2,0,0,0,15.151515
2026-08-14 16:53:08,Simpang 3,lane_3,1,0,0,0,1,0,0,1,2.941176
2026-08-14 16:53:08,Simpang 4,lane_1,5,0,0,2,3,0,0,0,15.151515
2026-08-14 16:53:08,Simpang 4,lane_2,4,0,0,3,0,0,1,0,12.121212
2026-08-14 16:53:08,Simpang 4,lane_3,6,0,0,3,3,0,0,0,17.647059
2026-08-14 16:53:09,Simpang 1,lane_2,3,0,0,3,0,0,0,0,9.090909
2026-08-14 16:53:09,Simpang 1,lane_3,1,0,0,1,0,0,0,0,2.941176
2026-08-14 16:53:09,Simpang 2,lane_2,2,0,0,2,0,0,0,0,6.060606
2026-08-14 16:53:09,Simpang 2,lane_1,1,0,0,0,1,0,0,0,3.030303
2026-08-14 16:53:09,Simpang 3,lane_2,5,1,0,3,2,0,0,0,15.151515
2026-08-14 16:53:09,Simpang 3,lane_3,1,0,0,0,1,0,0,1,2.941176
2026-08-14 16:53:09,Simpang 4,lane_1,5,0,0,2,3,0,0,0,15.151515
2026-08-14 16:53:09,Simpang 4,lane_2,6,0,0,4,2,0,0,0,18.181818
2026-08-14 16:53:09,Simpang 4,lane_3,3,1,0,2,1,0,0,0,8.823529
2026-08-14 16:53:10,Simpang 1,lane_2,3,0,0,3,0,0,0,0,9.090909
2026-08-14 16:53:10,Simpang 1,lane_3,1,0,0,1,0,0,0,0,2.941176
2026-08-14 16:53:10,Simpang 2,lane_2,2,0,0,2,0,0,0,0,6.060606
2026-08-14 16:53:10,Simpang 2,lane_1,1,0,0,0,1,0,0,0,3.030303
2026-08-14 16:53:10,Simpang 3,lane_2,5,2,0,3,2,0,0,0,15.151515
2026-08-14 16:53:10,Simpang 3,lane_3,1,1,0,0,1,0,0,1,2.941176
2026-08-14 16:53:11,Simpang 4,lane_1,6,0,0,2,4,0,0,0,18.181818
2026-08-14 16:53:11,Simpang 4,lane_2,7,0,0,4,2,0,1,0,21.212121
2026-08-14 16:53:11,Simpang 4,lane_3,4,1,0,2,2,0,0,0,11.764706
2026-08-14 16:53:11,Simpang 3,lane_2,5,2,0,3,2,0,0,0,15.151515
2026-08-14 16:53:11,Simpang 3,lane_3,1,1,0,0,1,0,0,1,2.941176
2026-08-14 16:53:11,Simpang 1,lane_2,3,0,0,3,0,0,0,0,9.090909
2026-08-14 16:53:11,Simpang 2,lane_2,2,0,0,2,0,0,0,0,6.060606
2026-08-14 16:53:11,Simpang 2,lane_1,1,0,0,0,1,0,0,0,3.030303
2026-08-14 16:53:12,Simpang 4,lane_1,6,0,0,2,4,0,0,0,18.181818
2026-08-14 16:53:12,Simpang 4,lane_2,4,1,0,3,0,0,1,0,12.121212
2026-08-14 16:53:12,Simpang 4,lane_3,3,1,0,2,1,0,0,0,8.823529
2026-08-14 16:53:13,Simpang 3,lane_2,7,1,0,4,3,0,0,0,21.212121
2026-08-14 16:53:13,Simpang 3,lane_3,1,1,0,0,1,0,0,1,2.941176
2026-08-14 16:53:13,Simpang 1,lane_2,3,0,0,3,0,0,0,0,9.090909
2026-08-14 16:53:13,Simpang 2,lane_2,2,0,0,2,0,0,0,0,6.060606
2026-08-14 16:53:13,Simpang 2,lane_1,1,0,0,0,1,0,0,0,3.030303
2026-08-14 16:53:13,Simpang 4,lane_1,6,0,0,2,4,0,0,0,18.181818
2026-08-14 16:53:13,Simpang 4,lane_2,3,2,0,2,0,0,1,0,9.090909
2026-08-14 16:53:13,Simpang 4,lane_3,2,1,0,2,0,0,0,0,5.882353
2026-08-14 16:53:14,Simpang 3,lane_2,5,1,0,3,2,0,0,0,15.151515
2026-08-14 16:53:14,Simpang 3,lane_3,1,1,0,0,1,0,0,1,2.941176
2026-08-14 16:53:14,Simpang 4,lane_1,7,0,0,2,5,0,0,0,21.212121
2026-08-14 16:53:14,Simpang 4,lane_2,5,2,0,4,0,0,1,0,15.151515
2026-08-14 16:53:14,Simpang 4,lane_3,6,0,0,2,4,0,0,0,17.647059
2026-08-14 16:53:14,Simpang 1,lane_2,3,0,0,3,0,0,0,0,9.090909
2026-08-14 16:53:14,Simpang 2,lane_2,2,0,0,2,0,0,0,0,6.060606
2026-08-14 16:53:14,Simpang 2,lane_1,1,0,0,0,1,0,0,0,3.030303
2026-08-14 16:53:16,Simpang 3,lane_2,5,1,0,3,2,0,0,0,15.151515
2026-08-14 16:53:16,Simpang 3,lane_3,1,1,0,0,1,0,0,1,2.941176
2026-08-14 16:53:16,Simpang 4,lane_2,4,1,0,3,0,0,1,0,12.121212
2026-08-14 16:53:16,Simpang 4,lane_1,4,0,0,1,3,0,0,0,12.121212
2026-08-14 16:53:16,Simpang 4,lane_3,3,1,0,2,1,0,0,0,8.823529
2026-08-14 16:53:16,Simpang 1,lane_2,3,0,0,3,0,0,0,0,9.090909
2026-08-14 16:53:16,Simpang 2,lane_2,2,0,0,2,0,0,0,0,6.060606
2026-08-14 16:53:16,Simpang 2,lane_1,1,0,0,0,1,0,0,0,3.030303
2026-08-14 16:53:17,Simpang 3,lane_2,5,1,0,3,2,0,0,0,15.151515
2026-08-14 16:53:17,Simpang 3,lane_3,1,1,0,0,1,0,0,1,2.941176
2026-08-14 16:53:17,Simpang 1,lane_2,3,0,0,3,0,0,0,0,9.090909
2026-08-14 16:53:17,Simpang 2,lane_2,2,0,0,2,0,0,0,0,6.060606
2026-08-14 16:53:17,Simpang 2,lane_1,1,0,0,0,1,0,0,0,3.030303
2026-08-14 16:53:18,Simpang 4,lane_2,4,2,1,4,0,0,0,0,12.121212
2026-08-14 16:53:18,Simpang 4,lane_1,4,0,0,1,3,0,0,0,12.121212
2026-08-14 16:53:18,Simpang 4,lane_3,4,1,0,2,2,0,0,0,11.764706
2026-08-14 16:53:18,Simpang 1,lane_2,3,0,0,3,0,0,0,0,9.090909
2026-08-14 16:53:18,Simpang 2,lane_2,2,0,0,2,0,0,0,0,6.060606
2026-08-14 16:53:18,Simpang 2,lane_1,1,0,0,0,1,0,0,0,3.030303
2026-08-14 16:53:19,Simpang 3,lane_2,3,1,0,3,0,0,0,0,9.090909
2026-08-14 16:53:19,Simpang 3,lane_3,1,1,0,0,1,0,0,1,2.941176
2026-08-14 16:53:19,Simpang 2,lane_2,2,0,0,2,0,0,0,0,6.060606
2026-08-14 16:53:19,Simpang 2,lane_1,1,0,0,0,1,0,0,0,3.030303
2026-08-14 16:53:19,Simpang 1,lane_2,3,0,0,3,0,0,0,0,9.090909
2026-08-14 16:53:20,Simpang 4,lane_2,4,2,0,3,0,0,1,0,12.121212
2026-08-14 16:53:20,Simpang 4,lane_1,2,0,0,1,1,0,0,0,6.060606
2026-08-14 16:53:20,Simpang 4,lane_3,4,0,0,2,2,0,0,0,11.764706
2026-08-14 16:53:20,Simpang 2,lane_2,2,0,0,2,0,0,0,0,6.060606
2026-08-14 16:53:20,Simpang 2,lane_1,1,0,0,0,1,0,0,0,3.030303
2026-08-14 16:53:20,Simpang 1,lane_2,3,0,0,3,0,0,0,0,9.090909
2026-08-14 16:53:21,Simpang 3,lane_2,5,1,0,3,2,0,0,0,15.151515
2026-08-14 16:53:21,Simpang 3,lane_3,1,2,0,0,1,0,0,1,2.941176
2026-08-14 16:53:21,Simpang 4,lane_2,7,1,0,3,3,0,1,0,21.212121
2026-08-14 16:53:21,Simpang 4,lane_1,3,0,0,1,2,0,0,0,9.090909
2026-08-14 16:53:21,Simpang 4,lane_3,5,0,0,2,3,0,0,0,14.705882
2026-08-14 16:53:21,Simpang 1,lane_2,3,0,0,3,0,0,0,0,9.090909
2026-08-14 16:53:22,Simpang 2,lane_2,2,0,0,2,0,0,0,0,6.060606
2026-08-14 16:53:22,Simpang 2,lane_1,1,0,0,0,1,0,0,0,3.030303
2026-08-14 16:53:23,Simpang 2,lane_2,2,0,0,2,0,0,0,0,6.060606
2026-08-14 16:53:23,Simpang 2,lane_1,1,0,0,0,1,0,0,0,3.030303
2026-08-14 16:53:23,Simpang 1,lane_2,3,0,0,3,0,0,0,0,9.090909
2026-08-14 16:53:23,Simpang 3,lane_2,5,1,0,3,2,0,0,0,15.151515
2026-08-14 16:53:23,Simpang 3,lane_3,1,2,0,0,1,0,0,1,2.941176
2026-08-14 16:53:23,Simpang 4,lane_2,10,0,0,3,6,0,1,0,30.30303
2026-08-14 16:53:23,Simpang 4,lane_1,2,0,0,1,1,0,0,0,6.060606
2026-08-14 16:53:23,Simpang 4,lane_3,4,0,0,2,2,0,0,0,11.764706
2026-08-14 16:53:24,Simpang 1,lane_2,3,0,0,3,0,0,0,0,9.090909
2026-08-14 16:53:24,Simpang 2,lane_2,2,0,0,2,0,0,0,0,6.060606
2026-08-14 16:53:24,Simpang 2,lane_1,1,0,0,0,1,0,0,0,3.030303
2026-08-14 16:53:25,Simpang 3,lane_2,3,2,0,3,0,0,0,0,9.090909
2026-08-14 16:53:25,Simpang 3,lane_3,1,2,0,0,1,0,0,1,2.941176
2026-08-14 16:53:25,Simpang 4,lane_2,9,0,0,3,5,0,1,0,27.272727
2026-08-14 16:53:25,Simpang 4,lane_1,3,0,0,1,2,0,0,0,9.090909
2026-08-14 16:53:25,Simpang 4,lane_3,5,0,0,2,3,0,0,0,14.705882
2026-08-14 16:53:26,Simpang 1,lane_2,3,0,0,3,0,0,0,0,9.090909
2026-08-14 16:53:26,Simpang 2,lane_2,2,0,0,2,0,0,0,0,6.060606
2026-08-14 16:53:26,Simpang 2,lane_1,1,0,0,0,1,0,0,0,3.030303
2026-08-14 16:53:26,Simpang 3,lane_2,3,2,0,3,0,0,0,0,9.090909
2026-08-14 16:53:26,Simpang 3,lane_3,1,2,0,0,1,0,0,1,2.941176
2026-08-14 16:53:27,Simpang 1,lane_2,3,0,0,3,0,0,0,0,9.090909
2026-08-14 16:53:27,Simpang 4,lane_2,9,0,0,3,5,0,1,0,27.272727
2026-08-14 16:53:27,Simpang 4,lane_1,3,0,0,1,2,0,0,0,9.090909
2026-08-14 16:53:27,Simpang 4,lane_3,4,0,0,2,2,0,0,0,11.764706
2026-08-14 16:53:28,Simpang 2,lane_2,2,0,0,2,0,0,0,0,6.060606
2026-08-14 16:53:28,Simpang 2,lane_1,1,0,0,0,1,0,0,0,3.030303
2026-08-14 16:53:28,Simpang 1,lane_2,3,0,0,3,0,0,0,0,9.090909
2026-08-14 16:53:28,Simpang 3,lane_2,3,1,0,3,0,0,0,0,9.090909
2026-08-14 16:53:28,Simpang 3,lane_3,1,2,0,0,1,0,0,1,2.941176
2026-08-14 16:53:28,Simpang 3,lane_1,0,1,0,0,0,0,0,0,0.0
2026-08-14 16:53:29,Simpang 1,lane_2,3,0,0,3,0,0,0,0,9.090909
2026-08-14 16:53:29,Simpang 2,lane_2,2,0,0,2,0,0,0,0,6.060606
2026-08-14 16:53:29,Simpang 2,lane_1,1,0,0,0,1,0,0,0,3.030303
2026-08-14 16:53:29,Simpang 4,lane_1,3,0,0,2,1,0,0,0,9.090909
2026-08-14 16:53:29,Simpang 4,lane_3,4,0,1,2,2,0,0,0,11.764706
2026-08-14 16:53:29,Simpang 4,lane_2,9,0,0,2,6,0,1,0,27.272727
2026-08-14 16:53:30,Simpang 3,lane_2,3,1,0,3,0,0,0,0,9.090909
2026-08-14 16:53:30,Simpang 3,lane_3,1,2,0,0,1,0,0,1,2.941176
2026-08-14 16:53:30,Simpang 3,lane_1,0,1,0,0,0,0,0,0,0.0
2026-08-14 16:53:30,Simpang 4,lane_1,3,0,0,2,1,0,0,0,9.090909
2026-08-14 16:53:30,Simpang 4,lane_3,3,0,0,2,1,0,0,0,8.823529
2026-08-14 16:53:30,Simpang 4,lane_2,6,0,0,2,4,0,0,0,18.181818
2026-08-14 16:53:31,Simpang 1,lane_2,3,0,0,3,0,0,0,0,9.090909
2026-08-14 16:53:31,Simpang 2,lane_2,2,0,0,2,0,0,0,0,6.060606
2026-08-14 16:53:31,Simpang 2,lane_1,1,0,0,0,1,0,0,0,3.030303
2026-08-14 16:53:32,Simpang 3,lane_2,3,1,0,3,0,0,0,0,9.090909
2026-08-14 16:53:32,Simpang 3,lane_3,1,2,0,0,1,0,0,1,2.941176
2026-08-14 16:53:32,Simpang 3,lane_1,0,1,0,0,0,0,0,0,0.0
2026-08-14 16:53:32,Simpang 1,lane_2,3,0,0,3,0,0,0,0,9.090909
2026-08-14 16:53:32,Simpang 2,lane_2,2,0,0,2,0,0,0,0,6.060606
2026-08-14 16:53:32,Simpang 2,lane_1,1,0,0,0,1,0,0,0,3.030303
2026-08-14 16:53:32,Simpang 4,lane_1,3,0,0,2,1,0,0,0,9.090909
2026-08-14 16:53:32,Simpang 4,lane_3,4,0,0,2,2,0,0,0,11.764706
2026-08-14 16:53:32,Simpang 4,lane_2,7,0,0,2,5,0,0,0,21.212121
2026-08-14 16:53:33,Simpang 3,lane_2,3,1,0,3,0,0,0,0,9.090909
2026-08-14 16:53:33,Simpang 3,lane_3,2,2,0,0,2,0,0,1,5.882353
2026-08-14 16:53:33,Simpang 3,lane_1,0,2,0,0,0,0,0,0,0.0
2026-08-14 16:53:34,Simpang 2,lane_2,2,0,0,2,0,0,0,0,6.060606
2026-08-14 16:53:34,Simpang 2,lane_1,1,0,0,0,1,0,0,0,3.030303
2026-08-14 16:53:34,Simpang 1,lane_2,3,0,0,3,0,0,0,0,9.090909
2026-08-14 16:53:34,Simpang 4,lane_1,3,1,0,2,1,0,0,0,9.090909
2026-08-14 16:53:34,Simpang 4,lane_3,6,1,0,2,4,0,0,0,17.647059
2026-08-14 16:53:34,Simpang 4,lane_2,8,0,0,2,5,0,1,0,24.242424
2026-08-14 16:53:35,Simpang 3,lane_2,3,1,0,3,0,0,0,0,9.090909
2026-08-14 16:53:35,Simpang 3,lane_3,1,2,0,0,1,0,0,1,2.941176
2026-08-14 16:53:35,Simpang 3,lane_1,0,1,0,0,0,0,0,0,0.0
2026-08-14 16:53:35,Simpang 2,lane_2,2,0,0,2,0,0,0,0,6.060606
2026-08-14 16:53:35,Simpang 2,lane_1,1,0,0,0,1,0,0,0,3.030303
2026-08-14 16:53:35,Simpang 4,lane_1,3,1,0,2,1,0,0,0,9.090909
2026-08-14 16:53:35,Simpang 4,lane_3,5,2,0,2,3,0,0,0,14.705882
2026-08-14 16:53:35,Simpang 4,lane_2,9,0,0,2,6,0,1,0,27.272727
2026-08-14 16:53:35,Simpang 1,lane_2,3,0,0,3,0,0,0,0,9.090909
2026-08-14 16:53:36,Simpang 2,lane_2,2,0,0,2,0,0,0,0,6.060606
2026-08-14 16:53:36,Simpang 2,lane_1,1,0,0,0,1,0,0,0,3.030303
2026-08-14 16:53:37,Simpang 3,lane_2,4,1,0,4,0,0,0,0,12.121212
2026-08-14 16:53:37,Simpang 3,lane_3,1,2,0,0,1,0,0,1,2.941176
2026-08-14 16:53:37,Simpang 3,lane_1,2,0,0,0,2,0,0,0,6.060606
2026-08-14 16:53:37,Simpang 4,lane_1,4,1,0,2,2,0,0,0,12.121212
2026-08-14 16:53:37,Simpang 4,lane_3,4,1,0,2,2,0,0,0,11.764706
2026-08-14 16:53:37,Simpang 4,lane_2,10,0,0,2,7,0,1,0,30.30303
2026-08-14 16:53:37,Simpang 1,lane_2,3,0,0,3,0,0,0,0,9.090909
2026-08-14 16:53:38,Simpang 3,lane_2,4,1,0,4,0,0,0,0,12.121212
2026-08-14 16:53:38,Simpang 3,lane_3,1,2,0,0,1,0,0,1,2.941176
2026-08-14 16:53:38,Simpang 2,lane_2,2,0,0,2,0,0,0,0,6.060606
2026-08-14 16:53:38,Simpang 2,lane_1,1,0,0,0,1,0,0,0,3.030303
2026-08-14 16:53:38,Simpang 1,lane_2,3,0,0,3,0,0,0,0,9.090909
2026-08-14 16:53:39,Simpang 4,lane_1,4,1,0,2,2,0,0,0,12.121212
2026-08-14 16:53:39,Simpang 4,lane_3,2,1,1,2,0,0,0,0,5.882353
2026-08-14 16:53:39,Simpang 4,lane_2,9,0,0,2,7,0,0,0,27.272727
2026-08-14 16:53:40,Simpang 3,lane_2,3,1,0,3,0,0,0,0,9.090909
2026-08-14 16:53:40,Simpang 3,lane_3,1,2,0,0,1,0,0,1,2.941176
2026-08-14 16:53:40,Simpang 3,lane_1,1,0,0,0,1,0,0,0,3.030303
2026-08-14 16:53:40,Simpang 1,lane_2,3,0,0,3,0,0,0,0,9.090909
2026-08-14 16:53:40,Simpang 2,lane_2,2,0,0,2,0,0,0,0,6.060606
2026-08-14 16:53:40,Simpang 2,lane_1,1,0,0,0,1,0,0,0,3.030303
2026-08-14 16:53:41,Simpang 4,lane_1,3,1,0,2,1,0,0,0,9.090909
2026-08-14 16:53:41,Simpang 4,lane_3,2,1,1,2,0,0,0,0,5.882353
2026-08-14 16:53:41,Simpang 4,lane_2,10,0,0,2,8,0,0,0,30.30303
2026-08-14 16:53:41,Simpang 1,lane_2,3,0,0,3,0,0,0,0,9.090909
2026-08-14 16:53:41,Simpang 2,lane_2,2,0,0,2,0,0,0,0,6.060606
2026-08-14 16:53:41,Simpang 2,lane_1,1,0,0,0,1,0,0,0,3.030303
2026-08-14 16:53:42,Simpang 3,lane_2,3,2,0,3,0,0,0,0,9.090909
2026-08-14 16:53:42,Simpang 3,lane_3,2,2,0,0,2,0,0,1,5.882353
2026-08-14 16:53:42,Simpang 3,lane_1,1,0,0,0,1,0,0,0,3.030303
2026-08-14 16:53:43,Simpang 4,lane_1,5,1,0,2,3,0,0,0,15.151515
2026-08-14 16:53:43,Simpang 4,lane_3,2,1,0,2,0,0,0,0,5.882353
2026-08-14 16:53:43,Simpang 4,lane_2,9,0,0,2,6,0,1,0,27.272727
2026-08-14 16:53:43,Simpang 1,lane_2,3,0,0,3,0,0,0,0,9.090909
2026-08-14 16:53:44,Simpang 2,lane_2,2,0,0,2,0,0,0,0,6.060606
2026-08-14 16:53:44,Simpang 2,lane_1,1,0,0,0,1,0,0,0,3.030303
2026-08-14 16:53:44,Simpang 3,lane_2,2,2,0,2,0,0,0,0,6.060606
2026-08-14 16:53:44,Simpang 3,lane_3,0,3,0,0,0,0,0,0,0.0
2026-08-14 16:53:44,Simpang 3,lane_1,0,1,0,0,0,0,0,0,0.0
2026-08-14 16:53:44,Simpang 4,lane_1,7,1,0,2,5,0,0,0,21.212121
2026-08-14 16:53:44,Simpang 4,lane_3,2,1,0,2,0,0,0,0,5.882353
2026-08-14 16:53:44,Simpang 4,lane_2,7,1,0,2,4,0,1,0,21.212121
2026-08-14 16:53:45,Simpang 1,lane_2,3,0,0,3,0,0,0,0,9.090909
2026-08-14 16:53:45,Simpang 3,lane_2,3,1,0,3,0,0,0,0,9.090909
2026-08-14 16:53:45,Simpang 3,lane_3,0,3,0,0,0,0,0,0,0.0
2026-08-14 16:53:45,Simpang 3,lane_1,0,1,0,0,0,0,0,0,0.0
2026-08-14 16:53:45,Simpang 2,lane_2,2,0,0,2,0,0,0,0,6.060606
2026-08-14 16:53:45,Simpang 2,lane_1,1,0,0,0,1,0,0,0,3.030303
2026-08-14 16:53:46,Simpang 1,lane_2,3,0,0,3,0,0,0,0,9.090909
2026-08-14 16:53:46,Simpang 4,lane_1,5,2,0,1,4,0,0,0,15.151515
2026-08-14 16:53:46,Simpang 4,lane_3,4,0,0,2,2,0,0,0,11.764706
2026-08-14 16:53:46,Simpang 4,lane_2,6,0,0,1,4,0,1,0,18.181818
2026-08-14 16:53:47,Simpang 3,lane_2,4,1,0,4,0,0,0,0,12.121212
2026-08-14 16:53:47,Simpang 3,lane_3,2,2,0,0,2,0,0,0,5.882353
2026-08-14 16:53:47,Simpang 3,lane_1,0,1,0,0,0,0,0,0,0.0
2026-08-14 16:53:48,Simpang 1,lane_2,3,0,0,3,0,0,0,0,9.090909
2026-08-14 16:53:48,Simpang 2,lane_2,2,0,0,2,0,0,0,0,6.060606
2026-08-14 16:53:48,Simpang 2,lane_1,1,0,0,0,1,0,0,0,3.030303
2026-08-14 16:53:48,Simpang 4,lane_1,6,1,0,1,5,0,0,0,18.181818
2026-08-14 16:53:48,Simpang 4,lane_3,4,0,0,2,2,0,0,0,11.764706
2026-08-14 16:53:48,Simpang 4,lane_2,4,1,0,0,2,0,2,0,12.121212
2026-08-14 16:53:48,Simpang 3,lane_2,4,1,0,4,0,0,0,0,12.121212
2026-08-14 16:53:48,Simpang 3,lane_3,2,2,0,0,2,0,0,0,5.882353
2026-08-14 16:53:48,Simpang 3,lane_1,0,1,0,0,0,0,0,0,0.0
2026-08-14 16:53:49,Simpang 1,lane_2,3,0,0,3,0,0,0,0,9.090909
2026-08-14 16:53:49,Simpang 2,lane_2,2,0,0,2,0,0,0,0,6.060606
2026-08-14 16:53:49,Simpang 2,lane_1,1,0,0,0,1,0,0,0,3.030303
2026-08-14 16:53:50,Simpang 1,lane_2,3,0,0,3,0,0,0,0,9.090909
2026-08-14 16:53:50,Simpang 4,lane_1,5,1,0,1,4,0,0,0,15.151515
2026-08-14 16:53:50,Simpang 4,lane_3,2,0,0,2,0,0,0,0,5.882353
2026-08-14 16:53:50,Simpang 4,lane_2,5,1,0,0,4,0,1,0,15.151515
2026-08-14 16:53:50,Simpang 3,lane_2,3,1,0,3,0,0,0,0,9.090909
2026-08-14 16:53:50,Simpang 3,lane_3,0,3,0,0,0,0,0,0,0.0
2026-08-14 16:53:50,Simpang 3,lane_1,0,1,0,0,0,0,0,0,0.0
2026-08-14 16:53:51,Simpang 1,lane_2,3,0,0,3,0,0,0,0,9.090909
2026-08-14 16:53:51,Simpang 2,lane_2,2,0,0,2,0,0,0,0,6.060606
2026-08-14 16:53:51,Simpang 2,lane_1,1,0,0,0,1,0,0,0,3.030303
2026-08-14 16:53:52,Simpang 1,lane_2,3,0,0,3,0,0,0,0,9.090909
2026-08-14 16:53:52,Simpang 2,lane_2,2,0,0,2,0,0,0,0,6.060606
2026-08-14 16:53:52,Simpang 2,lane_1,1,0,0,0,1,0,0,0,3.030303
2026-08-14 16:53:52,Simpang 3,lane_2,5,1,0,4,1,0,0,0,15.151515
2026-08-14 16:53:52,Simpang 3,lane_3,1,2,0,0,1,0,0,0,2.941176
2026-08-14 16:53:52,Simpang 4,lane_1,5,0,0,1,4,0,0,0,15.151515
2026-08-14 16:53:52,Simpang 4,lane_3,2,0,0,2,0,0,0,0,5.882353
2026-08-14 16:53:52,Simpang 4,lane_2,3,1,0,0,2,0,1,0,9.090909
2026-08-14 16:53:53,Simpang 1,lane_2,3,0,0,3,0,0,0,0,9.090909
2026-08-14 16:53:53,Simpang 2,lane_2,2,0,0,2,0,0,0,0,6.060606
2026-08-14 16:53:53,Simpang 2,lane_1,1,0,0,0,1,0,0,0,3.030303
2026-08-14 16:53:54,Simpang 4,lane_1,4,1,0,1,3,0,0,0,12.121212
2026-08-14 16:53:54,Simpang 4,lane_3,2,0,0,2,0,0,0,0,5.882353
2026-08-14 16:53:54,Simpang 4,lane_2,6,0,0,1,4,0,1,0,18.181818
2026-08-14 16:53:54,Simpang 3,lane_2,5,1,0,4,1,0,0,0,15.151515
2026-08-14 16:53:54,Simpang 3,lane_3,1,2,0,0,1,0,0,0,2.941176
2026-08-14 16:53:54,Simpang 1,lane_2,3,0,0,3,0,0,0,0,9.090909
2026-08-14 16:53:54,Simpang 2,lane_2,2,0,0,2,0,0,0,0,6.060606
2026-08-14 16:53:54,Simpang 2,lane_1,1,0,0,0,1,0,0,0,3.030303
2026-08-14 16:53:55,Simpang 1,lane_2,3,0,0,3,0,0,0,0,9.090909
2026-08-14 16:53:56,Simpang 4,lane_1,2,1,0,1,1,0,0,0,6.060606
2026-08-14 16:53:56,Simpang 4,lane_3,2,0,0,2,0,0,0,0,5.882353
2026-08-14 16:53:56,Simpang 4,lane_2,5,0,0,0,4,0,1,0,15.151515
2026-08-14 16:53:56,Simpang 3,lane_2,6,1,0,4,2,0,0,0,18.181818
2026-08-14 16:53:56,Simpang 3,lane_3,1,2,0,0,1,0,0,0,2.941176
2026-08-14 16:53:56,Simpang 3,lane_1,0,1,0,0,0,0,0,0,0.0
2026-08-14 16:53:56,Simpang 2,lane_2,2,0,0,2,0,0,0,0,6.060606
2026-08-14 16:53:56,Simpang 2,lane_1,1,0,0,0,1,0,0,0,3.030303
2026-08-14 16:53:56,Simpang 1,lane_2,3,0,0,3,0,0,0,0,9.090909
2026-08-14 16:53:57,Simpang 4,lane_1,4,0,0,1,3,0,0,0,12.121212
2026-08-14 16:53:57,Simpang 4,lane_3,2,0,0,2,0,0,0,0,5.882353
2026-08-14 16:53:57,Simpang 4,lane_2,5,0,0,0,4,0,1,0,15.151515
2026-08-14 16:53:57,Simpang 3,lane_2,6,1,0,4,2,0,0,0,18.181818
2026-08-14 16:53:57,Simpang 3,lane_3,1,2,0,0,1,0,0,1,2.941176
2026-08-14 16:53:57,Simpang 3,lane_1,0,1,0,0,0,0,0,0,0.0
2026-08-14 16:53:57,Simpang 2,lane_2,2,0,0,2,0,0,0,0,6.060606
2026-08-14 16:53:57,Simpang 2,lane_1,1,0,0,0,1,0,0,0,3.030303
2026-08-14 16:53:57,Simpang 1,lane_2,3,0,0,3,0,0,0,0,9.090909
2026-08-14 16:53:58,Simpang 3,lane_2,6,1,0,4,2,0,0,0,18.181818
2026-08-14 16:53:58,Simpang 3,lane_3,1,2,0,0,1,0,0,1,2.941176
2026-08-14 16:53:58,Simpang 4,lane_1,4,0,0,1,3,0,0,0,12.121212
2026-08-14 16:53:58,Simpang 4,lane_3,2,0,0,2,0,0,0,0,5.882353
2026-08-14 16:53:58,Simpang 4,lane_2,6,0,0,1,4,0,1,0,18.181818
2026-08-14 22:27:20,Simpang 1,lane_2,3,0,0,3,0,0,0,0,9.090909
2026-08-14 22:27:20,Simpang 2,lane_2,2,0,0,2,0,0,0,0,6.060606
2026-08-14 22:27:20,Simpang 2,lane_1,1,0,0,0,1,0,0,0,3.030303
2026-08-14 22:27:20,Simpang 4,lane_1,3,1,0,1,2,0,0,0,9.090909
2026-08-14 22:27:20,Simpang 4,lane_3,2,0,0,2,0,0,0,0,5.882353
2026-08-14 22:27:20,Simpang 4,lane_2,7,0,0,1,5,0,1,0,21.212121
2026-08-14 22:27:23,Simpang 4,lane_1,4,0,0,1,3,0,0,0,12.121212
2026-08-14 22:27:23,Simpang 4,lane_2,4,1,1,1,2,0,1,0,12.121212
2026-08-14 22:27:23,Simpang 4,lane_3,1,0,0,1,0,0,0,0,2.941176
2026-08-14 22:27:23,Simpang 3,lane_2,9,1,0,5,4,0,0,0,27.272727
2026-08-14 22:27:23,Simpang 3,lane_3,1,2,0,0,1,0,0,1,2.941176
2026-08-14 22:27:24,Simpang 2,lane_2,2,0,0,2,0,0,0,0,6.060606
2026-08-14 22:27:24,Simpang 2,lane_1,1,0,0,0,1,0,0,0,3.030303
2026-08-14 22:27:24,Simpang 1,lane_2,3,0,0,3,0,0,0,0,9.090909
2026-08-14 22:27:25,Simpang 4,lane_1,4,1,0,1,2,0,1,0,12.121212
2026-08-14 22:27:25,Simpang 4,lane_2,3,1,1,1,2,0,0,0,9.090909
2026-08-14 22:27:25,Simpang 4,lane_3,1,1,0,1,0,0,0,0,2.941176
2026-08-14 22:27:25,Simpang 3,lane_2,8,1,0,4,4,0,0,0,24.242424
2026-08-14 22:27:25,Simpang 3,lane_3,1,2,0,0,1,0,0,1,2.941176
2026-08-14 22:27:25,Simpang 1,lane_2,3,0,0,3,0,0,0,0,9.090909
2026-08-14 22:27:25,Simpang 2,lane_2,2,0,0,2,0,0,0,0,6.060606
2026-08-14 22:27:25,Simpang 2,lane_1,1,0,0,0,1,0,0,0,3.030303
2026-08-14 22:27:26,Simpang 4,lane_1,5,1,0,2,2,0,1,0,15.151515
2026-08-14 22:27:26,Simpang 4,lane_2,5,0,0,1,4,0,0,0,15.151515
2026-08-14 22:27:26,Simpang 4,lane_3,1,0,0,0,0,0,1,0,2.941176
2026-08-14 22:27:26,Simpang 3,lane_2,4,2,0,4,0,0,0,0,12.121212
2026-08-14 22:27:26,Simpang 3,lane_3,1,2,0,0,1,0,0,1,2.941176
2026-08-14 22:27:26,Simpang 3,lane_1,0,1,0,0,0,0,0,0,0.0
2026-08-14 22:27:27,Simpang 1,lane_2,3,0,0,3,0,0,0,0,9.090909
2026-08-14 22:27:27,Simpang 2,lane_2,2,0,0,2,0,0,0,0,6.060606
2026-08-14 22:27:27,Simpang 2,lane_1,1,0,0,0,1,0,0,0,3.030303
2026-08-14 22:27:27,Simpang 4,lane_1,4,1,0,2,1,0,1,0,12.121212
2026-08-14 22:27:27,Simpang 4,lane_2,5,0,0,1,4,0,0,0,15.151515
2026-08-14 22:27:27,Simpang 4,lane_3,2,0,0,1,0,0,1,0,5.882353
2026-08-14 22:27:27,Simpang 3,lane_2,4,2,0,4,0,0,0,0,12.121212
2026-08-14 22:27:27,Simpang 3,lane_3,1,2,0,0,1,0,0,1,2.941176
2026-08-14 22:27:27,Simpang 3,lane_1,0,1,0,0,0,0,0,0,0.0
2026-08-14 22:27:28,Simpang 2,lane_2,2,0,0,2,0,0,0,0,6.060606
2026-08-14 22:27:28,Simpang 2,lane_1,1,0,0,0,1,0,0,0,3.030303
2026-08-14 22:27:28,Simpang 1,lane_2,3,0,0,3,0,0,0,0,9.090909
2026-08-14 22:27:28,Simpang 4,lane_1,2,1,0,1,1,0,0,0,6.060606
2026-08-14 22:27:28,Simpang 4,lane_2,4,0,0,0,4,0,0,0,12.121212
2026-08-14 22:27:28,Simpang 4,lane_3,2,0,0,1,0,0,1,0,5.882353
2026-08-14 22:27:28,Simpang 3,lane_2,5,1,0,3,2,0,0,0,15.151515
2026-08-14 22:27:28,Simpang 3,lane_3,0,2,0,0,0,0,0,0,0.0
2026-08-14 22:27:30,Simpang 2,lane_2,2,0,0,2,0,0,0,0,6.060606
2026-08-14 22:27:30,Simpang 2,lane_1,1,0,0,0,1,0,0,0,3.030303
2026-08-14 22:27:30,Simpang 1,lane_2,3,0,0,3,0,0,0,0,9.090909
2026-08-14 22:27:30,Simpang 4,lane_1,3,1,0,1,1,0,1,0,9.090909
2026-08-14 22:27:30,Simpang 4,lane_2,5,0,0,1,4,0,0,0,15.151515
2026-08-14 22:27:30,Simpang 4,lane_3,2,0,0,1,0,0,1,0,5.882353
2026-08-14 22:27:30,Simpang 3,lane_2,5,1,0,3,2,0,0,0,15.151515
2026-08-14 22:27:30,Simpang 3,lane_3,0,2,0,0,0,0,0,0,0.0
2026-08-14 22:27:31,Simpang 4,lane_1,1,1,0,0,0,0,1,0,3.030303
2026-08-14 22:27:31,Simpang 4,lane_2,3,1,1,1,2,0,0,0,9.090909
2026-08-14 22:27:31,Simpang 1,lane_2,3,0,0,3,0,0,0,0,9.090909
2026-08-14 22:27:31,Simpang 2,lane_2,2,0,0,2,0,0,0,0,6.060606
2026-08-14 22:27:31,Simpang 2,lane_1,1,0,0,0,1,0,0,0,3.030303
2026-08-14 22:27:31,Simpang 3,lane_2,5,1,0,3,2,0,0,0,15.151515
2026-08-14 22:27:31,Simpang 3,lane_3,0,2,0,0,0,0,0,0,0.0
2026-08-14 22:27:32,Simpang 4,lane_1,2,1,0,1,0,0,1,0,6.060606
2026-08-14 22:27:32,Simpang 4,lane_2,5,0,0,1,4,0,0,0,15.151515
2026-08-14 22:27:32,Simpang 4,lane_3,1,0,0,1,0,0,0,0,2.941176
2026-08-14 22:27:33,Simpang 3,lane_2,6,1,0,4,2,0,0,0,18.181818
2026-08-14 22:27:33,Simpang 3,lane_3,0,2,0,0,0,0,0,0,0.0
2026-08-14 22:27:33,Simpang 3,lane_1,1,0,0,0,1,0,0,0,3.030303
2026-08-14 22:27:33,Simpang 1,lane_2,3,0,0,3,0,0,0,0,9.090909
2026-08-14 22:27:33,Simpang 2,lane_2,2,0,0,2,0,0,0,0,6.060606
2026-08-14 22:27:33,Simpang 2,lane_1,1,0,0,0,1,0,0,0,3.030303
2026-08-14 22:27:34,Simpang 4,lane_1,2,1,0,1,0,0,1,0,6.060606
2026-08-14 22:27:34,Simpang 4,lane_2,5,0,0,1,4,0,0,0,15.151515
2026-08-14 22:27:34,Simpang 4,lane_3,1,0,0,1,0,0,0,0,2.941176
2026-08-14 22:27:34,Simpang 3,lane_2,6,1,0,4,2,0,0,0,18.181818
2026-08-14 22:27:34,Simpang 3,lane_3,0,2,0,0,0,0,0,0,0.0
2026-08-14 22:27:34,Simpang 3,lane_1,1,0,0,0,1,0,0,0,3.030303
2026-08-14 22:27:34,Simpang 2,lane_2,2,0,0,2,0,0,0,0,6.060606
2026-08-14 22:27:34,Simpang 2,lane_1,1,0,0,0,1,0,0,0,3.030303
2026-08-14 22:27:34,Simpang 1,lane_2,3,0,0,3,0,0,0,0,9.090909
2026-08-14 22:27:35,Simpang 4,lane_1,2,1,0,1,0,0,1,0,6.060606
2026-08-14 22:27:35,Simpang 4,lane_2,5,0,0,1,4,0,0,0,15.151515
2026-08-14 22:27:35,Simpang 3,lane_2,6,0,0,3,3,0,0,0,18.181818
2026-08-14 22:27:35,Simpang 3,lane_3,1,2,0,0,1,0,0,1,2.941176
2026-08-14 22:27:36,Simpang 1,lane_2,3,0,0,3,0,0,0,0,9.090909
2026-08-14 22:27:36,Simpang 2,lane_2,2,0,0,2,0,0,0,0,6.060606
2026-08-14 22:27:36,Simpang 2,lane_1,1,0,0,0,1,0,0,0,3.030303
2026-08-14 22:27:37,Simpang 4,lane_1,3,1,0,1,1,0,1,0,9.090909
2026-08-14 22:27:37,Simpang 4,lane_2,5,0,0,1,4,0,0,0,15.151515
2026-08-14 22:27:37,Simpang 3,lane_2,6,0,0,3,3,0,0,0,18.181818
2026-08-14 22:27:37,Simpang 3,lane_3,1,2,0,0,1,0,0,1,2.941176
2026-08-14 22:27:37,Simpang 1,lane_2,3,0,0,3,0,0,0,0,9.090909
2026-08-14 22:27:37,Simpang 2,lane_2,2,0,0,2,0,0,0,0,6.060606
2026-08-14 22:27:37,Simpang 2,lane_1,1,0,0,0,1,0,0,0,3.030303
2026-08-14 22:27:38,Simpang 4,lane_1,4,1,0,1,2,0,1,0,12.121212
2026-08-14 22:27:38,Simpang 4,lane_2,5,0,0,1,4,0,0,0,15.151515
2026-08-14 22:27:38,Simpang 4,lane_3,1,0,0,0,1,0,0,0,2.941176
2026-08-14 22:27:38,Simpang 3,lane_2,6,0,0,3,3,0,0,0,18.181818
2026-08-14 22:27:38,Simpang 3,lane_3,1,2,0,0,1,0,0,1,2.941176
2026-08-14 22:27:38,Simpang 1,lane_2,3,0,0,3,0,0,0,0,9.090909
2026-08-14 22:27:38,Simpang 2,lane_2,2,0,0,2,0,0,0,0,6.060606
2026-08-14 22:27:38,Simpang 2,lane_1,1,0,0,0,1,0,0,0,3.030303
2026-08-14 22:27:39,Simpang 4,lane_1,3,1,0,1,1,0,1,0,9.090909
2026-08-14 22:27:39,Simpang 4,lane_2,5,0,0,1,4,0,0,0,15.151515
2026-08-14 22:27:39,Simpang 4,lane_3,1,0,0,0,1,0,0,0,2.941176
2026-08-14 22:27:39,Simpang 3,lane_2,6,0,0,3,3,0,0,0,18.181818
2026-08-14 22:27:39,Simpang 3,lane_3,1,2,0,0,1,0,0,1,2.941176
2026-08-14 22:27:40,Simpang 1,lane_2,3,0,0,3,0,0,0,0,9.090909
2026-08-14 22:27:40,Simpang 2,lane_2,2,0,0,2,0,0,0,0,6.060606
2026-08-14 22:27:40,Simpang 2,lane_1,1,0,0,0,1,0,0,0,3.030303
2026-08-14 22:27:40,Simpang 4,lane_1,4,1,0,1,2,0,1,0,12.121212
2026-08-14 22:27:40,Simpang 4,lane_2,4,0,0,0,4,0,0,0,12.121212
2026-08-14 22:27:40,Simpang 4,lane_3,2,0,0,0,1,0,1,0,5.882353
2026-08-14 22:27:41,Simpang 3,lane_2,6,0,0,3,3,0,0,0,18.181818
2026-08-14 22:27:41,Simpang 3,lane_3,1,2,0,0,1,0,0,1,2.941176
2026-08-14 22:27:42,Simpang 2,lane_2,2,0,0,2,0,0,0,0,6.060606
2026-08-14 22:27:42,Simpang 2,lane_1,1,0,0,0,1,0,0,0,3.030303
2026-08-14 22:27:42,Simpang 1,lane_2,3,0,0,3,0,0,0,0,9.090909
2026-08-14 22:27:42,Simpang 4,lane_1,5,0,0,1,3,0,1,0,15.151515
2026-08-14 22:27:42,Simpang 4,lane_2,5,0,0,1,4,0,0,0,15.151515
2026-08-14 22:27:42,Simpang 4,lane_3,2,0,0,0,1,0,1,0,5.882353
2026-08-14 22:27:42,Simpang 3,lane_2,6,0,0,3,3,0,0,0,18.181818
2026-08-14 22:27:42,Simpang 3,lane_3,0,2,0,0,0,0,0,0,0.0
2026-08-14 22:27:42,Simpang 3,lane_1,0,1,0,0,0,0,0,0,0.0
2026-08-14 22:27:43,Simpang 1,lane_2,3,0,0,3,0,0,0,0,9.090909
2026-08-14 22:27:43,Simpang 2,lane_2,2,0,0,2,0,0,0,0,6.060606
2026-08-14 22:27:43,Simpang 2,lane_1,1,0,0,0,1,0,0,0,3.030303
2026-08-14 22:27:44,Simpang 4,lane_1,3,1,0,1,1,0,1,0,9.090909
2026-08-14 22:27:44,Simpang 4,lane_2,6,0,0,1,5,0,0,0,18.181818
2026-08-14 22:27:44,Simpang 4,lane_3,2,0,0,0,1,0,1,0,5.882353
2026-08-14 22:27:44,Simpang 1,lane_2,3,0,0,3,0,0,0,0,9.090909
2026-08-14 22:27:44,Simpang 3,lane_2,6,0,0,3,3,0,0,0,18.181818
2026-08-14 22:27:44,Simpang 3,lane_3,0,2,0,0,0,0,0,0,0.0
2026-08-14 22:27:44,Simpang 3,lane_1,0,1,0,0,0,0,0,0,0.0
2026-08-14 22:27:44,Simpang 2,lane_2,2,0,0,2,0,0,0,0,6.060606
2026-08-14 22:27:44,Simpang 2,lane_1,1,0,0,0,1,0,0,0,3.030303
2026-08-14 22:27:45,Simpang 4,lane_1,4,1,0,1,2,0,1,0,12.121212
2026-08-14 22:27:45,Simpang 4,lane_2,5,0,0,1,4,0,0,0,15.151515
2026-08-14 22:27:45,Simpang 4,lane_3,1,0,0,0,0,0,1,0,2.941176
2026-08-14 22:27:45,Simpang 1,lane_2,3,0,0,3,0,0,0,0,9.090909
2026-08-14 22:27:45,Simpang 2,lane_2,2,0,0,2,0,0,0,0,6.060606
2026-08-14 22:27:45,Simpang 2,lane_1,1,0,0,0,1,0,0,0,3.030303
2026-08-14 22:27:46,Simpang 4,lane_1,6,1,0,1,4,0,1,0,18.181818
2026-08-14 22:27:46,Simpang 4,lane_2,4,0,0,1,3,0,0,0,12.121212
2026-08-14 22:27:46,Simpang 4,lane_3,1,0,0,0,0,0,1,0,2.941176
2026-08-14 22:27:46,Simpang 3,lane_2,6,0,0,4,2,0,0,0,18.181818
2026-08-14 22:27:46,Simpang 3,lane_3,1,2,0,0,1,0,0,1,2.941176
2026-08-14 22:27:46,Simpang 2,lane_2,2,0,0,2,0,0,0,0,6.060606
2026-08-14 22:27:46,Simpang 2,lane_1,1,0,0,0,1,0,0,0,3.030303
2026-08-14 22:27:46,Simpang 1,lane_2,3,0,0,3,0,0,0,0,9.090909
2026-08-14 22:27:47,Simpang 4,lane_1,5,1,0,1,3,0,1,0,15.151515
2026-08-14 22:27:47,Simpang 4,lane_2,3,0,0,1,2,0,0,0,9.090909
2026-08-14 22:27:47,Simpang 4,lane_3,1,0,0,0,0,0,1,0,2.941176
2026-08-14 22:27:47,Simpang 3,lane_2,6,0,0,3,3,0,0,0,18.181818
2026-08-14 22:27:47,Simpang 3,lane_3,1,2,0,0,1,0,0,1,2.941176
2026-08-14 22:27:48,Simpang 1,lane_2,3,0,0,3,0,0,0,0,9.090909
2026-08-14 22:27:48,Simpang 2,lane_2,2,0,0,2,0,0,0,0,6.060606
2026-08-14 22:27:48,Simpang 2,lane_1,1,0,0,0,1,0,0,0,3.030303
2026-08-14 22:27:49,Simpang 4,lane_2,1,1,0,0,0,0,1,0,3.030303
2026-08-14 22:27:49,Simpang 4,lane_1,4,0,0,1,2,0,1,0,12.121212
2026-08-14 22:27:49,Simpang 4,lane_3,2,0,0,0,1,0,1,0,5.882353
2026-08-14 22:27:49,Simpang 3,lane_2,6,0,0,3,3,0,0,0,18.181818
2026-08-14 22:27:49,Simpang 3,lane_3,3,0,0,0,3,0,0,0,8.823529
2026-08-14 22:27:50,Simpang 2,lane_2,2,0,0,2,0,0,0,0,6.060606
2026-08-14 22:27:50,Simpang 2,lane_1,1,0,0,0,1,0,0,0,3.030303
2026-08-14 22:27:50,Simpang 1,lane_2,3,0,0,3,0,0,0,0,9.090909
2026-08-14 22:27:50,Simpang 4,lane_2,1,1,0,0,0,0,1,0,3.030303
2026-08-14 22:27:50,Simpang 4,lane_1,4,1,0,1,2,0,1,0,12.121212
2026-08-14 22:27:50,Simpang 4,lane_3,2,0,0,0,1,0,1,0,5.882353
2026-08-14 22:27:51,Simpang 3,lane_2,6,0,0,3,3,0,0,0,18.181818
2026-08-14 22:27:51,Simpang 3,lane_3,3,0,0,0,3,0,0,0,8.823529
2026-08-14 22:27:52,Simpang 4,lane_1,2,0,0,1,0,0,1,0,6.060606
2026-08-14 22:27:52,Simpang 4,lane_3,1,0,0,0,0,0,1,0,2.941176
2026-08-14 22:27:52,Simpang 4,lane_2,1,0,0,1,0,0,0,0,3.030303
2026-08-14 22:27:52,Simpang 2,lane_2,2,0,0,2,0,0,0,0,6.060606
2026-08-14 22:27:52,Simpang 2,lane_1,1,0,0,0,1,0,0,0,3.030303
2026-08-14 22:27:52,Simpang 1,lane_2,3,0,0,3,0,0,0,0,9.090909
2026-08-14 22:27:52,Simpang 3,lane_2,6,0,0,3,3,0,0,0,18.181818
2026-08-14 22:27:52,Simpang 3,lane_3,3,0,0,0,3,0,0,0,8.823529
2026-08-14 22:27:53,Simpang 4,lane_1,2,2,0,1,0,0,1,0,6.060606
2026-08-14 22:27:53,Simpang 4,lane_3,2,0,0,1,0,0,1,0,5.882353
2026-08-14 22:27:53,Simpang 4,lane_2,1,0,0,1,0,0,0,0,3.030303
2026-08-14 22:27:53,Simpang 2,lane_2,2,0,0,2,0,0,0,0,6.060606
2026-08-14 22:27:53,Simpang 2,lane_1,1,0,0,0,1,0,0,0,3.030303
2026-08-14 22:27:53,Simpang 1,lane_2,3,0,0,3,0,0,0,0,9.090909
2026-08-14 22:27:53,Simpang 3,lane_2,6,0,0,3,3,0,0,0,18.181818
2026-08-14 22:27:53,Simpang 3,lane_3,3,0,0,0,3,0,0,0,8.823529
2026-08-14 22:27:53,Simpang 3,lane_1,1,0,0,0,1,0,0,0,3.030303
2026-08-14 22:27:54,Simpang 4,lane_1,2,0,0,1,1,0,0,0,6.060606
2026-08-14 22:27:54,Simpang 4,lane_3,2,0,0,1,0,0,1,0,5.882353
2026-08-14 22:27:54,Simpang 4,lane_2,1,0,0,1,0,0,0,0,3.030303
2026-08-14 22:27:54,Simpang 3,lane_2,6,0,0,3,3,0,0,0,18.181818
2026-08-14 22:27:54,Simpang 3,lane_3,3,0,0,0,3,0,0,1,8.823529
2026-08-14 22:27:54,Simpang 3,lane_1,1,0,0,0,1,0,0,0,3.030303
2026-08-14 22:27:54,Simpang 2,lane_2,2,0,0,2,0,0,0,0,6.060606
2026-08-14 22:27:54,Simpang 2,lane_1,1,0,0,0,1,0,0,0,3.030303
2026-08-14 22:27:54,Simpang 1,lane_2,3,0,0,3,0,0,0,0,9.090909
2026-08-14 22:27:55,Simpang 4,lane_1,1,1,0,1,0,0,0,0,3.030303
2026-08-14 22:27:55,Simpang 4,lane_3,1,0,0,0,0,0,1,0,2.941176
2026-08-14 22:27:55,Simpang 4,lane_2,1,0,0,1,0,0,0,0,3.030303
2026-08-14 22:27:56,Simpang 3,lane_2,6,0,0,3,3,0,0,0,18.181818
2026-08-14 22:27:56,Simpang 3,lane_3,3,0,0,0,3,0,0,1,8.823529
2026-08-14 22:27:56,Simpang 3,lane_1,1,0,0,0,1,0,0,0,3.030303
2026-08-14 22:27:56,Simpang 2,lane_2,2,0,0,2,0,0,0,0,6.060606
2026-08-14 22:27:56,Simpang 2,lane_1,1,0,0,0,1,0,0,0,3.030303
2026-08-14 22:27:56,Simpang 1,lane_2,3,0,0,3,0,0,0,0,9.090909
2026-08-14 22:27:57,Simpang 4,lane_1,1,1,0,1,0,0,0,0,3.030303
2026-08-14 22:27:57,Simpang 4,lane_3,1,0,0,0,0,0,1,0,2.941176
2026-08-14 22:27:57,Simpang 4,lane_2,1,0,0,1,0,0,0,0,3.030303
2026-08-14 22:27:57,Simpang 3,lane_2,6,0,0,3,3,0,0,0,18.181818
2026-08-14 22:27:57,Simpang 3,lane_3,3,0,0,0,3,0,0,1,8.823529
2026-08-14 22:27:57,Simpang 3,lane_1,1,0,0,0,1,0,0,0,3.030303
2026-08-14 22:27:57,Simpang 2,lane_2,2,0,0,2,0,0,0,0,6.060606
2026-08-14 22:27:57,Simpang 2,lane_1,1,0,0,0,1,0,0,0,3.030303
2026-08-14 22:27:58,Simpang 1,lane_2,3,0,0,3,0,0,0,0,9.090909
2026-08-14 22:27:58,Simpang 4,lane_1,1,1,0,1,0,0,0,0,3.030303
2026-08-14 22:27:58,Simpang 4,lane_3,1,0,0,0,0,0,1,0,2.941176
2026-08-14 22:27:58,Simpang 3,lane_2,6,0,0,3,3,0,0,0,18.181818
2026-08-14 22:27:58,Simpang 3,lane_3,3,0,0,0,3,0,0,1,8.823529
2026-08-14 22:27:59,Simpang 2,lane_2,2,0,0,2,0,0,0,0,6.060606
2026-08-14 22:27:59,Simpang 2,lane_1,1,0,0,0,1,0,0,0,3.030303
2026-08-14 22:27:59,Simpang 1,lane_2,3,0,0,3,0,0,0,0,9.090909
2026-08-14 22:27:59,Simpang 4,lane_1,3,0,0,1,2,0,0,0,9.090909
2026-08-14 22:27:59,Simpang 4,lane_3,1,0,0,1,0,0,0,0,2.941176
2026-08-14 22:27:59,Simpang 4,lane_2,1,0,0,1,0,0,0,0,3.030303
2026-08-14 22:27:59,Simpang 3,lane_2,5,1,0,3,2,0,0,0,15.151515
2026-08-14 22:27:59,Simpang 3,lane_3,3,0,0,0,3,0,0,1,8.823529
2026-08-14 22:28:00,Simpang 2,lane_2,2,0,0,2,0,0,0,0,6.060606
2026-08-14 22:28:00,Simpang 2,lane_1,1,0,0,0,1,0,0,0,3.030303
2026-08-14 22:28:00,Simpang 1,lane_2,3,0,0,3,0,0,0,0,9.090909
2026-08-14 22:28:01,Simpang 4,lane_3,2,0,0,1,0,0,1,0,5.882353
2026-08-14 22:28:01,Simpang 4,lane_1,2,0,0,0,2,0,0,0,6.060606
2026-08-14 22:28:01,Simpang 4,lane_2,1,0,0,1,0,0,0,0,3.030303
2026-08-14 22:28:01,Simpang 3,lane_2,5,1,0,3,2,0,0,0,15.151515
2026-08-14 22:28:01,Simpang 3,lane_3,3,0,0,0,3,0,0,1,8.823529
2026-08-14 22:28:01,Simpang 1,lane_2,3,0,0,3,0,0,0,0,9.090909
2026-08-14 22:28:01,Simpang 2,lane_2,2,0,0,2,0,0,0,0,6.060606
2026-08-14 22:28:01,Simpang 2,lane_1,1,0,0,0,1,0,0,0,3.030303
2026-08-14 22:28:02,Simpang 3,lane_2,5,1,0,3,2,0,0,0,15.151515
2026-08-14 22:28:02,Simpang 3,lane_3,4,0,0,0,4,0,0,2,11.764706
2026-08-14 22:28:02,Simpang 4,lane_3,2,0,0,1,0,0,1,0,5.882353
2026-08-14 22:28:02,Simpang 4,lane_1,2,0,0,0,2,0,0,0,6.060606
2026-08-14 22:28:02,Simpang 4,lane_2,1,0,0,1,0,0,0,0,3.030303
2026-08-14 22:28:03,Simpang 2,lane_2,2,0,0,2,0,0,0,0,6.060606
2026-08-14 22:28:03,Simpang 2,lane_1,1,0,0,0,1,0,0,0,3.030303
2026-08-14 22:28:03,Simpang 3,lane_2,5,1,0,3,2,0,0,0,15.151515
2026-08-14 22:28:03,Simpang 3,lane_3,4,0,0,0,4,0,0,2,11.764706
2026-08-14 22:28:03,Simpang 1,lane_2,3,0,0,3,0,0,0,0,9.090909
2026-08-14 22:28:04,Simpang 4,lane_3,2,0,0,1,0,0,1,0,5.882353
2026-08-14 22:28:04,Simpang 4,lane_1,1,1,0,0,1,0,0,0,3.030303
2026-08-14 22:28:04,Simpang 4,lane_2,2,0,0,0,1,0,1,0,6.060606
2026-08-14 22:28:04,Simpang 3,lane_2,4,1,0,2,2,0,0,0,12.121212
2026-08-14 22:28:04,Simpang 3,lane_3,4,0,0,0,4,0,0,2,11.764706
2026-08-14 22:28:04,Simpang 2,lane_2,2,0,0,2,0,0,0,0,6.060606
2026-08-14 22:28:04,Simpang 2,lane_1,1,0,0,0,1,0,0,0,3.030303
2026-08-14 22:28:04,Simpang 1,lane_2,3,0,0,3,0,0,0,0,9.090909
2026-08-14 22:28:05,Simpang 3,lane_2,4,1,0,2,2,0,0,0,12.121212
2026-08-14 22:28:05,Simpang 3,lane_3,4,0,0,0,4,0,0,2,11.764706
2026-08-14 22:28:05,Simpang 4,lane_3,2,0,0,1,0,0,1,0,5.882353
2026-08-14 22:28:05,Simpang 4,lane_1,1,1,0,0,1,0,0,0,3.030303
2026-08-14 22:28:05,Simpang 4,lane_2,2,0,0,0,1,0,1,0,6.060606
2026-08-14 22:28:05,Simpang 2,lane_2,2,0,0,2,0,0,0,0,6.060606
2026-08-14 22:28:05,Simpang 2,lane_1,1,0,0,0,1,0,0,0,3.030303
2026-08-14 22:28:05,Simpang 1,lane_2,3,0,0,3,0,0,0,0,9.090909
2026-08-14 22:28:06,Simpang 4,lane_3,2,0,0,1,0,0,1,0,5.882353
2026-08-14 22:28:06,Simpang 4,lane_1,2,1,0,1,1,0,0,0,6.060606
2026-08-14 22:28:06,Simpang 3,lane_2,5,1,0,4,1,0,0,0,15.151515
2026-08-14 22:28:06,Simpang 3,lane_3,1,2,0,0,1,0,0,1,2.941176
2026-08-14 22:28:07,Simpang 2,lane_2,2,0,0,2,0,0,0,0,6.060606
2026-08-14 22:28:07,Simpang 2,lane_1,1,0,0,0,1,0,0,0,3.030303
2026-08-14 22:28:07,Simpang 1,lane_2,3,0,0,3,0,0,0,0,9.090909
2026-08-14 22:28:07,Simpang 4,lane_3,2,0,0,1,0,0,1,0,5.882353
2026-08-14 22:28:07,Simpang 4,lane_1,2,1,0,1,1,0,0,0,6.060606
2026-08-14 22:28:07,Simpang 4,lane_2,1,0,0,0,0,0,1,0,3.030303
2026-08-14 22:28:08,Simpang 2,lane_2,2,0,0,2,0,0,0,0,6.060606
2026-08-14 22:28:08,Simpang 2,lane_1,1,0,0,0,1,0,0,0,3.030303
2026-08-14 22:28:09,Simpang 1,lane_2,3,0,0,3,0,0,0,0,9.090909
2026-08-14 22:28:09,Simpang 3,lane_2,5,1,0,3,2,0,0,0,15.151515
2026-08-14 22:28:09,Simpang 3,lane_3,1,2,0,0,1,0,0,1,2.941176
2026-08-14 22:28:10,Simpang 4,lane_3,1,0,0,1,0,0,0,0,2.941176
2026-08-14 22:28:10,Simpang 4,lane_1,4,0,0,1,3,0,0,0,12.121212
2026-08-14 22:28:10,Simpang 4,lane_2,1,0,0,1,0,0,0,0,3.030303
2026-08-14 22:28:10,Simpang 2,lane_2,2,0,0,2,0,0,0,0,6.060606
2026-08-14 22:28:10,Simpang 2,lane_1,1,0,0,0,1,0,0,0,3.030303
2026-08-14 22:28:10,Simpang 1,lane_2,3,0,0,3,0,0,0,0,9.090909
2026-08-14 22:28:11,Simpang 3,lane_2,6,1,0,5,1,0,0,0,18.181818
2026-08-14 22:28:11,Simpang 3,lane_3,4,0,0,0,4,0,0,2,11.764706
2026-08-14 22:28:11,Simpang 4,lane_3,1,0,0,1,0,0,0,0,2.941176
2026-08-14 22:28:11,Simpang 4,lane_1,3,0,0,0,3,0,0,0,9.090909
2026-08-14 22:28:11,Simpang 4,lane_2,1,0,0,1,0,0,0,0,3.030303
2026-08-14 22:28:12,Simpang 2,lane_2,2,0,0,2,0,0,0,0,6.060606
2026-08-14 22:28:12,Simpang 2,lane_1,1,0,0,0,1,0,0,0,3.030303
2026-08-14 22:28:12,Simpang 1,lane_2,3,0,0,3,0,0,0,0,9.090909
2026-08-14 22:28:12,Simpang 3,lane_2,6,1,0,5,1,0,0,0,18.181818
2026-08-14 22:28:12,Simpang 3,lane_3,4,0,0,0,4,0,0,2,11.764706
2026-08-14 22:28:12,Simpang 3,lane_1,0,1,0,0,0,0,0,0,0.0
2026-08-14 22:28:12,Simpang 4,lane_3,1,0,0,1,0,0,0,0,2.941176
2026-08-14 22:28:12,Simpang 4,lane_1,4,0,0,1,3,0,0,0,12.121212
2026-08-14 22:28:12,Simpang 4,lane_2,2,0,0,2,0,0,0,0,6.060606
2026-08-14 22:28:14,Simpang 2,lane_2,2,0,0,2,0,0,0,0,6.060606
2026-08-14 22:28:14,Simpang 2,lane_1,1,0,0,0,1,0,0,0,3.030303
2026-08-14 22:28:14,Simpang 1,lane_2,3,0,0,3,0,0,0,0,9.090909
2026-08-14 22:28:14,Simpang 3,lane_2,4,2,0,4,0,0,0,0,12.121212
2026-08-14 22:28:14,Simpang 3,lane_3,1,2,0,0,1,0,0,1,2.941176
2026-08-14 22:28:14,Simpang 3,lane_1,1,0,0,0,1,0,0,0,3.030303
2026-08-14 22:28:14,Simpang 4,lane_3,1,0,0,1,0,0,0,0,2.941176
2026-08-14 22:28:14,Simpang 4,lane_1,2,1,0,1,1,0,0,0,6.060606
2026-08-14 22:28:14,Simpang 4,lane_2,1,0,0,1,0,0,0,0,3.030303
2026-08-14 22:28:15,Simpang 3,lane_2,4,2,0,4,0,0,0,0,12.121212
2026-08-14 22:28:15,Simpang 3,lane_3,1,2,0,0,1,0,0,1,2.941176
2026-08-14 22:28:15,Simpang 3,lane_1,1,0,0,0,1,0,0,0,3.030303
2026-08-14 22:28:15,Simpang 4,lane_3,2,0,0,2,0,0,0,0,5.882353
2026-08-14 22:28:15,Simpang 4,lane_1,2,1,0,1,1,0,0,0,6.060606
2026-08-14 22:28:15,Simpang 4,lane_2,1,0,0,1,0,0,0,0,3.030303
